baseMean,log2FoldChange,lfcSE,stat,pvalue,padj,probe_id
3327.380453510571,-1.9353825806185094,0.06345196053480774,-30.50154107621024,2.4860979645144898e-204,1.306543924270945e-199,213048_s_at
285.39165768262137,1.9702878630892442,0.08785533489714872,22.426502219766604,2.1704427504213923e-111,1.9010908050940974e-107,202072_at
496.2980729973186,1.7643772960385316,0.08157058185234596,21.630068781810316,9.36435121924461e-104,4.921341139761812e-100,35201_at
260.05589860706885,-2.0863331120213187,0.0992077851163184,-21.029933382497656,3.49140216126533e-98,1.3106224941652723e-94,230958_s_at
1582.7400197451902,-1.3172861120526032,0.06791052472528453,-19.397377908378164,8.120919478274995e-84,2.5105106015368476e-80,226880_at
725.2438538301373,-2.1793246337939416,0.11273097225204685,-19.332084078201248,2.8852449301902007e-83,8.423953447845322e-80,228834_at
1609.733914543295,-1.3581878399227438,0.07318796981833325,-18.557528556865694,7.089176681253473e-77,1.774117101459976e-73,226400_at
710.109497692721,-1.156621229638135,0.06240654098771209,-18.53365386596054,1.1052088777889352e-76,2.6401430619690774e-73,214257_s_at
1088.0058808888102,-1.2088517321615306,0.06927632860455266,-17.4497083854136,3.4599462287410884e-68,7.576417254385798e-65,222244_s_at
90.52145076767194,1.7834637820740784,0.10279145995230578,17.350310841986172,1.9617983006807004e-67,4.1240139157589406e-64,219403_s_at
303.8109726354791,-1.4871541078128399,0.0871232690143602,-17.069539798463232,2.5016400548361527e-65,4.6953996943521125e-62,235589_s_at
422.0737026334253,-1.0387310513280499,0.061035500391739016,-17.01847358768667,5.991221033538345e-65,1.0857332075743938e-61,212229_s_at
230.95795718166377,-1.9366336076181174,0.11392475587526124,-16.99923421155785,8.319968139062852e-65,1.4574920186010305e-61,238673_at
789.2748521236456,-1.0943717636757393,0.06459914108062796,-16.940964622266787,2.244144273610815e-64,3.804476069527186e-61,211769_x_at
170.57273487683122,-1.8773409310537483,0.11124013121388425,-16.876471742415845,6.703328310620351e-64,1.1008959876135685e-60,230291_s_at
3478.042791644494,-0.9291137208158904,0.05534387537628032,-16.788013388995463,2.986763558274824e-63,4.4847534869021464e-60,213619_at
732.0419332227327,-1.0548983863456236,0.06331296549589034,-16.66164865416227,2.4906322480946404e-62,3.6359079768434924e-59,221473_x_at
244.6019665997781,2.4070012590924543,0.14841911525698234,16.217596061833536,3.7873048391643396e-59,5.237842592564281e-56,206108_s_at
337.7554674811828,-1.0255210363683158,0.06370150873087162,-16.098850039815748,2.598899269488006e-58,3.4145638052168166e-55,228443_s_at
124.28033794577343,1.2546555090234142,0.07855846346871977,15.970978219590434,2.035680846588922e-57,2.6093456393081514e-54,220553_s_at
534.2576975984308,-0.68955596054708,0.04387873408072534,-15.715037705474325,1.193102008198572e-55,1.4581926264852966e-52,224754_at
134.5651811963694,1.1672002421924401,0.07473016896955721,15.618862613142516,5.4163206390248376e-55,6.05636840134705e-52,31874_at
2927.097582492397,-1.6242851645821625,0.10511577033180221,-15.452345156726153,7.274771412709404e-54,7.6463667364706e-51,227556_at
125.02951122441507,-1.8292814470150807,0.11892854696497632,-15.38134866436897,2.1835162242572163e-53,2.20677907018488e-50,242277_at
235.7291230698908,1.0788097094927789,0.07035141858891038,15.33458359662464,4.491436430001801e-53,4.2150526811127615e-50,213038_at
409.97200693699705,-1.5923164605485443,0.10489501999897295,-15.180095876469016,4.790809886798517e-52,4.340969358462229e-49,226085_at
220.66562901632895,0.8632284054597408,0.05736774263329046,15.047278589602547,3.5973085419338437e-51,3.0992287395539543e-48,209207_s_at
467.37210561217154,-0.917345151378468,0.061673526486169174,-14.874212707525174,4.846527541041952e-50,3.9797563811237303e-47,204020_at
239.03814780187344,1.1737308071498385,0.07902894409149744,14.85191053281601,6.7613886989705465e-50,5.466738795164587e-47,36564_at
189.3608530902383,-1.1199689351682387,0.07556257807191682,-14.821740651864818,1.0600158325406137e-49,8.44061697929385e-47,214718_at
88.80160589158098,1.3854349958766365,0.09366201452209491,14.79185561986617,1.6533206940073193e-49,1.2968450112367262e-46,227014_at
844.2326920169188,1.4328555874442805,0.09813919671712208,14.600237574537779,2.798684036973089e-48,2.131623780856286e-45,200629_at
138.87079398079308,-1.6570358926525504,0.1137016775165818,-14.573539536484805,4.1387925456477583e-48,3.107287192056747e-45,243495_s_at
198.4106287694689,-1.4668492317041277,0.10068891915191108,-14.568129681589564,4.479888028012761e-48,3.31600049893215e-45,229835_s_at
310.7596350809111,-1.5730081191215362,0.10798404093560975,-14.567042550847969,4.551736745586929e-48,3.3223885128829924e-45,222787_s_at
62.20081092943807,1.8121719265405165,0.12449071886139283,14.556682964921883,5.2966184727540376e-48,3.8131299618782965e-45,37145_at
218.38353584820635,-1.6201146030467857,0.11144837895616798,-14.536905948932354,7.07174854426025e-48,5.0222793647980155e-45,230795_at
643.5281513382,1.2258004845552883,0.08434203362367605,14.533684236553528,7.412412098081924e-48,5.17105367569963e-45,202397_at
381.9406952767179,-3.0932449032055227,0.2128416520128764,-14.533080691454082,7.478024115256153e-48,5.17105367569963e-45,218963_s_at
121.20319461968435,-1.6182907150431776,0.11176329232891023,-14.479626372142656,1.6298067321856394e-47,1.0842134557377733e-44,230085_at
423.8884417269677,1.1919360045840057,0.08280437582112479,14.394601647126029,5.594630048246505e-47,3.5424118982595997e-44,213753_x_at
1969.6791128940376,-1.2398763431435047,0.08642715917387583,-14.345911111680733,1.1300635192382321e-46,6.986983316476005e-44,228222_at
64.8246499881151,1.5815181337247526,0.11028322930751844,14.340513454813518,1.2214837763686213e-46,7.464402137590294e-44,209811_at
57.08810565413897,1.5200312012603123,0.10654914015045633,14.26601096089467,3.563895198795247e-46,2.1044600930054543e-43,235175_at
145.15943501523324,-1.1632224830404476,0.08194161370639608,-14.195747806583048,9.734247737796867e-46,5.621688523210731e-43,229841_at
238.3600543255969,-0.6857804024147198,0.04850476889909884,-14.138411912471987,2.2019761931648496e-45,1.2373393065162572e-42,227338_at
281.779684717089,-1.6482106979980253,0.11657972901946649,-14.13805566251408,2.2131501848104457e-45,1.2373393065162572e-42,230002_at
508.236854160637,-0.8682129104261013,0.06219292682311291,-13.959994404113576,2.734553188740167e-44,1.4516334169803106e-41,201986_at
172.206974571816,1.2572491191383495,0.09033893446846007,13.91702400007044,4.992632547997639e-44,2.5723804992889014e-41,204858_s_at
906.8317528356047,1.2348757768149483,0.08903995398518567,13.868782737920158,9.792451332218502e-44,4.948389301090492e-41,215780_s_at
150.08442058514225,1.3772131356338582,0.09986270182805503,13.791066238175317,2.8846461034869997e-43,1.4168195450715493e-40,231769_at
474.2709710350496,-1.785678922942751,0.12979641196566513,-13.757536867930634,4.5889675842449365e-43,2.2330426150222998e-40,242414_at
54.9979364378178,1.6181196072615023,0.11786643882071805,13.728416871258489,6.861647322408825e-43,3.2487118322691296e-40,205495_s_at
165.5856086088273,0.7354067583700868,0.05366732790934274,13.703062682985987,9.733060539606682e-43,4.567064853557943e-40,202725_at
538.2813245938285,-0.9685547026477694,0.0707150680271056,-13.696581643342482,1.0641757478765564e-42,4.949264801230491e-40,203590_at
1422.3732197336124,-1.2085192928703776,0.0886202295781991,-13.63705892686694,2.4108916721538528e-42,1.0749058858365232e-39,209108_at
131.73881425382282,1.2998904272348673,0.09536497414657273,13.630690291353508,2.630800225598841e-42,1.1618409668581638e-39,208103_s_at
923.0780197274424,-1.1657086167904138,0.08568487546209559,-13.604601868226887,3.7601040741701925e-42,1.6467375792828358e-39,212062_at
416.6652174384515,1.3493884867230281,0.0992937643003659,13.58986131939864,4.599510823603931e-42,1.9813335395383688e-39,200628_s_at
485.3477025906569,-0.8118500363018433,0.05977972787537436,-13.580691400843202,5.213199102073174e-42,2.2094714968576902e-39,204630_s_at
574.4907491764928,-1.03487414458733,0.0762157298331262,-13.5782225907064,5.3919046178378573e-42,2.266929242286806e-39,209678_s_at
1588.6469738490666,0.9129595218872141,0.06735450321486473,13.55454317545511,7.447434972696284e-42,3.081830689410083e-39,201533_at
250.6958572894849,-0.7725173435874755,0.057127828639430514,-13.522609943103491,1.150214809871437e-41,4.7225303998424606e-39,221516_s_at
3278.1135260375645,0.8058703931557051,0.059616220191535764,13.51763648494645,1.230664688065092e-41,4.975104001274834e-39,200967_at
284.4490729373798,-0.9216196666235923,0.06829638821824359,-13.494412964833852,1.6869345310378164e-41,6.716299798800105e-39,202520_s_at
1273.7508003793648,-0.6123720582920821,0.045414274044098465,-13.484131832591942,1.9393483280648398e-41,7.62007873018149e-39,222437_s_at
93.19844047820581,1.276372048466544,0.09477713772752215,13.467087939878782,2.4431302021022764e-41,9.510834417872817e-39,208050_s_at
203.94794872345201,-1.7750917661929355,0.13207091740644922,-13.440443975489908,3.503284147455192e-41,1.3341419933721752e-38,228030_at
326.80826407795416,-0.9406356320472183,0.07011236930922767,-13.41611532051619,4.865575621444646e-41,1.8396076346000137e-38,224889_at
2029.273922287,-0.9143617617713574,0.06828028913454384,-13.391298914532136,6.798134690546343e-41,2.541765713047961e-38,213655_at
303.04883931878993,-0.8077915290810095,0.06063493570153285,-13.322213006990763,1.719343827323564e-40,6.274888576469624e-38,208503_s_at
203.18571154453252,-0.7779471401084508,0.05843189502910079,-13.313741403064379,1.9259059390353488e-40,6.980280049659567e-38,229528_at
122.58162778352462,-1.0746460035671082,0.08086269239994988,-13.289762827236435,2.6541816739389674e-40,9.488970319196497e-38,230921_s_at
64.2356279732436,1.7531694174117933,0.13208423432969527,13.27311640415547,3.3150224155682206e-40,1.177146540728191e-37,238542_at
524.86788855901,1.3057855805804066,0.09844624948878801,13.263944409879443,3.746592989950845e-40,1.3214660939186355e-37,201122_x_at
101.06293162866744,-2.0101887392937834,0.15164131083217708,-13.25620787806615,4.153747264599444e-40,1.4553068916250613e-37,225915_at
229.60516975308326,0.7508008410021164,0.056684164115781734,13.24533673052933,4.8012356383970976e-40,1.6710207797372256e-37,225925_s_at
892.8092187160531,-0.802169900225934,0.060667362244504586,-13.22242917028417,6.512614791475536e-40,2.2370193317072243e-37,212952_at
130.36244919919648,-1.2731302554206219,0.0966719992367767,-13.169586493213723,1.3131489676162002e-39,4.423796848980883e-37,242844_at
335.81465354756233,-1.45022961163591,0.11031971773015,-13.145697264955631,1.8013730471884794e-39,6.029895485474098e-37,229128_s_at
206.16108342753253,0.7341360551235022,0.055928820949007245,13.12625660020343,2.328873283139161e-39,7.69758531585506e-37,202419_at
1697.5224116851732,-1.2348586231383798,0.09421043382203059,-13.107450767832203,2.984628987107501e-39,9.742496384375629e-37,228498_at
170.69562038406244,0.8616953069356164,0.06574681498591549,13.10626692897917,3.031571570954924e-39,9.834642737034882e-37,221653_x_at
215.16527153060179,-1.124479573871184,0.08589259905984599,-13.091693419216464,3.673258832664707e-39,1.1699663314658244e-36,205405_at
333.9574558635841,-1.6354480756438379,0.12509276264967512,-13.073882461321478,4.643378193181187e-39,1.4612460932002642e-36,223253_at
49.9232859245693,1.6060458984780723,0.12305290701659531,13.051669703841094,6.216975466790653e-39,1.933295435986485e-36,227458_at
410.7076401339298,-2.0961335367013483,0.16061841253925493,-13.050393809545689,6.321976600087655e-39,1.954383283770627e-36,203896_s_at
105.18391614952118,-1.3168392819738066,0.10101228777958243,-13.03642666570689,7.593325865782003e-39,2.3201142299436474e-36,216604_s_at
123.04964726170925,-1.1287660176231704,0.0867416320644554,-13.012967254114084,1.0325348868357187e-38,3.136638060275396e-36,240277_at
142.03462020032208,-0.9443955192896171,0.07288917145382522,-12.956595615686002,2.1560580396127076e-38,6.438038307602627e-36,228307_at
737.4453061447585,1.0984599251466747,0.08481348193271616,12.951477761732502,2.3047424717093467e-38,6.835043225400425e-36,202589_at
555.6439432122968,-0.9636751534829959,0.07447161317560846,-12.940167567078115,2.6704640177678855e-38,7.84042268099293e-36,201737_s_at
235.1966606393932,0.5729741022662024,0.04428197811570098,12.939216508556196,2.7037272867919476e-38,7.893982435003555e-36,213179_at
2428.7374815593193,0.7088025484603423,0.054834268118172096,12.92626988168818,3.1996970839239336e-38,9.239389041128484e-36,210231_x_at
300.33219055623647,0.9002461146323627,0.06970638635594893,12.914829783821283,3.7126414866396405e-38,1.0661975993926758e-35,217749_at
234.74153577759887,-1.8279849474246865,0.14160424320481074,-12.909111380093051,3.9988914729213777e-38,1.1421616438473374e-35,205471_s_at
213.0745099410877,-1.0827436594182833,0.08391389321332267,-12.903032119672652,4.3272927160910507e-38,1.229278602169995e-35,221499_s_at
223.28381734726068,-0.9408825427778129,0.07295818881203901,-12.896188325093886,4.729165404962173e-38,1.3362180574859248e-35,228545_at
280.9448301781476,-1.5075706925345531,0.11722321353464384,-12.860683878871907,7.491095808437804e-38,2.083000259876404e-35,219956_at
533.2662890782326,0.7618387520938039,0.059315880859821174,12.84375686663453,9.323763408702217e-38,2.5789529588470337e-35,218358_at
123.48081528827682,1.0706826878432707,0.08370095422370277,12.791762026771142,1.8229337167338148e-37,4.938271059238603e-35,202375_at
162.08844519944128,1.4646451679511856,0.1146702144780452,12.77267313589622,2.3301231995221755e-37,6.216106326278599e-35,202478_at
612.6140084214479,-1.0395522285842,0.08158358298506053,-12.742174228540089,3.4465398657394664e-37,9.101982718797585e-35,221830_at
328.45652423881785,0.5813571486004423,0.045680397186786674,12.726622017389186,4.206477069868858e-37,1.0943920590588513e-34,218157_x_at
326.3362187341988,-2.599857672264275,0.20487278271205842,-12.69010767486028,6.709348220192011e-37,1.7284465017841713e-34,207457_s_at
505.87087607348343,-1.1002305971288509,0.08676846857505682,-12.680073939268905,7.62598965751923e-37,1.9550061485915395e-34,219221_at
1777.6647119117606,0.8630305894298554,0.06823678263627882,12.647586185738716,1.1536499219444359e-36,2.9148518268205715e-34,200968_s_at
729.8684528012845,0.5872102844955578,0.0464909499429953,12.63063639731095,1.4311607028371439e-36,3.5987186400432183e-34,209045_at
758.4222318589834,0.5285905539763003,0.04189941811822997,12.61570154708942,1.7301007762556173e-36,4.329700771206558e-34,201225_s_at
238.47718096980665,0.7890605940670636,0.06261134604677127,12.602517656745919,2.0451059645463934e-36,5.0697405123005265e-34,225289_at
282.4173332267119,0.473593582518603,0.03770948246687199,12.559005097316248,3.547655663880575e-36,8.753215763360551e-34,31837_at
1852.530602575064,-0.6555012453495349,0.05238087110658445,-12.51413410089578,6.248556195206686e-36,1.5063606526738174e-33,225498_at
451.2798155761195,-1.431512273883183,0.11449802506505351,-12.502506249080287,7.233430542449255e-36,1.735825154008576e-33,242121_at
148.1008371928979,0.9078918663995252,0.07280056763841236,12.470944882035326,1.075432184164039e-35,2.545867702998059e-33,219123_at
144.57046485927893,1.671496303997489,0.13418660173737745,12.45650670302277,1.288939873644207e-35,3.0376209022196257e-33,1554411_at
432.48352386902127,-0.827753261695988,0.0667460011837155,-12.401540871604167,2.563461777640525e-35,5.987563122760895e-33,211758_x_at
614.0869607558576,-1.0891540627816867,0.08782383686156073,-12.401576857756192,2.5623106584332553e-35,5.987563122760895e-33,230466_s_at
226.50941156156128,1.1721060371054028,0.09452134243531846,12.400437900122741,2.5989937761522154e-35,6.043695527075378e-33,203431_s_at
373.93440591818353,-1.1343378650542675,0.09182453428205711,-12.353320100376722,4.6741832329392886e-35,1.0773992351925061e-32,212151_at
698.1944915102167,-0.8541746314712061,0.0691782297773699,-12.34744852853448,5.028088963586888e-35,1.1488964669232405e-32,227473_at
198.1927041066192,0.7278598834401913,0.05905698274255053,12.324704880592698,6.668717543189075e-35,1.5041535698058311e-32,201883_s_at
182.20392107346825,0.9648265957262742,0.07829175787286315,12.323475956345776,6.771153036426894e-35,1.52073152425803e-32,212274_at
243.72008771025008,-0.8397824545926783,0.0681479538042786,-12.322929856478735,6.817172776071793e-35,1.524551906696498e-32,223007_s_at
1820.6686372345857,-0.5501508820832604,0.04465029832970077,-12.321326008191695,6.954133007075427e-35,1.548591127346788e-32,210968_s_at
176.92598519979848,2.018746068717432,0.1639042818896669,12.316615804316584,7.372364612344672e-35,1.6279296211645457e-32,210029_at
977.7330584843588,-1.889351648140242,0.1535134192415958,-12.307403857423205,8.2638842527449e-35,1.8171555356433281e-32,203895_at
302.67810393667634,0.9616791699735033,0.07845707445809502,12.257392677662855,1.5335516215103709e-34,3.3030439310186896e-32,202531_at
1208.9429832214619,-3.542544965588793,0.289351681317602,-12.24304261671242,1.8303991055641315e-34,3.9029599029469436e-32,202409_at
93.41060831691922,1.871940362354358,0.1529004888947095,12.242867082285235,1.834362933416857e-34,3.9029599029469436e-32,213094_at
297.3445904875736,1.6878616515841087,0.1379785176080875,12.23278580494893,2.0769143312155014e-34,4.3835403920762837e-32,204070_at
143.59946546214536,-1.5435488774788384,0.12639963159922596,-12.211656457773179,2.6934885432653953e-34,5.639585533974884e-32,229704_at
191.2448087409893,1.3574756588298187,0.11125507564447035,12.201471716830284,3.0525625780469024e-34,6.315920225459721e-32,210538_s_at
236.3790385450712,-1.0005710807823824,0.08201902462282423,-12.199256030947042,3.1367676143974044e-34,6.464693537531027e-32,230621_at
334.9828739519084,-0.8357506174698647,0.06860430077711796,-12.18218986277633,3.867558659979391e-34,7.878127047153369e-32,221780_s_at
52.607081749011954,-2.217041875876092,0.18236078840335,-12.157448403723642,5.2368962307187725e-34,1.0585378634969013e-31,1555867_at
603.7575286468999,0.6246119917193189,0.05137618842958219,12.157616413592683,5.226139063063514e-34,1.0585378634969013e-31,202655_at
210.2406569440408,1.1330660860148376,0.09324908147508636,12.150962434064965,5.669423608544248e-34,1.1415742847641166e-31,1554696_s_at
304.49245921804095,0.9293767112786856,0.07651080194370646,12.147000000895078,5.9509380291584355e-34,1.1936854854366122e-31,223454_at
105.81245380239959,1.2683785919635986,0.10464346445154275,12.1209537414632,8.180161634646327e-34,1.6222649605554834e-31,213470_s_at
106.33984879907193,-1.5907761888459193,0.13133036339158877,-12.112782967809885,9.037490546749438e-34,1.7855499180220677e-31,225914_s_at
369.76614329902975,-1.4093350280374044,0.11663496077028479,-12.083298341507756,1.2942191997668165e-33,2.537925217333779e-31,218346_s_at
111.40178508644767,1.1279452467733184,0.09336856064952409,12.080568008403455,1.337922811290304e-33,2.613873435856901e-31,203349_s_at
474.4655448367136,-1.1999407675327194,0.09947963244263229,-12.06217532241787,1.673047228891111e-33,3.2444769028466216e-31,213757_at
147.18142916592288,1.6644058068949787,0.1380348991871562,12.057862299289074,1.762996053387464e-33,3.3938642706858896e-31,217678_at
230.32675286309203,1.0980888737024976,0.09107607378187857,12.056831482792626,1.785195498335247e-33,3.4240570883033056e-31,238725_at
817.6827179431517,0.6115693348465051,0.050824331430991104,12.033003044553363,2.3833127248435777e-33,4.554640616051977e-31,202836_s_at
418.0263742052391,-0.9934275526900752,0.08259614472232236,-12.027529323915191,2.5466802604130652e-33,4.849211391512617e-31,213164_at
231.55834303633463,-1.0160150018852876,0.08452042917029952,-12.020939929660406,2.7581598968817924e-33,5.214112777723947e-31,1558249_s_at
141.81935566626106,2.56838448725185,0.2138224757188738,12.011761058405622,3.0821084393998584e-33,5.805631789398572e-31,206858_s_at
482.43461006121237,-1.0392183307359986,0.086736220079162693,-11.981365221905236,4.449355079595462e-33,8.291893860037586e-31,208744_x_at
238.37321999994072,0.7861606602630177,0.06561754511097519,11.980952029421847,4.47158846464738e-33,8.30388198484376e-31,224760_at
190.9349315401209,0.786564171204392,0.06577864049056692,11.957744418831375,5.914674293279431e-33,1.0830654801707568e-30,218392_x_at
232.42517416068353,0.5346360601354323,0.044716185936685124,11.956208896985046,6.0250351544934584e-33,1.0994433941293375e-30,32099_at
1328.9063928757107,-1.0254752876235558,0.08577455740167214,-11.955471630373747,6.078748206467649e-33,1.1015949422162097e-30,209109_s_at
482.5761441792163,-0.8229172089082322,0.06908414563988484,-11.91180988468549,1.0272304852565868e-32,1.8115795611468006e-30,219108_x_at
905.1058456106484,1.3487907927700216,0.11348349008910007,11.885348183343993,1.410460932459116e-32,2.4791091586774707e-30,225541_at
405.26410408043,0.38800282352190324,0.032698867489500856,11.865940728573717,1.7789164011539483e-32,3.0854512391499868e-30,48580_at
161.117157540395,-0.9094271306581225,0.07669971182556033,-11.856982366849703,1.979825193666194e-32,3.422622803550433e-30,212349_at
2454.2593110983466,0.4617920658041165,0.039001046582848156,11.84050445474976,2.409990137798735e-32,4.139039924897867e-30,200654_at
149.5557463061702,-1.9128555390233966,0.16193421995881924,-11.812546721192385,3.362204426260354e-32,5.699912626376989e-30,205184_at
669.6110711049951,-0.6725535928296709,0.056984800468181475,-11.802333030984354,3.796377818287622e-32,6.415268162774524e-30,212341_at
907.5360939145919,-0.9100707387826245,0.07712328483019762,-11.800207172014622,3.8935170761661803e-32,6.558330013488379e-30,218237_s_at
271.0799942947247,-1.6001886506454226,0.13574081991533427,-11.788558899552173,4.471263212463561e-32,7.507436641144089e-30,204044_at
333.5143817290308,0.6769836284895963,0.057536743940423546,11.76610948284768,5.83541193637357e-32,9.583569965755518e-30,225441_x_at
145.59471434478044,0.7832231702358725,0.06660720671152028,11.758835250786872,6.360567536816645e-32,1.0413497393453644e-29,202308_at
400.68348574919196,0.8003651680753603,0.06815507049247053,11.743296020268676,7.644787174860608e-32,1.2438518426861437e-29,202794_at
1068.054835178101,0.46645236015550373,0.03975534807655981,11.733071969517711,8.626980761544767e-32,1.3950226059760727e-29,212953_x_at
819.1939465818378,-0.7520828560939711,0.06424554669952043,-11.706381138158875,1.1821846856589592e-31,1.8884052878456211e-29,224571_at
159.43906127998252,1.1369579965225458,0.09712987771003624,11.705543374786584,1.1939194382119516e-31,1.901370974417906e-29,217790_s_at
493.6494661588964,1.8698375754613827,0.15981171842459846,11.700253234831461,1.2707371623380375e-31,2.0175927743055355e-29,204415_at
123.70536345767383,-1.1566233257295164,0.09902312959089975,-11.680334993530748,1.6066110664158852e-31,2.527959221090432e-29,209750_at
418.6827092362825,-0.9441305483896282,0.0809529539248787,-11.662706579746873,1.9765766964540797e-31,3.07328436998366e-29,222451_s_at
57.3041599743888,1.8217395587576612,0.15638687601651993,11.648928638776708,2.3236165884044888e-31,3.602222601386711e-29,204653_at
182.0229360107765,0.6858212002349924,0.0589247553007272,11.638931663523234,2.6126767303743195e-31,4.0265868882138414e-29,221840_at
216.33225268421145,-0.9078959129706666,0.07803544431683318,-11.634404352008318,2.755066540120613e-31,4.2336189166520086e-29,228638_at
205.29669292003325,-1.2615955430363226,0.10847939659825936,-11.629817113645025,2.9071976042237813e-31,4.454369180535761e-29,229490_s_at
682.0505930842867,-1.755861406346572,0.15105215801043756,-11.62420603236429,3.104663707323246e-31,4.7430958277519144e-29,206286_s_at
312.44609924105,-0.7216047686627844,0.06208580398427297,-11.622701525224269,3.1598373674116128e-31,4.813394000201447e-29,225276_at
599.3530188891269,-0.695390500779516,0.059849720097026535,-11.618943240706393,3.301951658008594e-31,5.015340099276984e-29,205255_x_at
145.72410447096743,-0.9982543032548611,0.08599017668186454,-11.608934203590193,3.712136297052846e-31,5.622121353179114e-29,212677_s_at
88.05751603601732,-2.454139449737376,0.21142863256783712,-11.607412959784254,3.77875869118e-31,5.706577133800969e-29,205549_at
741.5371503254368,-1.624534750278275,0.14029666444572603,-11.579282776938213,5.24833109339779e-31,7.880594065212214e-29,218807_at
187.28260545222284,0.8300386337684275,0.07176308152863135,11.566373908250672,6.100688536065601e-31,9.134347160239077e-29,219716_at
120.79462506909617,1.4286262079315428,0.1238777364134468,11.532550152219821,9.04248546968864e-31,1.3386444545746953e-28,226603_at
155.7074932359371,1.3402330175935613,0.11627390498788011,11.526515925763922,9.69898915190774e-31,1.4277890080934437e-28,201939_at
127.47863506760112,0.9468698227383555,0.08220725147545047,11.518081504295507,1.069661105643587e-30,1.5702505515640522e-28,218802_at
325.9472899738669,0.49724568017461557,0.04320453703842194,11.509107937724533,1.1869985971085264e-30,1.723246526863025e-28,234302_s_at
463.2847783329081,-0.7189028472933076,0.06260508158122259,-11.483138894414143,1.603513632256613e-30,2.3087960391675082e-28,215693_x_at
371.64114456935897,-0.8095039807061504,0.07062867631388137,-11.461406654552443,2.061393072668107e-30,2.9438709657880355e-28,203008_x_at
555.7966019244502,-0.9842930970547439,0.08592556652194562,-11.455183095049513,2.2149471796772688e-30,3.154588999478569e-28,209049_s_at
1216.465749707111,-0.8756998533374877,0.0764597768442968,-11.453078853745135,2.2693917020377077e-30,3.223394905645667e-28,225245_x_at
728.160978169717,0.6341495806385512,0.05542666037481255,11.441237418062569,2.601483437643841e-30,3.645822948851585e-28,208827_at
269.3173440391939,-1.2587743505817772,0.11027695626275695,-11.414663527550534,3.532684145880794e-30,4.885702173753139e-28,232058_at
538.7649854711369,-1.7188440594641865,0.1507948391718315,-11.39856024850794,4.250908208216292e-30,5.848225915565419e-28,219471_at
299.02809684645104,0.5503010256868025,0.04828100159244659,11.39787923896126,4.284285584405339e-30,5.8787557337555665e-28,229120_s_at
1169.2377772139362,-0.8439107852399572,0.07406189886145984,-11.39466848964508,4.445187046333286e-30,6.083655209192696e-28,224301_x_at
304.5350172762936,-1.2750255980719232,0.11190098079443964,-11.394230765627741,4.4675824253288e-30,6.098424072226746e-28,232382_s_at
1388.7816836816337,-0.6515342760187786,0.0571905421192092,-11.392343067157965,4.565452959783505e-30,6.215876032343584e-28,216032_s_at
294.79114999894875,0.8126071209467978,0.07133351413549344,11.391659737992196,4.6014032576639745e-30,6.232529556785375e-28,202625_at
38.71985950880016,1.8908070309845422,0.1659799125562714,11.391782305846863,4.594934286299593e-30,6.232529556785375e-28,242517_at
94.32295266380935,-1.6782036412064847,0.14767875474962916,-11.363879957219769,6.327077935929702e-30,8.460897044398206e-28,216992_s_at
125.45127516342875,1.4794896676814437,0.1304595636516196,11.340599541113647,8.257678132506007e-30,1.0903869763209063e-27,227641_at
2315.7353521557416,0.6591448462733849,0.058250375270244244,11.315718451861933,1.0969994907546105e-29,1.4341221700775571e-27,201762_s_at
609.978271173926,-0.5377282402763904,0.0475315455206563,-11.313081331275123,1.1304838462888258e-29,1.4742294803439938e-27,225000_at
381.24263776570365,1.407641535297829,0.12444150520435747,11.311672363543051,1.1487876558164204e-29,1.4943907540538654e-27,217478_s_at
176.8946548189673,0.9827337527500377,0.08698856787028944,11.297274766213114,1.3535338743507415e-29,1.752059587010563e-27,230263_s_at
381.6305877890407,0.7074570309791891,0.06269051083361743,11.284914121322158,1.5579366017244758e-29,1.9969707357811734e-27,224512_s_at
1513.3238442671918,-0.6846151779645786,0.060721885253923226,-11.274603466306997,1.751660519402967e-29,2.234387547007367e-27,208743_s_at
1861.4797929203291,0.553943196619624,0.04917060524702896,11.265738825801721,1.9372023714279052e-29,2.447301284327455e-27,200814_at
131.13713238802268,0.9165528945077417,0.08135618906751556,11.265927091878853,1.9330661553086796e-29,2.447301284327455e-27,214866_at
203.13416526316092,-0.8564508489251436,0.07603787696634405,-11.263476613165128,1.9875954093190494e-29,2.5049421856439646e-27,229905_at
152.99235247513067,1.080129255045892,0.09599089285217477,11.252413879609213,2.2533927104769632e-29,2.8263675538521796e-27,226661_at
202.8951067294002,0.6754023744441617,0.06007064933718645,11.243467182334204,2.4939110330805434e-29,3.1008836351407166e-27,1553101_a_at
820.4195486271351,0.6128606073351721,0.054536862954527004,11.237547855405198,2.6668739892961113e-29,3.2977622501992434e-27,201672_s_at
197.6623959767553,0.9107953927024162,0.08147523339386675,11.178800658348019,5.178507983039254e-29,6.285249619876327e-27,201818_at
208.12889548744184,-1.0875923253629023,0.09738027164908344,-11.168507819346782,5.814952266106109e-29,7.025264399837711e-27,235174_s_at
258.35578815808634,1.1540438768481067,0.10334585564096192,11.166813315256858,5.926925515490899e-29,7.144120264704328e-27,204698_at
98.70496606666406,1.3147459694679877,0.11777399890831682,11.163295648061286,6.16624929273689e-29,7.395365845588729e-27,202638_s_at
140.67899721990315,-1.1955334835687264,0.10712282226188011,-11.160399421199338,6.370471397955954e-29,7.608948951094936e-27,215123_at
114.88176975672337,1.3372303061492075,0.11989673284230326,11.153183864551407,6.908915477414435e-29,8.196188352145332e-27,204205_at
670.4591862640916,-0.8123001289030193,0.07287072468406033,-11.147139436650901,7.394546196523846e-29,8.732875973305937e-27,212638_s_at
165.07252877925256,-1.0950674836002414,0.09833182407719779,-11.136450420573222,8.337655378702728e-29,9.824599568886618e-27,213169_at
946.9302778763321,-0.6657020900337244,0.059939246303702454,-11.106280627232444,1.1692901341465606e-28,1.3747399040254662e-26,224815_at
588.3030391515866,-1.5233628853836907,0.13716566497231353,-11.106007364825423,1.1728726010920288e-28,1.3758738097721088e-26,227260_at
152.71786110296497,-0.8045589927149208,0.07255140203459466,-11.089503030296827,1.410692857505653e-28,1.6511704328140776e-26,228196_s_at
198.58092293482318,-0.78469768032222,0.07079745564885437,-11.083698886217217,1.5052282346167149e-28,1.7501275363284697e-26,227098_at
611.5086511449779,0.6054933680017853,0.05471762602431754,11.065782856381466,1.838504187150906e-28,2.1329083675834155e-26,214315_x_at
313.16934071287625,0.7308446754136215,0.06616617540910863,11.045593475741555,2.3024118919020926e-28,2.6361863740092064e-26,218681_s_at
657.5047298352492,0.5453980711404267,0.04942831479085714,11.034122313255764,2.6159305971112117e-28,2.9821608807067814e-26,221739_at
681.4788416465905,0.6133314157232354,0.05559947563714322,11.03124460608221,2.7010091176775357e-28,3.07248556645942e-26,202678_at
123.6068026482374,0.8654676660930664,0.07857630080914903,11.014360019252722,3.258439713868535e-28,3.6906043259191164e-26,204693_at
4141.557545651544,0.5452750570845043,0.04960386534580584,10.992592074895812,4.148382063488457e-28,4.638597254565369e-26,213738_s_at
235.72360306011583,0.733358285723064,0.0667240810742154,10.990908738141622,4.226490251000104e-28,4.715901669873874e-26,205120_s_at
10418.745560732628,0.3332227131317591,0.03039455720487574,10.963236308581761,5.740893801783234e-28,6.365125165799918e-26,217733_s_at
252.0747305527027,0.6953581127778877,0.06344734046002551,10.959610091395282,5.975626463363088e-28,6.611433119064921e-26,218451_at
142.63736728504273,-1.0785642356853533,0.09846099163586033,-10.95422885516147,6.3416182356712675e-28,6.986947688835802e-26,229427_at
906.393260807935,-1.4935012207568057,0.13640777505693338,-10.948798337436804,6.733494775650863e-28,7.372335092490738e-26,222696_at
220.06160037094332,1.3836585390888627,0.1272674317630484,10.872055166988941,1.5663223079179895e-27,1.6697059344892905e-25,209921_at
210.94332134428112,-1.1151751070122042,0.10267476078440338,-10.861238911029465,1.7634039522300477e-27,1.870602316747236e-25,229943_at
1406.1089508096513,0.4735321753783041,0.04362039483723229,10.855751699297311,1.8725965112166493e-27,1.9801295181183055e-25,201588_at
218.24904103867016,-1.0987217308929569,0.10125026608425819,-10.851544133016159,1.9608435527512267e-27,2.0692805636804815e-25,209781_s_at
189.3905809248025,0.8540899642412743,0.07881735077816986,10.836319107516015,2.3160311055475023e-27,2.429475024370128e-25,212276_at
381.228622319083,0.4340561610451729,0.04011642834339128,10.819910419983305,2.7704803292005402e-27,2.883164816253568e-25,200035_at
327.76008538958484,0.4694752045952849,0.04340982258411188,10.81495331351836,2.9244154225950202e-27,3.025388348800368e-25,212024_x_at
179.0063579803451,1.648994074248067,0.15248155473704053,10.814383923955994,2.9426312093607266e-27,3.0382522706629394e-25,205114_s_at
291.610426658473,1.2798560956244847,0.11852957438194887,10.797778548502041,3.526319165974926e-27,3.60548983363125e-25,209969_s_at
160.65006409822556,-1.4175993932985431,0.1314136484976862,-10.78730717474527,3.9519993011229706e-27,4.0250653347135e-25,235652_at
1900.3761215296888,0.4964922340643233,0.046030007543416226,10.786273141407245,3.996703049640289e-27,4.0627220903442115e-25,200886_s_at
809.2854578556726,-1.3450358846327848,0.12472481566285983,-10.784027841488367,4.0955066383027546e-27,4.155120769678822e-25,222450_at
419.28312604013803,-0.8005708824993231,0.0743956597915857,-10.760989078422948,5.260252346584196e-27,5.306090246111052e-25,222518_at
2459.7655733573865,-0.4159484014779382,0.03866072710896839,-10.758938917665827,5.378588797679013e-27,5.415064284927641e-25,214629_x_at
883.3478423492478,0.7758684352534645,0.07212399859594057,10.757424024700892,5.467721619064154e-27,5.476690018884877e-25,217933_s_at
88.1450763034909,-1.170290074496912,0.10880041120969317,-10.756301943026566,5.534685082391053e-27,5.529844863497707e-25,1558515_at
111.61621609171185,0.8901627701346999,0.08278862672477334,10.752235003172617,5.7842778886639295e-27,5.768253133981863e-25,219593_at
271.5872181192799,1.1248694908479946,0.10468355547659385,10.745426879387027,6.22731813798651e-27,6.18658747492898e-25,226459_at
191.9019799855621,-0.6123333295430476,0.05708487607219919,-10.72671733172526,7.625718093690071e-27,7.490878293379214e-25,214316_x_at
782.5638353224048,-1.1819766725394114,0.11051147304061683,-10.69551097291947,1.0682919056079676e-26,1.0377636378432742e-24,218704_at
806.0273688247644,-0.7323270580105519,0.06855320340781162,-10.682608858612483,1.2277205956352863e-26,1.1860593415995742e-24,208944_at
529.0751758547609,-0.7399402602998157,0.06934528215745539,-10.670376372825299,1.4005790892209002e-26,1.3480958508226226e-24,225858_s_at
283.1475541971952,0.5637199685028982,0.052863733314317554,10.66364278797958,1.5058140008788017e-26,1.4414671949396093e-24,203127_s_at
90.01483168279209,1.2816012859281618,0.12026411123310653,10.65655641394172,1.6250337917627317e-26,1.5527641071327018e-24,201313_at
104.91204034352715,1.8076627574824478,0.16971027882095566,10.651463011203534,1.716459555809144e-26,1.6371472866786523e-24,204014_at
1565.5888995616608,-0.4176794499879778,0.039220608907103716,-10.649489174869155,1.7532448385473602e-26,1.669203428351775e-24,218101_s_at
187.7779766787555,0.698983305061545,0.0656793476527663,10.642360651280084,1.8927224950573478e-26,1.7987366727892196e-24,222867_s_at
3158.4931364376334,0.4979172089993339,0.046789020568655935,10.641753192262582,1.9051047508222434e-26,1.80723601217892e-24,200634_at
286.930465475534,0.5382107742244575,0.05070490878194142,10.614569420468843,2.5496722359364964e-26,2.4013525929642767e-24,221725_at
319.6844028100484,0.7545273939617265,0.07108822214617413,10.613957856622724,2.5664221075062843e-26,2.4128040686562658e-24,226748_at
214.55673554675712,0.7119975114863933,0.0671557720867443,10.602178924645745,2.9111725345083436e-26,2.7271615218993134e-24,204158_s_at
485.16810415988937,0.7187153073572905,0.06797789625277821,10.572779491214648,3.98505521303635e-26,3.674220906419515e-24,225636_at
752.234816901231,-0.6648431992559197,0.06289982901003907,-10.569872918888349,4.110512539934984e-26,3.7832552718694074e-24,201674_s_at
88.05619795574225,1.0221802676253584,0.09674339710394687,10.565891815097903,4.288726421208575e-26,3.9403798660873324e-24,222868_s_at
690.3842260633263,0.6104482045324657,0.057865503233912353,10.549432225013636,5.1104978687506595e-26,4.687209511244715e-24,217752_s_at
199.5643578455348,0.7950706803633271,0.07544264962292871,10.538742797836296,5.725920955561735e-26,5.233392172149416e-24,222412_s_at
2899.8243014812115,0.445837050584488,0.042308605182449485,10.537739276959922,5.787337441184364e-26,5.280342567430608e-24,211936_at
1726.994851253826,0.8332308369750404,0.07922658097308054,10.517061657099074,7.2086676544317e-26,6.554399998460269e-24,227998_at
7311.006751531684,-0.3000137025644956,0.02852905883810629,-10.516074303992358,7.284581336026858e-26,6.6005842678199215e-24,208755_x_at
99.06932426702761,1.2290457713945724,0.11713051127001005,10.492960015869544,9.306626123331989e-26,8.389372715018685e-24,206247_at
380.38445082636804,-0.5658452490363173,0.053937347753752016,-10.490787415422288,9.52314122498702e-26,8.569848697567942e-24,225350_s_at
239.13565556912747,0.5758588763476234,0.054923706397966336,10.484705314223765,1.0156177277184207e-25,9.123893002139125e-24,222065_s_at
503.6098683595871,0.7091741644478019,0.06764950824510038,10.483064590483034,1.0333975421135073e-25,9.267777206183151e-24,222409_at
1381.8621620288063,0.5262230495763038,0.05021791288970745,10.478791715857179,1.0811618237985815e-25,9.679621548196023e-24,201031_s_at
159.70044826350025,0.7120869728976653,0.06808548511403047,10.458719236633955,1.3364996304113533e-25,1.1945306390584738e-23,222753_s_at
589.0701065570557,-1.7206455925866013,0.16458692031310845,-10.454327654428814,1.399881085982258e-25,1.2490551883312661e-23,44790_s_at
201.91625434668356,1.2832745713471234,0.12291383314890891,10.44044057915311,1.6205682075712792e-25,1.4337936293047307e-23,204103_at
154.111623625588,0.7488928344310731,0.07177547226132044,10.433826637942568,1.737469910622964e-25,1.5320636523973028e-23,204526_s_at
162.6246287517908,1.5044734044923858,0.14420748360942875,10.432699932321809,1.7582012862490988e-25,1.5477472428397848e-23,1405_i_at
863.1666698054265,0.49858902528882487,0.047838513434334026,10.422335258665964,1.9607863377189433e-25,1.7121546972159268e-23,224675_at
387.66091678976994,-0.7798735924025445,0.07487085722133388,-10.416250345539325,2.0903254822221455e-25,1.8187908177599775e-23,212057_at
281.0687985366598,-1.4769233910694126,0.1419432523153944,-10.405027128642406,2.3518909466168253e-25,2.0362648568122016e-23,218806_s_at
33.279769728295705,-2.4246517357202895,0.23308438321864067,-10.402463272049797,2.416053570132643e-25,2.081529169258212e-23,204712_at
163.75231603175104,1.5022593739198282,0.1444339897795321,10.401010013037217,2.4531897407573506e-25,2.1100643802907006e-23,204015_s_at
53.76133013598591,1.7475904375190296,0.1680628312658169,10.39843506358018,2.520383544945016e-25,2.1607868975699897e-23,223779_at
101.50048986489475,-1.2048152531991334,0.11598662781037253,-10.387535838776998,2.825588634601938e-25,2.4106491088128287e-23,227996_at
245.14355272195806,0.9529788418467736,0.0917752550386343,10.383832128231095,2.93742271128019e-25,2.501998592684264e-23,33304_at
1193.99133626882,0.4248666598712586,0.04092985209880715,10.380361474202365,3.046195981915598e-25,2.5862646790564186e-23,207707_s_at
208.53036025918522,0.7160882186222199,0.06899776015074553,10.378427025134126,3.108545920399168e-25,2.6264714196247247e-23,222532_at
2591.7595862798516,0.38590821593766345,0.03719714014608009,10.374674354590974,3.233127926891875e-25,2.727348395985162e-23,226091_s_at
270.52446992925456,0.503553837614869,0.04856178699176988,10.369343238958855,3.4186621705759362e-25,2.8792367261610217e-23,218797_s_at
330.16003904437054,0.6636645752924212,0.06403003501978004,10.364894773013996,3.581524433015385e-25,3.006764138221894e-23,205241_at
458.23399751643603,0.7886113859230517,0.07610626696199048,10.361976975127495,3.6924990324153177e-25,3.090057231680806e-23,202223_at
475.19458355808104,1.0166723304433998,0.09812834492024369,10.360638725433779,3.7445308956768053e-25,3.1286180714053866e-23,215223_s_at
1277.8030243470748,1.5541835607577832,0.1500250558629841,10.359493298087479,3.789642327721893e-25,3.1612835379539103e-23,201123_s_at
296.80977847565595,-0.6000727794035159,0.05794637712804664,-10.355656542211584,3.9447080794016764e-25,3.275042470851117e-23,214924_s_at
233.9183281266383,0.671862753908692,0.06492639332272511,10.348068320522758,4.27014219451953e-25,3.5396380582141855e-23,200827_at
216.35004216160215,-0.9922505598986828,0.09600653379912763,-10.335239911637128,4.881889676558851e-25,4.0403595285334466e-23,231034_s_at
1694.657178250783,-0.5633877860890436,0.05453332797935451,-10.33107288633354,5.098706819888182e-25,4.199959846589397e-23,217918_at
2545.5837929720733,0.5781225688594678,0.05597099202748755,10.328967701261213,5.211843793526249e-25,4.279738105077789e-23,201231_s_at
6930.800971273629,-0.3271900319444941,0.03169208219794118,-10.32403077528776,5.487014829976124e-25,4.4846746092467373e-23,211940_x_at
437.27802977593285,1.2934962710254343,0.12539951692412507,10.315002025152014,6.028003771870636e-25,4.919188047001388e-23,202270_at
151.53951903893125,1.3395096364931007,0.12990526821749673,10.311434284946762,6.256059471325528e-25,5.0894883816724743e-23,223502_s_at
132.82321001290012,1.1205088049696055,0.10868459624185976,10.30972965548951,6.368019979091234e-25,5.172564481934478e-23,214617_at
458.30078810934384,0.9169931709612268,0.08899787373783045,10.303540213359492,6.791491833905855e-25,5.508025645664942e-23,201649_at
307.5965079198354,-2.557440391471668,0.24832785558829074,-10.298644851634025,7.146086522820249e-25,5.77777586338916e-23,1569532_a_at
194.46408551623452,1.0325085954863236,0.10027662002918131,10.296603487292005,7.2993166395360825e-25,5.892600409741617e-23,209546_s_at
194.4390160123093,0.5808988880680147,0.0564203332656782,10.295913803497312,7.351818308142414e-25,5.925881278621418e-23,227252_at
680.6858064593445,0.8127737308390199,0.078993289806397,10.289149025582173,7.887030894013666e-25,6.33784436703355e-23,201037_at
192.73929187355003,0.6815782374257273,0.0662473294090779,10.288388128327032,7.94959565171215e-25,6.378367173741684e-23,222817_at
163.35501688396891,0.8123974891736153,0.07897756230759959,10.28643408883035,8.112528437457598e-25,6.499174077776625e-23,238949_at
457.44986032419956,-1.1625604744976639,0.11304167853153317,-10.284352546776503,8.289733220525128e-25,6.631029523157954e-23,1569003_at
423.8533475537014,-1.464227316899494,0.14239759256010867,-10.282669043589458,8.43585319944684e-25,6.737656976348469e-23,207380_x_at
355.23616944474765,-0.666048000962581,0.0648017718568278,-10.278237490699157,8.832803866056497e-25,7.033320823889896e-23,218242_s_at
155.24299917663353,0.7748528304654775,0.07538696776665794,10.278339259696004,8.82348370150184e-25,7.033320823889896e-23,226117_at
325.417626163003,-0.5723080389461441,0.055689327104740526,-10.276799320446928,8.965561391590006e-25,7.128231669797598e-23,221506_s_at
1235.8156601500325,-0.8649261820143855,0.08420080479703085,-10.27218426355095,9.405072139190445e-25,7.466377057447351e-23,206976_s_at
146.58195478767462,1.3728423643977627,0.1340560994204358,10.240804934150454,1.3014901057932051e-24,1.0270046699678093e-22,204916_at
202.1059755654536,-0.6251149761661645,0.061047873524172576,-10.239750216993937,1.3157562032310194e-24,1.0348273819261709e-22,215504_x_at
390.84345344616247,-0.7889406415507813,0.07705746434534794,-10.238341583821018,1.3350512581683213e-24,1.0456376128431885e-22,1554241_at
321.4334088013876,-1.284835473849062,0.12567212651656376,-10.223710773921844,1.5528032192027155e-24,1.2054065049036855e-22,210808_s_at
360.5479158392413,0.5627094634524604,0.05509655158953982,10.21315213417625,1.731466869168831e-24,1.3421166643406896e-22,201594_s_at
128.60665091003293,0.8077664136239192,0.0792333156501377,10.194782421963625,2.092124626900707e-24,1.6145303618522726e-22,205291_at
636.9970100845491,0.6799685930958551,0.0667507600410225,10.186679412758329,2.273990494617658e-24,1.7471826966979004e-22,210371_s_at
383.0689876092467,-0.5568925240822115,0.05470592052167785,-10.179748714063525,2.4419113405499127e-24,1.8652937295241296e-22,203227_s_at
280.6352104689004,0.7561778369494638,0.0742954399314818,10.177984512196725,2.4865812366751568e-24,1.8966587853733843e-22,216237_s_at
111.71923463558474,-1.6644843901737165,0.16355299956025654,-10.177033711695906,2.5109903818560734e-24,1.9125012830154216e-22,224221_s_at
156.00823142957253,1.1855126920706867,0.11663180729912755,10.16457448035751,2.8536533093536524e-24,2.1640821936475014e-22,204747_at
252.2419863774745,-0.7951860454313799,0.07827461955325839,-10.158925715254764,3.023898766986036e-24,2.283304250002646e-22,225273_at
225.02298617146414,0.6612568388194839,0.0651311025292813,10.152704516589438,3.223054650935747e-24,2.4301924551689707e-22,225095_at
314.68853343464014,-0.4840094868621788,0.04768579927756216,-10.149971148536924,3.3146139939629475e-24,2.495647905998979e-22,65635_at
262.00166886199,0.5473170152733906,0.053973322534589474,10.140509969951093,3.651881015507307e-24,2.7236959031844644e-22,224900_at
1349.2396355488306,-0.5776975970633965,0.05702964723395159,-10.129776792998896,4.0757875558994136e-24,3.012643308196031e-22,217802_s_at
129.14370140965445,-0.9620596999247247,0.09501590294976975,-10.125249248363387,4.268897059491518e-24,3.141112657831751e-22,239238_at
189.21927827224195,1.2148444180753104,0.12020635887630951,10.10632406997176,5.179116698684566e-24,3.7908537462767227e-22,213716_s_at
102.20376900342859,0.9111639093450482,0.09018505482054498,10.103269451442156,5.343054339534403e-24,3.9054085919317248e-22,203234_at
1793.4762518157993,-0.5706813735675945,0.056525778997881894,-10.095948851743888,5.7571579236973385e-24,4.2022455211387486e-22,217917_s_at
645.7426099868861,0.5752787587573014,0.05699757226777583,10.093039683420713,5.9304097953316394e-24,4.322701198111775e-22,200825_s_at
77.45055620662426,1.043853618979375,0.10344883940242057,10.090530014732579,6.084012183985344e-24,4.428520447606173e-22,226878_at
230.5953683458461,-0.7007188800600581,0.06951423229728503,-10.080221803548936,6.75734108172745e-24,4.911829919904626e-22,235381_at
525.4176121914938,-0.8492550601642976,0.08426034234350945,-10.078941487112479,6.845963241886804e-24,4.969375030581756e-22,201466_s_at
78.93493684593382,1.0174247108487264,0.1010062456381764,10.072889101267416,7.280735498448292e-24,5.263160569263433e-22,235458_at
155.0929169963146,-0.9678067712810396,0.09608573468983236,-10.072325245835389,7.32260623566352e-24,5.286157254245338e-22,213789_at
136.03775217696221,1.2879509387077108,0.12795993009525364,10.065267601732492,7.867308744711603e-24,5.671584962545591e-22,204655_at
361.3393139138514,1.0531020400976356,0.10482982043485194,10.045825088025422,9.584221667520669e-24,6.843603064060886e-22,203932_at
345.57738816009294,-0.999014933740257,0.09954406081609751,-10.035906969737605,1.059808955029655e-23,7.547046046426625e-22,230352_at
79.95534248768124,-1.4019683294784047,0.1397084710616231,-10.034955782029993,1.0700733821341797e-23,7.609829029050024e-22,1555765_a_at
207.2566147949735,0.5399377273520598,0.053877498930813915,10.021581143649852,1.225268608178291e-23,8.666590367994872e-22,200815_s_at
158.9132265803511,0.6024983037622678,0.060123372464368524,10.021033070281145,1.2320829047903395e-23,8.703075937950472e-22,218993_at
285.77689261928174,-1.5453468670061266,0.15423157549689626,-10.019652992763632,1.2494083477095509e-23,8.801797091893799e-22,206754_s_at
194.7636496810718,0.8953182213669498,0.08938516244098584,10.016407610805203,1.291107336423305e-23,9.059126162668941e-22,226474_at
375.42447273860273,0.8314674926709912,0.083016942096724,10.015636226425189,1.3012196336385217e-23,9.117906216831848e-22,226320_at
195.0314472677294,-0.6138686556398659,0.06137507311965099,-10.001921373570115,1.4946844750008194e-23,1.0376703817594855e-21,218414_s_at
1412.7991067870496,0.4819023002272323,0.048311749315645254,9.974846844785503,1.9640422609365145e-23,1.3418883102248577e-21,200656_s_at
402.0595349765067,0.7133448372235138,0.07151510320562512,9.974743868752533,1.966080600664346e-23,1.3418883102248577e-21,234725_s_at
197.11684432875785,-0.7380639310690104,0.07403534486906192,-9.96907534332881,2.0815766123715225e-23,1.4188738947674839e-21,1559881_s_at
606.089401651514,0.37506750141094203,0.037668257124946466,9.957123850111635,2.347558968396673e-23,1.5898661601175098e-21,209214_s_at
425.7564336640233,0.4744480721924073,0.04770013202051782,9.946472936140456,2.612797415460851e-23,1.7626823539426132e-21,223988_x_at
189.28714881287394,-1.1892734981455604,0.11961674561020377,-9.9423662805629,2.722810891584304e-23,1.832197229146242e-21,239246_at
426.9187524097811,-0.761410252652097,0.07658801550830142,-9.94163705115936,2.7428202978883763e-23,1.8433015081230913e-21,225119_at
457.3466476322335,0.4988277028859966,0.05018710104603587,9.93936076181068,2.8062209588878096e-23,1.883501101831289e-21,210574_s_at
123.98608487241516,-1.0139461478039018,0.10201960569305452,-9.938738156414294,2.823813463494941e-23,1.8928914892922594e-21,230332_at
2459.7565160007825,-1.0172744550684134,0.10237513887162528,-9.936733334682348,2.8812075588008593e-23,1.9264501532470784e-21,214039_s_at
1566.6403732895492,0.5345386403918627,0.05380621680155008,9.934514488602057,2.9460760398526225e-23,1.9673199516952314e-21,211730_s_at
85.16289926851773,-1.200582095878111,0.12091166936982524,-9.929414606012617,3.1007051224944433e-23,2.0601069153928317e-21,229481_at
91.19464235958874,1.401571846951757,0.14120397623751335,9.925866709264838,3.212990921964398e-23,2.1293256609447283e-21,226034_at
351.9980759260346,0.7547825178028503,0.07604438017872868,9.925552894623763,3.223114385660275e-23,2.133344501561588e-21,226150_at
539.4866943931221,0.8899855321170507,0.08972923639106331,9.918567993137295,3.456799148189954e-23,2.2818453091651135e-21,202307_s_at
8054.623184150147,-0.29291225215915917,0.029543527747260916,-9.914599727729405,3.596953032968201e-23,2.368850497426201e-21,213828_x_at
129.18703773006268,-1.4190026121456156,0.1432200062837658,-9.907851905369325,3.848309343338224e-23,2.5248944972508988e-21,1555989_at
347.2792818159501,-0.5592572808262508,0.056462969959697136,-9.904850581282647,3.96562383826868e-23,2.5953847471528297e-21,201846_s_at
1483.2592842703377,0.7769757758066046,0.07845369555669454,9.903622388892098,4.014645643301874e-23,2.6242000887821725e-21,201251_at
191.23993900551267,0.9014185733418404,0.09105860489429318,9.899323346632274,4.191009689740798e-23,2.7326839110997256e-21,226301_at
150.35768938680053,-1.4503285796273133,0.14655728304296767,-9.895984351743925,4.3332623536569145e-23,2.8219364279316667e-21,232203_at
593.4837458352963,0.49559153117998767,0.05008930118445086,9.894159420491842,4.413020408266594e-23,2.8703202294064677e-21,209332_s_at
373.78433288764717,-1.0183462344095324,0.10296388883517509,-9.890324131402071,4.5854081557085143e-23,2.978758222683625e-21,228487_s_at
191.84316285500023,-0.8293859162882216,0.083883940474072,-9.887302761421653,4.7258926716753435e-23,3.053563335225227e-21,218325_s_at
1314.834236581591,0.48624925831345567,0.04918241918266978,9.886647838681213,4.7569020355582403e-23,3.0674138598371502e-21,201135_at
135.89884644384148,0.8201181598162537,0.08296322036596139,9.885322148761915,4.8202888736849684e-23,3.1044786944563704e-21,200935_at
271.70300656993106,0.46072316481793546,0.046625897379486476,9.881271797690593,5.019179668103783e-23,3.2246695388450637e-21,223097_at
114.61422264786927,1.6036729425009646,0.16230017231205482,9.880907208265805,5.037476318714874e-23,3.2324728993130834e-21,214038_at
276.2780816226329,-0.847435604123848,0.08594099829492977,-9.860667445537969,6.163827989986996e-23,3.926470499221534e-21,213116_at
273.15406787080286,-0.8740044617001975,0.08872029901940377,-9.85123440024753,6.770723655311473e-23,4.297446992527043e-21,201911_s_at
270.14487182076255,0.5423745600009434,0.05506524950257534,9.849670434628235,6.876909819390868e-23,4.3595792358054e-21,203076_s_at
83.61132332059178,1.181409100967715,0.12007165555327212,9.83920056339658,7.631481591725929e-23,4.80317225834209e-21,205269_at
230.5946547028978,0.7567043730035143,0.07691248314303455,9.838511800435143,7.683900328308355e-23,4.8303791609320256e-21,204900_x_at
188.63108032054913,-1.92043779456583,0.195472654659941,-9.824585428108954,8.823632910220115e-23,5.513878762945397e-21,209616_s_at
224.8835453328515,0.8669297366191143,0.08824410127616736,9.8242230821297,8.855419708176071e-23,5.527170158473696e-21,203675_at
272.82494434071145,0.577850337460233,0.05882528130524986,9.823163181519078,8.949051691063736e-23,5.578985321140731e-21,202078_at
19.686726979883247,1.7795214362123102,0.1813107716163051,9.814758496412905,9.727062110149798e-23,6.056824906834271e-21,206442_at
1899.3128706431771,0.5960389255502098,0.060751297235374216,9.811130834637531,1.008321668497311e-22,6.271164138012743e-21,200989_at
157.75744028871438,-1.133856072521612,0.11561523742859657,-9.807150837032845,1.0488824970714378e-22,6.508024882065211e-21,203628_at
76.00461458949249,-1.4259851769925402,0.14546897274174767,-9.802675787943482,1.0964198064879416e-22,6.778970177666739e-21,241547_at
431.9061598906203,0.7026024115915416,0.07170643736970701,9.798317101838919,1.1447695689495367e-22,7.069591060701992e-21,202671_s_at
158.92328765707325,0.7319691609988647,0.0747368529091683,9.793952146854055,1.195303103602496e-22,7.372999918629762e-21,215498_s_at
4320.353296968743,-0.4003573228688626,0.04088678318361545,-9.791851833168858,1.2203993967259761e-22,7.518976541094601e-21,217801_at
530.9653722219849,0.4716831224723431,0.048172188621715135,9.791606650392403,1.223362831044358e-22,7.528408691183278e-21,213682_at
293.0696081795391,-0.637980752025322,0.06517072466178003,-9.789376370084645,1.2506486092679842e-22,7.683465364566566e-21,210625_s_at
111.35961708809266,-1.5990583011682515,0.16335241584545307,-9.789009197642432,1.255198075318712e-22,7.697278839008119e-21,204724_s_at
353.23294925415115,0.5522819220989472,0.056430608808606564,9.786921207462065,1.281382597472071e-22,7.836848874644134e-21,208453_s_at
347.30457849599065,-0.7341922495444565,0.07509242071287649,-9.777181805760602,1.4108421832726482e-22,8.611544727027963e-21,204049_s_at
344.601176290324,0.516055288404136,0.052799076128160004,9.773945421914336,1.456663828717004e-22,8.859198603396114e-21,218333_at
116.18258226421928,1.0230534663591193,0.10469279751419698,9.771956530442193,1.4855507318439172e-22,9.004801979391605e-21,218484_at
1006.9680449377373,0.665647390618788,0.06812534085756453,9.770921983502642,1.500800067241181e-22,9.086756536151269e-21,214214_s_at
195.80285158358114,-0.9434184032738452,0.09656905870440041,-9.769365218332153,1.524039425077118e-22,9.20624918913826e-21,223366_at
276.98310054235446,0.41614379827751186,0.0426075623623412,9.766899939934644,1.5615717403310303e-22,9.422140211407229e-21,223081_at
280.74525944261086,0.49920058640957043,0.05115520139290361,9.758549919008253,1.695622654205094e-22,1.0207531840675202e-20,222000_at
371.2733706055804,0.6874475150275259,0.07050807575508637,9.749911732315772,1.8462873135051596e-22,1.1076459300679242e-20,200889_s_at
738.9867576277694,1.1370045356136491,0.11662515557710794,9.749222026648502,1.8588730613094907e-22,1.1139249129311172e-20,202581_at
770.9484181546042,-1.4103905477360934,0.14467675991881296,-9.74856326978535,1.8709733305021028e-22,1.1198990024055525e-20,229215_at
298.2539595564155,0.6285761034464231,0.06455627081905904,9.736871344508451,2.0991782021200306e-22,1.2536387640251828e-20,209770_at
106.31854547213695,1.237800094497949,0.1271634702859072,9.733928239886415,2.1608344765598206e-22,1.2860758219832934e-20,223501_at
337.5954986147988,0.46395601220989924,0.04778703569713476,9.708825949162554,2.765035648122597e-22,1.6364153541828264e-20,203406_at
214.12847196336753,0.5580283456332934,0.057482353307066796,9.707820113980793,2.7924518679987525e-22,1.6507819513026596e-20,203537_at
91.36200864385371,-1.067300295404436,0.11025971008151637,-9.67987576436912,3.671618819841703e-22,2.143980616199565e-20,228008_at
119.33508945743405,1.0312521208547727,0.10667109020433786,9.66758771171569,4.1402179582034333e-22,2.409579341920523e-20,205569_at
338.85901483746557,1.7144401059663557,0.17737470621872276,9.66564028499227,4.21972861628158e-22,2.44772204966956e-20,204533_at
196.25300572821155,0.5766259381636157,0.05965714031142521,9.665665084740636,4.218706640278657e-22,2.44772204966956e-20,218018_at
413.048583872364,0.45155152874004145,0.0467590459222612,9.656987644503356,4.591671202581521e-22,2.6576067002254324e-20,218366_x_at
245.142814542237,-1.304401703765581,0.13511641044219713,-9.653910280007066,4.731629331876796e-22,2.732593933048935e-20,209425_at
158.9168698502407,0.6335851250729595,0.06569776948777906,9.643936620874435,5.214886066952946e-22,3.0017866633367483e-20,222206_s_at
168.59257762520286,0.9294353465866956,0.09637807865875514,9.643638465522203,5.230060641994907e-22,3.006784043314831e-20,216841_s_at
1189.9144636320482,-1.5895797703884103,0.1648336130172652,-9.643541394811946,5.235010464727843e-22,3.006784043314831e-20,218002_s_at
399.3600352296399,0.44997992420939037,0.04668764181039913,9.638094938201881,5.520290737036045e-22,3.163722567003188e-20,207805_s_at
350.9625941409713,-0.9683993176298424,0.10048562418649258,-9.637192637949658,5.569015480325433e-22,3.184701192089476e-20,205240_at
247.53822573829052,-0.6788131535433575,0.07046106339636116,-9.633876084510153,5.751796294062934e-22,3.282083631250634e-20,204132_s_at
486.0277791388455,0.890637737746641,0.09247047745976696,9.631590127066762,5.881222655793764e-22,3.352296913802445e-20,226319_s_at
110.61845104681237,1.070043179712068,0.111140467076607,9.627844905263062,6.09952596575845e-22,3.4654539200483196e-20,227134_at
104.89927036787918,1.1280378711918075,0.11719048956039176,9.625677607656856,6.229497250516021e-22,3.535475145827419e-20,204073_s_at
276.5043777483834,0.39652204901116245,0.04119965419277448,9.62440235919999,6.307249741534268e-22,3.575741131786321e-20,203082_at
126.2098458516253,-0.9400074676154395,0.09780601971899897,-9.610936732893565,7.189193574696607e-22,4.0582264137981253e-20,228156_at
126.68971280654061,1.4353665584568964,0.14939897496939616,9.607606469528497,7.425498715106611e-22,4.182633006149119e-20,227862_at
81.51802380367256,1.5382791392107311,0.16017426790322103,9.603784423976112,7.70618272079611e-22,4.331451622553142e-20,220177_s_at
183.17578240251427,0.9255251603166169,0.09640323610068532,9.600561119649358,7.951037727603992e-22,4.4595393461739614e-20,219038_at
217.963360399289,0.9902810672507706,0.10314799798603162,9.600584466844186,7.949236797459895e-22,4.4595393461739614e-20,219045_at
214.69273941251672,-1.3869085771864453,0.14452006284226157,-9.596650803426552,8.25843433599597e-22,4.627012346417188e-20,213385_at
310.48934043867837,-0.5213333870106908,0.05434519771991547,-9.592998257132878,8.5561762250376e-22,4.788725083393249e-20,202373_s_at
129.6735766366322,0.8066004500783077,0.08410592568812476,9.590292758554048,8.783542641523191e-22,4.9055292240447375e-20,225332_at
784.2325975391008,-1.3770457259044346,0.143709763962354,-9.58213059389036,9.50633013403353e-22,5.281138201522179e-20,207217_s_at
211.8532451063451,0.5811980607729454,0.060675411409237684,9.578807086332494,9.817224002843363e-22,5.448092822021437e-20,202657_s_at
462.6444607688632,0.5987283707315546,0.06263332204346858,9.559262564997383,1.1859873429806617e-21,6.553983051840766e-20,202313_at
280.7557304502524,0.5792695404934268,0.0605986348479503,9.559118649238354,1.1876375586520258e-21,6.556208430399009e-20,35820_at
148.26191084446276,0.8081400005039234,0.08463309812646026,9.548746511635276,1.3127495789066063e-21,7.204452156613942e-20,212569_at
297.13831128076265,0.6412481546704475,0.06722430806945676,9.538932762355905,1.4430970782439642e-21,7.883630337841299e-20,223180_s_at
189.92821765705963,0.6637700170082556,0.06961836818054618,9.534409299667214,1.507412721775111e-21,8.226434909674889e-20,222163_s_at
147.004118288945,0.9781064023273349,0.10259162671105443,9.533978879993159,1.513678314938838e-21,8.252059145570092e-20,204678_s_at
123.06105232995287,0.8412663684649105,0.08824140632400979,9.533691761165967,1.5178722054755151e-21,8.266347760265307e-20,205379_at
107.11355525404547,0.7652759110003775,0.08030145313499915,9.530038139083617,1.5722545684676634e-21,8.544805231773484e-20,206991_s_at
975.5730642427079,-0.8811085691343957,0.09246103988745236,-9.529511783632541,1.5802463419510009e-21,8.56932166397452e-20,227364_at
128.19335128080016,1.3286007318902826,0.13950659960954515,9.523569032639362,1.6733127919787263e-21,9.047251077124484e-20,229390_at
270.8432228490621,0.4280587568734336,0.04496300761362777,9.52024296398922,1.7277463605086823e-21,9.331961174735179e-20,226170_at
235.18755872356263,1.4967602200688512,0.157230510622865,9.519527820265104,1.7396770833776995e-21,9.377127122034012e-20,212657_s_at
229.40460331311937,0.6066591090625459,0.0637339877910435,9.518612126570861,1.7550726376861944e-21,9.450418791081993e-20,212612_at
262.3969221416741,0.8118731544715951,0.08532253996011248,9.515342075507112,1.811160225612511e-21,9.742447747885353e-20,1566342_at
1754.8264835988277,-0.5518810946610677,0.05800000520252018,-9.515190433760301,1.8138037559391906e-21,9.74669147133213e-20,225312_at
1135.5291764452472,-1.101172480394573,0.11577458191372007,-9.511349228755682,1.8820542930517076e-21,1.007224860662316e-19,208029_s_at
85.36307981841192,1.259600677376174,0.13245450290413374,9.509685588324862,1.912396613678801e-21,1.0224220919153174e-19,204007_at
333.5126786659001,-0.9715816108322919,0.10218702367202523,-9.507876596451576,1.9459392908993617e-21,1.0382425735423864e-19,230793_at
152.50530357747846,0.8370894702610429,0.08809469380826557,9.502155397496848,2.055900899171536e-21,1.0924753878165914e-19,225160_x_at
560.1490862202587,-0.9181856961588141,0.09681034613768608,-9.484375717993483,2.4383822556183325e-21,1.2827501607784368e-19,226961_at
304.69836947175827,0.5150379218420954,0.05431055269671838,9.483201629675472,2.4659837206086374e-21,1.2953504819021472e-19,225643_at
132.10713399305016,1.2415892106681652,0.1309531297976554,9.4811724819913,2.514417186453888e-21,1.3174743850139345e-19,204519_s_at
119.25804070845392,-1.7492296703937402,0.18454446315310652,-9.478635340809436,2.5763015957792955e-21,1.3485553193683775e-19,1552348_at
775.5248252160845,0.7772155715760997,0.08207634325469632,9.469422500516046,2.813950803908745e-21,1.4700235641015923e-19,224719_s_at
130.38554235240508,1.263983663615374,0.13358262630686443,9.462186053385159,3.015713849505867e-21,1.5645392462678315e-19,204891_s_at
566.5051431069647,-2.9183928024462586,0.30843584164632254,-9.461912036126863,3.023628738167038e-21,1.5655545291195123e-19,207529_at
168.44495415041732,0.7150293850467446,0.07556844500297637,9.462010036313202,3.0207956809669338e-21,1.5655545291195123e-19,218741_at
858.7179226897983,0.6621115838857696,0.06999003943348132,9.460083023885732,3.0769879626696756e-21,1.5900494138657045e-19,208152_s_at
71.59489507848423,1.1785283882871929,0.12462728982216886,9.456423147521216,3.1865727561817997e-21,1.6418347512586108e-19,219386_s_at
543.3639173736289,0.46092490215279114,0.048757472428392845,9.45342076190934,3.279346289036582e-21,1.686328423424937e-19,207196_s_at
269.220471511193,0.4119804269881456,0.043581692979360334,9.453061568380411,3.290622754529233e-21,1.6904730033385075e-19,225209_s_at
580.6623969344736,0.43412825098452196,0.04594976700482163,9.447887971640155,3.4573610582422825e-21,1.7743960259264153e-19,202484_s_at
279.31911882333264,0.5853483238085736,0.06195671356493397,9.447698080291122,3.463637454581928e-21,1.7758829540302309e-19,213902_at
508.83545744707243,0.4751457673159876,0.050296911078455527,9.446818047629854,3.492872253028142e-21,1.789126787384415e-19,217958_at
119.38395845354025,-0.9927546587029827,0.10512759810312479,-9.443330548931035,3.6111470643586756e-21,1.8479086934791222e-19,242133_s_at
314.90787864983656,0.7688656079572996,0.08149877818911454,9.434075271327123,3.944581953784478e-21,2.0107037827273468e-19,218543_s_at
316.41113083028466,-0.7173818018616532,0.07609858678609736,-9.427005574730508,4.2196311424998234e-21,2.1467424497864058e-19,204048_s_at
137.91045546369372,0.8144263854285343,0.08653805806591507,9.41119322100104,4.905361208273124e-21,2.4859821884241635e-19,214095_at
805.7809194341652,-1.1229016996526469,0.11942380583478865,-9.40266215603674,5.3199681033610036e-21,2.685740669587264e-19,222449_at
98.89830005313338,-1.0035360444394859,0.10677152987611219,-9.398910417448324,5.513100277562261e-21,2.7805707484357685e-19,229891_x_at
101.21827885289373,2.804773180309914,0.29851980574583686,9.395601652970154,5.68917347118323e-21,2.8638776111548227e-19,205625_s_at
249.52514569491842,-0.610861734910848,0.06505059397378725,-9.390563522863458,5.968009139293464e-21,2.998496675969682e-19,236259_at
153.77791356537512,0.6947546234222561,0.07399561823396487,9.389131951374864,6.049676593448212e-21,3.036625632207042e-19,205164_at
259.68791620270184,-0.62456751655598,0.06652111633075507,-9.38901135468799,6.056606587348994e-21,3.037203269003235e-19,224687_at
624.6892377207502,-0.6283756198422714,0.06692842365243208,-9.388770653041329,6.070461800689837e-21,3.041249280013858e-19,218137_s_at
1045.9145103143403,-1.063453760669209,0.11328229882018237,-9.387642833389819,6.13579978449235e-21,3.0710554464210566e-19,203560_at
496.04214430963935,0.5962114009374458,0.06353704297169453,9.383681912975637,6.370826658579313e-21,3.1826276066062473e-19,212737_at
187.50048639908036,-0.7489086466809165,0.07985484235469606,-9.37837486867038,6.699737237423716e-21,3.3405881477757682e-19,219757_s_at
463.6817159951105,0.4494470109206683,0.047951271286637995,9.372994685250614,7.050317740254374e-21,3.5120606494912637e-19,202297_s_at
219.86963611133967,0.5339579332808707,0.05697525440588271,9.371751628821851,7.133862714676424e-21,3.5501161882015423e-19,212658_at
163.08857199543374,-0.6947576456987296,0.07419050614260281,-9.364508773714581,7.640486649399357e-21,3.7845253098259547e-19,210655_s_at
772.7997410376572,-0.68526650312311,0.07320867439114796,-9.360455011953736,7.93940385078222e-21,3.9251874879963198e-19,204131_s_at
32.762830378166036,1.0721716457333599,0.11456458970758804,9.35866526009429,8.07502986100988e-21,3.9884879634916656e-19,217143_s_at
250.09225943831783,0.8045832337547513,0.08609178367246006,9.345644838952614,9.133122557952831e-21,4.502646556385114e-19,223220_s_at
1876.1941251105063,-0.47017858223546455,0.05031392534836328,-9.344899627290948,9.197667002613794e-21,4.530217353845973e-19,213037_x_at
191.0513765467587,0.9076331904520639,0.09717997661875141,9.339714023731624,9.659466171344406e-21,4.744332571671345e-19,208436_s_at
528.7296359309387,-0.49057727092941894,0.052555101861987724,-9.334531825619878,1.0143855552453408e-20,4.968314862102855e-19,221804_s_at
989.8530361372771,0.5121586506540364,0.0548812651157946,9.332121801008542,1.0377233375252522e-20,5.07788754937636e-19,201011_at
214.36835634224232,0.6605133515518465,0.07083049933796724,9.325267472705672,1.1070401449810789e-20,5.401985866233577e-19,226384_at
209.54067162587964,-1.0749997101161586,0.11528292525207691,-9.32488230816117,1.111068328500659e-20,5.416612702785124e-19,235501_at
1069.8083782578394,0.6955249817066539,0.07459363117215789,9.324187209782313,1.1183746220789218e-20,5.447178859011646e-19,208910_s_at
588.4111905227095,-0.7268000883782366,0.0779709487597432,-9.32142163125104,1.1479176153668318e-20,5.580727322663134e-19,227897_at
231.94268732463675,-1.5816121795381537,0.1700863203634759,-9.298879393464654,1.4193365162971602e-20,6.830751948487267e-19,222257_s_at
280.1203878044533,0.6624045354511728,0.07125164859900847,9.296690651735892,1.4488501178248457e-20,6.960042878625864e-19,1564520_s_at
74.27718837985223,1.1307117740923913,0.1217433390661784,9.287668489836214,1.577049066471176e-20,7.548291132907668e-19,203471_s_at
229.02731188161005,0.47632241720074464,0.05128519523285227,9.287717732926208,1.576319786356488e-20,7.548291132907668e-19,224950_at
218.16589749179548,-0.4715733031792134,0.050781859329272615,-9.28625515898313,1.598122999262386e-20,7.642198007573743e-19,226923_at
282.17010883908176,-0.5546400957009002,0.05975227127708125,-9.282326576824865,1.6581752736117285e-20,7.914963063523232e-19,203318_s_at
210.1324364196488,0.5053652502779923,0.05448537895175958,9.275245212581416,1.772109467966121e-20,8.41295763139038e-19,200857_s_at
2676.1328032191304,0.48495657746010373,0.05230231243780292,9.272182334897838,1.8237555867265646e-20,8.642529405304587e-19,200655_s_at
123.65065738504926,0.8176413112807812,0.08822308190659672,9.267884249911287,1.8987479910439974e-20,8.96557070272473e-19,218880_at
171.72766982452455,0.8394784638068962,0.09058970858392461,9.266819343272111,1.9177947506896317e-20,9.047377498002057e-19,202637_s_at
273.29259084641456,-0.7032851147107249,0.07598182724136116,-9.255964751633236,2.1230436732890373e-20,9.988758926233847e-19,201910_at
1591.7329579222046,-0.8286514768633474,0.08959014828145913,-9.24935936326426,2.2584218923889216e-20,1.0597241440411374e-18,220532_s_at
101.70900033032,0.8453167503128498,0.09144606135508543,9.243883637923796,2.3770906703206944e-20,1.1133177982050989e-18,205466_s_at
1119.8395250441397,0.48254639809268485,0.05220737008744551,9.242878874849213,2.3995255595215738e-20,1.1219276357215016e-18,222411_s_at
9074.2031016355,0.22335156539921056,0.024165142277514793,9.242716754332333,2.403165035065835e-20,1.1226305355808878e-18,200633_at
1275.2106085938294,-0.6034476170139306,0.0652960605050354,-9.241715539138763,2.425762751028177e-20,1.1321806005109665e-18,201019_s_at
137.7224036244441,-0.7896711035858406,0.08545768567387145,-9.240492500574248,2.453652310419881e-20,1.1441813977090189e-18,227931_at
407.90600656439227,0.32990077540008106,0.03570505323024232,9.239610238716962,2.4739675680337482e-20,1.1526320174684894e-18,50277_at
400.5260572415064,-0.7166686733098918,0.07760681853284603,-9.234609623980033,2.5922954314685385e-20,1.2034937641819574e-18,207983_s_at
293.40522981875876,0.5565124580944323,0.06026953248817074,9.233727807722094,2.613734303667679e-20,1.2123759275812109e-18,226556_at
605.3939039878736,-0.5609879730932585,0.060824915550965745,-9.22299633319181,2.8891170804722864e-20,1.3330523182365279e-18,209658_at
123.92539356179377,-1.7558894688023283,0.19058110998563402,-9.213344748252789,3.1611775911534484e-20,1.4496730115661285e-18,204364_s_at
504.3552995405479,-0.9669517162364302,0.10495240209470018,-9.213240449360413,3.1642517636339735e-20,1.449817673810112e-18,203789_s_at
156.05176861377393,-0.7111921471130922,0.0772326206146408,-9.208442513709981,3.30891033365164e-20,1.513459300911473e-18,1554943_at
580.5961632664544,0.3827169514555794,0.04156129534087436,9.208494305017199,3.307314442437154e-20,1.513459300911473e-18,217812_at
1326.5403568707306,0.787443095672607,0.08552345840211423,9.207334576791864,3.3432330944867246e-20,1.5265010603619055e-18,200887_s_at
377.3894695746859,-0.6571554611329065,0.07137584181356732,-9.20697317797508,3.354504809904011e-20,1.5303181057265225e-18,214182_at
182.2486454672933,-0.9859414766107459,0.10709160595944929,-9.206524337529096,3.368556069709401e-20,1.5340649539645396e-18,224176_s_at
416.0514579345867,0.40907223586413977,0.04446755442909023,9.199341882325978,3.6014871836034296e-20,1.6373058602689846e-18,201609_x_at
263.6273500399569,0.6872640733644964,0.07477768545603648,9.19076418550765,3.9006033226049e-20,1.765652945875779e-18,226568_at
1339.24574388422,-0.903393492793263,0.09830674883022325,-9.189536868454807,3.9453632347293265e-20,1.784377103596945e-18,218345_at
277.0452260597111,-0.7428806616662396,0.080885294786935,-9.184372309244935,4.139343347334657e-20,1.870499142526445e-18,213546_at
127.16081344799906,-1.723219191937108,0.18767312723177643,-9.182024178714363,4.230628134593279e-20,1.908467218758929e-18,227450_at
727.5611490439278,-0.6365462489654448,0.06932640540660692,-9.1818729852216,4.236573582399671e-20,1.909510189103193e-18,229429_x_at
544.1922515627228,0.4982052855011619,0.05426396420844136,9.181144296561742,4.2653441576522845e-20,1.9208303072944145e-18,216483_s_at
176.70044816668607,-0.8931700278076773,0.09731187871516309,-9.178427542458946,4.374321410816766e-20,1.9665362482811317e-18,230233_at
188.7582392892466,0.636715293842044,0.06945158764632862,9.167757216500467,4.829622816120098e-20,2.1656655074946727e-18,204252_at
699.746235481325,0.5004342792617996,0.05466358905961421,9.154800990400455,5.445809215738431e-20,2.4357366597780213e-18,225415_at
1269.7405842998978,-1.4664962795748713,0.1603486750818051,-9.145671324235819,5.926063660922532e-20,2.6370732399333e-18,222484_s_at
119.83409076978609,-1.0450871184277661,0.11429819193866342,-9.143514002291463,6.045526655281136e-20,2.6856856115101e-18,235079_at
841.3045292569506,0.528696585401561,0.0578428337591542,9.14022621372504,6.232182838597263e-20,2.759276637739179e-18,226077_at
78.5429179653721,1.0408588727785604,0.11396316944467264,9.133291727937431,6.644750582310849e-20,2.929599178714466e-18,204890_s_at
224.01684671174144,-0.6978802421703497,0.0764728412271184,-9.125857375923822,7.117065430410912e-20,3.1273432828579857e-18,221503_s_at
782.8525834108044,-0.2646854504104923,0.029016834054760295,-9.12178943819234,7.389398708642105e-20,3.23618716444981e-18,220856_x_at
177.43230309225177,0.6770081799364167,0.07426474559194697,9.116144875204814,7.784416713668666e-20,3.4006835907742562e-18,225508_at
1307.4305086803336,-0.4152181504235455,0.04556479121074872,-9.112697312779426,8.035876391747121e-20,3.498901805235114e-18,212782_x_at
158.33101464079138,-0.757376324914417,0.083130946635701225,-9.110642372850785,8.189561828120045e-20,3.5599192085609665e-18,227847_at
243.47984928030615,-0.6058475158405016,0.06651432500106533,-9.108526859902705,8.350812023205398e-20,3.624017960921028e-18,227536_at
1536.0437658863634,0.3874242942173655,0.04254944291799673,9.105273010601518,8.604974092885862e-20,3.725244081575147e-18,224573_at
418.5261573565447,0.34157196101632453,0.03752042549311452,9.103627065183666,8.736437619121632e-20,3.7766955594251316e-18,224333_s_at
576.1042102057822,0.6902026443145962,0.07583202080909325,9.101730864487681,8.890351441840019e-20,3.8359895703978686e-18,221505_at
366.3632262086642,0.4906286694341507,0.053960060473297114,9.092441059752797,9.68399584612505e-20,4.1750017858675625e-18,202224_at
82.11212415049539,0.9363159184182341,0.10298385586421928,9.091870862290639,9.734927725965652e-20,4.1900851081932756e-18,219257_s_at
278.54995699533526,1.42181550752054,0.15640574602489976,9.090558011175544,9.853204521171325e-20,4.230598941222531e-18,205067_at
166.06733795026378,0.543300045467189,0.05979042526914684,9.086739942415893,1.0205311376441517e-19,4.371067107396149e-18,217099_s_at
594.72398817864,-0.8414764110095246,0.09269800564600657,-9.077610733319757,1.1098428820241118e-19,4.730469004208854e-18,212406_s_at
225.3265172100398,-0.5770479843041734,0.0635703129171333,-9.077318607136334,1.1128248212893552e-19,4.739335142466837e-18,227153_at
193.83592557747363,0.5473115167126298,0.060301030521328736,9.076321117249288,1.1230667106914333e-19,4.77908080272693e-18,203281_s_at
523.0290942620982,0.5941875079896543,0.065481218732736,9.074166906007848,1.1455043270902275e-19,4.870617670380244e-18,203964_at
4355.966936496458,0.39967720016094055,0.044061787085345985,9.0708349932966,1.1810839403164827e-19,5.013787188965463e-18,211787_s_at
322.92934149174516,-0.6951060373081864,0.07664527042209068,-9.069131513010399,1.1996941533755843e-19,5.088678493664283e-18,219571_s_at
1140.9831292933268,0.8775378297682557,0.09678972967259786,9.066435382520709,1.2297428498282317e-19,5.203535082920522e-18,201422_at
901.7846150884696,-0.6552397055957454,0.07231945006836503,-9.060352435981388,1.3002973276727298e-19,5.488821346065273e-18,223092_at
177.1310775184487,-0.7878733627430099,0.08700366223114277,-9.055634470303854,1.3577611509398644e-19,5.726788083988253e-18,204294_at
126.18202821092719,0.901920220907651,0.09963278632466077,9.052444021475798,1.3980352286885264e-19,5.891928100120033e-18,238567_at
191.66051206419328,0.510084169351005,0.056369038343797535,9.04901315221978,1.4426620377873295e-19,6.0702690739692e-18,203971_at
100.9031425131341,1.4236501089916729,0.1573557456468561,9.047334770899845,1.4650033764871456e-19,6.154419460264225e-18,205488_at
217.39905085889023,0.6132015183628271,0.06783365334136185,9.039783177783304,1.5698288123435442e-19,6.573767601904591e-18,225644_at
119.0476554576311,0.9782568892200695,0.10824371546711159,9.03753982389213,1.6023734785769635e-19,6.699374366995524e-18,205270_s_at
267.25352357030573,-0.5347303237759694,0.05916869582932492,-9.037385669584909,1.604634140962968e-19,6.703493055975184e-18,201321_s_at
133.79892762523156,0.7401903831292973,0.08197464623772911,9.029503841745427,1.7245190034470725e-19,7.187182530305903e-18,212577_at
267.7187432104449,-0.4969598612343971,0.05511533154068501,-9.016726332627638,1.9379377083112615e-19,8.044737624217224e-18,218142_s_at
604.7163890066463,0.47553718427921765,0.05274660162379366,9.015503741281899,1.9596773607625925e-19,8.122151736397261e-18,202296_s_at
386.7575503202706,0.4783681000545415,0.053084368794139455,9.011468176435274,2.0331609112164053e-19,8.420073958082502e-18,223264_at
1976.9285838784492,0.38657857577091287,0.04290113808874759,9.010916562894339,2.0434144704191953e-19,8.455874336882708e-18,207585_s_at
343.84037261339614,1.0117055251114726,0.11236204511349059,9.003979271555673,2.176812652821247e-19,8.972565659322966e-18,202269_x_at
3939.8847003036676,0.375199170677067,0.04168421319292004,9.0009896298293,2.236920814723805e-19,9.21309847155132e-18,201530_x_at
262.55487590683236,0.8370806806200465,0.0930359287102193,8.997391569307776,2.3114393426926e-19,9.50511605757957e-18,209205_s_at
121.02790552202359,-1.1808740489498661,0.13125960600351827,-8.99647717149337,2.3307648261246776e-19,9.577092624875396e-18,1559410_at
484.1435066710706,0.7180725085367938,0.07984449648985309,8.993387648553197,2.3972493605235215e-19,9.834897961979169e-18,209135_at
166.0059500744941,-0.9208612620025206,0.10239627352489135,-8.99311303334364,2.4032487962463935e-19,9.851820377373865e-18,232392_at
237.63589754631596,-1.0555503462925167,0.11739739776265534,-8.991258464063606,2.444155218100657e-19,9.996119325452289e-18,209426_s_at
112.5236649649273,1.913723194732989,0.21292515075161866,8.987774285835235,2.5228750934819233e-19,1.0310044919350621e-17,205242_at
716.5823278557081,-0.8547645878902935,0.09511866416652939,-8.986297225472079,2.556998402516065e-19,1.0433268171260037e-17,212599_at
226.70121231292475,0.4264696566101998,0.04747370731217831,8.983281078214818,2.628100572529765e-19,1.070675949525033e-17,225695_at
991.0022359820462,-0.5876631770435706,0.06550018244428567,-8.971931910929191,2.913585075802544e-19,1.179665254805292e-17,224891_at
397.230165971454,-0.5307091845178442,0.059166958248329765,-8.969688492188554,2.9735419278079e-19,1.2030140298230669e-17,202423_at
1187.1069796702857,0.505214825362376,0.05633319287253735,8.968332870915084,3.010360965796674e-19,1.2169731553575262e-17,201096_s_at
27.455929671075133,1.35470852024641,0.15113503212514143,8.963563914980988,3.1435025027237966e-19,1.268845088541831e-17,220051_at
3651.7134113348443,-0.8852704200991518,0.09876586211583156,-8.963323977883329,3.1503527409626864e-19,1.2706342129589641e-17,201506_at
253.40284790951648,1.3398965588561504,0.14955936542244744,8.95896124640179,3.27751300276252e-19,1.3188852859661676e-17,229450_at
208.00654564166354,1.246175085976034,0.1391134649043667,8.95797604374756,3.306923170867448e-19,1.329701915239234e-17,213664_at
204.74171940246902,-0.6724710684346603,0.07508169526238612,-8.956524837173596,3.3507199365018937e-19,1.3462823818266095e-17,1554021_a_at
268.8843962654441,0.9501819251147934,0.10608947602825008,8.95642019064901,3.353900182219948e-19,1.3465307118134999e-17,AFFX-HUMISGF3A/M97935_MA_at
184.73447439129228,-1.652277972690194,0.18460720576071174,-8.950235533232004,3.5472465609182176e-19,1.4204275238623197e-17,219962_at
1881.1950875949865,-0.4352943257350146,0.04864460799873822,-8.948459935093025,3.60476241979549e-19,1.440643986387317e-17,207320_x_at
398.2517905913385,-0.7883904532718575,0.08810781706741914,-8.948019364372513,3.6191756325562462e-19,1.44420771597085e-17,209048_s_at
311.6906177036622,-0.6081221847129061,0.06797662530063879,-8.946048469210952,3.684353378488344e-19,1.4668750564627002e-17,215596_s_at
582.0327012908438,-0.5080299669012368,0.05682206863480945,-8.940715801219799,3.8665759145288537e-19,1.5370955416955323e-17,234926_s_at
255.85242552152147,-0.5960828351427052,0.06667763912073277,-8.93977115871457,3.8997710347531043e-19,1.54911993167358e-17,212198_s_at
261.6085016024038,1.126977001938266,0.12606557830307027,8.939609186807015,3.9054910011979795e-19,1.5502203480132826e-17,1555759_a_at
44.73559131148103,1.504525436569086,0.16833106078935242,8.937895534632387,3.966517919651318e-19,1.5732557188630592e-17,209598_at
80.58177332216678,1.3193695249007806,0.14764049635021448,8.936366088685695,4.0217798954136914e-19,1.593971497915318e-17,213537_at
106.4296703751549,1.0423919928210288,0.11666282651284447,8.935082613537247,4.0687408895628743e-19,1.6101551860699345e-17,242907_at
601.5797643748634,0.6036230207652725,0.06759872576040299,8.929502945140634,4.279271237247681e-19,1.690923463175298e-17,218644_at
394.38155474097255,-0.5730967599514346,0.064209140096817,-8.925470097984451,4.438102685502329e-19,1.7497377984537838e-17,201916_s_at
43.88788455413823,-2.0864813301528238,0.2337911302505167,-8.924552988460572,4.475027517210655e-19,1.762972984553889e-17,206552_s_at
485.59001061128913,0.4362502087214924,0.048935033504195445,8.914885256675884,4.883216576968643e-19,1.916598685481778e-17,222443_s_at
304.0365055728192,0.4999268992308944,0.056095690201428336,8.912037581421274,5.010314475997192e-19,1.962086937194906e-17,225390_s_at
1501.1321026974406,-0.4501448847281385,0.050522067531615464,-8.909866652754243,5.109397886665635e-19,1.9993990806837365e-17,208948_s_at
423.03681491317553,1.1345541224360358,0.12737191384521993,8.907412067425836,5.223760623695662e-19,2.0411116417673e-17,213059_at
167.70702388513527,0.63117076502581,0.0708762478526294,8.905250830125519,5.326546874986713e-19,2.0797276706393145e-17,211783_s_at
289.6861819124147,0.43384095272969325,0.048722736989891435,8.904281235672428,5.373306590205782e-19,2.0948720663328985e-17,225783_at
121.89743163536554,0.7963664591683364,0.08948542219573892,8.89939880292879,5.6149997222563595e-19,2.185857002988598e-17,1554930_a_at
144.69711440776177,-1.9623738877108134,0.22051766099695477,-8.89894205679024,5.638151727263328e-19,2.1932451952227753e-17,202410_x_at
391.9220556596241,0.5126012190178169,0.057614794861793064,8.897041467342715,5.735507551216265e-19,2.227818653707462e-17,201020_at
156.90149117678342,0.6578951979381448,0.07401967947966757,8.888111952968693,6.2156037703591e-19,2.4071837918014156e-17,211711_s_at
177.75795116962024,0.9129577394592122,0.1027736396719317,8.883189720374846,6.49700201892936e-19,2.5106135595795117e-17,209723_at
107.02366996805637,1.4767787992021062,0.16624705855811156,8.88303716174262,6.505921760758289e-19,2.5122131683680468e-17,205681_at
738.0333363900602,0.6685306110055126,0.07527334829446537,8.881372041406422,6.60406740249805e-19,2.5482390475101508e-17,204820_s_at
208.01922953676998,0.7020688543415993,0.07907673960339029,8.87832323212652,6.787575657780545e-19,2.6171258335950016e-17,224701_at
236.0314194419334,0.6677628059901359,0.07522251994154286,8.87716612670075,6.85853279707543e-19,2.6413872678484457e-17,201482_at
272.7148327476607,-0.6119936049782455,0.06894045379521307,-8.877133399733143,6.860550330351883e-19,2.6413872678484457e-17,215537_x_at
134.16303413207314,0.8098307297169594,0.09126767302863416,8.873138788833637,7.111261849237489e-19,2.7339082313447477e-17,204821_at
168.56830900233155,0.7286001900177784,0.08219993089869386,8.863756721593008,7.73624676802537e-19,2.961185088469084e-17,213947_s_at
203.7014622526159,0.6004577644468336,0.06781865006981214,8.853873732796595,8.453301427044027e-19,3.228595953465638e-17,212174_at
197.9425908437967,0.5539271876960543,0.06258858294671828,8.850291245091986,8.72911964981941e-19,3.3266871216577904e-17,221559_s_at
85.23106028836469,2.542810335016573,0.28756239232072933,8.842638686148081,9.34841532627707e-19,3.5498310625517714e-17,205626_s_at
537.404114514381,0.4715434612478121,0.053330517342700626,8.841906749519888,9.409874455391395e-19,3.565824776724307e-17,224739_at
824.3849412568665,0.7497182889066619,0.08483581024133162,8.837285655361168,9.807215531516756e-19,3.710643664818802e-17,AFFX-HUMISGF3A/M97935_3_at
975.7582813458686,0.34766231895822475,0.03934307899822977,8.83668304084354,9.860237314855023e-19,3.728020948524395e-17,208652_at
239.24066232397874,0.4279261981835584,0.04848001933651882,8.826857002947028,1.0765830418992592e-18,4.0500175507497256e-17,208686_s_at
772.4013644452892,1.3542899367972414,0.15342759824927546,8.826899151461083,1.076177570044621e-18,4.0500175507497256e-17,228969_at
479.55724913426207,0.5910199337589587,0.06698785012910229,8.822792978426923,1.1163962576722266e-18,4.1937876287138096e-17,222474_s_at
211.73453406515665,0.8441111570269898,0.09568086046572338,8.822152653292488,1.1228004263328586e-18,4.2148324003926466e-17,225973_at
418.13167860909215,0.8937975756397555,0.101354644863527,8.818516179926878,1.1598644720847657e-18,4.341561073072847e-17,226560_at
384.1669481216564,0.5810007875340213,0.06589645534400779,8.816874663454168,1.1769886804575654e-18,4.3993928245211163e-17,217786_at
342.34613710031647,0.4672865179522834,0.05302402523346278,8.812731887004777,1.221324059506466e-18,4.55539138561411e-17,202670_at
718.5397106717282,-0.6841606431141072,0.07768991743112841,-8.80629901197425,1.2934571395021552e-18,4.814188846274523e-17,202378_s_at
457.95856925558013,0.590308655180682,0.06704901688930823,8.804135878013355,1.318645605553143e-18,4.904465757554131e-17,204224_s_at
177.25079053586165,-1.2878387535943745,0.14629682001749236,-8.802916929024095,1.3330523360354524e-18,4.951041163816761e-17,228915_at
170.41227867336596,0.6616470684671019,0.07517123599030516,8.80186496537631,1.3456103523584374e-18,4.994152998435404e-17,229711_s_at
264.11877693193026,-1.101139878610681,0.12511599455712344,-8.80095212853014,1.3566021426358288e-18,5.0308041520509316e-17,231941_s_at
212.22745151841582,0.5736176170935225,0.06520197906481404,8.79754917444021,1.3983653225371498e-18,5.175330363423759e-17,217775_s_at
270.4992525675363,0.5729377860002061,0.0651316525445958,8.796610612757203,1.4101056428489522e-18,5.215108511913008e-17,225320_at
617.2850056463296,-2.303015626874406,0.2618130490213903,-8.796412690210289,1.4125938248569681e-18,5.2206368404734954e-17,207814_at
3251.6390343416915,-0.48728452088321395,0.05541126194430242,-8.793961800996634,1.4437667829830254e-18,5.3283510893883366e-17,217835_x_at
299.5344387967025,-0.8228209812523589,0.09359024532035617,-8.791738694944875,1.4726295848961404e-18,5.404509441664229e-17,228993_s_at
276.82152685627784,1.361556741239646,0.15503305959759558,8.782363869833365,1.6007425210915629e-18,5.842043225933749e-17,39402_at
212.2493777957706,0.8133179551168803,0.09263091502727991,8.780199945961424,1.6318429739058664e-18,5.944422176387541e-17,203988_s_at
51.03342131764435,1.3333153386318954,0.15185519217215587,8.780176163619988,1.6321880733202462e-18,5.944422176387541e-17,206513_at
87.76622564021753,-1.874094921776206,0.21353784189871472,-8.77640658495147,1.6878084078371373e-18,6.129998829680229e-17,210881_s_at
492.8244709664297,0.5281231573507236,0.06019000247493438,8.774267081491747,1.720205229575236e-18,6.23903834610745e-17,214259_s_at
192.27823238074004,0.6380372402331455,0.07273431359281851,8.772162803446633,1.752667436894329e-18,6.352392033003072e-17,218156_s_at
364.5602333292938,-1.1989063195576202,0.1367056904856546,-8.769981083438726,1.7869630491123246e-18,6.467772457510269e-17,243669_s_at
2216.3303820887277,0.3952424173569516,0.045083900487867846,8.766819487220543,1.837840874424171e-18,6.647342691981272e-17,204031_s_at
1188.7502450050079,-0.9070075981757295,0.10347354882972541,-8.765598633021549,1.8578679505756315e-18,6.710542424367817e-17,223423_at
181.03075104922226,1.0394036949973453,0.11866039641210259,8.759482745932685,1.9614836216758885e-18,7.06537424630258e-17,209457_at
1154.2483360949682,-0.9828139361221654,0.112258442417711,-8.754922257562937,2.042442212460969e-18,7.341895214341571e-17,208767_s_at
154.95873160222789,0.8594647566773075,0.09836743793299489,8.737289236533236,2.3877059649070818e-18,8.524694244546656e-17,204781_s_at
277.9166713828268,0.5249364813538532,0.060089864783743674,8.735857257177022,2.4181517742599303e-18,8.62753213472209e-17,225080_at
88.77677791862078,-1.198751854502443,0.13740375645467753,-8.724301907261538,2.6782768340767787e-18,9.523285570911435e-17,244353_s_at
443.9562502045165,-0.6235701209191653,0.0714780987939145,-8.723932665263543,2.68702922145979e-18,9.54794683601067e-17,204004_at
170.96176576037976,-0.7687353255303503,0.0881432795494875,-8.721428672264782,2.7471326910222196e-18,9.74833298068749e-17,205010_at
109.90807509293856,1.4758647819133366,0.16924686634751546,8.720189707282,2.7773605807498e-18,9.848947905581982e-17,226545_at
255.15970090178698,0.4542875065494242,0.05211199149019151,8.71752342519725,2.843529949984698e-18,1.0056451749091239e-16,222991_s_at
356.6402292433294,0.5627727400683179,0.06457778690299212,8.714648907273757,2.9166112181909646e-18,1.0294129345923972e-16,220495_s_at
189.97792427214233,0.7782910072561694,0.08935728859265027,8.709877162949018,3.042042707996536e-18,1.0708071833626923e-16,205770_at
310.0914297219117,0.3622096148831445,0.041618332449475284,8.703126568630964,3.228634915978368e-18,1.1319391552656915e-16,220980_s_at
63.31353904814602,0.9137760486428604,0.10503702173143271,8.699561674352097,3.3316854532414634e-18,1.164184822537579e-16,1555742_at
103.95035310438901,1.7437668502587655,0.20047420234269858,8.698210691857005,3.3715811189201157e-18,1.1757801866206222e-16,205220_at
87.91388697802411,-1.142750217728301,0.13141199179605,-8.695935600016147,3.4398351289119065e-18,1.197992679687451e-16,229376_at
599.0862648095516,1.184675708905355,0.13627726022064818,8.693128310528346,3.525937872661312e-18,1.2271664831777656e-16,205081_at
256.7516084728349,-0.5664381860078483,0.06518002167413682,-8.690365106653667,3.612765464079704e-18,1.2557227261854812e-16,214909_s_at
102.47766346439715,-1.030167003311302,0.11858346473922805,-8.687273605782217,3.712412646988244e-18,1.2886534626804503e-16,229441_at
561.0617098860653,0.39404178390294503,0.04535939513464871,8.68710402185121,3.717956603183076e-18,1.2888752725836632e-16,201173_x_at
343.9263068629634,-0.4844350568987738,0.05577242163743378,-8.685924739793382,3.756735818650772e-18,1.3006027286783444e-16,233842_x_at
383.3235025842459,-0.7067566937331412,0.081372084757002,-8.685493260295576,3.771024035465491e-18,1.304689908886461e-16,223433_at
206.97571757175095,0.5418390164084569,0.06244675716168453,8.676815915445376,4.070030953397517e-18,1.4033354802595956e-16,220079_s_at
442.3524391925111,0.6512020953972095,0.07508119836824995,8.673304496330301,4.197575277558483e-18,1.4418259551425395e-16,217911_s_at
2104.1202736828895,-0.5378622420467567,0.06202578126390824,-8.671591571869966,4.261217305087856e-18,1.4617755499450863e-16,224376_s_at
200.9015707473641,-1.0244483081646403,0.11814703281509988,-8.670960952256008,4.284886469358719e-18,1.46893622642321e-16,209424_s_at
213.10396290238612,-0.7696492041887957,0.08876874832208431,-8.670272125458354,4.310888659847711e-18,1.475924707684929e-16,217591_at
942.8543255942736,0.6373020133911059,0.07357955914682203,8.661400269053278,4.660041191521833e-18,1.5913177698456036e-16,214096_s_at
1218.6056388653415,-0.5946840651094952,0.06870396729838439,-8.65574563586344,4.896996446500764e-18,1.6689802285953383e-16,202673_at
249.99788465362107,0.40852843616347023,0.04720246601798876,8.654811297523754,4.937278404787932e-18,1.6816184658796174e-16,224864_at
172.34612051612726,-1.2543991121930804,0.1450106071299846,-8.65039556084792,5.132122935115117e-18,1.7445898365591193e-16,228656_at
388.3495047338669,-0.4171099973840232,0.04822605950555585,-8.649058240720878,5.192615822799281e-18,1.7628729454224378e-16,78047_s_at
220.90871830631002,-0.5984104660276004,0.06922365723911891,-8.644594780083843,5.399657807516686e-18,1.8284382501045872e-16,225445_at
316.3152324346182,0.4695754034330305,0.05434173262854573,8.641156266452247,5.564694407445392e-18,1.8818980044329801e-16,212145_at
2210.6653578063433,-0.46152377505743447,0.05343974575518953,-8.636339273987206,5.804296535762838e-18,1.957888319258538e-16,224597_at
389.49348691894136,0.3842954687426251,0.04455758224939303,8.62469302287738,6.426480260999573e-18,2.1635954108684916e-16,203391_at
771.8305537242413,0.5177400999208234,0.06005997501959155,8.620384869489817,6.67294463814776e-18,2.243697584857437e-16,213041_s_at
570.1542012141333,-0.4211408911753962,0.04886172666592574,-8.619034158469136,6.7521212520632785e-18,2.2667172275375326e-16,213052_at
81.17712576163566,0.8049637440827523,0.09339413828650933,8.618996425807039,6.754346345328189e-18,2.2667172275375326e-16,823_at
575.6528687824687,1.0230191036402272,0.11872534454987552,8.616686753100687,6.891934605741028e-18,2.310600588103738e-16,231577_s_at
573.3445219441132,-0.6866372810194573,0.07975931726597993,-8.60886608055673,7.378678723876099e-18,2.465219845229399e-16,203335_at
206.79712456408845,0.5358990181161206,0.06225999328196132,8.607437776119829,7.471168189839104e-18,2.4929509399924077e-16,219375_at
336.6572368668818,0.4674981245064067,0.054356611095151046,8.600575258234054,7.931751594820267e-18,2.6416050273395706e-16,200622_x_at
421.1332821243871,0.8013411735406527,0.09319134728995888,8.598879583179876,8.04980937061216e-18,2.679225343021859e-16,202856_s_at
332.97931132651064,-0.4742086951760548,0.05519306835782897,-8.59181613353427,8.560530124057294e-18,2.843805942728869e-16,217737_x_at
264.9561644161375,1.10699803020737,0.1288799527347574,8.589373340985293,8.744494351681009e-18,2.897592409572785e-16,228617_at
481.23440769954044,0.5459798491248316,0.06361939281164307,8.581972021350557,9.326032691444334e-18,3.0805802769714993e-16,201089_at
642.0455902201711,0.8595240878661405,0.10027988449368855,8.571251275426405,1.0236661012399988e-17,3.3680525362087595e-16,204279_at
201.10355175758625,0.5213368630492483,0.060825414699653364,8.571036722454426,1.0255753350719313e-17,3.3707370956454207e-16,212031_at
247.36037448485948,-0.7187387999094851,0.0838622230387955,-8.570471588583926,1.0306211045159679e-17,3.383089414536676e-16,220349_s_at
185.06678007815506,0.8944331475431249,0.10436884315235198,8.569924898348061,1.0355255117231985e-17,3.3970666506305223e-16,202780_at
522.5032825046303,0.42812539506138286,0.04996392305024899,8.568690545592563,1.0466838735648155e-17,3.4272538499268104e-16,203024_s_at
271.42681510842397,0.5761941401948227,0.0673764449260168,8.551863204232829,1.2111727209307452e-17,3.9437404693800735e-16,202595_s_at
409.13366297251514,0.30816379443141123,0.0360366455037465,8.55140066794989,1.2160370130999292e-17,3.957127503805181e-16,45572_s_at
305.36347002085535,0.5328470742866461,0.06240995105173624,8.53785438551185,1.3673708315433018e-17,4.4331157730368093e-16,201543_s_at
1224.9713244258896,-1.3135417405434069,0.1538671863073823,-8.53685423167048,1.3792537596687207e-17,4.468884222295311e-16,206418_at
283.5807744956421,-0.5888357870339563,0.06897771333707711,-8.536609269090448,1.382179685939491e-17,4.475605127225139e-16,202262_x_at
193.93955924048788,-1.2997195727560031,0.152307748174005,-8.533509216294958,1.4197413892323787e-17,4.590990881019828e-16,201116_s_at
186.80502973828095,0.5500338854987286,0.06445959884465285,8.533001994385756,1.4259822848756338e-17,4.606089305430489e-16,204479_at
253.79540158744416,1.3467221851056757,0.15785638937772806,8.53131248227881,1.4469660697549458e-17,4.668131051559326e-16,228708_at
671.3016881937011,-0.7076538853409355,0.08295729725911648,-8.530339207298233,1.4591921896541362e-17,4.704686278225979e-16,205361_s_at
1254.341785656218,-0.6018650459687784,0.070562219320621275,-8.529565137882333,1.4689886512779755e-17,4.733367846674599e-16,204616_at
249.44545531863355,-0.7828145583384152,0.09178040328089034,-8.529212450098328,1.4734736890736748e-17,4.744910309778058e-16,222266_at
118.49506234496376,-1.121890709966334,0.13158181526530488,-8.526183558908166,1.512551805375398e-17,4.855873401325515e-16,231250_at
261.3004190478088,0.6420123352858407,0.0754139183172784,8.513180983181279,1.692256320861562e-17,5.412954271853836e-16,229582_at
670.28218619536506,1.0789612114774276,0.1267956262090296,8.50945134100052,1.747583126861893e-17,5.57973776726002e-16,205483_s_at
108.78148395915606,-0.8280793006197797,0.09732416890846642,-8.508465162426305,1.7625083860617565e-17,5.623974846453525e-16,242438_at
215.7902730763461,0.9672429247251035,0.11381829951176564,8.498131924955684,1.9266607465256637e-17,6.140311029285005e-16,AFFX-HUMISGF3A/M97935_MB_at
77.53083737457729,1.282747326758479,0.15103453550066875,8.493072941935186,2.0124390630047926e-17,6.402041314597692e-16,219434_at
200.66730744355607,0.49299475072629473,0.05808810433596829,8.487017374072426,2.1200808142603093e-17,6.73224937236473e-16,209054_s_at
542.541430431618,0.37305248223355486,0.0439759504734816,8.483102200565583,2.19267903561008e-17,6.945994818411823e-16,207922_s_at
488.23411474763606,-0.5812040631200195,0.06854501096312403,-8.479159240819097,2.2682705225655794e-17,7.176802470976006e-16,213812_s_at
2231.2536428459002,-1.1626337126773123,0.13714260458763444,-8.477553100097253,2.2997940889364104e-17,7.272164774366072e-16,208937_s_at
395.0685957745195,0.8472757442670861,0.0999960272172523,8.473094060289885,2.3895947616721708e-17,7.533459094476261e-16,204679_at
358.4638857158152,0.649043749011607,0.07670130775071306,8.461964574594534,2.6291039225011878e-17,8.258812166355495e-16,221479_s_at
222.06271685676177,-0.6060604737522921,0.07167307693147999,-8.455901430486799,2.769394807875518e-17,8.678758183249253e-16,201917_s_at
509.84130645959294,-0.839815811558786,0.09941032367568614,-8.447973817071365,2.964018303461747e-17,9.244564358147362e-16,221922_at
46.90596870819828,1.295220616632116,0.15338412602131013,8.444293749485961,3.058891202731262e-17,9.52351707750822e-16,206569_at
860.2605037543698,-0.7060593875540655,0.08362803975561316,-8.442854688659308,3.0967998480339884e-17,9.630131314412913e-16,218322_s_at
233.58573405075012,-0.7416945267488677,0.08784980853064783,-8.442756326442254,3.0994078237058134e-17,9.632541618393573e-16,202909_at
115.23494181787903,0.8302314368101836,0.09838183993834217,8.438868772229773,3.204235879037137e-17,9.923123888445356e-16,204149_s_at
625.8659520996382,0.7861050903415051,0.0931665520703252,8.437632099426915,3.2383103701390925e-17,1.0022742237472901e-15,204017_at
160.27351500567556,0.776749121737189,0.0920879716868773,8.43485970543835,3.3160034693547986e-17,1.0245105604260557e-15,203761_at
2719.266954981349,0.8819146109525736,0.10458366993941369,8.432622525710515,3.3800360017571043e-17,1.041844058864181e-15,209619_at
530.4747677346267,-0.9671477517814537,0.11469669205684346,-8.432220096654026,3.3916830719389915e-17,1.0443002484797167e-15,226279_at
3384.9583818515357,0.4004777874729719,0.04753958211923876,8.424091454327337,3.635602280415393e-17,1.1186501302397574e-15,213911_s_at
650.4967621100058,0.9200616068613771,0.10922648199702824,8.423429831663071,3.656200918061567e-17,1.1243299183604892e-15,218677_at
531.2432424693421,0.6009683715851009,0.0713580186574821,8.421875815663325,3.705036760512808e-17,1.1373510625700357e-15,202659_at
63.29875843925434,-1.076497412450416,0.12783532802039582,-8.420969610831394,3.7338111992281135e-17,1.1448466380643774e-15,211419_s_at
76.8378671614138,1.4328942770814137,0.1701926201116197,8.419250353755993,3.789009382696976e-17,1.1604172441623361e-15,229963_at
211.92603509786508,0.46577222079286806,0.05532287322957185,8.419161796967153,3.791874268615742e-17,1.1606182895330908e-15,226005_at
395.5065893012673,-0.7125192166168963,0.08466423473467541,-8.415823031411328,3.9014591637124945e-17,1.192077237731084e-15,228477_at
622.0067692457452,0.4570331223721941,0.05431227405592929,8.414914129751848,3.931828246638681e-17,1.2006583479015063e-15,201894_s_at
280.4828545620134,0.45976326737672574,0.05464623653711616,8.413447961131794,3.981309444915106e-17,1.2150623494080633e-15,223160_s_at
160.888334132677,0.5867464328900698,0.06984596088217528,8.400577864192684,4.442868295745647e-17,1.3504366709925778e-15,225373_at
657.1783312072356,-0.6688889589517996,0.07964103232616723,-8.398798200058316,4.510712200396076e-17,1.3686834236698345e-15,213229_at
2592.655300162192,0.5270930789150057,0.06278170103934133,8.395648257200131,4.633307575969341e-17,1.4042609362600504e-15,200839_s_at
70.22616406712282,-1.1641014366241542,0.13869411176671242,-8.393301069494623,4.7267912328521437e-17,1.4292968150248075e-15,238127_at
240.58566765465417,-0.41393421732915775,0.04933059228393966,-8.391024679910856,4.819231440622344e-17,1.4564110933321831e-15,226639_at
107.77342192338716,-1.2269349226781605,0.14629101883136472,-8.38694632438438,4.9893266405414115e-17,1.5060831261746889e-15,203697_at
327.9968558464083,1.1851026343450792,0.14134275651180409,8.384601118530659,5.089805147416201e-17,1.5346507155324786e-15,201641_at
118.10301140432713,1.0457597767027962,0.12477197566259263,8.381367459714923,5.231629150047135e-17,1.5756048043070324e-15,229391_s_at
425.25847213429466,-0.5481230116216154,0.06540247925476617,-8.380768097283884,5.2583413104388615e-17,1.5827426645406868e-15,212420_at
1300.4281849597423,0.3305115217884567,0.039483722700589224,8.370829779521383,5.721390665841215e-17,1.7142643389544994e-15,203478_at
205.61274973704138,-1.251862766353984,0.1495538169373175,-8.370650726211002,5.730091661267403e-17,1.7158930892663653e-15,205174_s_at
215.138947486987,0.630638841401859,0.07535832035808429,8.368536326250606,5.83383202334837e-17,1.7439772932596714e-15,202814_s_at
345.9963553271698,0.46943621753298864,0.05615594353596489,8.359510818874226,6.297885050027939e-17,1.8741735612636936e-15,202425_x_at
302.0501076738481,-0.5283325546609137,0.063252452274971,-8.3527600220802,6.668604980874811e-17,1.981129825691887e-15,214004_s_at
119.61650492088476,0.9602572349681529,0.1149677966995916,8.352401824984822,6.688865612118416e-17,1.9860262337811933e-15,235244_at
201.1055759798517,0.6700990793465539,0.0802365796854769,8.351540930250348,6.737808857219647e-17,1.9994286091604817e-15,202338_at
1697.7837337273934,0.39725405720514806,0.04757420738132453,8.350198123554907,6.814855534536006e-17,2.018872140710289e-15,200027_at
109.69869092305646,0.7720109622729335,0.0925590229100172,8.340742350137564,7.382559286092547e-17,2.17967989169274e-15,238762_at
287.6780478740607,-0.8765044188944097,0.10513935707276174,-8.336596715993084,7.645928072706711e-17,2.2536405156086847e-15,40837_at
157.88296889576716,-0.88832092079309,0.10660956674807462,-8.33246910094148,7.91735262243172e-17,2.3297231227283127e-15,232369_at
132.43428964711097,-1.0561518360112092,0.12679805299676858,-8.329401051908306,8.125237467807972e-17,2.3895564067329613e-15,228649_at
274.95083726128667,0.41695212804962545,0.050067660968104284,8.327773256978107,8.237709779934897e-17,2.4199250965606406e-15,202461_at
372.32146969420285,-0.5935562750259704,0.07131292889663408,-8.3232631755500055,8.557415692474816e-17,2.5096340641870617e-15,229949_at
135.141043801327,-0.8857643552691808,0.10645246895904181,-8.320749757433843,8.740861813554107e-17,2.5591490348162817e-15,236907_at
241.98396435824634,-0.9149709446201619,0.10996929440476816,-8.32024020498298,8.778522438382323e-17,2.56731479258066e-15,212148_at
883.7162278540977,0.3143535596251231,0.03778659187002414,8.319182653635874,8.857196652952891e-17,2.5888827191283997e-15,201176_s_at
250.99010734902984,0.8764286413147366,0.10535278906330692,8.318988506209239,8.87171517787612e-17,2.5916849330633775e-15,227180_at
90.1989882530915,0.9634999671645003,0.11586484791837562,8.31572288295123,9.119468425828203e-17,2.6625807980609742e-15,205758_at
712.1538780901301,-0.5824811207842049,0.07004732359928134,-8.315537137669896,9.133763644074989e-17,2.6652738176053134e-15,218098_at
69.07506304508546,-1.5202512219745106,0.18284201551522483,-8.314561714333776,9.209197088737295e-17,2.68430473544925e-15,204042_at
328.99526766345497,-0.556740079912528,0.06701146893764215,-8.30813126079366,9.722095282867509e-17,2.8306647949906876e-15,212608_s_at
331.0243002782984,0.41042443875855145,0.049402149352149934,8.307825552952185,9.747167929820201e-17,2.8363934849599713e-15,215499_at
116.70827520707785,0.7437189679599324,0.08953853420243586,8.30613293577571,9.887146203049894e-17,2.873944035149802e-15,204769_s_at
340.25830105482567,0.308698752190052,0.0371750309251833,8.303927246525348,1.0072533409382095e-16,2.9229813406773418e-15,201356_at
148.80421422213288,0.7094448663655515,0.08562603648190335,8.285387196632524,1.17725446269155e-16,3.3938250703396443e-15,209933_s_at
170.25286838651112,0.7557962749071612,0.09122830634554996,8.28466848923397,1.1843852913694601e-16,3.412510120758257e-15,218823_s_at
275.59945747281205,0.6002802521903923,0.07246939035466311,8.283224810539153,1.1988380378441526e-16,3.450368797418488e-15,224715_at
153.28117937994048,1.1794556839680648,0.14246774062300377,8.278756150763453,1.2446851964967617e-16,3.572538821228335e-15,1554899_s_at
346.18147131703586,0.3987397212817287,0.04817837159190678,8.276322094470931,1.2703807756886533e-16,3.644300834363618e-15,202845_s_at
233.39561505143672,-0.9134617623060092,0.11037581078814854,-8.2759234635139,1.2746385529132848e-16,3.652527508713455e-15,202925_s_at
2843.2561182350332,-0.4621042997551299,0.05591517830842504,-8.264380329902341,1.4042224911698533e-16,4.012915106087029e-15,223880_x_at
240.65892790221804,0.49395397461684326,0.05977676129269856,8.263311091716462,1.4168635075310648e-16,4.0446412153605425e-15,223221_at
558.1831343444611,-0.5937388046951039,0.07189942199519317,-8.257907897156645,1.482478727336708e-16,4.225064372909617e-15,214323_s_at
150.07671809991015,-0.8581306410330254,0.10395476132079874,-8.254846917351681,1.5209706136626573e-16,4.3300698608032125e-15,213593_s_at
226.68316545274035,0.5533071772342938,0.06710539787996293,8.245345303280086,1.6468395487331828e-16,4.6681772192083976e-15,218193_s_at
134.19552088948058,-1.1854269688342376,0.14380897177076526,-8.24306685624479,1.6785172107335318e-16,4.747728390360067e-15,203698_s_at
290.8478863944991,0.5513881997995749,0.06691491218231028,8.240139332430306,1.7201022388982803e-16,4.860121132422592e-15,203075_at
288.0016977598812,-0.4299876129276388,0.05222557583836459,-8.233276627881095,1.8216088307234935e-16,5.138638244221281e-15,218089_at
395.92728972931036,0.7043046459590565,0.0855629335985267,8.231422373428112,1.8500339505073397e-16,5.2048546164326946e-15,214437_s_at
252.90305200105766,-0.5246163154409667,0.06375072452738442,-8.229182010560763,1.8849618126789647e-16,5.300282670065827e-15,1553117_a_at
303.48827341435646,-0.5306053980438553,0.06448233548877186,-8.228693858897966,1.8926580526478043e-16,5.319077609564316e-15,221021_s_at
448.5336942053778,0.3287821453899033,0.03997596400333602,8.224495733547943,1.9601377119156697e-16,5.502835326496587e-15,217872_at
152.07075763444777,0.7008893282242649,0.08522408320588656,8.224075893325107,1.9670151828817982e-16,5.519194656762948e-15,229744_at
219.31370240678038,-1.496263790197867,0.18203498493539302,-8.219649594988093,2.0409862960934824e-16,5.7236923054907615e-15,203423_at
46.11434476187534,1.2978063560847004,0.15789553780559307,8.219398560094893,2.045262727792217e-16,5.7295702236882826e-15,223949_at
204.88247740932772,-0.9218232039162776,0.11215166435926698,-8.219434006465622,2.0446583563434079e-16,5.7295702236882826e-15,227576_at
264.5712568865036,-1.4005003425358828,0.1704453589936038,-8.21671150687323,2.091594178994344e-16,5.850007476469864e-15,219718_at
189.44393381119698,-0.833877292936054,0.10150727974962541,-8.214950641893555,2.1225154323781393e-16,5.93333383155323e-15,229358_at
598.5072055217952,0.3140119520825687,0.03823711541459658,8.212229104570431,2.1711949450306386e-16,6.066187088843178e-15,224607_s_at
273.10423421241165,-0.8349201705279841,0.10171514097536072,-8.208415802424474,2.241258901936811e-16,6.255290511544724e-15,209815_at
891.7236189160756,0.503152055259506,0.06131904308091851,8.2054779393007,2.296753629404002e-16,6.403373487517131e-15,221676_s_at
2129.671843091179,0.3718215006648885,0.045319710655574365,8.204410294908936,2.3172546366996192e-16,6.457104993484188e-15,200891_s_at
156.6749298989093,-1.2627384431507789,0.153954612034992,-8.202017636625097,2.3638560684394253e-16,6.583470684725255e-15,227510_x_at
352.0606191342237,1.548637554936494,0.18885383327452904,8.200191270067064,2.400048525276641e-16,6.6701295715171115e-15,213432_at
455.7863085986786,-0.47285472970568493,0.05766844504871842,-8.19954013509843,2.413083475152526e-16,6.70281125545274e-15,211505_s_at
138.96544124928346,-0.8495595485100645,0.103644802207068,-8.196836989594152,2.467947537825296e-16,6.847968051893908e-15,217875_s_at
282.8601745241699,1.5220920304918146,0.18573341490673403,8.195036048069932,2.505180742606562e-16,6.943948773573063e-15,203915_at
122.98781549652571,0.787026213349368,0.09605867775327309,8.193181831742951,2.544093847968077e-16,7.044378718973358e-15,202510_s_at
319.6928588146797,0.7146167345801472,0.08723908242302658,8.191474677770401,2.580447137182852e-16,7.141275347420096e-15,219118_at
924.4194456782448,1.024448905414937,0.12515202415960203,8.185635927937474,2.7086945984085974e-16,7.48437097396243e-15,201926_s_at
207.0836226858981,0.5416199948161385,0.06616988235046749,8.18529481354461,2.7163783767094883e-16,7.501657867030501e-15,218424_s_at
282.1575702115195,0.5022640864768675,0.06136540144392542,8.184808942150037,2.7273599899709525e-16,7.520771540801315e-15,203252_at
503.6471989156258,-0.4531644231717048,0.05536923083405978,-8.18440885570232,2.7364355448796646e-16,7.541197358448133e-15,224570_s_at
442.30323738320425,0.7940990717522172,0.09703553568746986,8.183590332410136,2.7550957628016233e-16,7.588642700119314e-15,210845_s_at
213.7702308440501,-0.6677308497575479,0.0815958611153769,-8.183391174870668,2.759654978783715e-16,7.59721884520688e-15,222791_at
1549.5792074059502,-0.45403539002615295,0.05550346548285623,-8.180307050672255,2.831214999244382e-16,7.786063478298756e-15,200713_s_at
509.75148886857,0.7717788264212574,0.09443927214603531,8.172223365167662,3.0275732783249417e-16,8.295677063039051e-15,210896_s_at
86.43816690025609,1.489709342678682,0.18237615469983462,8.168333986044026,3.126772909622016e-16,8.554108458733754e-15,242625_at
791.9461802651613,-0.649303378227687,0.0795508755067344,-8.162114798758187,3.2920908473866004e-16,8.992335883240925e-15,227432_s_at
589.196877887596,-0.4117331883328598,0.05044753622150634,-8.161611431825156,3.3058421036687734e-16,9.02520654110175e-15,225419_at
105.77082401367582,1.0047141016082777,0.12311631286975347,8.160690311373923,3.331152524762419e-16,9.08958410105733e-15,220180_at
280.6562742218653,-0.609293435882551,0.07466883086082005,-8.159943430991328,3.3518153396719246e-16,9.141219686617454e-15,204214_s_at
2436.4327059422276,0.3866349307266608,0.04738598202104816,8.159268083859128,3.370607877609724e-16,9.18770365144717e-15,200630_x_at
441.9982379880339,-0.6171390346330231,0.07565210411657738,-8.15759246672151,3.4176840540185326e-16,9.301551930341273e-15,229874_x_at
74.5321084583742,1.127843929353652,0.1383131609241423,8.154277740584764,3.5127277201736896e-16,9.535531642872318e-15,238029_s_at
291.24578798067904,0.6049450327044068,0.0742152609413241,8.151221528179859,3.6026646537498057e-16,9.76957885516859e-15,209500_x_at
314.3735001943794,-0.7891134554440004,0.09682016351237212,-8.150300792904195,3.6302018032252543e-16,9.829037896275118e-15,201983_s_at
182.9796046497254,0.582471473572795,0.07148996121255118,8.14759811997958,3.7122365316499133e-16,1.0040806931771978e-14,218308_at
83.3666880451673,1.2605331224670673,0.15472525492720665,8.146912558393316,3.7333343511090163e-16,1.0092677648569096e-14,217388_s_at
116.3579898681498,1.0593318733094619,0.13011824097068161,8.141301829834541,3.910501814358989e-16,1.0544510638882623e-14,201564_s_at
6000.886613148597,0.4067229465345089,0.04996337057986919,8.140422509813265,3.9390087504944826e-16,1.0615931583255746e-14,213503_x_at
219.22070139723274,0.7532691878932005,0.09256301990832558,8.137906354386864,4.0217171061279546e-16,1.0822187444723427e-14,211729_x_at
572.9581835648597,-1.0831328193179233,0.1331167714738033,-8.136711905840341,4.0615765229530746e-16,1.0918265605487257e-14,1554679_a_at
151.87297393061294,0.7159861303911722,0.0880199519729513,8.134361748018177,4.14114260444467e-16,1.111509746853857e-14,227379_at
104.65236837583363,1.0433544413367108,0.1282888751636367,8.132852049765638,4.193062680023775e-16,1.1248709345889203e-14,226757_at
325.6136328333317,0.752942016732862,0.09259629843035755,8.131448335368999,4.2419131485271696e-16,1.1368154187031967e-14,202748_at
334.42181716785245,0.6747687076056647,0.08299888825820556,8.12985236026887,4.2981360629300635e-16,1.1507093359716076e-14,203814_s_at
109.75560137419495,1.0147012251590106,0.12483357394252452,8.128432064487685,4.348787327518659e-16,1.1636770326395905e-14,220088_at
1081.9187650973222,1.0027644957986834,0.1233729464459173,8.127912355876683,4.367468050590841e-16,1.1674868562093136e-14,1555950_a_at
809.4834973011617,-0.3792482031463034,0.04666644185318081,-8.126786360517299,4.4082132157069645e-16,1.1777795492540103e-14,223037_at
1525.71108136267,0.9197513410788941,0.11318368650060563,8.12618292896806,4.430202870664937e-16,1.1830532604925056e-14,212185_x_at
462.84601165219567,-2.1069978260888735,0.25986332041994115,-8.1081001454301,5.141735275350137e-16,1.35924927394744e-14,1553970_s_at
274.5325560927878,-0.5325910668140958,0.06569122991736379,-8.107491174759069,5.167562024174285e-16,1.3653899176392928e-14,204985_s_at
7511.253240307897,0.24849164652769692,0.030656319250872154,8.105723472351544,5.243257473245339e-16,1.3839987606676824e-14,211072_x_at
1215.7634676083753,1.379699684285234,0.17040636064049333,8.09652690838219,5.655047317983176e-16,1.4867201438183486e-14,202859_x_at
260.47685170020645,0.999602709859885,0.12348246744674747,8.095098280174629,5.721813689379594e-16,1.5027695983590966e-14,204232_at
276.2681951995163,-0.47020980971153825,0.058098231108303366,-8.093358450707393,5.804173613228223e-16,1.5213593020927482e-14,1552628_a_at
410.75501440247297,0.7162559037858667,0.08850563217750837,8.092772020986551,5.832196348578353e-16,1.5279424072940517e-14,209846_s_at
269.8895935721181,-0.637956381898714,0.0788608348050476,-8.089647839460618,5.983748473254525e-16,1.5621953167581634e-14,225859_at
195.01130676725793,-0.6497750849823508,0.08040113038946217,-8.081666039206757,6.388786491275372e-16,1.663807161855728e-14,206061_s_at
389.3573032445045,0.5086641337795494,0.06296376025371456,8.07868100205373,6.547104248530219e-16,1.7016642763464742e-14,214246_x_at
315.048188524242,-0.5258152555432609,0.06512597577804838,-8.073817693500024,6.813358222660639e-16,1.7691167392969725e-14,228098_s_at
509.0205663895463,0.4101232773579822,0.05081801642929506,8.070430649897592,7.00506441061112e-16,1.8135180050997872e-14,205335_s_at
302.7453444178833,0.5602503770576563,0.06942150217116722,8.070271595049764,7.014196371095508e-16,1.8149880654187755e-14,202139_at
302.45631852405535,0.43753763922631367,0.054218866409365435,8.069841149440485,7.038968802513625e-16,1.820501803382387e-14,212032_s_at
294.925636450833,-0.6193691886188586,0.07678052793042459,-8.066748240909543,7.219520646301175e-16,1.8653622814440114e-14,228496_s_at
208.11182530976424,-0.5401593487179464,0.06698874916084212,-8.063433867394755,7.418066726337144e-16,1.9147793651076732e-14,221736_at
1411.9370908217982,0.44387247944305497,0.05505602080173879,8.062196885631744,7.493538042724893e-16,1.933310742746019e-14,217168_s_at
1604.946519746483,0.4752479621673555,0.05898818778724607,8.056663206563359,7.840528849537017e-16,2.0218407907682452e-14,214665_s_at
677.9724686419273,0.36412368908002063,0.045203469181654604,8.055215576856583,7.933885163680125e-16,2.0439088279021828e-14,212904_at
160.53079080132042,0.9525966857298146,0.11829491056071732,8.052727553658148,8.096900799273327e-16,2.0838615308766428e-14,203085_s_at
298.95286865757265,0.36261106407464366,0.045085104545896475,8.042812980626604,8.779927434512377e-16,2.2486369707278918e-14,201186_at
775.3627958897465,0.5391291976611718,0.06707432117634272,8.037788354857389,9.147444829507584e-16,2.3393421682235598e-14,211048_s_at
304.86693757548665,0.4591673655546971,0.057135493237785516,8.036464543042312,9.246769036188588e-16,2.362443849916651e-14,202387_at
185.55774455950746,0.6374467977712486,0.07933501257420264,8.034873596005795,9.367542622069107e-16,2.392137196113799e-14,202464_s_at
412.04183965863893,0.7905396439438297,0.09839174021652936,8.034613903607152,9.387403648107084e-16,2.396044736875278e-14,211924_s_at
680.5693082407926,1.0177788390884805,0.12671197207474855,8.03222317847033,9.57220385206524e-16,2.4408423155819337e-14,201925_s_at
438.8769054698904,0.36624904189087,0.045641127533323174,8.024539744848916,1.019072927959141e-15,2.596042591176185e-14,225824_at
184.04938436808348,0.6932622499631004,0.08643838987472456,8.020304993740023,1.054829232533169e-15,2.6845276264672233e-14,1568592_at
317.73865748291416,0.42327117836461625,0.05278360262211915,8.018989938880054,1.0661823826182507e-15,2.71079578791096e-14,208918_s_at
433.9058834301746,-2.0637671249807426,0.25745800785224754,-8.015936820909129,1.093006823625639e-15,2.7763112909048734e-14,205910_s_at
252.7657601346967,-0.76033281632922,0.09487422962821947,-8.014113203434814,1.1093449755873812e-15,2.8161188260690368e-14,225402_at
242.42558954774202,-1.7229444024138845,0.21501640918666987,-8.013083322017918,1.1186779423407403e-15,2.8339776764341264e-14,201496_x_at
906.5084513427403,1.0716195827037143,0.13386223696227695,8.005391266587768,1.1908741654100174e-15,3.010351173110055e-14,211991_s_at
169.45823429618537,-1.1986066660515766,0.14974486323893046,-8.004325758667925,1.2012300998168866e-15,3.033611084371776e-14,222938_x_at
907.4981021206903,0.6124246912669136,0.07659263073844172,7.9958696464977095,1.2866245088128227e-15,3.238374733532044e-14,219117_s_at
4171.033069738915,0.35785250257980217,0.04476911830246392,7.993289038263399,1.3138561122391534e-15,3.303750914957726e-14,200599_s_at
32.82290957632965,-1.337213753385102,0.16737209854224006,-7.989466374812924,1.3552408396729526e-15,3.399681483922308e-14,1552349_a_at
1430.7041182117878,0.40798845255213895,0.051083664388724755,7.986671618690507,1.3863072500244073e-15,3.472640191505372e-14,208780_x_at
264.35216416413033,0.3829463386539404,0.04795373322739212,7.985746111528892,1.3967489547331503e-15,3.4954640270021897e-14,218607_s_at
104.54142538689453,-0.8363877464661958,0.10473949772126255,-7.985409178608326,1.40056948321566e-15,3.5016902293489914e-14,238902_at
997.6122666770259,0.3144515909736144,0.03938324781233183,7.984399673486354,1.4120781293785656e-15,3.528785259693825e-14,201199_s_at
81.47455546963053,0.8412474233386918,0.10539857237114614,7.981582714198047,1.4446871715947505e-15,3.6068451123985993e-14,210692_s_at
259.3395254920878,0.405063043142243,0.05075813969536921,7.980257857621956,1.4602790401449117e-15,3.6405837132720917e-14,218633_x_at
9611.485582921841,0.18933053407385472,0.023727251355708374,7.979454983449021,1.4698083777217317e-15,3.6608677479994257e-14,AFFX-HUMGAPDH/M33197_3_at
682.5766273887689,-1.0259047844064033,0.12861194231384412,-7.976745906713301,1.5024167388993393e-15,3.7403130883996156e-14,230333_at
595.178495138895,-0.6068499424167326,0.07613956150256095,-7.970231643589401,1.583772216099579e-15,3.939118080686099e-14,223287_s_at
384.3289298706737,-0.43441398031212985,0.054514103498968694,-7.9688365474147105,1.6017514355763936e-15,3.9819510380928e-14,202367_at
465.50669070310437,-0.47062053284766486,0.059071159292701535,-7.967010271725136,1.6255915763384658e-15,4.03930684174429e-14,235222_x_at
1719.107075394022,0.9000703773661508,0.11302153887407684,7.963706620283819,1.6696085008338692e-15,4.142804775865116e-14,204670_x_at
373.5558657291744,0.37414074258932606,0.0470239282652265,7.956390637529906,1.7713055615795695e-15,4.3797953362221265e-14,210740_s_at
709.4493804302706,0.47697422712539916,0.05994987122939871,7.956217708963095,1.77378174985707e-15,4.382666952608766e-14,202941_at
201.5317731682757,-0.6722462637788178,0.08452568412968604,-7.953159689868987,1.818137418082614e-15,4.490150087871885e-14,227765_at
173.90079928510676,-0.8512603399144947,0.10706755558012232,-7.950684362803701,1.8548397946232625e-15,4.5743430580305466e-14,232423_at
267.19118157489885,-0.504682340874792,0.06347965019082893,-7.95030122815177,1.8605854776640805e-15,4.5863606563394974e-14,218709_s_at
716.148100535233,-0.4377126123700366,0.05506128560617177,-7.949553076199402,1.8718557270231486e-15,4.60981752005504e-14,221472_at
161.75627652312644,0.6742936017448865,0.0848259096958339,7.949146719000686,1.878005289064796e-15,4.622795782740576e-14,209499_x_at
795.0923935013454,0.39214746216681284,0.04935483529653184,7.945472005138451,1.9345274187189975e-15,4.757470938856256e-14,221483_s_at
292.4854972924391,0.6565527573650528,0.08266694480093179,7.942143730436406,1.987164774248244e-15,4.880068109618795e-14,210314_x_at
180.19778152912548,0.5861239612880399,0.0738504390996103,7.936634750369857,2.077406528719247e-15,5.080317483029842e-14,222600_s_at
976.564856576993,0.44255891370491707,0.05576212514575842,7.936550347536039,2.078820044573952e-15,5.081409703373929e-14,201457_x_at
488.55814464094357,-0.6156849393525405,0.07761904152722565,-7.932137878004882,2.15405090829979e-15,5.253085449410078e-14,224435_at
395.5783793655983,0.40367101776304093,0.05093020195345473,7.92596538556743,2.263806509314139e-15,5.518185866906088e-14,216457_s_at
4020.3961585886705,-0.3307043605039553,0.04173620996036582,-7.923679721230171,2.3058308489000093e-15,5.6154140145083914e-14,217718_s_at
253.57901905583833,0.3610885378747609,0.04558247522771217,7.9216526981236575,2.3437419490397016e-15,5.702454369899652e-14,200848_at
207.4574697666748,0.6677851021926596,0.08429844139288982,7.921677923798295,2.3432664063268796e-15,5.702454369899652e-14,223322_at
2092.669151784306,0.9420840692681657,0.11893147121857611,7.921234469022695,2.351640073808537e-15,5.719023250297725e-14,209312_x_at
610.0643250277178,-0.4107078833124485,0.051850675843879736,-7.920974541374796,2.356561926194885e-15,5.725693734130652e-14,202550_s_at
78.97816449570865,0.9740139246701434,0.12298632904348336,7.919692637754628,2.3809841458721074e-15,5.782358632262603e-14,205660_at
515.7305061812143,-0.6720066206986405,0.08486389724626654,-7.918639639522381,2.4012316854151103e-15,5.828837413178092e-14,234942_s_at
87.91451667173001,-1.6066017643653165,0.20290252627844949,-7.918096407338599,2.4117434100668033e-15,5.848950769388592e-14,228133_s_at
75.89546439429951,1.0578062722325166,0.13370479690562664,7.911505770276529,2.5429415217158218e-15,6.152935024505216e-14,209949_at
637.6357855434445,0.4820340904556257,0.06094720857594805,7.9090429523929595,2.593751184206379e-15,6.272986642189694e-14,217964_at
430.876528345604,-0.8250084792556541,0.10432355771496124,-7.908170477753349,2.611989692803685e-15,6.314190722888908e-14,205668_at
301.4162869040997,0.5147333280553325,0.06512443626381292,7.903843128410302,2.7043332961849997e-15,6.531412318368864e-14,211752_s_at
94.4193252965268,-0.8230823937837684,0.10416909311938646,-7.901406925377063,2.7577273706312296e-15,6.657308416911054e-14,229661_at
590.6524051174023,1.064257950764037,0.13470096291841832,7.900893413869693,2.769113727531076e-15,6.678660065932453e-14,217028_at
1041.5885031825549,0.3637174529569098,0.04603748800257785,7.900462617259735,2.7787017030330144e-15,6.698710518403534e-14,225552_x_at
76.36097304664489,0.94707732902112,0.11989959595855912,7.898920104355132,2.8133013048809305e-15,6.779011314842384e-14,228532_at
255.17920390502215,0.48315910078878066,0.06121675870540223,7.892595279569139,2.959662111936629e-15,7.112120833594769e-14,1558511_s_at
126.73824430353233,1.0188188859901444,0.12910442153682208,7.891432949099775,2.9873632117450277e-15,7.168853252513615e-14,209583_s_at
230.10873561756912,-0.9557497184854072,0.12116258094475592,-7.888159124979199,3.066765755031671e-15,7.352682823445915e-14,235028_at
135.50217295346366,0.9004114219945423,0.11415563447136669,7.887577570429865,3.0810863952159156e-15,7.383648628097456e-14,202806_at
243.90142695338994,-0.8585551775427294,0.10886848175695732,-7.886168372030804,3.116061219819891e-15,7.464060225451894e-14,235094_at
5391.997103971444,0.8499393459005172,0.10779442440558028,7.88481733250498,3.1499595328164055e-15,7.541821106498104e-14,209173_at
491.975021987299,0.4210351356289208,0.0534583240926113,7.875950897740804,3.3816103277935005e-15,8.063391522997261e-14,208975_s_at
25.03846480329017,1.514202728718449,0.19226525621121954,7.875592078139016,3.391330094198345e-15,8.082900760566885e-14,214079_at
203.10310069485692,-0.7767032796490259,0.09863594881778706,-7.874444246324953,3.422607865019273e-15,8.146364752636905e-14,225841_at
214.29432576161634,0.748517813929952,0.09508875890674141,7.8717802454868835,3.4962991045067168e-15,8.314230911232851e-14,203773_x_at
286.28800901736554,0.41148305036991883,0.05230796688493337,7.866546434027838,3.645654478221761e-15,8.641296901382162e-14,202963_at
10535.88152025433,0.19878412386433159,0.02527404582975689,7.865148508605189,3.686598306049916e-15,8.71941887381401e-14,212581_x_at
362.50001350856894,0.7269295187260854,0.09245298863129804,7.86269356445659,3.759599609529395e-15,8.868132759389937e-14,224583_at
1062.887290895789,0.5013854445124438,0.06379427060300283,7.859411821362581,3.859413995002769e-15,9.099490493197645e-14,201953_at
210.61512638562456,0.6614527934875046,0.08416543172052106,7.8589603827366865,3.87334708540956e-15,9.128245862180001e-14,203595_s_at
315.2067685921234,0.44032225829856153,0.056059428144141776,7.854562075916847,4.0117134713767824e-15,9.441629636127873e-14,201573_s_at
1638.8292570872438,0.25025003359608117,0.031869707760879606,7.852285169155698,4.0852428245721135e-15,9.597490004584839e-14,200971_s_at
107.89256843417176,-0.877840984095586,0.11179737549881405,-7.85207148360024,4.092211207627109e-15,9.609565138768324e-14,240045_at
7656.39769519019,0.23972799447368756,0.03053517910880343,7.8508789360457,4.131316154274931e-15,9.697060704411108e-14,211058_x_at
550.7312851924647,0.4626101267881568,0.05896817487603019,7.845081313110165,4.326730445674931e-15,1.0128596518574625e-13,201528_at
644.5951146407265,0.37223056934361887,0.0474567993939313,7.843566656356078,4.3792649557449166e-15,1.0237895484173414e-13,201410_at
122.11355834498951,-1.0116880731046094,0.12901287095072544,-7.841760792153898,4.442720868519874e-15,1.037240126717874e-13,204537_s_at
367.4656334509718,0.5033353603236906,0.06419214738458676,7.841073726792742,4.46710050131232e-15,1.0424689153906202e-13,205633_s_at
329.91511287386476,0.4533923599287139,0.057842022371454596,7.838459675857839,4.561066442771653e-15,1.0634529096425087e-13,203067_at
2988.9535770866796,0.3514499284571685,0.04486002090815097,7.834368360566474,4.7120545913691325e-15,1.096225396170046e-13,201322_at
360.73260165649606,-0.8400153066360968,0.10722809793166103,-7.833910354088889,4.729260345720361e-15,1.0997413637565834e-13,203408_s_at
181.9443753619609,0.4753464715842054,0.06070086393022572,7.8309671528004205,4.841311586415887e-15,1.1243052987737541e-13,224577_at
452.4528578962128,-0.7209275609846323,0.09208141589262182,-7.829240612734734,4.908255058938773e-15,1.1385220466697967e-13,206918_s_at
263.12018553177256,-0.49348952285491815,0.06303461350560867,-7.828865688388945,4.922912054882788e-15,1.141238289070622e-13,203943_at
905.1574859312866,-0.5998288536640827,0.07663347298823395,-7.827243504364971,4.986826517882374e-15,1.1555453298976645e-13,225006_x_at
450.5202612755594,0.6173984498819854,0.07890694732842773,7.82438645500047,5.101387226093499e-15,1.1805297414360095e-13,226050_at
344.7249935777326,0.6284289999877664,0.08033103479502503,7.822991470124639,5.158260129096171e-15,1.1931655053896133e-13,203044_at
756.2929822275214,0.3945311841708632,0.050439009486848124,7.821945517660025,5.201312144135593e-15,1.202594625705684e-13,208819_at
7008.748791586788,0.3724332886033965,0.04761558578881808,7.821667683669613,5.212807285847502e-15,1.204722401497052e-13,201590_x_at
1054.8537324895983,1.6726266571751527,0.21393433278585103,7.81841154430064,5.349405528840824e-15,1.2335790178266812e-13,204475_at
1771.462336847209,0.3351887625128734,0.04288318349536761,7.816321811767581,5.438921868414612e-15,1.2536714906695682e-13,217962_at
233.52803092463535,-0.4054159020048131,0.05186832701768344,-7.816251753533421,5.441948308543988e-15,1.2538191644332342e-13,1558426_x_at
189.18203509951593,0.49034541478367977,0.06273565609372872,7.8160562161188025,5.450404086944136e-15,1.255217074431473e-13,222483_at
339.91655405139613,0.3566947901285131,0.04564160582854641,7.81512358413602,5.490912912904783e-15,1.2634388670087478e-13,212322_at
293.7604651590968,0.37141707782235334,0.04753747317501235,7.813143043067452,5.577923100576924e-15,1.2828979020906768e-13,224332_s_at
285.52004100471214,0.4433765975747269,0.056756536313950744,7.8119037272143235,5.6330582569073335e-15,1.2944457526607258e-13,217118_s_at
206.62108642432406,0.4793887752146262,0.06139371972551905,7.808433457980596,5.790315130501173e-15,1.3288393946216535e-13,214281_s_at
1044.1063060410659,0.3691615704127169,0.047281661938580084,7.807711389084966,5.823575086076543e-15,1.3358889789335077e-13,220526_s_at
305.8596485548918,0.46709710638491103,0.05983338145323291,7.806630597169315,5.873710244650364e-15,1.3450412557618965e-13,204658_at
156.64400994498627,-0.5998717789527056,0.0768475780767932,-7.805994593001465,5.903411155805089e-15,1.351253788685456e-13,219599_at
213.42497700262322,0.45032674770668607,0.057693352335830755,7.805522291118596,5.925562900394669e-15,1.355733707737664e-13,201192_s_at
189.2537675887977,0.63021233783302,0.08074279375469028,7.805183701566079,5.941493646591323e-15,1.3581959856588098e-13,218627_at
388.3884314513826,1.1075399721430794,0.14195728033362612,7.801924420784575,6.0970160993833014e-15,1.3919312949043876e-13,212998_x_at
266.48444530329203,-1.4907075682235917,0.1910750129787795,-7.801687646040603,6.108469085055819e-15,1.3939404441859464e-13,208121_s_at
52.18776209230881,1.0365126100368107,0.1328892166250759,7.79982481920375,6.1993172807601815e-15,1.412218987312833e-13,206666_at
212.91363915228212,-0.619828362128614,0.07946986379334542,-7.7995397568621065,6.213336314620598e-15,1.4147992923681582e-13,222819_at
1920.123670336301,0.31419389756087934,0.04029387197064517,7.797560328522794,6.311546655008691e-15,1.435296507604183e-13,209563_x_at
226.48817888845207,0.5438870985316309,0.06976339876892261,7.796166874454451,6.381598420486185e-15,1.4505991496117256e-13,53071_s_at
133.0802477744898,1.2040837097893755,0.15449152140702208,7.793849777795291,6.499781621461048e-15,1.4761863584021778e-13,204972_at
166.4061127830587,0.6057030030798388,0.07775054846790924,7.79033736758573,6.683051000563854e-15,1.516498541811886e-13,225931_s_at
1043.8802826944082,0.3642288764757739,0.04676147402931767,7.789080306737469,6.7498697301156985e-15,1.530339317500002e-13,218580_x_at
373.7448841110048,0.33461353674227695,0.04296924456898087,7.787279951014814,6.846713833899843e-15,1.5502895253200015e-13,200849_s_at
417.6731237166959,0.6101299777007306,0.0783541959251151,7.78681946125573,6.87170317415297e-15,1.5552777287443378e-13,204767_s_at
151.2902146357005,-0.7462003939286656,0.0958638061761151,-7.783963767908317,7.028689494352342e-15,1.5885630460263634e-13,223606_x_at
333.60456456608887,0.4427973272836121,0.056913294264835636,7.780209053145571,7.240480062150487e-15,1.6345197129993843e-13,216396_s_at
264.6379458087496,-0.4219096765696414,0.05425034735477583,-7.777087099747378,7.421351258403142e-15,1.671760368770333e-13,225037_at
282.6454165052561,-0.8104834880926007,0.10422085616267264,-7.776595951462549,7.450208021605095e-15,1.6775416982323658e-13,224851_at
252.7816254641298,0.3492292160781052,0.04491970495244407,7.7745215924243,7.573307254729695e-15,1.703799612436063e-13,212674_s_at
138.33567835666557,0.6799783793463552,0.08747828230272084,7.773110781865522,7.658170859591787e-15,1.7214179270957518e-13,224916_at
861.9340171046689,0.37432610198434113,0.04816267533493214,7.772120202650876,7.718315133109213e-15,1.7341955258889336e-13,201059_at
177.13808677510403,0.5717372550105168,0.07356933873450898,7.771406741519799,7.761921590693863e-15,1.7432479798176294e-13,209762_x_at
160.21552580935762,0.7006680024178258,0.09018176594287551,7.769508559653345,7.879121889042145e-15,1.7673041901695301e-13,225898_at
122.09126783497818,0.9185714604834921,0.11822941601499116,7.769398610300332,7.885963649813653e-15,1.768084187936462e-13,213113_s_at
95.52359791891693,0.9689074053961466,0.12473246089088257,7.767884947317429,7.980750026620429e-15,1.7885728652409809e-13,205159_at
358.36266246370946,1.0128072686924983,0.1304191916843364,7.765783974063216,8.114174806833715e-15,1.8169251930052795e-13,211654_x_at
557.2701922703653,0.39330760173994816,0.05066327062949918,7.7631703767451015,8.283221770530846e-15,1.8539882322337228e-13,201003_x_at
197.6923503277858,0.6096814090490316,0.07854583540217248,7.762109931447346,8.352795402881512e-15,1.8679694025661064e-13,202527_s_at
1652.1374459108245,0.954573193189916,0.12300722212007158,7.760302011032525,8.472737762195253e-15,1.893986645488768e-13,215193_x_at
2535.6432142730505,-0.45786830838039533,0.05902601299014878,-7.7570597298654045,8.692099841049005e-15,1.9380764321022036e-13,215111_s_at
199.5694742098134,-0.5522315209003967,0.07119405239037625,-7.756708634484829,8.716186590775777e-15,1.9417993645257745e-13,208741_at
820.047825019566,0.9422162126141174,0.12153787161255922,7.752449504938942,9.01366637503065e-15,2.0063711252577754e-13,201137_s_at
188.65014857433587,0.8174955145742451,0.1055642258194198,7.744058256749486,9.629285468710572e-15,2.138237570713922e-13,204780_s_at
565.4067091485581,0.3316454022272615,0.04287954584399869,7.734349692830941,1.0393299095315707e-14,2.3007979808560306e-13,222977_at
208.72447425807295,0.4570209504601618,0.05909338059065423,7.733877227738784,1.043196424491728e-14,2.308385048115296e-13,227964_at
438.5215297629033,0.46200545745893756,0.05974011219588372,7.733588714129854,1.0455644921714484e-14,2.312651360335787e-13,225049_at
510.21817225963866,0.3651500893282158,0.04723785461776549,7.730031185431694,1.0752024089649039e-14,2.375207541014778e-13,229630_s_at
46.499823204842755,-1.4960928968293248,0.19362247681123118,-7.726855484283027,1.1023566944808339e-14,2.432126520644238e-13,202965_s_at
6547.094926754302,0.2554440784292932,0.033063281869243746,7.725914185999586,1.1105342690718839e-14,2.4491404942007463e-13,201090_x_at
265.133460536032,0.36076116758032645,0.04673664958280022,7.719020742836729,1.1722682713522352e-14,2.5744833569847623e-13,212301_at
1388.508430434921,-0.6035459751980479,0.07821927973738663,-7.716076870362305,1.1996497599663296e-14,2.6335168540213234e-13,222592_s_at
951.2617707504367,-0.5942824258109937,0.07703879402488373,-7.7140670922112164,1.2187035551457672e-14,2.6708818447510697e-13,220607_x_at
230.21006288901756,0.4274457196700904,0.055413048340098726,7.713809878255271,1.221163477058233e-14,2.6751573727935964e-13,238025_at
286.29971906983667,0.3264380972068696,0.04232235750674754,7.713135950775543,1.2276319242866635e-14,2.6882070062067214e-13,209239_at
1498.7243397127643,0.3833155899042648,0.049767449749364014,7.702134464086403,1.3381196740996194e-14,2.924055773498187e-13,208816_x_at
152.0563475512262,-1.2926571193898089,0.1679324844518939,-7.6974810657321315,1.3877464493510528e-14,3.028722047308772e-13,201117_s_at
137.3003083205654,0.618607792537658,0.08041726926545527,7.692474491960801,1.4431625978770878e-14,3.143139957266161e-13,203470_s_at
344.67816751983713,0.4986489623682494,0.06483182500166157,7.691422574568425,1.45507977838063e-14,3.166470504058618e-13,210153_s_at
245.87509640120666,-0.5172848257780467,0.06725855751262978,-7.69098899691554,1.4600199141610704e-14,3.1759059010273546e-13,222001_x_at
168.9697685743982,0.8525010167330237,0.1109611154209367,7.682880741591478,1.5555038425937377e-14,3.373831982817635e-13,202957_at
492.7664401253089,-0.4861594284751339,0.06329089370155162,-7.681348769818609,1.5742224430949514e-14,3.411615928841735e-13,224972_at
872.2064694206415,-1.0405412808054642,0.13546914164006038,-7.681020697467529,1.578259757181627e-14,3.4175469006560867e-13,205043_at
210.78949582320342,-0.4223772218590635,0.054997673740125645,-7.679910678674799,1.591995525808402e-14,3.443034274211307e-13,233056_x_at
135.14830857655147,1.1913157966238908,0.15516870803513705,7.677551818979663,1.621576604214203e-14,3.5041256931691295e-13,219410_at
159.3079639243872,0.7601320576207624,0.09902195084019608,7.676399537386223,1.6362226347258255e-14,3.5314186589478863e-13,212820_at
853.0876073930554,0.5723649197736538,0.07456811938896542,7.675732262846262,1.644763424293695e-14,3.548394786548886e-13,200999_s_at
293.94172932983065,-0.5956637453293376,0.07764414000075179,-7.671715409863128,1.697111692893076e-14,3.6583268215054437e-13,213090_s_at
154.8472820880098,0.596505086631127,0.07775913731699602,7.671189614660852,1.7040841333472068e-14,3.6688421771376116e-13,204550_x_at
205.18876845920357,0.6026214031492803,0.07857320156308867,7.669553883017206,1.7259558692870453e-14,3.7144096951069363e-13,227249_at
839.7293146917606,-0.4477971634423937,0.05840743691642376,-7.666783325608939,1.7636333314126017e-14,3.7892880661920634e-13,223042_s_at
431.89585268530703,1.195833517073841,0.15602626402456043,7.664309111994133,1.79796395872109e-14,3.86147110284545e-13,202086_at
9249.141181570805,0.2326161186347207,0.0303547452659671,7.663253853608301,1.8128052756017976e-14,3.890166127152996e-13,213453_x_at
297.94159267279895,0.5601768041076577,0.07310067377614,7.663086742854331,1.815166574900013e-14,3.8936434358079704e-13,217960_s_at
426.1276995027638,-0.2978096233656984,0.03886939345150764,-7.6618026915505455,1.8334116384444404e-14,3.9311756526645906e-13,204842_x_at
257.8534545467692,-0.7095202863616933,0.09262895713224187,-7.659810801375488,1.862071956142568e-14,3.9877477417732895e-13,226805_at
338.26271055875526,-0.5948142193564403,0.07767142257514639,-7.658083238799482,1.8872855651969443e-14,4.040097987509581e-13,225224_at
1115.3087188498985,-0.5227802740897262,0.06828263748022785,-7.6561230406646805,1.916301364553347e-14,4.1005416088247803e-13,212181_s_at
516.0128744679222,-0.4231784714938284,0.05527675348546634,-7.655631794748814,1.923641524118445e-14,4.1139515218967014e-13,207180_s_at
42.00265967710983,-1.8796356289180467,0.24567219257083672,-7.650990571006833,1.994369674541353e-14,4.255465037590186e-13,214598_at
552.5019750195884,1.6125159380180214,0.21077652343472095,7.6503583593712206,2.0041998810982748e-14,4.2747045678262475e-13,211506_s_at
119.49784880209792,1.0707881918892634,0.1399733372466987,7.649944003278512,2.0106685106139085e-14,4.2850232322304683e-13,212999_x_at
1427.0338878622588,1.081539367035883,0.14143086209860978,7.647124191902344,2.055238113325908e-14,4.3711446300173926e-13,204580_at
442.8312583516229,-0.9057935622398137,0.11851205158390449,-7.643050222605652,2.1213519632529253e-14,4.5081088183095123e-13,226622_at
210.4678648384032,-1.2584660115774702,0.1647156762458549,-7.6402321883381745,2.1683036136585922e-14,4.602303235549825e-13,221031_s_at
223.74174191909432,-0.8548106438291437,0.11188945279099895,-7.639778571675254,2.175956298496453e-14,4.614818696980734e-13,207202_s_at
229.89398763377423,0.5834916844589261,0.07639967896864198,7.637357804846516,2.217246958728838e-14,4.700491999557698e-13,209417_s_at
397.7798907668851,0.3894691695852924,0.05100189599823912,7.636366491134743,2.2343772159615672e-14,4.73298912566079e-13,225787_at
2859.557187314413,0.33304673011241426,0.04362002866038707,7.635179075773191,2.2550676050140107e-14,4.771047621332783e-13,200822_x_at
120.77432040125517,-1.0781392291736906,0.1412754740191318,-7.631467787732831,2.320958383859516e-14,4.9045294292462e-13,215702_s_at
172.84952459322918,0.6893247311495985,0.09032817075132289,7.631337216463038,2.3233107268361542e-14,4.907527007160258e-13,205339_at
440.9507827305827,0.2978866383581716,0.03903967293347433,7.6303569157914355,2.3410466620747237e-14,4.943003868166935e-13,200694_s_at
268.4606445957228,-0.6143396065972406,0.08051641633217656,-7.629991926897692,2.3476841333760854e-14,4.955027788973767e-13,204973_at
248.5339765431063,0.5485486369971777,0.0719392677983872,7.62516291567643,2.4372638196538106e-14,5.13790464412701e-13,218446_s_at
166.50401019392956,-0.76301320034358,0.1000715719204324,-7.624674877199462,2.4465020042836317e-14,5.152433422944901e-13,1566766_a_at
58.08245264090252,1.1207539275201637,0.14699165299932296,7.624609320675684,2.4477455588207202e-14,5.152433422944901e-13,210889_s_at
31.49504831657957,-1.5077280600821052,0.19776415240514145,-7.623869350160891,2.461825393263548e-14,5.179294304146217e-13,221795_at
263.6480436617668,-0.9310681098679664,0.12220100799381395,-7.61915245343229,2.5534674012349056e-14,5.361363396104644e-13,204348_s_at
218.85728057989687,0.5160063311125411,0.06776866095124441,7.614232358579101,2.6526322555811566e-14,5.558470317376878e-13,227983_at
128.48100615086753,0.7089440508200217,0.09311011166090835,7.614039315105526,2.6565993260416796e-14,5.564564407365262e-13,210042_s_at
354.7790487831184,0.5149933731309215,0.06764503476124736,7.613173309003192,2.6744677989169513e-14,5.595301779629038e-13,212694_s_at
323.0710093149969,-0.345092650313221,0.04533235532939312,-7.61250210375603,2.6883981743703867e-14,5.619971267138476e-13,203831_at
485.8608933502484,-0.5855214625607913,0.07694789224011325,-7.609324251971603,2.7553269919914407e-14,5.755304242333791e-13,218412_s_at
368.20639924914366,0.3639317580825415,0.04782967379628661,7.608911564661275,2.764137962476359e-14,5.771414639649685e-13,219126_at
552.4552040434805,0.4311370255171123,0.0566730856324356,7.607438711090056,2.795810258319308e-14,5.835226859241975e-13,224934_at
112.79630939728911,1.2337757748097937,0.16218325121122296,7.607294622568384,2.7989278436266974e-14,5.839414604762106e-13,214453_s_at
112.1582551167332,0.9437418701935937,0.1241476768286248,7.601768267450934,2.921114702451602e-14,6.082260779423198e-13,222847_s_at
143.30284819194995,-0.5974839588423885,0.07862124751016168,-7.599522746890585,2.972248372403728e-14,6.183829808523576e-13,224336_s_at
231.77100431625888,0.4380926053906595,0.05772077010156251,7.589860714259601,3.2024955025991506e-14,6.633975114055804e-13,221972_s_at
243.85076769368652,0.5024683618726286,0.06620895805651487,7.589129577356132,3.220615721325164e-14,6.668882530280641e-13,213617_s_at
150.7911938140252,0.6661888650024061,0.0877850936836861,7.588860899355741,3.227299838322306e-14,6.680091205324556e-13,210154_at
290.2276824035374,0.29903003059309435,0.03944445014183038,7.581041934109166,3.427907722359184e-14,7.079130984196846e-13,34689_at
478.6125764181075,0.4587241283182267,0.060558306322563725,7.574916740155071,3.593580257475897e-14,7.406157523583854e-13,217959_s_at
165.50346620489844,-0.9170729304285863,0.12108954461081903,-7.573510441186747,3.6327149849682665e-14,7.478014231101539e-13,232151_at
492.54560183846655,0.39489938236994776,0.0521473581288013,7.5727591298981345,3.653794059507077e-14,7.518460963325565e-13,200071_at
661.6457557286823,-0.5252575179203678,0.06936589271739416,-7.5722735964825905,3.6674803043276925e-14,7.543669663938848e-13,227621_at
132.54273628852746,0.7599076989491228,0.10036747851729834,7.571254256608157,3.696377748211368e-14,7.600134435817693e-13,235871_at
214.04825432349395,0.4470145635506928,0.059068295681385594,7.567757938402176,3.797206930179741e-14,7.798296717806412e-13,225351_at
52.68451129803283,1.4016653379808939,0.1852342729229014,7.56698701521774,3.819800643586384e-14,7.838570988794957e-13,1554997_a_at
1076.096208994121,0.57497912088027,0.07601631984070126,7.56389051831486,3.911890241217609e-14,8.013545731999522e-13,224932_at
434.22432969976376,0.425115834544329,0.05621511552667835,7.5623047388843165,3.9598930251957806e-14,8.10390257189015e-13,224699_s_at
426.6244042604661,0.4479652717687801,0.05924306784109627,7.561479985647054,3.985087442857754e-14,8.149116166223595e-13,200734_s_at
448.1443342631854,0.6656659266376143,0.0880887412120597,7.556765115250414,4.1321718338687156e-14,8.410595909244796e-13,207543_s_at
384.9390676876601,-0.7831555980332996,0.10364305076032133,-7.556276974559326,4.147701369603023e-14,8.432429314433937e-13,201280_s_at
259.03243982745596,0.41291294506460724,0.05464580944793961,7.556168519344275,4.151159509769022e-14,8.436196321593239e-13,207667_s_at
198.43632095711396,-0.9880505113208815,0.13076329756351074,-7.556023209348884,4.155797224470412e-14,8.442356680897488e-13,204288_s_at
145.7625692966328,1.5795708104545738,0.20905862929433613,7.555635544853197,4.1681948690003326e-14,8.46427021427525e-13,214476_at
427.67639626925944,-0.6049153654235381,0.08008027244183887,-7.553862480461456,4.2253632128900004e-14,8.570426024323468e-13,201369_s_at
7556.4424555267915,0.24228005396379845,0.032073485871032995,7.553904646910003,4.2239947459734e-14,8.570426024323468e-13,213646_x_at
469.5227556633289,1.1364571113011404,0.15044971257664544,7.55373401409578,4.2295351391120365e-14,8.575578306361649e-13,207847_s_at
218.0186467677381,1.0110147495737378,0.13384773085133425,7.553469477167902,4.238138698701653e-14,8.589708490997557e-13,1567628_at
139.97738058315784,0.747385950447701,0.09894943453467817,7.553210930030827,4.246564080028276e-14,8.6034667949809575e-13,219209_at
220.47186799517092,-0.6601781291398053,0.08741482102002207,-7.552244818857362,4.2781931486595314e-14,8.660869134616834e-13,222553_x_at
359.1281947839907,-0.7166186078760655,0.09494627559042004,-7.547622099127092,4.432769075702486e-14,8.959990230941095e-13,238549_at
466.162715380161,0.5086449489358595,0.0674047904746222,7.546124620435748,4.4840100373611153e-14,9.056597367543276e-13,208002_s_at
400.4871577109044,-0.5608361681851488,0.07432229384565152,-7.546001867889906,4.4882361389988287e-14,9.058170585596944e-13,224825_at
290.48901892344645,0.5782327602415225,0.07664055576949179,7.544736000879823,4.5320462561822895e-14,9.132559775590646e-13,40472_at
136.29108818980228,-0.7171959775630388,0.09517566831487999,-7.535497152384173,4.864778084558965e-14,9.791786574335958e-13,1560622_at
1577.9878745376939,-0.4873185762499322,0.06467120182684567,-7.535325809387406,4.871170415759372e-14,9.800899312014472e-13,210213_s_at
140.3370440776409,-0.93473780153846,0.12407958556657335,-7.533373014346007,4.944609772031265e-14,9.933448851656386e-13,227297_at
91.57224961337897,0.8214847134966865,0.10908891893124378,7.530413918708364,5.057972695010444e-14,1.0141804540769893e-12,230391_at
9875.63173988808,0.17373101740782085,0.02307344844378755,7.5294777818353085,5.09436532014166e-14,1.0206987229688325e-12,211995_x_at
461.9760170658009,0.7957657056191101,0.10572616127510355,7.526667912859307,5.205153016094217e-14,1.0413080000297506e-12,222646_s_at
174.47612588290295,0.4505042067488866,0.059858017923411305,7.526213235548652,5.2233013589005496e-14,1.0441437033688075e-12,212277_at
510.3569824667431,0.4035524273207757,0.05362622179633603,7.525281733503517,5.2606765620423064e-14,1.0508156443997391e-12,208890_s_at
358.4316070316906,0.41567654516674185,0.05524442104775467,7.524317157879536,5.2996559001793885e-14,1.0577976307558967e-12,218235_s_at
249.5030080818439,-0.4605374421362021,0.061220880511148726,-7.522555021931369,5.371599935082695e-14,1.070937264750895e-12,216862_s_at
2244.9375517394124,0.2794771067277934,0.037152639968271076,7.522402364043878,5.3778776200034065e-14,1.071782254234581e-12,200087_s_at
599.5060228816017,0.5979301662430891,0.07949125268968155,7.521961800970639,5.396035181753539e-14,1.0745859527922526e-12,202088_at
1100.45321692968,0.31529251944426306,0.04192722426271795,7.519995062602413,5.477831083294103e-14,1.0895455494117e-12,222978_at
885.0241434628706,-0.5823635669823641,0.077469162313534,-7.517359806027284,5.5893441067036366e-14,1.1105572407701433e-12,225865_x_at
65.06834689602304,-1.3116165111744373,0.17464156185162555,-7.51033429424308,5.897656433663972e-14,1.1696054196784015e-12,229400_at
133.74600295877264,1.244286802066122,0.16574843876538373,7.50708007468719,6.046074798279564e-14,1.1985870047106158e-12,205207_at
2521.0683989612717,0.9243007373191053,0.12312707389816464,7.506884619734987,6.05510507225087e-14,1.1994722652358545e-12,211990_at
792.1755491576998,-0.5869424586826242,0.0782108955374568,-7.504612428347984,6.161061307578616e-14,1.2195420563408156e-12,225261_x_at
293.9964475508436,0.569287991221324,0.07587176208937159,7.503292075261714,6.223466810455438e-14,1.2305044197015618e-12,225929_s_at
142.37191050616264,0.5450000577493445,0.0727156987302386,7.494943557802984,6.632689841371306e-14,1.3079714143468204e-12,218276_s_at
573.1202343684846,0.3890872518338999,0.05198259523184771,7.484952417218318,7.157306300981208e-14,1.4066000023969554e-12,208815_x_at
392.5290740456712,-0.7164792305401825,0.09572384007355536,-7.484856750310384,7.16252171683062e-14,1.4066486035363095e-12,218187_s_at
295.7191035119958,-0.6291438771970832,0.08410047124204993,-7.480860307980219,7.383763293186564e-14,1.4468541987700473e-12,219696_at
214.9556045907133,0.5192700772537153,0.06941393600802802,7.480775577884814,7.388525908701558e-14,1.4472478218632191e-12,203379_at
138.68033812737906,0.635747913027005,0.0850000285360614,7.479384701115576,7.46713907924295e-14,1.4621014425131667e-12,214791_at
6822.16940300631,0.35886429133358216,0.047990240985949284,7.4778597473317845,7.554275434128469e-14,1.478061769043885e-12,210427_x_at
989.257919278652,0.29952020159793097,0.040054118140820626,7.477887805316051,7.552663201731855e-14,1.478061769043885e-12,232032_x_at
1170.2060713354822,-0.32071341172924395,0.042937859145243874,-7.469245512320067,8.065593154037623e-14,1.5705045669406937e-12,211684_s_at
448.93243415831756,-0.4439371365674192,0.0594577831878083,-7.466425970930709,8.240229712006123e-14,1.6009502117736406e-12,214715_x_at
483.3360102873877,0.6118043236054603,0.08201055155690135,7.460068393528269,8.64775794362919e-14,1.6757900846957538e-12,214106_s_at
1148.3507085944354,0.4177960468431093,0.056006082417267025,7.459833446845412,8.663191892220123e-14,1.678162133076802e-12,200929_at
186.39295324203374,0.4451021926311618,0.05967487025604683,7.458787773167547,8.732212587827038e-14,1.6890419592957753e-12,223172_s_at
646.5213389980041,-0.8461743523116623,0.11349569863938758,-7.4555631839426,8.948475773829602e-14,1.729599837505851e-12,228754_at
388.35505096010945,0.3827683739412317,0.051341719541706486,7.455308808469046,8.9657582541222e-14,1.7323031591438902e-12,203312_x_at
186.7491069631048,-0.7540693205880672,0.10119885082962002,-7.451362484912306,9.238115229926966e-14,1.7823050946900947e-12,230097_at
22.88524389886273,-1.6584901051984786,0.2226181222376154,-7.449933044661385,9.338761437050117e-14,1.8004008384546288e-12,205041_s_at
361.85115336404135,0.46372492818841804,0.062247288324971416,7.449720954388755,9.353786138490155e-14,1.8026361449292688e-12,218021_at
238.66810789943577,-0.5102944007639719,0.06853666543919372,-7.445567967071716,9.65282184775985e-14,1.857540825291729e-12,222790_s_at
478.4976587804203,0.4823030359088099,0.06478637407457466,7.444513492198805,9.730232905108372e-14,1.870382809418674e-12,209092_s_at
664.8265547851621,0.47123263342666016,0.06333823572098136,7.439939367786338,1.0073152341179242e-13,1.9313551555575846e-12,226276_at
592.0381235133535,0.44924476195754937,0.06040358995058616,7.437385134311705,1.0269781368872297e-13,1.966186120436119e-12,201970_s_at
111.50441074301018,0.8590399681527079,0.11552924410319929,7.435692796408758,1.0402132898380841e-13,1.9908000449435786e-12,205119_s_at
443.75821439769214,0.5735082000315912,0.07714644976217393,7.434019346315933,1.0534655247105963e-13,2.0146953124323392e-12,201483_s_at
651.8052408358049,0.3058405163328634,0.04114548055640883,7.433149697050401,1.0604177504173003e-13,2.027253345050229e-12,200830_at
262.35493990967876,-0.3660744704697648,0.04925780199031061,-7.431806854511586,1.0712414803148895e-13,2.0464567341500804e-12,207436_x_at
234.64498272243725,0.39443758251526956,0.05310644278078716,7.427301883943338,1.1083520928898938e-13,2.1150448761704967e-12,216251_s_at
105.30933652738352,0.8987101868026751,0.12107169693680771,7.42295854060548,1.1453263707073603e-13,2.1824322728845035e-12,230422_at
537.3673338967587,0.3873702846569708,0.05219525089364501,7.421561885894389,1.1574714707659928e-13,2.20477548657615e-12,212334_at
220.48743478460605,0.8090899736556368,0.10906700443433757,7.418283630799994,1.1864780736303695e-13,2.2583907526827394e-12,234987_at
211.05997014975054,-0.6713070201263683,0.0905251719598188,-7.415694503450818,1.2098909798870565e-13,2.3012888366624816e-12,223038_s_at
183.43116559965057,0.43804524542136825,0.05910111908042723,7.4117927416104985,1.2460338623814658e-13,2.3679470954569134e-12,225530_at
232.78042383092452,-0.4737850843744183,0.0639327828582129,-7.410675137122632,1.2565805406613393e-13,2.3857779528148855e-12,212237_at
493.9422577447477,1.3503978091651494,0.18222829490094097,7.410472725430612,1.2585000322943745e-13,2.3885594329071343e-12,202917_s_at
153.86423439147964,0.5839480963385592,0.0788054624702275,7.409995170819196,1.26304015949516e-13,2.395446140097749e-12,211495_x_at
180.98529964444958,0.5823344156633781,0.0786058559211433,7.408282866960583,1.2794517970356638e-13,2.4239477195894838e-12,223391_at
1861.5815166840969,0.2884639864805717,0.03894159938207261,7.407605004877399,1.2860065326310526e-13,2.4346104940883406e-12,200668_s_at
453.28105643249427,0.41975763234925817,0.05669428775149204,7.403878750345731,1.3226319773893985e-13,2.500345357543973e-12,1552257_a_at
336.18304581124517,-0.5934472412618859,0.08016613205154625,-7.402717657380594,1.3342524393237924e-13,2.5214060660274213e-12,209023_s_at
97.33605462424005,1.070894303094421,0.1447227512131588,7.3996264866270085,1.365680845873541e-13,2.5786984746111967e-12,204646_at
81.26462920691674,1.269081054760701,0.1715247390252825,7.3988222455399875,1.3739762322310474e-13,2.5918143183298802e-12,206026_s_at
134.91716969124542,0.5604060881025782,0.0757624689177713,7.39688260041808,1.394187051574121e-13,2.6261686848898336e-12,1554334_a_at
375.42249246466935,0.6774879842864314,0.09162914883246485,7.393804186974971,1.4268649333147232e-13,2.685797267386174e-12,213274_s_at
143.8488915603753,0.6907419801016184,0.0934442535105411,7.392022025449626,1.4461256347796663e-13,2.7201033146102573e-12,204341_at
249.4370390579541,0.53460111755496,0.0723242294390382,7.3917291853841744,1.4493148468751091e-13,2.7251267428506075e-12,226112_at
256.75629310728584,0.4718987463464038,0.0638752950728904,7.387813172649976,1.4926326647004303e-13,2.8025658113850097e-12,221704_s_at
1125.3030277027292,-0.37379802795516215,0.05060171578012661,-7.387062319771539,1.5010825455482385e-13,2.8174247178122187e-12,217736_s_at
636.5654862568437,-0.5563449454763011,0.07533205655225948,-7.385235063778626,1.5218428234049242e-13,2.8553705012931948e-12,225897_at
590.836905470727,0.5635844039979336,0.07632254775193947,7.384245162120025,1.5332070919919822e-13,2.87523044391733e-12,201920_at
110.37338118106477,0.7804455209586462,0.10569102069380076,7.384217844008603,1.533521888781116e-13,2.87523044391733e-12,205831_at
157.37547261435245,0.6011940031948365,0.08141784562073962,7.384056881034617,1.5353780151228072e-13,2.8766579752857045e-12,226633_at
300.98725461861625,0.3482172105688781,0.04719051636854659,7.378965889022815,1.5952369171165708e-13,2.9845525433301625e-12,225389_at
333.08518738356474,0.6656794479530067,0.09022333591328212,7.3781294075938675,1.6052890290543022e-13,3.002290378395722e-12,209260_at
546.3212403298681,0.2610773344635824,0.03538774409445481,7.377620166087182,1.6114391044818828e-13,3.0127204089982524e-12,205545_x_at
295.44581052585283,0.9954635170794457,0.13500197917036819,7.373695727995235,1.6596173329631026e-13,3.099485761071176e-12,202953_at
3052.5553688794553,-1.1606712137941186,0.15742985390877795,-7.372624600583474,1.6730110236631186e-13,3.1233897455627543e-12,206239_s_at
1039.8212230959587,0.3853587648039646,0.05229678407752673,7.368689520806751,1.7231344086075745e-13,3.2124017633899423e-12,201093_x_at
63.53664607084843,-1.2914423333898672,0.17538425363072252,-7.363502176820519,1.791468743854408e-13,3.335063704021415e-12,1555019_at
284.2861264462455,-0.5235828553648568,0.07110471128088117,-7.363546605183098,1.7908723226152434e-13,3.335063704021415e-12,223356_s_at
320.3350179717822,0.8768612174086641,0.11913686811633445,7.3601164045409435,1.837499246454773e-13,3.415915649033751e-12,219148_at
516.1305616465589,0.6618326168374401,0.08994190441730147,7.358445666957972,1.8606395896481124e-13,3.4564882642052633e-12,221478_at
590.1030802559044,0.9419497873766788,0.1280298092564985,7.357269317566116,1.8771039882477302e-13,3.485841802062587e-12,204326_x_at
174.4790875064532,0.5422426196346926,0.07371041114882841,7.356391196080192,1.8894875573428352e-13,3.507599049402874e-12,225955_at
128.41569904472638,0.6631049436711928,0.09014920956060155,7.355637913002773,1.900174544626728e-13,3.5261925500816762e-12,228573_at
311.77105266863634,0.4740606897816051,0.06445287182857727,7.355152320325545,1.9070952077886495e-13,3.5377861471981892e-12,204805_s_at
276.5731755812555,0.33797422560598755,0.04596666986767305,7.3525932285052145,1.9439785267031853e-13,3.601122576396165e-12,217861_s_at
607.79214908087215,-0.4806615046799831,0.06538271606844269,-7.351507150250934,1.9598428020287526e-13,3.6279527515963036e-12,211208_s_at
65.47452336865481,-1.096573038644364,0.14922597315470648,-7.348406014464506,2.0058442856410792e-13,3.709188620252684e-12,204365_s_at
111.75374829367132,-1.6941431756537062,0.23058613467710615,-7.347116417151643,2.0252846413169882e-13,3.743820226513296e-12,231341_at
155.67529004198929,-0.5262103711355556,0.07162866690020997,-7.346365553175095,2.0366888649677473e-13,3.763577588238924e-12,243594_x_at
285.2459839890092,0.5254685869957214,0.07154372516682111,7.344719411387471,2.0619119057939345e-13,3.806172051179995e-12,225609_at
484.3963850235902,0.5442643139494602,0.0741184202837852,7.343172073360127,2.085900696234969e-13,3.8464008838572835e-12,209397_at
180.0985843557422,-0.6470261668558789,0.08813467445037769,-7.341334961419445,2.1147381113735874e-13,3.895476575714249e-12,232201_at
345.47499413408707,0.376640617140813,0.05133821269029807,7.336457531408973,2.1932136241665943e-13,4.03155469760235e-12,202329_at
1103.9467388450148,0.7053232062857709,0.0961637836890066,7.334603311437746,2.2237916991003373e-13,4.084905590860508e-12,204875_s_at
106.99516360140947,-0.9267963959424554,0.1263613902420444,-7.334490338917474,2.225668212810325e-13,4.0869240830200504e-12,221463_at
1610.0409693806666,-0.3123825554781669,0.04259916557745132,-7.333067473122476,2.249436109489778e-13,4.127683844208303e-12,217256_x_at
512.8048490197227,1.4244920627436006,0.19435795369595554,7.329219286657078,2.314973299139283e-13,4.239062953413446e-12,32128_at
128.53465000956055,0.6577671416248851,0.08978521033276934,7.326007693104626,2.3711018730263376e-13,4.337309009224718e-12,227542_at
108.33036111518089,0.7222509892327575,0.09864341680803171,7.3218366983203556,2.4459970438905887e-13,4.4649853645233065e-12,204136_at
306.25900094972104,0.3710445719843568,0.05068191292865231,7.321045133136479,2.460470619862614e-13,4.489846283203465e-12,52164_at
468.4113538221965,0.3421113429935263,0.04674534095713371,7.3186190535490665,2.5053569559564613e-13,4.566997206497949e-12,202041_s_at
1800.9432804586568,0.5498713142924941,0.07514854034837538,7.317125678601177,2.5333856950701495e-13,4.614889144496244e-12,200838_at
2294.72654968176,0.7709366674956921,0.1053688681708177,7.316550712549136,2.5442590001484857e-13,4.633090349750641e-12,208306_x_at
3190.511367141469,0.5862304049519763,0.08012985379512627,7.31600492434235,2.554622921476255e-13,4.650351680473263e-12,33322_i_at
252.64013994261313,0.4088892642003873,0.055908697819040086,7.313517934612623,2.6023755464078046e-13,4.7339994623023805e-12,223363_at
27.886102997569754,1.5183456796937584,0.2076257583739059,7.312896490229422,2.614444145641778e-13,4.753241255075524e-12,204614_at
179.28013431465973,0.5368319708031409,0.07340910272747897,7.312880158691689,2.614762048259569e-13,4.753241255075524e-12,218951_s_at
189.50971861026028,0.4791333480975016,0.06553570004352306,7.311028153804769,2.651059746778536e-13,4.81422923055284e-12,208012_x_at
384.94091688918587,-0.4570522583709641,0.06251610401398855,-7.3109523630694335,2.6525556742106406e-13,4.815281896458238e-12,212603_at
466.3280994252076,0.37869196567130037,0.051818085360428146,7.308104169369708,2.7093772349499264e-13,4.908259607223662e-12,200744_s_at
18.889150228372657,0.5089100730904083,0.06965988727378758,7.305640204242862,2.7594966983885727e-13,4.993890822558989e-12,209975_at
295.96488696794904,0.3521747511851968,0.0482078202151625,7.305344850967344,2.765565258822757e-13,5.003150313671985e-12,227305_s_at
406.08000883448847,0.5062804626932954,0.06930689861895696,7.30490719945181,2.7745817011895677e-13,5.0177345741333975e-12,208613_s_at
93.67110025568961,0.9657759848232677,0.132212651839744,7.304716843543024,2.7785123945805433e-13,5.023114564320119e-12,220330_s_at
132.5299515406651,0.8861811689868963,0.12136808322251692,7.301599773658506,2.8436608649428847e-13,5.133828687605922e-12,204324_s_at
334.5483912694413,1.2744360065536509,0.1745494422194147,7.301289481931661,2.8502276598118326e-13,5.14391704786233e-12,209924_at
255.30581270555325,-0.5701021164143433,0.07808420285811113,-7.301119759784075,2.853825838711318e-13,5.1486427438254244e-12,220952_s_at
1123.5950203669609,0.31839571809207323,0.043625246395243664,7.298427960897134,2.9114931876596083e-13,5.243681048124163e-12,201175_at
877.2318886742096,0.9678756024670137,0.1326263325516068,7.2977634519932115,2.9259044260523926e-13,5.2678308053017275e-12,213693_s_at
195.02859354515053,0.4754859822746864,0.0651581455622646,7.297414285990013,2.933504862365834e-13,5.279705977286782e-12,222424_s_at
275.1638970489236,-0.6299544486313801,0.0863404043636833,-7.29617209085429,2.9607017592909985e-13,5.323185776865519e-12,203159_at
785.2807618918107,-0.4323059009142845,0.059263804189842666,-7.294602613248682,2.995418594598577e-13,5.381922352838756e-12,201177_s_at
268.201311595483,0.4140330621784546,0.05678002470432681,7.291878866458189,3.0566193280310686e-13,5.4862558799639615e-12,200623_s_at
360.8438991305497,0.3430167643830629,0.04706165166586195,7.2886682094900594,3.130338927849528e-13,5.61090832244898e-12,201198_s_at
781.7110036225754,0.3320992613945842,0.045568033940435515,7.2879874920364,3.146191733136227e-13,5.6374006254088394e-12,208717_at
288.60507826026947,0.3905192997762748,0.05358934837227215,7.287255987205374,3.163315189725816e-13,5.664220323027276e-12,200854_at
9865.521068537979,0.16768652261257877,0.023032275209461814,7.280501864778518,3.325805885265206e-13,5.943026266379723e-12,201550_x_at
215.49946404737804,0.414576630916279,0.05694529203067311,7.280261741268633,3.3317311983019253e-13,5.949003712802092e-12,218220_at
464.49489488631923,0.6829638259762145,0.09383509566716872,7.278341020705879,3.3795017300500817e-13,6.028728239003802e-12,202087_s_at
139.31059719198103,0.5866001716844099,0.08060548882985427,7.277422173105757,3.4025917713600393e-13,6.0678591093334075e-12,231775_at
502.65179235133166,0.3928024113055705,0.05401374869663468,7.27226716871151,3.5350354945825475e-13,6.293369084765962e-12,212900_at
1596.9656306346442,0.31109055689849296,0.04280053345677759,7.268380362890801,3.638231625739709e-13,6.472702263342066e-12,201786_s_at
212.73295702568504,0.3881591243898186,0.05341898351588919,7.266314310798571,3.6942844759294015e-13,6.569957344424121e-12,226354_at
203.05512234249804,-1.040448195626459,0.14326184837787034,-7.262562974073544,3.798235831467941e-13,6.741387567948874e-12,235147_at
124.72109762241715,-0.7181940039586036,0.09889465649319136,-7.2622124331666935,3.808094978658241e-13,6.756604439851627e-12,1553705_a_at
179.4266525296333,0.5254695120942022,0.0723691303133742,7.260962095562072,3.8434665003902204e-13,6.81706170980451e-12,226609_at
297.2792775928887,-0.47520206765227047,0.06546039269547468,-7.259383087769369,3.888597252013177e-13,6.892456660448584e-12,222394_at
367.37335743387865,-0.26711889164818053,0.03680701456525767,-7.257282200233523,3.9494518796946786e-13,6.997960016367975e-12,223406_x_at
639.9537979142342,0.3595919402426062,0.04956384257259712,7.2551263497357965,4.012870653031253e-13,7.103145985160137e-12,209043_at
287.3519188467008,-0.44733820495754306,0.06166007831463519,-7.254908154266261,4.019344777146093e-13,7.1098164058611846e-12,207730_x_at
198.85017471461342,0.4320456673119845,0.0595548093461089,7.2545890425256285,4.028831682926953e-13,7.121803574320319e-12,218774_at
318.48812139384034,-0.48014239552530585,0.06619354698025585,-7.253613341924739,4.0579749919218676e-13,7.16849807480544e-12,202813_at
1416.1340025174677,-0.4485700806118937,0.06184860233765242,-7.252711680742566,4.085090801514324e-13,7.21397385694838e-12,201669_s_at
346.66451567620646,0.6233442504923742,0.0859966307355008,7.248472936219902,4.214966285193501e-13,7.438325659907966e-12,224759_s_at
614.7538668143217,-0.370934590971426,0.05118585454982702,-7.246818368741673,4.2667552252568024e-13,7.5246662452398e-12,206792_x_at
280.5912605488251,0.39877557960654986,0.05502809556577866,7.246763230791214,4.2684917908594726e-13,7.525203541658125e-12,208970_s_at
287.1111748572308,0.39611835483527763,0.05470291183569961,7.241266352054906,4.4451443643664335e-13,7.831381727285068e-12,52940_at
126.32915984242955,0.9051362828695667,0.12499905035652112,7.241145275007654,4.4491151179207247e-13,7.835750533083303e-12,203561_at
367.679160491777,0.4045296734117182,0.05588427982267111,7.238702452556413,4.5299762267371536e-13,7.96748228313067e-12,208658_at
288.29752130749813,-0.603549285253343,0.08344474889664576,-7.232921103290706,4.727140533958434e-13,8.292060868546448e-12,205726_at
242.90031901961595,0.39638839396802145,0.054813644020932396,7.231564349501148,4.77461757708774e-13,8.369754908147735e-12,224130_s_at
90.95902395045327,0.7721171967878423,0.1068758304813276,7.224432252928691,5.031996390578886e-13,8.791606991704879e-12,206133_at
187.43301510246928,-1.0006348945522021,0.13850658793805745,-7.224457041709116,5.031078658242888e-13,8.791606991704879e-12,209460_at
1718.8590382933999,0.9604943117231138,0.13303637246796327,7.219787295045287,5.206895337020592e-13,9.082083555983411e-12,210982_s_at
281.94014294715674,0.6737706462199721,0.09334691447866876,7.217920913432433,5.278839951204856e-13,9.19955634174922e-12,225056_at
173.9979354444943,0.4920698298595381,0.06817507188467863,7.217738335383022,5.285930091686381e-13,9.20771528135519e-12,227935_s_at
136.04515721539823,-0.9224298996105158,0.127808010293438,-7.2173089737699785,5.302640563912259e-13,9.233763160896118e-12,239595_at
1250.2332831261808,-0.44593412780387853,0.06179172616780608,-7.216728767098488,5.32530425145602e-13,9.270156993409064e-12,201464_x_at
686.7469999222565,0.2762250731150746,0.03829084237004428,7.213867755784115,5.438457483823379e-13,9.463916460127123e-12,217716_s_at
371.66986545040595,0.4166329360126675,0.05777861848392462,7.210849738966753,5.560378667525776e-13,9.660169933657839e-12,202226_s_at
926.5792456634603,0.6229910238217974,0.08641268596831045,7.209485700401244,5.616359500782438e-13,9.754202154795778e-12,212268_at
6661.313395133489,0.23001770091753768,0.03190644707637127,7.2091292511186635,5.631079317647774e-13,9.776535925327423e-12,212639_x_at
138.22444189825688,0.7227967802145251,0.10030598019209788,7.205919116988671,5.765361983051916e-13,9.996464323896746e-12,202855_s_at
91.08306429858641,-0.8693206386109812,0.12066422995474752,-7.204460169654262,5.82742533354718e-13,1.0096849395345387e-11,214596_at
159.20784505020026,0.5599661652997096,0.07772533310556413,7.204422842925368,5.829021780545325e-13,1.0096849395345387e-11,242560_at
245.35911116987924,-0.4378380353491374,0.0607937387935291,-7.202025143348167,5.932474931880654e-13,1.0265896857756203e-11,221513_s_at
226.10378098100819,0.4012772285444444,0.05574639110959011,7.198263789948051,6.098407832945716e-13,1.0542622541204907e-11,226574_at
714.3013791718816,0.5394967022248497,0.07495544572065019,7.197565127362302,6.129727374996534e-13,1.0593281567430708e-11,208622_s_at
68.22724160545889,1.6716383127889356,0.23225433082867283,7.197447327783325,6.135023610870906e-13,1.0598949074480919e-11,210163_at
649.0158943606489,-0.5855282528678623,0.08137230777839072,-7.195669741387813,6.21549089222588e-13,1.0734436685837624e-11,211574_s_at
895.9886597554882,0.29370585468888355,0.04083622149104049,7.192287728024076,6.371458014216465e-13,1.0989353609423436e-11,222430_s_at
1529.0589779899476,0.3391428992291495,0.047156985020265836,7.191785036371641,6.394966075955843e-13,1.1022664714850225e-11,200039_s_at
455.9295740562169,-0.38340970654332573,0.05331727303202581,-7.191097457535478,6.427258203327569e-13,1.1067435374104754e-11,217810_x_at
275.1864201262007,0.3584140674789241,0.0498594280050162,7.188491361009301,6.551113125236184e-13,1.1269630087844925e-11,207163_s_at
293.61903204640026,-0.5099347723885043,0.07095853647119821,-7.186376689089195,6.653332377990701e-13,1.1423039196109876e-11,209020_at
224.138533549121,0.42992164851569503,0.05983154348391771,7.1855349784057445,6.694453289940935e-13,1.1486134449871233e-11,204172_at
295.25961308125886,0.31734316175328936,0.04418398728011121,7.182311540636732,6.854250965539085e-13,1.1745410298107076e-11,208648_at
1906.5602082535966,0.3142289960546099,0.04376152532341002,7.180485454571544,6.946432018160193e-13,1.1895170683688198e-11,211662_s_at
1402.8293999522145,-0.7936944193813003,0.11055855728563206,-7.178950583904254,7.024852921954049e-13,1.2021625544134584e-11,214070_s_at
551.7585362700528,-0.4248405950965617,0.059181730369787446,-7.178576774318935,7.044083130970966e-13,1.205061018440912e-11,217770_at
310.3958500812413,-0.47006141223826137,0.06552333040827796,-7.173954823561222,7.286166279049337e-13,1.2456642245580964e-11,226536_at
130.89752577563445,0.7914649766647502,0.11034505277409305,7.172636713356771,7.356688754907615e-13,1.2564947053149653e-11,222262_s_at
144.8241918478511,0.5926998065010349,0.08266233039915707,7.170131831984727,7.492558031757128e-13,1.2784542038992339e-11,217362_x_at
519.1251593727801,0.2953551667074352,0.04125487187839743,7.15927969860195,8.110206307627654e-13,1.37847277584432e-11,224472_x_at
406.57157629474864,-0.3756361657644509,0.052473607697568855,-7.15857327610151,8.152101031518697e-13,1.3851400865730171e-11,225657_at
588.7090962642408,-0.38931336667507715,0.0543931461733133,-7.1573974675891145,8.222304412010278e-13,1.3957202392402716e-11,219206_x_at
1943.3609416849738,0.3211800633337931,0.044889701023230554,7.154871964230314,8.375105432715946e-13,1.419823519067593e-11,212352_s_at
257.2115486209203,0.5707128759417913,0.07978996362247685,7.152690013020902,8.509362063020128e-13,1.4411892164355776e-11,223441_at
312.0645034039434,0.3602594945605218,0.050385233760101865,7.150100687749463,8.671427220983271e-13,1.4676914208423665e-11,208644_at
274.6397747672352,0.3544735768540464,0.04958939573897884,7.148172942454689,8.794047828136667e-13,1.486530683692166e-11,1555041_a_at
128.70512354337998,-0.6443990294977799,0.09016995434805386,-7.146493908718365,8.902233795047212e-13,1.5033675927535706e-11,226458_at
138.67306125534301,-0.6223852968376651,0.08712275251588011,-7.14377448903742,9.080232704616694e-13,1.5309674352211284e-11,218197_s_at
398.58546973355226,-0.46598050490890297,0.06523519643656642,-7.143084260687624,9.125964392106555e-13,1.537198502124256e-11,217679_x_at
183.46460075095803,0.443935174054855,0.06215483388090458,7.142407860110818,9.17099918466187e-13,1.542806309701408e-11,225868_at
99.84865413494957,-0.6819928491209291,0.0954979227023519,-7.141441717497517,9.23570351533162e-13,1.552697257020915e-11,210610_at
1285.2836011128338,0.3909091436331788,0.05474751553674764,7.140217045480222,9.318366252305918e-13,1.565092425770806e-11,201653_at
957.9798211373723,0.5641820528619262,0.07901916768693994,7.139812647699815,9.345821378898247e-13,1.568701043585495e-11,201761_at
624.0580844265103,0.43885389861975144,0.06146542022503613,7.139850293271032,9.343262221190949e-13,1.568701043585495e-11,214730_s_at
266.8390301051006,0.7055605174956069,0.09883967620837729,7.1384341244513925,9.44000914185528e-13,1.5834990119408313e-11,227038_at
637.596241004879,0.8707534471796705,0.12209826337714484,7.131579296013672,9.922376257838668e-13,1.659645327353448e-11,216336_x_at
442.44551252075735,0.47501596832030524,0.066614554179153,7.130813591318176,9.977737293368226e-13,1.667459277048338e-11,218171_at
370.984533775032,0.2964439598066426,0.04158451238445769,7.128710734081837,1.0131339593968267e-12,1.6924425334437642e-11,201716_at
172.51645059319688,-1.0623369454839675,0.14902333622784855,-7.128661673898592,1.013495073522055e-12,1.692507788175344e-11,205499_at
677.2356548328513,-0.4704996544219242,0.0660017462199384,-7.128594035286167,1.0139931438251044e-12,1.692801641695824e-11,201001_s_at
224.32597477262485,0.5683145008318057,0.07975225792292959,7.125998882451822,1.0332855535838444e-12,1.7239139359696937e-11,218898_at
170.38251111308588,-0.7877199698361336,0.11056664601105641,-7.124390566729892,1.0454221173078718e-12,1.7430556457169382e-11,1557270_at
3193.6077117961577,0.3050606457269134,0.04283534931755827,7.121703233125464,1.066013972885141e-12,1.7740119800825112e-11,213011_s_at
264.02171927629945,-0.8369744788343542,0.11761883443362889,-7.1159902482000055,1.1111215167908309e-12,1.8479076010577637e-11,224835_at
287.69244842489064,0.49991543970564883,0.07029545926659737,7.111632030309474,1.146786801299003e-12,1.904209591010041e-11,227278_at
103.09924117419503,-0.7498131404899466,0.10549182300535985,-7.107784462610433,1.1792051905971135e-12,1.9555679894806154e-11,204431_at
209.26523182753147,0.44875848139900826,0.06315637871889339,7.105513180171634,1.1987626406707821e-12,1.9842433516469346e-11,222555_s_at
1178.6577958913406,0.9188382494521657,0.12933269215513812,7.104454675311281,1.2079855558713238e-12,1.9982522160296365e-11,208581_x_at
388.22163111577805,-0.4464814021388218,0.06284980053466462,-7.1039430251264895,1.2124685696149041e-12,2.0050369165368682e-11,207365_x_at
176.48853910318584,-0.48474408174706496,0.06824367164126427,-7.103136013771557,1.2195727025128347e-12,2.014882860982695e-11,209595_at
377.16349527336376,0.37691073124867075,0.05306333883447488,7.103034590876413,1.2204684138874053e-12,2.0157290076504934e-11,202433_at
156.97068368900918,0.676243308681506,0.09520610024904659,7.102940955595731,1.2212959223805393e-12,2.0164620139738254e-11,218051_s_at
1079.5405734032756,0.5527437518895979,0.0778511118646902,7.1000110165452615,1.2474694492390555e-12,2.0583833417679536e-11,200782_at
1651.8261151571141,-0.5751813971859859,0.08104723529043371,-7.096866353612392,1.2761735770554397e-12,2.1050855671240294e-11,222994_at
376.9515036623891,-0.36401841899856774,0.05130593064157874,-7.095055375597539,1.2929970187104875e-12,2.1314982848591894e-11,232215_x_at
474.50732662432955,0.49393334127299116,0.06961785783888433,7.0949230069114515,1.2942351829292885e-12,2.132870360729565e-11,217301_x_at
261.9516959336636,0.31745202291900265,0.04474910716567182,7.094041491011651,1.302510522283783e-12,2.1451625818897502e-11,204178_s_at
554.5938552714603,-0.6015020519119922,0.08487991963323673,-7.086505907534578,1.3754034804963209e-12,2.2630856140890307e-11,225227_at
145.42165162349806,0.8421221113800941,0.11888517592101336,7.083491317198329,1.4056720441018722e-12,2.308552768929056e-11,219959_at
132.8223047525827,-0.669148771083468,0.09447332513619987,-7.08293870379573,1.4112911150213252e-12,2.3170569590387607e-11,229765_at
382.22818428395453,0.7675153428572322,0.10836639030446246,7.0825958186929325,1.4147887048134378e-12,2.3220738785997944e-11,203416_at
332.39770609207136,0.4754112334050593,0.06714825395361794,7.080023759567083,1.4412974832367142e-12,2.3633681102659058e-11,223299_at
294.0736023910298,0.3699628693821717,0.05226816373096119,7.07816848677665,1.4607206708198842e-12,2.3944701850988208e-11,218478_s_at
320.8824839906339,0.3133349853626397,0.04426898281291002,7.077980234758473,1.462705807594538e-12,2.3969766452236782e-11,217923_at
216.28492417907515,0.6750972245080334,0.09539644330024963,7.07675465827631,1.475694500207873e-12,2.4175077544864266e-11,205774_at
2793.9591582904163,0.41522722607854406,0.058677621426101,7.076415437212023,1.479309525140312e-12,2.4226747517676523e-11,200905_x_at
204.1108577225608,1.681612977068491,0.23776469577365458,7.072593227504811,1.5206475410414698e-12,2.4872739144691378e-11,211122_s_at
308.02389063802457,0.5717653179557545,0.08091063420966017,7.06662756435902,1.5874424617086302e-12,2.5900792031243514e-11,226895_at
994.4203051126004,-0.4339194462389568,0.06141473093846332,-7.065396845485456,1.6015762329885662e-12,2.6115183787924638e-11,203038_at
200.05931233696006,0.4577439169262625,0.06479936654252946,7.064018390146354,1.6175532351890157e-12,2.6359346580503422e-11,209674_at
734.0308534961629,-0.6023421929518338,0.08530792401348711,-7.0608000360740695,1.6554668008871675e-12,2.696045932873387e-11,202157_s_at
181.07931346399383,-0.4674874229587627,0.06622379006466196,-7.059206706567241,1.6745581820396245e-12,2.7229186478623276e-11,213710_s_at
373.1234736777557,0.48987566840904134,0.06941792013955869,7.0569050098906585,1.7025191860782092e-12,2.765817412833206e-11,202211_at
191.46663455123283,0.4218436585245435,0.05978997591162987,7.055424460247855,1.7207464270969253e-12,2.7928384104277892e-11,209461_x_at
384.0490963489151,-0.4174391312103308,0.05918907644171876,-7.052638025554721,1.7555712362779233e-12,2.847601566399691e-11,210276_s_at
381.86955526722915,0.35538543280986656,0.050399884813292745,7.05131438546731,1.7723553814719228e-12,2.8704805305906735e-11,221255_s_at
695.7748377490348,0.30920636712287153,0.04387217645715401,7.04789212873552,1.8164836542104336e-12,2.934629018240858e-11,209103_s_at
504.9443815724765,0.27465019303418003,0.03898396615812584,7.045209097508202,1.851832077742338e-12,2.988062112793087e-11,201696_at
271.95143662133,-0.8151647194241834,0.11571574396757132,-7.044544601058164,1.860690423198302e-12,3.00051317891266e-11,220951_s_at
312.85225705547697,0.8000811611355498,0.11359572951411345,7.043232739098221,1.8783009515103804e-12,3.0233454274326655e-11,211656_x_at
331.666157355221,-0.49614947019667816,0.07050388180531247,-7.03719366214093,1.961501487040664e-12,3.1466651144668824e-11,212194_s_at
286.9268434008295,0.5087110871244214,0.07232322503275225,7.0338551259854185,2.009037280356874e-12,3.218011131724326e-11,200890_s_at
525.7211295226718,0.32139600972748467,0.04571061182002845,7.031102777466272,2.049074900227274e-12,3.279143797397812e-11,201680_x_at
187.48547239841935,0.5831357850834636,0.08293784452628712,7.030997591197815,2.0506204410916883e-12,3.279619801008295e-11,48808_at
762.1991917961424,0.4481997953057387,0.06375621015903649,7.029900211880977,2.0668129903265217e-12,3.3045114053428664e-11,46323_at
381.8799005133303,-0.5052850133367958,0.07188226000057854,-7.02934233471136,2.075092852323048e-12,3.313717099999559e-11,210993_s_at
454.5496770867352,-0.3471601770643793,0.04939141904282562,-7.028754868601133,2.0838470351000402e-12,3.3266858166053316e-11,203315_at
306.34420557271767,0.3109485798836607,0.044263309084657504,7.024973647789052,2.141066541140254e-12,3.416993956971908e-11,38269_at
169.58902833661514,0.6585427887469875,0.09376259183677882,7.023513064713202,2.163579079607406e-12,3.4518741636213603e-11,209357_at
536.8917682349318,0.2556319075125663,0.036409013326400445,7.021116041263489,2.2010295109378166e-12,3.510558571102459e-11,217855_x_at
78.53065780002804,0.7986136442012263,0.1137678442863063,7.019678092796135,2.2237999657999206e-12,3.5436501941373263e-11,AFFX-HUMISGF3A/M97935_5_at
1447.4089805996095,0.38760800798346706,0.055236581627265975,7.017233807099593,2.2630374589516005e-12,3.603990018719467e-11,224511_s_at
354.6857574396217,-1.615557490558076,0.23028270072616278,-7.015539966587382,2.2906257514848242e-12,3.646820531461177e-11,207003_at
222.28007799877204,0.3821724687535149,0.05448728252086578,7.013975575074107,2.31639851679563e-12,3.686735543660737e-11,203089_s_at
131.69855562894926,0.7542934114203772,0.10763240013228652,7.008051576414783,2.4165973121116606e-12,3.838073591438991e-11,218340_s_at
131.99908238328584,0.7424175933689807,0.10601158989185917,7.003173842844068,2.5022802218729865e-12,3.970556605685777e-11,219352_at
345.32835069724746,0.3200395159074517,0.045703816914540625,7.002468010623232,2.5149232076489765e-12,3.9882098447430386e-11,225404_at
120.1195307017664,0.7040026346976216,0.10056335780206109,7.000587988353674,2.548904946708941e-12,4.037225755555807e-11,222037_at
10512.498635731243,0.18862566401437042,0.02694525183195451,7.000330343570154,2.553596868106069e-12,4.043438680519625e-11,217398_x_at
207.22016670864713,0.4388153379401459,0.06269731830610746,6.998949074627329,2.5788956981298175e-12,4.0798098892087425e-11,202679_at
203.7283656215742,1.061204562222922,0.15165376493394495,6.997548413553369,2.6048006790505003e-12,4.1195514561185674e-11,203645_s_at
182.32614481775633,-0.7080957250294583,0.10121255650521839,-6.996125278121492,2.6313826545846836e-12,4.157837763951998e-11,202259_s_at
1190.2959702650264,0.4186032053920969,0.059849834603472596,6.994224932541564,2.6672933564230958e-12,4.2095175691729544e-11,208623_s_at
425.31814369003683,0.5952237237233221,0.08510190346657287,6.994246890812727,2.666875680571491e-12,4.2095175691729544e-11,218009_s_at
249.3840455905716,0.3362023014075011,0.048070434386219635,6.9939518063494,2.672493948625485e-12,4.2164589305332855e-11,212045_at
746.0222275495281,-1.9912679842391523,0.2847226887847349,-6.993710240439089,2.6771018879933945e-12,4.222461363193423e-11,205950_s_at
79.35705373484933,0.9586334281810217,0.13711028465414532,6.991695995666062,2.715828760320126e-12,4.2758437588335505e-11,205568_at
165.87277048907865,0.5109567806873457,0.07308348402377567,6.991412458129668,2.7213241192702983e-12,4.2832125715522986e-11,222688_at
267.24281581572734,-1.2128585694070075,0.17351748231481126,-6.98983499084276,2.7520973529484813e-12,4.330351026552529e-11,225721_at
873.7867322597207,0.4709422666279118,0.06744237501321777,6.982883780940597,2.89181631796821e-12,4.5379669983428276e-11,200931_s_at
640.6230048993995,0.36471581694974325,0.05227459846983814,6.976922398747457,3.0171624812728832e-12,4.724790138284121e-11,208270_s_at
455.8018461006348,0.47543491414435024,0.0681609366864691,6.975181640054116,3.054758792565151e-12,4.7793924853965154e-11,201697_s_at
928.5387221471979,-0.565055858763083,0.08105652549603708,-6.971133481297678,3.1439748686769223e-12,4.908747927761348e-11,207549_x_at
344.8670843611239,0.5386982687991342,0.07728022154954317,6.970713307981176,3.153380001939031e-12,4.921970080840624e-11,225262_at
321.15763104282195,0.4010244747881809,0.057547814038673664,6.968544009659198,3.202378077946914e-12,4.992517873284548e-11,226143_at
132.17795879670336,-1.4814854614393405,0.21260840073034898,-6.968141693132376,3.2115469375488083e-12,5.0053273355854114e-11,225720_at
317.1642598867037,0.39293454962413277,0.056391526538890034,6.96797149751121,3.2154334673289533e-12,5.009898916157895e-11,202369_s_at
124.24211304146975,-1.2748407383508966,0.18296285850261873,-6.96775700152635,3.220338194629185e-12,5.0160537486823415e-11,207412_x_at
488.679869711572,0.3129840401403935,0.044936432578640315,6.965039772408737,3.28310986085227e-12,5.107772517087928e-11,202347_s_at
400.71385021048826,0.5041845100661939,0.07239464468873946,6.964389593096748,3.2983068633522567e-12,5.1268624340909347e-11,208813_at
419.92046714033415,0.2697464023160249,0.038738843658712566,6.963202223909375,3.326238107341204e-12,5.168749778036949e-11,207830_s_at
154.15528997890846,0.6559621268652551,0.09425275224889104,6.959607133095395,3.41222948448152e-12,5.2914224941706047e-11,208296_x_at
227.99758436377502,0.5626256090996806,0.08085250262272468,6.958666594712767,3.4350837036361087e-12,5.3252917097608276e-11,202693_s_at
210.08065500548454,1.0513082911963985,0.1511308023968378,6.956280748353889,3.4937329655719452e-12,5.411424764888536e-11,215049_x_at
206.42576063496216,1.006544470659913,0.14474316276628924,6.954003570345761,3.5506261601812774e-12,5.496306545571925e-11,226702_at
660.9672480944819,-0.43825289049961896,0.06308215212161448,-6.9473357480689995,3.7224906578452776e-12,5.745426550143927e-11,226979_at
2165.174353652491,0.9245881260802953,0.13309915380150983,6.946611602498461,3.741639578106833e-12,5.773286153488741e-11,208894_at
262.12746789973374,0.33410948792241,0.04809875924577116,6.946322382563016,3.7493145162261995e-12,5.7834304398518254e-11,202632_at
27.954413242148817,-1.0488091873531982,0.15110409010426915,-6.940971529158933,3.894124963578826e-12,5.985722238546991e-11,223761_at
238.33119173451777,0.34465114264772084,0.049655865240737423,6.94079422394136,3.89901607534986e-12,5.991488035787618e-11,202767_at
186.37447696689804,-0.41072338840401823,0.05917992960254864,-6.94024800574163,3.914121847419401e-12,6.01294240190819e-11,222641_s_at
64.42392718245176,1.0533591149084442,0.15179667844223535,6.9392764434518845,3.941132514256217e-12,6.0526673919994525e-11,209016_s_at
8895.92570291168,0.22209428965943118,0.03202230421369849,6.93561238370922,4.044652053754907e-12,6.202586636505264e-11,AFFX-HUMGAPDH/M33197_M_at
659.588048194024,-0.37855303324545175,0.05459080281385072,-6.934373809014688,4.080244357545541e-12,6.2553431145405e-11,211988_at
194.0495049837994,0.4741882429275884,0.0683838199181664,6.934216946275307,4.0847738934814856e-12,6.258635778368106e-11,205455_at
205.61069222321112,0.41028299624478487,0.059167699585913135,6.934239443415281,4.084123968057454e-12,6.258635778368106e-11,218646_at
1063.1394713565935,0.41016499603707157,0.05917612106847221,6.931258565637869,4.171128535882634e-12,6.385362338327293e-11,201412_at
5388.458487267861,-0.6833784587507286,0.09864481525918804,-6.927667277344075,4.278365160089612e-12,6.541902898555411e-11,211657_at
8366.11234447118,-0.27192751837621565,0.03925751126079498,-6.926764067384465,4.3057577527367056e-12,6.581872976652846e-11,201406_at
2499.296759903135,0.2546818100744775,0.03676808007645543,6.9267095139287385,4.307417747199309e-12,6.582495850139938e-11,208616_s_at
279.5076878196683,0.456677491837561,0.06594222054175226,6.925418769427231,4.34687705510792e-12,6.638935680155235e-11,225367_at
512.4731345783139,0.7999531021580497,0.11554526664308555,6.923287516649825,4.412808493435368e-12,6.735717036421793e-11,202912_at
1118.9491187261458,-0.44714199751818695,0.06458838657327458,-6.922947316711665,4.4234230978330545e-12,6.749958695804831e-11,207941_s_at
51.640596027620184,-1.1009664051850654,0.15907406243416555,-6.921093158356421,4.481716287744001e-12,6.836926495968018e-11,201495_x_at
131.23449292477474,0.6737319086992934,0.09734765969556258,6.9208844959012845,4.488323417261596e-12,6.8450188296798e-11,230925_at
314.068093479118,-0.42653040389607305,0.06163379076342916,-6.920398674377138,4.5037435857191694e-12,6.866543092656955e-11,209565_at
781.5803032517704,-0.3878500535326323,0.05611781119119784,-6.911353905290361,4.800497594948412e-12,7.306265583692987e-11,202951_at
304.9786911831872,-0.7044860604288856,0.1019438090520085,-6.910533037562675,4.828359711871714e-12,7.346543610240476e-11,203123_s_at
449.5110428003233,0.2974580374579041,0.04306685568357516,6.906890060500717,4.953935465528152e-12,7.51802265247954e-11,224706_at
264.5671994687037,0.4283396895326777,0.06201809086420049,6.906689379887601,4.960945321102201e-12,7.526487309619084e-11,203109_at
448.46478061776224,-0.4297682339894455,0.06223426164283627,-6.905653295220154,4.997291149884329e-12,7.577254445788258e-11,212418_at
221.19757563820872,0.7006878935030749,0.10147969956168887,6.904709971841522,5.030609845466366e-12,7.625574554907396e-11,203140_at
261.84389197910394,0.4859717905039157,0.070388181107546,6.904167473249524,5.04986971264159e-12,7.652562078378492e-11,203282_at
387.64316448365116,0.32882646787351594,0.04763207213118091,6.903467625089094,5.074822622882526e-12,7.688158781290525e-11,210386_s_at
392.3980961655979,0.653214499554567,0.09467842435496669,6.899296265277362,5.226077942832957e-12,7.905909620254554e-11,202870_s_at
217.3007912582625,0.40701095951180133,0.05900132121104402,6.898336361925671,5.2615049914216574e-12,7.952635413263554e-11,204297_at
314.1674966568581,-0.5612885818730885,0.08136867531629657,-6.898091675835274,5.2705731788416574e-12,7.964051260518817e-11,205105_at
59.96699685622967,1.1443826698297526,0.16589987625223931,6.898032088280751,5.272783841602543e-12,7.965101523759127e-11,208473_s_at
230.9559568812787,0.4712086995251075,0.06832368030908076,6.896711321659881,5.3220174885892855e-12,8.034855130575159e-11,214662_at
692.324067187314,-0.36367203761987393,0.05274153636404813,-6.895362985060388,5.372743598368207e-12,8.109108761305077e-11,211630_s_at
379.92336652413894,0.30232663564078877,0.0438470473737111,6.895028371330004,5.385405401120445e-12,8.125885600071314e-11,202560_s_at
501.55767993966276,-0.7180047867932101,0.10416773373945719,-6.892775344321815,5.471424800079341e-12,8.246207598031823e-11,206059_at
165.8836916393861,-1.0597094574988466,0.15375808006153183,-6.892057035797831,5.4991314981481485e-12,8.2832145816474e-11,210445_at
28.393680665942785,-1.3841672197720705,0.20095203969668868,-6.888047625001932,5.65632768608039e-12,8.510238912518431e-11,205719_s_at
188.56182903051226,-0.5284368326851179,0.07672117585532602,-6.887757216880996,5.667883191862909e-12,8.525184123215894e-11,212675_s_at
886.5935548604024,1.1858444215187063,0.1721773557579985,6.88734250969363,5.684424751103176e-12,8.547618265221068e-11,205890_s_at
150.6419104653594,-0.7331146820349029,0.10651574822953633,-6.8826881866808645,5.8733497193331444e-12,8.821606777646015e-11,222891_s_at
374.2741099049972,0.31245689221715395,0.04540196965196337,6.882011829274063,5.9013111531358274e-12,8.858540598169102e-11,218076_s_at
683.8175312551853,0.3771997090120933,0.05483775133889022,6.878467840175427,6.049970418565471e-12,9.066157552816931e-11,217980_s_at
512.9593965288503,-0.43273445046255266,0.06291390655144055,-6.878200292787958,6.061341024030313e-12,9.080607644723177e-11,238199_x_at
513.3008058101383,0.35739788783015786,0.05196444254518191,6.877739283345693,6.080982809654229e-12,9.104842466625878e-11,222979_s_at
1619.6265437831319,-0.34752082459639444,0.0505329736268367,-6.877110125413943,6.107889427549584e-12,9.137131278125844e-11,212043_at
264.27730605002654,-0.6447553009259995,0.09378351803956664,-6.874931911319232,6.201947436491651e-12,9.270112217786752e-11,235308_at
233.041317267174,-0.5036493032063315,0.07327418338946051,-6.873489132309792,6.2650284448573025e-12,9.359076318676255e-11,228248_at
353.6363596989769,0.2948869530024063,0.04290876759290491,6.872417213193667,6.31230147416367e-12,9.421661223322849e-11,218134_s_at
149.00833723221436,0.5289614262092404,0.07698206911858148,6.871229005217304,6.365111567290726e-12,9.49778743064727e-11,222654_at
221.46096795881442,-0.3593678595931201,0.05230347860201317,-6.870821390822139,6.383327612050402e-12,9.522265095762044e-11,215373_x_at
4361.2373008262375,-0.3003159456653625,0.04371171147571514,-6.870377194729807,6.403236647224714e-12,9.54925365375277e-11,221476_s_at
111.49153855977049,0.9173158890947315,0.13353385359848768,6.869538056266507,6.44101335356152e-12,9.600933873351628e-11,213358_at
129.25072581695756,-0.5770670333699418,0.08402277765027485,-6.867983295813526,6.511584352937239e-12,9.691583236597668e-11,208879_x_at
506.9462049898936,-0.4881712245889515,0.07108069703228445,-6.86784520932915,6.51788865090492e-12,9.698219710069569e-11,212474_at
666.3107608735754,0.3488603308321981,0.05080065052409717,6.8672414079956905,6.545525358187302e-12,9.736584762925997e-11,201542_at
220.36608136248304,0.46362788500544505,0.06751723498332804,6.866807936076295,6.565436668747453e-12,9.763439691266374e-11,218928_s_at
137.4243941854186,0.8519017815697713,0.12407559680126816,6.86598979599721,6.6031793901037875e-12,9.816788958062644e-11,204595_s_at
121.54399919157002,0.8598016760675771,0.12525728991322527,6.86428451919424,6.6825325843798716e-12,9.929143834874182e-11,203923_s_at
320.92357464036604,0.5936425921067598,0.08649491954061073,6.863323247882037,6.727675396887105e-12,9.98492665371378e-11,201578_at
369.89755490792777,0.2683216407480806,0.039103825822312435,6.861774650064489,6.801029263541898e-12,1.0085250900569438e-10,1558097_at
238.90120427803464,0.8639573672974644,0.1259226417975843,6.861016851014307,6.837209680674988e-12,1.0133184364303253e-10,209732_at
542.1034188074912,0.37589184658788427,0.05482842584364666,6.855784035452869,7.092245358928412e-12,1.0493408293725331e-10,214771_x_at
95.5927677209685,0.7755954432381233,0.11314006130451064,6.855179626875473,7.122296782630061e-12,1.0534905294521255e-10,206214_at
421.79127552598226,0.6592611850946325,0.09621405082158029,6.852026075870863,7.281127968063934e-12,1.076075363424162e-10,225524_at
997.6692874203778,0.6213489237684187,0.09070341366163726,6.85033670382371,7.36763700640482e-12,1.0870263762902833e-10,223239_at
323.7747603715408,0.3970630622901962,0.05796463827471412,6.850091264408128,7.380288925648817e-12,1.0885874381098737e-10,211475_s_at
68.03984955428467,-1.3223020449345104,0.19307146309676787,-6.84877000321777,7.448764001785849e-12,1.0980710893404024e-10,225894_at
342.6951341013092,0.34170463380911387,0.049912381364653396,6.846089576705708,7.589596617708318e-12,1.1172651558740698e-10,202227_s_at
304.2136914948826,-0.48999444777700857,0.07157420668224274,-6.845964076868688,7.596254072963948e-12,1.1179320541880351e-10,224832_at
639.9024609980507,0.41375180819706753,0.06045101384131424,6.844414707140871,7.678917202176598e-12,1.1294649164376964e-10,225284_at
326.3129534660115,0.6194508310267353,0.09050587270374434,6.844316424133081,7.684190498504564e-12,1.1299243073822297e-10,225655_at
550.6694633395298,-0.4693147232057635,0.06857826420031057,-6.843490844780497,7.728626620301149e-12,1.1355052932717545e-10,200868_s_at
920.6180480453346,-0.4178850474264208,0.061062991894022464,-6.843507572502816,7.727723770310177e-12,1.1355052932717545e-10,221741_s_at
294.00126460859474,0.8686816911041945,0.12693735041069104,6.84338918603292,7.734115699258006e-12,1.1359941767993438e-10,218232_at
187.55496504313095,0.5086650017330878,0.07435137560742615,6.841366384649416,7.844134808408045e-12,1.1508672828617431e-10,202863_at
138.53921998853298,-0.8788924871494729,0.1284961880820526,-6.839833152001729,7.928546844714329e-12,1.1626028205276697e-10,228562_at
5221.724692655271,-0.7881523788180741,0.11526197771902584,-6.83792170163307,8.035028935652898e-12,1.176247662073266e-10,203757_s_at
179.433409424393,0.8012566513829915,0.11720187901570185,6.836551240579044,8.11223509834453e-12,1.1872191683608979e-10,219181_at
373.20669000065874,0.5431129517322645,0.07946252472232819,6.834831307337697,8.21015827698863e-12,1.2005471844431287e-10,202534_x_at
253.80220080345705,0.9079631676986789,0.1328804702651949,6.832931625592687,8.31966161752479e-12,1.2148693988535641e-10,202145_at
118.0143396815721,1.1131230890424268,0.16290734508616256,6.8328600435645805,8.323815675946496e-12,1.2151383584269226e-10,206025_s_at
278.31158925960415,-0.5422356502996567,0.0793684235207192,-6.83188132315751,8.380817184967302e-12,1.222440927945522e-10,213405_at
496.7783610241063,0.29683934585727517,0.043458220914291364,6.830453240198304,8.46467673579139e-12,1.2334765640115565e-10,217898_at
435.9998611402203,0.6559402705098766,0.09604048850393307,6.8298306342227155,8.501494101796374e-12,1.2379814935600074e-10,207265_s_at
1969.8577365886472,1.4834009341838834,0.21721236234967772,6.8292656925108215,8.535037282815047e-12,1.242521743382443e-10,203649_s_at
328.60255958355043,0.2962344288015879,0.04339436422558111,6.826564557131058,8.697216718810605e-12,1.2643804355197027e-10,212401_s_at
227.06571757385774,-0.48105158987354196,0.07049746571194856,-6.823672099634198,8.874231287918994e-12,1.287621068761167e-10,215160_x_at
900.5584935962855,0.3996124271043426,0.05858562884900846,6.8209974861626135,9.041052424247008e-12,1.309656750561955e-10,209476_at
873.2959467475847,0.34785578963385694,0.051001519047483485,6.820498607306106,9.072506742894491e-12,1.313489034066328e-10,209974_s_at
231.8243632674518,0.5048264666337534,0.07401774214754464,6.820344041668391,9.082273845420038e-12,1.314540952002767e-10,221482_s_at
124.16153943133654,0.9477944760604012,0.138991585042714,6.819078117348839,9.162657088961896e-12,1.3247160403117016e-10,204787_at
135.47037388891334,-0.8535283348660675,0.12517464754379348,-6.81869972565693,9.186819099202516e-12,1.3274789412688728e-10,229402_at
983.6588204265158,-0.3464428226961297,0.050813243883892516,-6.81796311779949,9.234033998015157e-12,1.3324695846559266e-10,221471_at
283.03547005197584,0.8763548699953694,0.12857113505233908,6.816108993971474,9.353934019072075e-12,1.3486602151942767e-10,211919_s_at
177.58385532665616,-0.42758818976146235,0.06273519536425994,-6.815762464414961,9.376511497838567e-12,1.3515446660927265e-10,210212_x_at
893.859340592127,-0.4170596048361783,0.06119538522770626,-6.815213325062201,9.41239902036635e-12,1.3556021324097923e-10,201773_at
1654.5257904291564,-0.6064408881605304,0.0890143233566595,-6.812846127366089,9.568647360383703e-12,1.3764026430088116e-10,218796_at
1156.3021252214623,0.6472545312371403,0.09505296597891434,6.809409097036711,9.800043296609434e-12,1.406421287302054e-10,201890_at
659.1269717260689,0.4269881096072455,0.06271032004803392,6.808896993033801,9.834986365001561e-12,1.4106655934123692e-10,201489_at
253.72635025076673,0.5424588074873509,0.07970353540453037,6.805956658435973,1.0037993167092062e-11,1.4382134484824324e-10,203837_at
288.44980344978666,0.4821004163208542,0.07088528661787677,6.8011351766090185,1.0379796806176838e-11,1.4847573253996123e-10,202626_s_at
472.3693734650339,0.557107086368659,0.0819316265582381,6.799658566190674,1.0486738553937146e-11,1.4996464162275177e-10,213603_s_at
749.5603588674461,0.7333600517622502,0.10789265874420184,6.79712651720765,1.0672636922132228e-11,1.5254004917207972e-10,201721_s_at
228.6123324505369,0.5942700596620455,0.08743971050686544,6.796340658234288,1.0730986916907159e-11,1.532906459448597e-10,223276_at
1135.9786814521656,0.24576962993841187,0.03616568271414178,6.795658521947636,1.0781888784677333e-11,1.5397591934509037e-10,204219_s_at
345.64975756605355,0.3953809616505996,0.05818927846759257,6.794739032050374,1.0850876739599148e-11,1.5491903726511645e-10,202074_s_at
1312.178380578798,0.3334531640615154,0.04909479335191206,6.792027041876297,1.1056881608332395e-11,1.5760329700143768e-10,210996_s_at
935.3006099877812,0.30820813563588983,0.04539270030649824,6.789817163438677,1.1227574323030484e-11,1.599929341031844e-10,202154_x_at
512.5435179609829,0.3388452709514582,0.04994715234738304,6.784075868725915,1.1683192392498541e-11,1.6617009282689266e-10,224643_at
379.56829137524574,0.30745712290090216,0.045330585421073655,6.782553546241408,1.1807007826151656e-11,1.6788568433321812e-10,200913_at
207.46188410843226,-0.7103938961328443,0.10477705498426353,-6.780052142518593,1.2013251720446978e-11,1.7063362997739744e-10,204849_at
443.2362975788889,0.44049121821227094,0.0649983379991672,6.776961254269529,1.227297834512444e-11,1.7408747744930357e-10,203148_s_at
293.0320889423201,0.6941915845765074,0.10246118351918225,6.775166562921308,1.2426301497446594e-11,1.7602475711504268e-10,218400_at
1278.194811474858,0.7196251230054184,0.10622156346406349,6.774755516085766,1.2461681028005398e-11,1.7647835751705622e-10,201859_at
8180.2221271201415,0.18373631042008431,0.027126476385905065,6.773320198547933,1.2585996849560995e-11,1.7799905232288173e-10,212363_x_at
361.21367075490747,0.6523347382155922,0.09631017232004299,6.773269349449971,1.2590423201808936e-11,1.780137479009596e-10,228956_at
2490.261071154093,0.3016174102851916,0.044531413275840585,6.773138063615571,1.2601858526020598e-11,1.7807961091059062e-10,200653_s_at
165.16024703985775,-1.090364838255164,0.16098367862925653,-6.7731390383136985,1.260177358990614e-11,1.7807961091059062e-10,209459_s_at
36.51738136786593,-1.416276705432516,0.20911863142806478,-6.77259934115294,1.2648889213969043e-11,1.7864813860546332e-10,221796_at
96.50268022840466,0.8248917682178518,0.1218020895318539,6.772394228935823,1.266684074564035e-11,1.7880557307181923e-10,215719_x_at
3154.9086011945396,0.5064706115672595,0.07482387785564239,6.768836714723508,1.2982195598429998e-11,1.828151949303028e-10,209008_x_at
1703.829576959098,-0.31365588117622306,0.046341649134393016,-6.7683366266618155,1.3027137761510746e-11,1.8339892791814514e-10,209009_at
301.6800415266952,-0.623933508880034,0.09219486721727276,-6.767551466933939,1.3098006506000085e-11,1.842978939535016e-10,201278_at
148.29853578998544,0.8010110472887287,0.11837629805949354,6.766650591541195,1.3179785039153304e-11,1.8539893547849644e-10,1555349_a_at
272.4342629788921,0.3232984329142437,0.047779295882687874,6.766496385966754,1.3193833358237958e-11,1.8554688742543151e-10,207541_s_at
302.2056336803175,-0.46399754313664354,0.06858006738136173,-6.765778466743618,1.3259430011017146e-11,1.863198087697848e-10,212604_at
44.374057762097145,1.1520514432869624,0.1702931214289466,6.765108500096678,1.3320933289890757e-11,1.8713400911973236e-10,206307_s_at
433.63379135844815,-0.6651975501515341,0.09833841180316731,-6.764371499948398,1.3388913046013913e-11,1.8803873228760426e-10,204352_at
793.8331927109261,-0.663689961253774,0.09812371542578815,-6.763807896733473,1.34411280996578e-11,1.8872162600839326e-10,202458_at
267.98624510321997,0.3988835203934838,0.058979810231385356,6.7630519465663355,1.3511476416281347e-11,1.896080458160881e-10,209142_s_at
286.2139244487589,-0.5946232253421152,0.08792205418684293,-6.763072483252984,1.3509560526594755e-11,1.896080458160881e-10,212183_at
90.36210610776439,0.8738985206008456,0.12922064977507233,6.7628395471002145,1.3531307007509096e-11,1.8978497690756152e-10,228531_at
464.24879657321003,0.28086957169473226,0.0415319453466909,6.762735753169117,1.354100805245155e-11,1.898197218427684e-10,224564_s_at
991.5602992602834,0.42462435566890994,0.06279957480741956,6.761580105773933,1.3649481239978819e-11,1.9118732331712337e-10,208829_at
209.6401171488901,-0.36102200439144766,0.053400897364516677,-6.7605980837193975,1.3742325844294954e-11,1.924299811034128e-10,64942_at
371.88159215164427,-0.6653407990910511,0.09844544824751943,-6.758471934814072,1.3945465505339652e-11,1.9512513156752398e-10,208510_s_at
528.4277341698828,-0.3638121802557024,0.05383338985875186,-6.758113899389829,1.397996156408156e-11,1.955557359698542e-10,204571_x_at
221.52584493736532,-0.36538882349339885,0.05407826361116259,-6.756667080153383,1.412021317915004e-11,1.972550992602475e-10,226062_x_at
117.56615016095759,-0.9147301584737023,0.13538662117588973,-6.756429479729136,1.4143377023567613e-11,1.9752618551596397e-10,242488_at
444.4540514618669,-0.49594967829207953,0.07341528741331069,-6.755400622488887,1.4244111323245162e-11,1.988801876944278e-10,216088_s_at
720.8581060510143,-0.31223891145928956,0.046228248007473036,-6.754288231057654,1.435381496780391e-11,2.0030546782208358e-10,216210_x_at
428.5856908369183,-0.554908674108631,0.08216418994036999,-6.7536559967468985,1.4416534043566328e-11,2.0112729761762272e-10,202033_s_at
334.0928867343135,0.2809557436159826,0.041623313310343496,6.749961049981199,1.478848503641081e-11,2.061522659425819e-10,212644_s_at
376.9260720695425,-0.42111670909310694,0.062394951753402594,-6.749211230380383,1.4865104538560253e-11,2.071653948341277e-10,223162_s_at
138.0977170990945,0.6503026660433446,0.09637691086320134,6.747494396934893,1.5042004424892357e-11,2.0951961318467874e-10,203167_at
94.18824052255903,0.9256022248540737,0.13743776605786046,6.73470074058393,1.6426767127260823e-11,2.2766147668936321e-10,222838_at
829.7785197377194,0.6162343629039957,0.09150437686272787,6.734479639465247,1.6451763787070662e-11,2.279477970117879e-10,225065_x_at
1000.5748144463395,-0.36976136990315384,0.05491252849393858,-6.733643123790398,1.654667384556197e-11,2.2920239780697518e-10,201002_s_at
1038.0469043196438,-0.5539537960484222,0.0822723448266238,-6.733171361722993,1.660043564197463e-11,2.2988650717479177e-10,212070_at
246.21477770144813,0.31199929338473514,0.04635145690233053,6.731164762353952,1.683102425443985e-11,2.328343376330171e-10,201126_s_at
112.7074846536841,0.6803298486888567,0.10107961070135905,6.7306338436433,1.6892557721912188e-11,2.335626094494536e-10,208018_s_at
203.11157508408502,-0.5450732632053475,0.08098524484327851,-6.7305255946335105,1.690513078967937e-11,2.3367497199390045e-10,210347_s_at
641.6142959924284,-0.3642271669037797,0.05411658121817149,-6.7304171605999015,1.6917734535113444e-11,2.3378769938426295e-10,201032_at
527.0807481438065,0.3012420739446944,0.04477103682027193,6.728503410675865,1.7141698077552583e-11,2.366337800808244e-10,203704_s_at
408.95386419710474,0.4447716932772802,0.06614115306810968,6.72458329868049,1.76095657789661e-11,2.429010813511245e-10,200947_s_at
158.30729352595233,0.5509669730155895,0.08197041007194934,6.721534911585528,1.7982013857227377e-11,2.4706581862816407e-10,213280_at
861.6515304268834,-0.6083701525321888,0.09054930848465514,-6.718661497401559,1.834014024049068e-11,2.5165737080907234e-10,219263_at
692.9366449460464,-0.5082271395197587,0.07564905514387651,-6.718221907109935,1.839554073523374e-11,2.5235167000769356e-10,233955_x_at
126.75315384067086,0.8273290157460713,0.12315106979285095,6.718001046500845,1.842343707366065e-11,2.526684008270255e-10,207993_s_at
183.8128043225231,0.4282322229597567,0.06374751470495624,6.717630090235699,1.847038485289931e-11,2.532461793788861e-10,219332_at
175.1090226965054,0.8250112644877995,0.12281712718737034,6.717395882653718,1.850008618950105e-11,2.5352112897080527e-10,202803_s_at
195.49086249663054,0.4435909761847807,0.06604970404385696,6.716017620461049,1.867582201688314e-11,2.5586265648469146e-10,215333_x_at
197.30312874183755,0.664803851819192,0.0990465575904892,6.712033895896133,1.9193009358182297e-11,2.626059395495737e-10,202580_x_at
1597.47207040472,0.28626537571921484,0.04265128137479943,6.711764957391296,1.9228425241729297e-11,2.6302203543827214e-10,208655_at
194.32042269853392,0.5023971881086421,0.07490239967399334,6.707357712106493,1.9818004156307636e-11,2.708752640911811e-10,204418_x_at
1407.4136341207823,0.3254649622956483,0.0485511398426095,6.703549357455319,2.0341694217433865e-11,2.776720514033816e-10,201470_at
160.2793328835731,0.48435707147331586,0.07226880277785121,6.702159892729822,2.0536114421656057e-11,2.8004159573843796e-10,225300_at
90.37413283034472,0.9463773779508302,0.1412049067253451,6.702156461117958,2.0536596833275105e-11,2.8004159573843796e-10,228601_at
353.00377056825715,0.3827611452462984,0.05711502815390906,6.701583762068084,2.061726176651391e-11,2.810686316154013e-10,225797_at
83.50698119250833,0.9045918415407862,0.13499225599749776,6.701064700759975,2.0690639736453603e-11,2.8192367465465884e-10,204597_x_at
280.4141938486176,-0.40914656447375647,0.06105695338955582,-6.701064199245545,2.0690710757373734e-11,2.8192367465465884e-10,211316_x_at
317.1135546882556,-0.4203340297069966,0.06273215597788336,-6.700455661928601,2.0777063587115796e-11,2.829535630363523e-10,217935_s_at
2181.204260090667,-0.43017502472686997,0.06420140108029779,-6.70039932911811,2.078507516173721e-11,2.8298933680050187e-10,201991_s_at
149.39302626020412,-0.527103389483133,0.07867470660438002,-6.6997820803285695,2.0873057810552003e-11,2.8404005183214653e-10,219299_at
751.822382737497,-0.540505003772727,0.08068606347816712,-6.698864468942428,2.1004528486363946e-11,2.8568115685102767e-10,212582_at
102.08084687680554,0.6928335934486216,0.10343503877687966,6.698248501101615,2.1093235631678156e-11,2.868134295956569e-10,219684_at
432.43092452483427,0.28497862044168265,0.0425622755679931,6.695568238273121,2.148351659256863e-11,2.920446795152229e-10,218473_s_at
335.156698465655,-0.5877602399457731,0.08779482194770986,-6.694702795750756,2.1611039628094678e-11,2.936263124650692e-10,201279_s_at
244.30069444818048,0.3164309430370735,0.04726973634926158,6.69415502339726,2.16921365987105e-11,2.946519893534845e-10,201454_s_at
103.18164361634769,-0.8219182210165209,0.12283353187366652,-6.691317985237601,2.2116947485723334e-11,3.0003460458562313e-10,226444_at
827.9985984096423,0.8290577236430836,0.12393941655081787,6.689217576743649,2.2436693879872376e-11,3.042936800420162e-10,227522_at
107.71736558668822,0.661794880215417,0.09894203096468948,6.688713317918438,2.2514128599056475e-11,3.0510766229881745e-10,210797_s_at
724.3948493462311,1.3980833011128977,0.20903341094595496,6.688324583070448,2.2574001821687247e-11,3.0584018864061657e-10,205828_at
216.20886994684722,0.3452149527250179,0.051624747608826745,6.687005142200316,2.277838781726207e-11,3.0845024306838206e-10,225311_at
251.88822391997337,0.3587380730596065,0.05364980982585522,6.686660665229822,2.283204604401514e-11,3.090972044814971e-10,212534_at
158.41807770202814,0.5322852316477543,0.07960589243209563,6.6865054254846426,2.285626774053726e-11,3.093454274623217e-10,225448_at
442.03699976330256,0.5589965940867664,0.0836189441625702,6.685047266322533,2.3085012261854538e-11,3.122804979175041e-10,221059_s_at
251.6383677655244,-0.5892807314719795,0.08815400769920753,-6.684673185621677,2.3144055390477156e-11,3.129986327820732e-10,227001_at
532.8301580095524,-0.36650165840317395,0.05484779842298809,-6.682158061782182,2.354488688116689e-11,3.18173819787309e-10,224572_s_at
234.9883622700383,0.319939037377974,0.047886360637088565,6.681214298214539,2.3697039893841556e-11,3.199831024103158e-10,209432_s_at
637.2675308939324,0.31552178085539573,0.04723175181567388,6.680289608709574,2.3847051207825372e-11,3.2192600287080777e-10,200593_s_at
490.0888192856119,0.504893887223858,0.07558249246865503,6.6800375422025615,2.3888104657643027e-11,3.2239739398504667e-10,213455_at
62.01847389555156,-1.3861334564794279,0.20750956395186468,-6.679853352691564,2.3918146889916597e-11,3.227199721829722e-10,224412_s_at
433.999109536093,-0.3552713680065663,0.05319370691831464,-6.678823277951438,2.4086840293789398e-11,3.2491268090344146e-10,215179_x_at
918.2874353442332,0.3409594604778494,0.05106534974347138,6.676924023641697,2.4400936525059494e-11,3.2898071270856253e-10,203396_at
485.74729169843744,0.4521632468243863,0.06772327148024009,6.676630306560367,2.4449867712852853e-11,3.2955587273179505e-10,202457_s_at
1562.4464297965103,0.33554884611123215,0.0502633591831423,6.6758141828246735,2.4586332954685665e-11,3.3122536326597036e-10,201938_at
83.86776738600534,-0.8040316586981878,0.12044192544231981,-6.67567921839013,2.46089722880517e-11,3.31445394573621e-10,233223_at
787.0802334180387,0.41985255378670816,0.06292617908793402,6.6721444059077495,2.5209232498532364e-11,3.3926914333620227e-10,200743_s_at
267.06180605823346,-0.8397817534508653,0.12588957029431533,-6.670780998676476,2.54445681320425e-11,3.42173447699939e-10,202975_s_at
835.9885349051731,0.31625191756568144,0.047420043594224186,6.669161257460364,2.5726945253011642e-11,3.4579383141349714e-10,222021_x_at
1698.7546222843418,0.30318291962892796,0.04547439075461282,6.667113392787429,2.6088353172808402e-11,3.5047221693347975e-10,209186_at
184.53670553570274,0.41457200006605394,0.06218501338693484,6.666750998129657,2.615282421117849e-11,3.5106909925779677e-10,203164_at
269.9940544800875,-0.398418144767659,0.059763839914004996,-6.666541931391094,2.6190088689334183e-11,3.5147955081186637e-10,201813_s_at
243.48043016883148,0.45476134153580194,0.06821605045151458,6.666485944668247,2.6200076695778228e-11,3.5152382707937936e-10,212335_at
201.44675627080315,0.46932661695405825,0.07040197372834817,6.666384365372962,2.6218207917200863e-11,3.516773095662517e-10,202691_at
2631.7628497466267,0.3023463907769617,0.045361829931232084,6.665215914686747,2.6427653750169993e-11,3.5439625291820204e-10,208805_at
341.59525751585693,0.4138002903427306,0.06208671806674441,6.6648762122985366,2.648885239734817e-11,3.5512631349240705e-10,209404_s_at
164.00914304563912,-0.5812861509171643,0.08725746602218408,-6.661735406909248,2.706129055380703e-11,3.625233402408296e-10,204554_at
185.62985688252925,-0.4262922159790739,0.06399318919835875,-6.66152478598468,2.7100108269995823e-11,3.6295083843561684e-10,227112_at
179.85912233963893,0.4563186589783393,0.06852028156744902,6.65961447530181,2.745467917656406e-11,3.6751227953264076e-10,229074_at
107.03310650266795,0.6360125113022969,0.09552753648251903,6.657897133343152,2.7777306668151733e-11,3.717363317132789e-10,204924_at
363.4645293861517,0.24946176374333864,0.03748198309998977,6.655511344686742,2.823167770029884e-11,3.7724067883587725e-10,202042_at
105.94412198272065,0.6520282816051565,0.09797506205281077,6.655043313508681,2.8321663477732643e-11,3.783468994429999e-10,204639_at
692.2628287087216,-0.28803491317292124,0.043282990949898355,-6.6546906036676665,2.8389662500174762e-11,3.790625820716932e-10,217837_s_at
215.137178214893,0.35582210323147206,0.053475996930513525,6.653865727717536,2.8549315030726053e-11,3.8100068616677933e-10,218385_at
464.7315697710859,0.6427199010055463,0.0966163744626913,6.652287509026065,2.8857227887030836e-11,3.846215456188229e-10,221766_s_at
347.6626428633333,0.5727701017442022,0.08611623377496033,6.651128093234661,2.908550038909959e-11,3.8756576760870684e-10,1554408_a_at
213.73904430104793,0.4629311088445242,0.06960265724789817,6.651055105493168,2.9099929622769122e-11,3.876597468681897e-10,212305_s_at
1455.5494898787376,-0.5353663419816407,0.08050598139537732,-6.650019448273959,2.930542938548177e-11,3.9019952772348846e-10,203954_x_at
349.26751931827283,0.5209269055299899,0.0783461793694522,6.649040319802798,2.950101832940323e-11,3.9270428502620504e-10,223773_s_at
503.43173820895765,0.5663075059634584,0.0851756564243661,6.648701398225508,2.956901791332548e-11,3.9350979169838116e-10,212096_s_at
2928.8527576656147,0.28601580807368415,0.04304052773993561,6.645267218884525,3.0266745514301204e-11,4.0228592406641005e-10,212071_s_at
240.89554079775138,-1.4917353275039138,0.22467441971100255,-6.639542362778658,3.1465856073948255e-11,4.1759005053289815e-10,212730_at
460.26832795819195,-0.42435295435305775,0.06391471503207961,-6.6393623775068,3.150429942203299e-11,4.1799468614630695e-10,225364_at
169.09970839993358,0.926482277558744,0.13968997232384822,6.632417933413626,3.3023195502006675e-11,4.371539084162365e-10,204622_x_at
2109.3873725406047,-0.5563939826427763,0.08389104987640947,-6.632340201516977,3.304059626631935e-11,4.372741113523413e-10,1560587_s_at
196.38047579634502,0.6576741184644479,0.09918483990491261,6.630792761221903,3.3388873634116453e-11,4.4166092750248077e-10,210260_s_at
369.553531756235,-0.426458038408462,0.064317914350639,-6.630470572841658,3.346183812703986e-11,4.424033813656485e-10,205807_s_at
1443.4287969316435,-0.34036756210288244,0.0513528657036389,-6.628014959616241,3.402309980354138e-11,4.494846624120949e-10,213151_s_at
76.99412756941736,0.7522738369585873,0.11352120888300553,6.6267250354414164,3.432160866959269e-11,4.5308661693588904e-10,204420_at
314.46892940623763,-0.39389652030346617,0.05947178007014513,-6.623250890403439,3.513838639426378e-11,4.6340345258824057e-10,225376_at
157.13421955701145,1.3182129198165062,0.19907768593011368,6.621600575964428,3.5533012666093094e-11,4.683726981825575e-10,204748_at
1634.208286279846,0.3463952631367694,0.05231680190672735,6.621109290172932,3.565132527611045e-11,4.698143802810202e-10,201903_at
346.44126925674937,0.3297851346749552,0.04981192942507231,6.620605515211409,3.5773045872819e-11,4.709460553106538e-10,223124_s_at
824.3234734773391,-0.4258442950034055,0.06432885596427905,-6.619802087571262,3.596800960949122e-11,4.733941339887808e-10,218094_s_at
340.932809593018,0.32431003408448006,0.04900013884493267,6.618553370038429,3.627309530104488e-11,4.771705257699907e-10,202060_at
347.949968025949,0.31694941183106085,0.0478938724439641,6.617744518401433,3.647206318742303e-11,4.796678700580154e-10,208858_s_at
270.55326694588666,-0.43511825040600044,0.0657563826392592,-6.617125713758734,3.662500247519193e-11,4.814383141773979e-10,230296_at
259.5736174578243,0.4617265989148781,0.06980738557366137,6.6142943919259105,3.7332814090354784e-11,4.901295807405709e-10,227063_at
453.9405868904531,-0.3961622186564795,0.05989921238259613,-6.613813485994775,3.74543599727148e-11,4.916025059955179e-10,209222_s_at
360.36481577234184,-0.49672355237769505,0.07512888182156942,-6.611619131473434,3.801390151926968e-11,4.982001447490521e-10,201535_at
287.10549894303915,0.3558906715676581,0.05382888904291265,6.611518050910178,3.803987231691622e-11,4.984162178367526e-10,202763_at
4336.990773078529,0.3396903708714889,0.051383390902883,6.610898286442783,3.819948943853881e-11,5.003828434578685e-10,214687_x_at
397.5299892582774,-0.629294430993149,0.09520691206613598,-6.609755713492801,3.849547280413247e-11,5.038832074093096e-10,225887_at
186.42038266903555,0.822145693813314,0.1244091993459928,6.608399524595085,3.884970691748941e-11,5.077611284112754e-10,226811_at
282.50728191458086,0.5471819920877979,0.08285139431489309,6.60437879908363,3.991876364016288e-11,5.208268878711818e-10,203755_at
190.62094018090198,-0.7781540821711715,0.11783317999768692,-6.6038621904835875,4.005819281028903e-11,5.223774709852134e-10,209318_x_at
154.44793168678856,0.5095040444053986,0.0771528334155652,6.603828036503566,4.006742751344132e-11,5.223774709852134e-10,225092_at
268.485114157888,-0.43853659119648447,0.06642203235183637,-6.602276016993332,4.048927464360166e-11,5.277463639930163e-10,218175_at
655.8688462446174,0.4649294223748724,0.07042910679635603,6.601381779825832,4.073430314334279e-11,5.304139165994145e-10,206662_at
277.26769021740455,1.4421752173101674,0.2184954568226453,6.60048148498023,4.0982457021484446e-11,5.332088097438845e-10,202888_s_at
339.5888740881265,0.39490938404387377,0.059859463623630135,6.597275687715639,4.187816057154149e-11,5.438262541825529e-10,209017_s_at
380.4798330823363,0.527248092262181,0.07993070709394982,6.596314625897883,4.215039448795951e-11,5.472262430632965e-10,209295_at
187.85187690604036,0.5249411310318572,0.07961275489198912,6.593681273108142,4.2905230802457454e-11,5.564761844995925e-10,223515_s_at
426.30081836179306,-0.4777234878926133,0.07247661243123844,-6.591415794244651,4.356518927628531e-11,5.643394028163417e-10,236814_at
889.9362664094956,-0.3491276675658631,0.052981138194019894,-6.589659631081123,4.408360265582317e-11,5.706329196980618e-10,209448_at
540.2554546438589,0.8893551872738786,0.135000951907911,6.587769750546202,4.4648231755263115e-11,5.773728276737445e-10,218211_s_at
173.0968398916306,0.4615913986407199,0.07007423897515401,6.587176762695701,4.482684932934078e-11,5.79397501144657e-10,226321_at
542.0344111337971,-0.36335439222086646,0.05516197685783618,-6.587044426585832,4.4866806434008523e-11,5.797713659534999e-10,208820_at
286.9394880988755,0.2867497616366227,0.04353329971177029,6.586906196754318,4.4908580277311936e-11,5.801685171813794e-10,223338_s_at
280.5774485289324,-0.5286010235302423,0.0802680948855838,-6.585443746780383,4.535287860858746e-11,5.856204379350627e-10,203049_s_at
353.3064031555712,0.6027958590253485,0.09156033018885308,6.583592018312045,4.592161523273892e-11,5.926730272449315e-10,210317_s_at
211.94706889150584,-0.3805334569665742,0.05780143839699051,-6.583459988538747,4.59624320689532e-11,5.930541750433995e-10,203226_s_at
239.07134591484945,0.5101013882272735,0.07750004134612717,6.581949885021116,4.643181074129955e-11,5.98963520299032e-10,224996_at
3140.8875217467203,0.3337405186579199,0.05072422488708881,6.579509482911177,4.7200280721674116e-11,6.082794391973667e-10,200642_at
435.3503439471114,0.43194859712344547,0.06565585940219555,6.578980171098042,4.7368593063050617e-11,6.10298857522815e-10,201118_at
374.2439572933726,-1.4038364462889548,0.21339755924490378,-6.578502824757496,4.7520884699841606e-11,6.119609347011703e-10,225895_at
310.24391918522304,0.3705175657924711,0.056322884700940434,6.578455058895172,4.7536150165051696e-11,6.120075540847934e-10,200922_at
254.78009311844846,-0.37253188545189964,0.05663520545929278,-6.577744045082723,4.7763950694042375e-11,6.146392421093788e-10,215600_x_at
662.2094759756008,0.35096065252482705,0.053359422221387155,6.577294841550167,4.790842041080008e-11,6.163473993315025e-10,217854_s_at
271.69008911334146,0.8373069816403843,0.12731884258433374,6.576457691922286,4.817880026173153e-11,6.193710051259879e-10,209201_x_at
1915.9107273924221,-0.2967055298003152,0.04513012836704545,-6.574444623493983,4.883510030707302e-11,6.271944920669393e-10,201121_s_at
389.43486496635774,0.481169629745831,0.07318769158202873,6.574461078698408,4.8829700295240816e-11,6.271944920669393e-10,203311_s_at
508.33592087017894,-0.3268437337809438,0.049739966797057944,-6.571048491336672,4.996218377466488e-11,6.41043116722104e-10,239748_x_at
323.02431946663035,-0.3174944683466536,0.048325938693149106,-6.569856208331925,5.036387358750579e-11,6.46039300101972e-10,224667_x_at
318.73809788505656,0.31665807534511875,0.048216093821130214,6.567476754127821,5.1174997774599105e-11,6.558036657025803e-10,217899_at
829.8816985238223,-0.46855242816116954,0.07135240335552091,-6.56673645352291,5.142995281050746e-11,6.589102242816697e-10,203007_x_at
224.27723919323194,0.33765698106106423,0.05142568006680904,6.5659215516917095,5.1712036844061276e-11,6.62040044897149e-10,218154_at
654.7512482353105,-0.4805927979734957,0.07321043722394584,-6.56453937712999,5.2193950816414846e-11,6.677217359313208e-10,224857_s_at
216.83842098066728,0.4285384775603376,0.06530111989891839,6.562498135157337,5.2913702501283955e-11,6.757780610577101e-10,226601_at
101.43526069174526,-0.7738487276486846,0.1179192207719048,-6.562532575970518,5.290147835888842e-11,6.757780610577101e-10,241397_at
330.19283906505996,1.176102354662944,0.17931501395543298,6.5588615739407805,5.4220103579579705e-11,6.912865898887024e-10,221872_at
415.44118320197185,1.4449510922564512,0.22041772502226642,6.55551223074498,5.5451203906074007e-11,7.061261376495792e-10,209792_s_at
220.14897948443016,0.4187898967101964,0.0638871850620583,6.555147112889621,5.5587049833531926e-11,7.076845486800962e-10,219411_at
492.87143841045764,-0.4324173858568883,0.06597024992776142,-6.5547331763998615,5.574145300680411e-11,7.094784018696012e-10,200712_s_at
301.096441576246,-0.3530997736767817,0.053871073990391,-6.554533769639793,5.5815983722378925e-11,7.102550141757631e-10,203630_s_at
184.33793453355565,-0.8828025167587229,0.13473650826125202,-6.5520661634408865,5.6746387545324815e-11,7.212211973535671e-10,1555935_s_at
274.3900131990546,0.38292423818101,0.058443980785074845,6.551987613389939,5.6776252399253526e-11,7.214262980150797e-10,209759_s_at
576.0957206611272,0.3456628352787395,0.052768109880027454,6.550601036585008,5.7305969151748474e-11,7.274535997103838e-10,211716_x_at
852.4801484456252,0.35621295799515473,0.05438727331178702,6.549564563626595,5.770508944490368e-11,7.321664101128605e-10,209478_at
94.35419319927762,-0.7142788607879347,0.10914568356448186,-6.544270350058763,5.978655809031657e-11,7.580272072083225e-10,205865_at
509.5983396359993,-0.4132884937395829,0.06315848522497532,-6.543673304820689,6.002585003982702e-11,7.606941217731057e-10,1568513_x_at
383.5884414263843,0.2783997388360532,0.042549303931526686,6.542991614717681,6.03002126467926e-11,7.638026935260395e-10,228089_x_at
76.48054618048191,1.030562114659836,0.1575581618800218,6.54083611006197,6.117584318191507e-11,7.743341191190666e-10,223748_at
300.4841760880249,0.3434894086890452,0.05251510724176459,6.540773250404266,6.120156439709325e-11,7.744731556284226e-10,218143_s_at
39.45608787434182,-1.5225578993333218,0.23279217494961343,-6.540417003547782,6.134753515383517e-11,7.761334526900947e-10,206422_at
406.6171412151753,-0.1735157768489626,0.026541315168649535,-6.537572676651628,6.25252644378382e-11,7.90462532419088e-10,62987_r_at
711.8522454159333,0.3861422905115226,0.05907748415041842,6.53620065350714,6.310124608563938e-11,7.969773820679385e-10,212048_s_at
961.6339498915266,0.2974477510401236,0.04551196496862678,6.535594568267186,6.335733301867273e-11,8.000195289436153e-10,208674_x_at
699.2725112350734,-0.3981962734614182,0.06094507214805342,-6.5336910668361,6.416823949717514e-11,8.090925284391896e-10,223006_s_at
213.43601734317127,0.5201222970715249,0.07961456136987538,6.533004617774973,6.446315542050964e-11,8.126161357566475e-10,212601_at
212.46494815565111,0.45533154954083604,0.06971244782100942,6.531567371008475,6.508493304340428e-11,8.200607938535288e-10,226858_at
421.6284747839264,0.8168944239149093,0.12508444543020714,6.530743459790998,6.544401221964203e-11,8.243874923756153e-10,225353_s_at
937.076179479577,0.3250994341657084,0.04979111075307881,6.529266554785707,6.609253655958068e-11,8.319586027190906e-10,213476_x_at
414.9545230947055,-0.3455943115466789,0.05295532120502112,-6.5261489059556554,6.748223443440087e-11,8.480299733298669e-10,233702_x_at
337.6290330428384,0.37265886158830785,0.057105214197570385,6.525828977700658,6.762644948532697e-11,8.492330767626937e-10,202432_at
780.737066239609,-0.6696555090615761,0.10262887323932976,-6.5250205709649025,6.799220191816571e-11,8.532144650447183e-10,228297_at
305.9848687074442,0.3850504248559508,0.059017983503168316,6.52428975034838,6.832451613636702e-11,8.56975327214948e-10,218680_x_at
288.65725519826447,-0.47152681478280345,0.0722924663962531,-6.52248897137147,6.91501491138212e-11,8.671240602547744e-10,1555790_a_at
251.43927033697568,0.45956715241270785,0.0704652211541519,6.521900377029181,6.942212152276513e-11,8.701192879817311e-10,212055_at
181.08858526383557,0.459873559936205,0.0705186491352945,6.521304159611855,6.969868280198551e-11,8.729610524250587e-10,226866_at
642.4425001848381,0.45597839394903117,0.06998521238305179,6.515353435713153,7.251870122226714e-11,9.056910228220123e-10,204026_s_at
266.5760004479003,0.33767700585768956,0.05183707669281149,6.514198473397265,7.307881890767048e-11,9.120361550400651e-10,225788_at
186.8233923453599,0.4739409399668163,0.07276369595936827,6.513425874236351,7.345586270764567e-11,9.160890860791672e-10,213341_at
337.3861380369532,0.30210350075250547,0.04638304015618637,6.513231985985123,7.355078225299957e-11,9.168377159687237e-10,208912_s_at
157.53723825693015,-0.7640662069334611,0.11736412431860682,-6.510219467571374,7.504108693096094e-11,9.336432960629074e-10,209695_at
1739.507368434958,-0.314084599073097,0.04825856493248801,-6.508370058506506,7.5970583082482e-11,9.445370294101629e-10,201453_x_at
464.951662381422,-0.4554196307696473,0.06997631432364883,-6.508196883066419,7.605819375764537e-11,9.454026288408929e-10,201534_s_at
1088.1719669880574,-0.3930218346030407,0.060396626559057476,-6.507347462837733,7.648935426721931e-11,9.503124170589703e-10,202239_at
556.4235322274842,0.6257054374392028,0.09615504339773003,6.507255525340173,7.653616427882281e-11,9.506692454524354e-10,204141_at
180.63356692784782,0.4919267928345584,0.07560109351791088,6.5068740403604695,7.673069695875319e-11,9.528603610515868e-10,226331_at
562.7607576315094,0.3408732881810665,0.052393060668140576,6.506077023065506,7.713868588585831e-11,9.57700566512024e-10,201095_at
1127.8051428461235,0.33802762282631754,0.05196746143446765,6.504601408182683,7.789965222883624e-11,9.66463249111015e-10,223209_s_at
284.5466332393684,0.47146249918048416,0.07248944477548674,6.5038779182361095,7.827542898646813e-11,9.70667035147439e-10,210970_s_at
201.10039145874987,-0.46705623467271096,0.0718134392125242,-6.503744143077564,7.83451049932682e-11,9.710727942962777e-10,226485_at
223.07618449375676,0.33677042809084373,0.05178298399914167,6.503495976524371,7.847452173525552e-11,9.724475395601553e-10,212723_at
275.37862230748914,0.4541659174856012,0.06984579548616346,6.502408832548439,7.904392611155736e-11,9.785805636906445e-10,228188_at
453.0029545064511,-0.47694098526502143,0.07335313261513084,-6.501985235824011,7.926688190992689e-11,9.811072203150429e-10,202956_at
8534.48066673579,0.14524341977109226,0.022338439293046793,6.50195019740263,7.928535153704736e-11,9.811072203150429e-10,212988_x_at
273.98274016223456,-0.4405130116632032,0.06783029826809367,-6.494339888085289,8.339827173763517e-11,1.0288527635914738e-9,218676_s_at
1455.7480650578302,0.4965205493976456,0.07646670464358551,6.493290795149974,8.3981360091608e-11,1.0358029566426584e-9,201502_s_at
599.2349309138633,-0.524441033583327,0.08079567239993138,-6.490954502951478,8.52942368645012e-11,1.0505163637630646e-9,224874_at
244.33663186996517,0.33772203358368746,0.05204539573070001,6.488989637645803,8.641390917044967e-11,1.0635589186285275e-9,205748_s_at
2307.0353563411345,0.3504734141384024,0.05402101255066042,6.487723898357729,8.714278406238251e-11,1.071525941416577e-9,200853_at
1183.956142531769,0.3151810102708831,0.048599335948552286,6.485294585188091,8.855858029849434e-11,1.0879166968225973e-9,202001_s_at
410.95462287283436,-0.4604481812686417,0.07099926901314434,-6.485252421167848,8.858335085074346e-11,1.087966679273188e-9,203497_at
903.1343543255293,-0.40766305027996325,0.06286199976650987,-6.485047433968977,8.870387345196205e-11,1.0891923750921526e-9,224879_at
326.630107495045,0.25511677360098284,0.039344905591172985,6.4841119775928044,8.925591511160272e-11,1.0954589824323141e-9,201511_at
520.966522575447,0.30469063373986083,0.04699113859978117,6.4840019377883245,8.932107338913612e-11,1.096002729603703e-9,215947_s_at
659.213479794567,0.2825183496230388,0.04359004723222851,6.481258166982611,9.096087347488119e-11,1.1150822823883617e-9,221932_s_at
148.08807368152355,-0.5474356040752754,0.08447417750066266,-6.480508248464224,9.141415637198146e-11,1.1201164779606233e-9,225923_at
1928.390873432557,-0.39262273717708934,0.06059876121247535,-6.479055500828635,9.22985510934845e-11,1.13016264076584e-9,201114_x_at
382.8794185991624,0.385446886872298,0.059525039938634464,6.475373847202166,9.457747794666683e-11,1.156450622617294e-9,218170_at
158.73661220413578,0.5617186989703424,0.08687353869540411,6.465935512766895,1.0067400766109394e-10,1.2287091961498214e-9,234464_s_at
142.03537919139987,-0.6429434492039905,0.0994488447105331,-6.465067051059401,1.0125390196232523e-10,1.234926331800427e-9,203096_s_at
2623.5098448453637,-0.4327456144606424,0.06694097047498224,-6.464585311358339,1.0157697875107397e-10,1.238004763748595e-9,208726_s_at
190.12371675585487,0.6471256871936817,0.10014540628566998,6.4618609199879025,1.034231347247655e-10,1.2593372155526704e-9,228439_at
278.8643503914457,-0.36702583385626536,0.05681176986451953,-6.460383732658236,1.0443780850066626e-10,1.2708091196906726e-9,207821_s_at
2336.2555346106546,0.29677189371509793,0.045962170869743725,6.456872860860862,1.0688862207025033e-10,1.2985262700600868e-9,213726_x_at
1107.7804255499277,0.4653466836171247,0.07211255923297011,6.453060168253835,1.0961381281605532e-10,1.3300956635268925e-9,209377_s_at
381.8264717172822,0.5751032885864549,0.0891323499477388,6.452239719065599,1.1020906309688741e-10,1.3370099496753973e-9,226430_at
403.9685406709566,-0.32230458010425467,0.04996253893042744,-6.450924772919608,1.1116967613568291e-10,1.3483524485655848e-9,201536_at
262.955984213453,0.43666057129319163,0.06769949975889511,6.4499822428277005,1.1186325753351374e-10,1.3558260231587363e-9,213792_s_at
161.7002824263193,0.6381404209167318,0.09896771563749841,6.447965549231525,1.1336152368943838e-10,1.373352124475506e-9,207719_x_at
161.66111006691332,0.5560664056117937,0.08624487174196627,6.447530089388664,1.1368760651555276e-10,1.376985128559198e-9,202558_s_at
140.47045479994992,-0.7607266307295661,0.11810415892954552,-6.441150232341725,1.1857143215413997e-10,1.434154901134332e-9,242110_at
309.4092290551724,-0.36602239199152875,0.05684296070943936,-6.439185915429401,1.2011599842376788e-10,1.4515006165009653e-9,204028_s_at
988.2891490125002,0.3859989894171743,0.05994725504844551,6.438976882348237,1.202815168374798e-10,1.4531666289372215e-9,221732_at
464.7317831594238,-0.3612853627549696,0.05611182717765918,-6.438666871621936,1.2052740282481884e-10,1.455468090086289e-9,220796_x_at
101.10034223882909,0.8716728003033795,0.13545141353542084,6.435317118897657,1.2321580477060756e-10,1.4855433365254667e-9,221491_x_at
1451.9866228895435,-0.6231700544075899,0.09685813303517171,-6.433843342626691,1.2441709331351672e-10,1.4989949385599628e-9,203953_s_at
263.754197559575,0.43760650499698056,0.0680203220808307,6.433467111151854,1.247255925942441e-10,1.502367360347904e-9,229265_at
840.4111212841898,-0.3654162791933123,0.05681743181339163,-6.4314114089751095,1.264244597635784e-10,1.5210876965236033e-9,201987_at
660.2503641751339,0.39982110844735147,0.06217712395600797,6.430357067178533,1.2730453928924726e-10,1.531325877273312e-9,203392_s_at
286.1177724910688,0.4701460917017955,0.07312200607113019,6.429611507710224,1.2793048356517383e-10,1.538151140078734e-9,225822_at
827.7484814566981,0.4895752193289608,0.07615405925412704,6.428747516862394,1.286596217836864e-10,1.546563989757515e-9,202068_s_at
439.3462137588515,0.3348166716162392,0.05211480541123947,6.424597942450152,1.3221850926157226e-10,1.5878911187688916e-9,201252_at
412.7841791959122,-0.5610946095323783,0.08737396530088358,-6.421759703822257,1.3470795118426984e-10,1.6166799877913033e-9,204087_s_at
729.2247690505733,0.3809972063592757,0.05933404366113065,6.421224357052619,1.351826163877594e-10,1.6217931296476247e-9,218109_s_at
429.42857875884465,0.35719688922852344,0.05567212052226919,6.416081979231283,1.3982617081741184e-10,1.6750454937629957e-9,209536_s_at
273.93324071829323,0.46804062831712895,0.07297110322809208,6.414054435413069,1.4169957356512475e-10,1.6951694489281963e-9,224957_at
180.19053296167118,-1.7115853178794214,0.2668621381962027,-6.41374355106541,1.4198898388373335e-10,1.6982451203972969e-9,205825_at
719.4532121745276,0.3684241672488591,0.05745327600068016,6.412587634593675,1.4307013224012867e-10,1.710236766314543e-9,200000_s_at
647.3840808228937,-0.4689008916507489,0.07314352156634271,-6.410696143819735,1.4485665277552966e-10,1.729787895924832e-9,204112_s_at
411.4102695174357,0.5365262900833648,0.0837134055613203,6.409084500693952,1.4639604254541083e-10,1.7465828876121498e-9,228049_x_at
259.4487982719965,0.3645141737150731,0.05688050338635506,6.408420320037386,1.4703508805878705e-10,1.7538089010080559e-9,225343_at
148.29334845342504,0.7806075516094971,0.1218883661729149,6.404282673722127,1.5107798055267546e-10,1.799989161180074e-9,203910_at
87.04443453883879,1.3418998311061157,0.2095431637907081,6.403930373249525,1.5142718897268933e-10,1.8037408180577323e-9,209480_at
690.8067075539003,0.4091864552922375,0.06390471844316424,6.403071091787392,1.5228224024114374e-10,1.813514809343546e-9,223071_at
869.0314764123366,-0.33380241083543866,0.0521484226281342,-6.401006857211276,1.5435563980275647e-10,1.8369579470548152e-9,208720_s_at
161.5796453046491,-0.5016377448242029,0.07836997933122539,-6.400891631016834,1.5447218696279314e-10,1.837928755635642e-9,225856_at
228.06762280869702,-0.33476730850115893,0.05232074176425194,-6.398367018754465,1.5704743238374424e-10,1.8668787065132992e-9,215604_x_at
440.21717463597207,-0.7214968744026253,0.11276383223166787,-6.398300413561191,1.5711593828365276e-10,1.8672706966438463e-9,203962_s_at
148.75002500700438,-0.6207630391654249,0.09702459880308446,-6.397996454747417,1.5742894202902987e-10,1.870144805468724e-9,222380_s_at
246.06368705862585,0.35871036821103514,0.05606856687610392,6.397708880337287,1.5772563471884904e-10,1.873245877291388e-9,225765_at
273.0676887987928,0.6113033204389228,0.09555358693170035,6.397492130524302,1.5794961817703992e-10,1.8754822037225838e-9,218498_s_at
305.802841626253,0.35419168776139504,0.055365682922889396,6.397314528833607,1.5813337866350755e-10,1.877240023104128e-9,233746_x_at
211.26371764007726,-0.3495425913119958,0.05464078591777383,-6.397100360855073,1.5835525133554526e-10,1.8794493854309497e-9,224808_s_at
342.5455124586178,0.3943425195357912,0.06164569248030156,6.39691929264645,1.5854307075765945e-10,1.880829015936351e-9,224574_at
333.79363854351914,0.5474600745706423,0.08562425910088918,6.393749625623997,1.618663974838156e-10,1.9180894370607542e-9,36742_at
402.87408151857966,0.376233419852805,0.05885151117054827,6.39292708665547,1.6273987623220015e-10,1.927570758509589e-9,212432_at
163.72270395728785,0.5412634726851735,0.08466574501929751,6.392945252673387,1.6272053555023027e-10,1.927570758509589e-9,219194_at
220.6343810213156,0.38080753384751903,0.05957495164539601,6.392074577150716,1.6365004187399657e-10,1.93747787804596e-9,201756_at
119.61616379622848,-0.8246664272246271,0.1290682546072234,-6.389382344513971,1.665571308028229e-10,1.9710073074108432e-9,239597_at
8982.562132554041,-0.19761341815333583,0.030937558357127085,-6.387492376489098,1.6862801231097323e-10,1.9950645112541394e-9,200062_s_at
146.0866890847211,0.7016705000883056,0.10985893918298012,6.3870132490503035,1.6915698787161995e-10,2.0008724601857113e-9,1553132_a_at
492.7558768378889,-0.728003088232724,0.11401815771113631,-6.384975014919215,1.714254557370599e-10,2.0263367973021695e-9,201998_at
119.7188225398634,1.057017075897856,0.16554914730884607,6.384914045651353,1.7149376778133457e-10,2.026442238659409e-9,219607_s_at
537.587162017172,0.5403396902504456,0.0846277686705795,6.384898228308039,1.715114944163537e-10,2.026442238659409e-9,226353_at
246.01278655685277,0.3602037994347638,0.056432088718726944,6.382960610055011,1.7369659705757084e-10,2.051246784430833e-9,202825_at
212.92953391418638,-0.40119171599878123,0.0628538193861155,-6.38293296918413,1.737279643319564e-10,2.051246784430833e-9,204314_s_at
481.06171703677035,0.3362339033704253,0.0526825861145867,6.382258886059681,1.7449463956164688e-10,2.059836317952109e-9,217815_at
144.39927747536072,0.6555162261753408,0.10274139627964134,6.380254210203237,1.7679426429198263e-10,2.085577051762257e-9,226099_at
725.5105909197387,0.3198782421920696,0.05015923580938187,6.377255096303501,1.8029002418076028e-10,2.123954703159757e-9,201491_at
374.10424271564,0.3292730038969035,0.05165173244818645,6.374868533736174,1.8311996510000017e-10,2.154395935944797e-9,201168_x_at
300.81233204427167,-0.2757211131802435,0.043262190663714076,-6.37325824120837,1.8505389198053214e-10,2.175200679746116e-9,234950_s_at
467.97052993194535,-0.5352591415935288,0.08405514387645338,-6.367952238357569,1.9156854631125234e-10,2.246250196974912e-9,214670_at
240.23559308805855,-0.5338572337597824,0.08384741495399337,-6.367008858325652,1.927500472468356e-10,2.2595998177582416e-9,227836_at
2322.3891382544634,0.27899999699572,0.04386996631566838,6.359703925646137,2.0214300125131136e-10,2.3649651130368248e-9,218190_s_at
187.67708996526568,-0.5311975806313152,0.08352997143153548,-6.359365046194299,2.0258942994147223e-10,2.3691332668322498e-9,222585_x_at
22.643876661465704,-1.0908263456710279,0.17158093250728906,-6.357503306054638,2.050592596441777e-10,2.3953510405290317e-9,205328_at
388.82894399640566,0.3847999298537675,0.06054714672767353,6.355376770841157,2.079163704964028e-10,2.427107271227888e-9,209187_at
126.20552809891205,0.8267477101719135,0.13013391152541737,6.353053562141146,2.110821757220063e-10,2.4618758683742387e-9,203139_at
180.92142586953872,0.43121852057054144,0.06790432112918673,6.350384090434481,2.147779893694369e-10,2.5033139173478346e-9,235907_at
466.23628835479167,-0.38057200877375136,0.05994807857621652,-6.348360411416713,2.176217699383402e-10,2.5353346258788583e-9,216187_x_at
142.0057128974075,-0.663092082970873,0.10446803646419706,-6.347320246591652,2.190977423293504e-10,2.5513987924610417e-9,238909_at
199.2728944972259,0.36051644289228096,0.0568006331717489,6.347049720417414,2.1948321290129666e-10,2.5553213936231156e-9,32069_at
331.53478822621514,-0.3084467451563825,0.04860285145288663,-6.346268499398159,2.2060009099904238e-10,2.5677557436021423e-9,224684_at
168.40175890385316,-0.5218389811381682,0.08223212220571119,-6.3459262285939815,2.2109116805298563e-10,2.5729019587813567e-9,213320_at
87.48475760739466,0.6911129551647744,0.10895479665458314,6.343116378398592,2.251632047151525e-10,2.6179705886283465e-9,226372_at
249.98470726053702,0.2901717972056803,0.04574976399705322,6.342585662832502,2.2594050102630046e-10,2.6264271380084486e-9,217144_at
2319.645073590866,0.2960424237147236,0.046678558281156184,6.342150113797193,2.2658037226358662e-10,2.6327006155075243e-9,208977_x_at
206.83560743396868,-0.4456099088451958,0.07027081934872134,-6.341322229841115,2.2780151181792573e-10,2.6463042997522697e-9,212946_at
1067.6921646899223,0.3578159992671351,0.056443627956939794,6.339351530346505,2.307342411560913e-10,2.678005147905747e-9,208969_at
361.3365011096844,0.34493987467945847,0.05442220898995096,6.338218919837515,2.3243640904406201e-10,2.697165608501134e-9,202225_at
586.6739015692199,0.44955554172024575,0.07093040880458978,6.337980413432438,2.3279641373101733e-10,2.7007467389006366e-9,201212_at
193.55424015088005,0.46585562356596666,0.07352564822818052,6.33596078092673,2.35866785131017e-10,2.7345561495202887e-9,218115_at
144.50378373282817,0.6527185895092497,0.10303109258507523,6.335161290949956,2.37093116913687e-10,2.7475615581658005e-9,236545_at
254.807226642537,-0.49486714812492744,0.07817721371461406,-6.330068885947255,2.4505177194720407e-10,2.8347899676234567e-9,214097_at
174.00943851377912,-0.7669918703393607,0.12118816051639578,-6.328934007011295,2.468606526920243e-10,2.8538257375665057e-9,1555725_a_at
457.73192367788135,-0.5220037434931898,0.08248572953832234,-6.328412761999883,2.4769582806069394e-10,2.861597394570611e-9,201017_at
382.11183952577574,0.39734219964666906,0.06279436360794871,6.327673007842574,2.488858534352257e-10,2.874713657458209e-9,229632_s_at
210.71128191834464,0.42662746975577737,0.06742386996114919,6.3275434946348765,2.4909477194841485e-10,2.876494538557898e-9,210681_s_at
6377.750195932245,0.19458119286986517,0.030756238909345316,6.326560066183562,2.506867440264224e-10,2.8936066649603783e-9,211750_x_at
2959.888881058986,0.22268354030433005,0.035201903234757706,6.3258949045816495,2.517691354212939e-10,2.903549515674935e-9,214288_s_at
249.9192212024627,-0.8277330130006919,0.13092015541406926,-6.322426141206215,2.5748810719304786e-10,2.9668997994789384e-9,222802_at
445.20844888677925,0.3787704993696809,0.05991398402424209,6.321904736236948,2.583586474818719e-10,2.975625763699824e-9,215696_s_at
172.81887665355484,0.48238601168993134,0.07633320518620702,6.319478011085741,2.6244828768132717e-10,3.0214035730130272e-9,222630_at
586.9565003186017,0.3033833238406965,0.048019469213342617,6.317923309248052,2.651015054911407e-10,3.0506118939306783e-9,217817_at
455.22955598240856,0.390267788247644,0.061791184941751745,6.315913647157519,2.6856999116905177e-10,3.088496130393511e-9,224928_at
420.8899490997119,0.33194195556461953,0.05256643527444548,6.314713064174412,2.706631884311358e-10,3.1100904925845526e-9,201157_s_at
303.273336964305,-0.6422075451034122,0.1017003904599654,-6.314700879700346,2.7068451332118855e-10,3.1100904925845526e-9,228977_at
132.8114015221901,0.4850570210119349,0.07682035411029906,6.314173198362084,2.7160962082476444e-10,3.1193557720333632e-9,221496_s_at
103.74561583593993,0.6436777603142313,0.10194862709009961,6.3137462336335854,2.7236041574483563e-10,3.1272950161796137e-9,1563792_at
257.98586414082166,0.5673108167064692,0.08986008093827168,6.313268481208877,2.7320292103062716e-10,3.1349140418872445e-9,224927_at
778.3607796884504,0.2865688076010456,0.045395786371878265,6.312674159964964,2.742545457475524e-10,3.145607463382119e-9,209076_s_at
395.8484611330159,-0.49918393989784393,0.07909156226290272,-6.311468955924042,2.763992508036941e-10,3.1681322195719384e-9,222478_at
827.3939135774451,0.3250346114614533,0.05152068911324834,6.308817235479716,2.8117591084815593e-10,3.2214778327259617e-9,208872_s_at
243.0469182006299,0.33238230019053416,0.05268649567148821,6.3086811137147984,2.814232761640564e-10,3.2236091664180077e-9,203447_at
551.988575623597,0.40359651858274215,0.0639772404842979,6.308438993735559,2.818637904995874e-10,3.227951546287931e-9,225213_at
385.86470835196843,-0.28134298379461387,0.04460068388272451,-6.308041924522785,2.825876783654818e-10,3.2354842396998864e-9,235327_x_at
351.5585090945887,0.41278839806483536,0.06544375933159394,6.307528819872603,2.8352579715265724e-10,3.2448638378834384e-9,201569_s_at
167.7594537718126,0.49429188300066507,0.07836644027990716,6.307443355027567,2.8368234931288544e-10,3.2452420952959038e-9,210177_at
126.01245760442353,0.7728732030776785,0.12257914815430407,6.305095236138993,2.8801674289375257e-10,3.2926760726644053e-9,211742_s_at
183.03841540083621,0.5681328917065599,0.0901779248898233,6.300132681037933,2.973909651809496e-10,3.3932012123577125e-9,213007_at
438.8816383497638,-0.39490742068742135,0.06268503515541027,-6.299867579372927,2.9790003601561967e-10,3.3982718673246964e-9,208246_x_at
384.1294235164495,-0.45486340449432977,0.07221854108051738,-6.298429706399036,3.0067602180593995e-10,3.4284503471445793e-9,227569_at
133.6663190392489,0.56871629259525,0.09030997705004662,6.297380546117152,3.027174749515899e-10,3.4509792144481253e-9,223349_s_at
95.3432138535764,0.6109127993935369,0.09711039947071559,6.290910167430241,3.156099472225409e-10,3.5862843602883057e-9,210992_x_at
675.7087742268047,-0.3264483493040883,0.05191873619143985,-6.287679039419911,3.222472737911206e-10,3.657750156980249e-9,201779_s_at
134.772060263227,0.613508221571006,0.0976060056267251,6.285558123515956,3.2667790976946026e-10,3.7072405247299105e-9,219260_s_at
509.08839427193226,-0.7049050724819276,0.11215069586645209,-6.285338374728601,3.271403557419249e-10,3.7116870154708813e-9,203961_at
433.36876347550304,0.7173948961557503,0.11417370585093115,6.283363501333696,3.313251254559195e-10,3.754303717811641e-9,206332_s_at
255.7916525344816,0.3847365645947314,0.06125870679595096,6.280520512394516,3.374413542156962e-10,3.817023876334847e-9,209164_s_at
288.3095234992983,-0.2697904916263822,0.04296320607913265,-6.279570736165805,3.395091031345051e-10,3.838761059838808e-9,226544_x_at
597.3960935376925,0.5059559109819225,0.08058862044833155,6.278255021207494,3.423939851382264e-10,3.8688827123101155e-9,36711_at
785.9774660150731,0.3546602560931585,0.05649859871049245,6.277328361903141,3.44440160332122e-10,3.890330579431408e-9,222620_s_at
507.35529313396376,0.30769511291883284,0.04902042189590367,6.276876065494348,3.454432161602892e-10,3.900821397096656e-9,210817_s_at
73.41976270136071,0.8782716425895959,0.1399365444368212,6.276213594699129,3.469175243848952e-10,3.91494601170792e-9,235199_at
70.23122279599183,-0.9284366691269197,0.14793520924866016,-6.27596820150054,3.474651971235392e-10,3.9194432216420864e-9,229613_at
84.84256908516343,1.0813485087702355,0.1723023479369629,6.275877965202475,3.476668002384338e-10,3.9208757553070065e-9,218804_at
1792.6938864160784,-0.31615335857333327,0.050400194916094605,-6.272859839126814,3.5447598649335264e-10,3.993382849768843e-9,224569_s_at
180.94846427123989,0.515847669654447,0.08228010297050915,6.269409626764045,3.62419564931346e-10,4.078500602869798e-9,203209_at
418.3395340062967,0.4509867869046655,0.0719376017519677,6.26913847447423,3.630511651691178e-10,4.084733661806426e-9,218738_s_at
587.1391247919928,0.28321071004127973,0.045193452421682156,6.266631444722414,3.689419678329058e-10,4.14923521880816e-9,211928_at
182.4858262416067,-0.7298802723886424,0.1164741896462225,-6.266455036996378,3.6935997157302825e-10,4.153047485247952e-9,226671_at
285.5820089180036,0.31170445235456723,0.04977373984280836,6.262427805082932,3.7902937330396546e-10,4.257215149522676e-9,226200_at
286.1241071176602,0.3048397017249216,0.048687537162579245,6.261144421969619,3.8216238294516784e-10,4.2878227739753096e-09,209331_s_at
143.0824855687095,0.4737168696517292,0.07566213176941781,6.260950604661693,3.826377240043661e-10,4.292239689930727e-9,224744_at
1119.5646307643076,-0.3209903312797209,0.05127721772951805,-6.259901482426586,3.852207535705616e-10,4.31660799214228e-9,1555889_a_at
230.22663776953473,0.5071244761338068,0.08101894069370956,6.259332346135955,3.8662913017387067e-10,4.331466064199019e-9,204319_s_at
335.7462642674676,-0.5230359503537629,0.08358733352774408,-6.257358959538507,3.91551483201855e-10,4.38007591489789e-9,225355_at
413.2112148286475,-1.1161710039743171,0.17841935615578167,-6.2558851686459676,3.952675137062729e-10,4.417883648515412e-9,205983_at
541.1152523362081,-0.3632456366489704,0.058120435962381076,-6.249878044343716,4.107733071283929e-10,4.584366188750385e-9,217759_at
610.5221640977326,-1.1785595299971896,0.18861746037485114,-6.2484116139352395,4.146477562872227e-10,4.623678799897878e-9,225016_at
407.1410577709485,0.7094111622897786,0.11353582944682043,6.248346145408336,4.1482155967430037e-10,4.624635606093166e-9,208966_x_at
287.29374491986323,0.3590254425077865,0.057460848884491385,6.248175052712927,4.152761059666827e-10,4.6287212031756184e-9,221693_s_at
188.60839387354605,-0.48326863020896504,0.07736791081529405,-6.246370428209013,4.2010020426796156e-10,4.679513805658849e-9,213391_at
452.52027037124293,0.7420554826596807,0.11881658991838613,6.2453861297432525,4.2275442783941577e-10,4.706086888513589e-9,201720_s_at
256.1309109650556,0.31489328235892683,0.05043577158831158,6.243451273617532,4.28019689907051e-10,4.759658650735328e-9,225071_at
217.38226971267105,0.6396403648990977,0.10246499873315397,6.242525475112637,4.3056162402223623e-10,4.782920369351089e-9,209906_at
251.805387684337,0.29342944735792115,0.047010881264540234,6.241734667910844,4.3274458123670174e-10,4.805083186628697e-9,207945_s_at
111.24435525468414,0.6829138223046619,0.10944404030419139,6.239844768217209,4.3800534245541295e-10,4.861443034298157e-9,211395_x_at
362.9870469362867,-0.4524606129491647,0.07252390307359723,-6.238779130378681,4.4099914103164345e-10,4.892604783149037e-9,221500_s_at
226.08945932362505,-0.4709186269454371,0.07553195858171348,-6.234693708305983,4.5266288591277136e-10,5.018828123683499e-9,205032_at
371.0752467394168,0.7901280956497553,0.12674047523534224,6.234220711123103,4.5403257071371165e-10,5.032952482870365e-9,213293_s_at
580.2913082161033,0.4032979754354651,0.06471657962199565,6.231756650167488,4.612335778555514e-10,5.108465637643973e-9,201695_s_at
191.92331564396395,-0.5179878025190784,0.08313480113786785,-6.230697559017018,4.643628228914744e-10,5.139874430126062e-9,227452_at
100.32680391251552,0.75830813674782,0.12180570824777674,6.225555006053348,4.798542575839971e-10,5.3057565018029425e-9,217127_at
237.77865908058143,0.8505074573005637,0.1366204092157818,6.225332380297955,4.80536163781827e-10,5.312178702437976e-9,209823_x_at
145.93923416325381,0.90779909534373,0.14584429561532103,6.22444019160092,4.832784541576255e-10,5.3402472413372265e-9,216248_s_at
193.35286289183625,0.36813949790354217,0.05915184098640836,6.223635507610517,4.857648800349457e-10,5.365466058292673e-9,212350_at
110.38222238901851,0.6519622086351973,0.10478143207692137,6.222115843545483,4.904946500466842e-10,5.412020961275129e-9,212414_s_at
428.0204357357458,0.4860381967933359,0.0781364739891949,6.220375350704303,4.959669509510614e-10,5.470104331643668e-9,218611_at
276.37722913937705,-0.5377428799368461,0.08644920304440526,-6.2203335716192845,4.960990385765343e-10,5.470413108130756e-9,227393_at
715.1049025525258,-0.4687743931515623,0.07536263125289018,-6.220249815568702,4.963639428510474e-10,5.472185998026839e-9,224802_at
223.51771651249763,0.5498002807567374,0.08839744297232927,6.219640096703243,4.982965310399389e-10,5.490036874690345e-9,203499_at
782.4564130106248,-0.7058080631182687,0.11350612306522632,-6.218237783636359,5.027692650829945e-10,5.534674477832361e-9,209071_s_at
114.94314034210716,0.75696119544242,0.12177279651455936,6.216176495149444,5.094150320768731e-10,5.600794476102089e-9,212298_at
198.33137763702288,0.3697069745585701,0.059475879064564946,6.216082559405789,5.097199224618758e-10,5.602974441552273e-9,43544_at
334.21865252997384,0.5856239706356923,0.09422240640362865,6.215336595490932,5.121474530696316e-10,5.626128187420866e-9,202587_s_at
720.5599393245643,0.32318725821635647,0.052013499843304396,6.213526472742437,5.18084991452829e-10,5.687787474579481e-9,200697_at
439.9335259489226,-0.4749760597040084,0.07645252183204762,-6.212693163313109,5.208409312946409e-10,5.715655523754136e-9,218831_s_at
355.23072462926314,-0.7075153455746162,0.11390178783764417,-6.211626340607664,5.243900405987865e-10,5.752200833568905e-9,209070_s_at
331.326100690383,0.2873448950746238,0.046278414224203195,6.209047995519799,5.330654175221922e-10,5.842485912922062e-9,225148_at
180.87792087130552,0.5759955288538534,0.09277762597388063,6.208345199692989,5.354543095597437e-10,5.8662217603924885e-9,226390_at
110.54468297133967,0.7513386179404508,0.12103863280326074,6.207428161896835,5.385871519000743e-10,5.899314126918821e-9,236129_at
219.6848355041315,-0.3600966617033746,0.0580492126847435,-6.20329966676732,5.529141169760949e-10,6.047419043405139e-9,221756_at
1021.8872655927318,-0.4193683497340908,0.06767226460740508,-6.197049148081875,5.753154069048484e-10,6.280665952321853e-9,226165_at
166.82115013267364,-1.0258204228100225,0.16554619764132697,-6.196580999296456,5.770284085522658e-10,6.296750619405269e-9,214043_at
154.86030305404483,0.733036588329523,0.11832827625725179,6.194940140392679,5.830718521750967e-10,6.356809211637173e-9,203066_at
432.633151943185,0.25073824973456543,0.040474799649816096,6.194922566731092,5.831369107832479e-10,6.356809211637173e-9,208728_s_at
6276.256171990022,0.1820026620429758,0.029382254402884063,6.194305567822973,5.854255681230594e-10,6.3804345307215395e-9,209251_x_at
314.3986696831833,0.34543553038557695,0.05580053320546135,6.190541748295844,5.995778435863311e-10,6.527908430046829e-9,201224_s_at
68.25030342219878,0.7309638209871779,0.11808260260467056,6.1902753230666505,6.005921794073164e-10,6.537597638063816e-9,205786_s_at
34.78385513278577,0.6178969093677854,0.09988379996789074,6.186157410575272,6.164845044512434e-10,6.703647143995581e-9,220017_x_at
407.4186334283758,0.23929663501806095,0.03868465268990952,6.1858287041175615,6.17770623824847e-10,6.716242731586886e-9,224636_at
59.897963748688944,0.9343613527950212,0.15105154762737258,6.185711880953296,6.182283443653963e-10,6.718439290690454e-9,208126_s_at
13738.33569913934,-0.18274191464290526,0.029544630689526664,-6.185283429780214,6.199098769849978e-10,6.735320172642045e-9,1553551_s_at
154.7620781624093,0.48436600577115135,0.07832566879744748,6.1840008927818575,6.24970136917453e-10,6.787493402678203e-9,229119_s_at
325.9285275820121,0.43131642472497644,0.06975081839331758,6.183675470197757,6.262604909682643e-10,6.800102033542595e-9,209208_at
130.63812047296784,1.0083044312171565,0.1630677452107541,6.183346865525067,6.275660999920632e-10,6.812871063619684e-9,226517_at
251.73431436965564,0.28067919646172357,0.04539948253934573,6.182431621736465,6.312165529961668e-10,6.849670602139284e-9,203246_s_at
370.65336220790607,0.4693822536468691,0.0759234815202039,6.182306767926105,6.31716135927822e-10,6.8536766737305446e-9,238996_x_at
646.6598974190065,0.3418318146525157,0.0552932957721705,6.182156622766589,6.323174291512054e-10,6.858784349146017e-9,206052_s_at
206.0972803985785,0.4051165460027658,0.06555049006840633,6.180221468672462,6.401173862921663e-10,6.937663254113943e-9,202864_s_at
423.70938511263523,-0.4831315890619458,0.07819787590227709,-6.178321130687864,6.478683325891225e-10,7.01588138283304e-9,229872_s_at
185.28418893602722,0.4507450089599388,0.07296993152719404,6.177133505901093,6.527587350053411e-10,7.0644733442073095e-9,205449_at
286.51119771826376,0.34227512781133296,0.05542098319278121,6.175912228419571,6.57825268503792e-10,7.113446329413228e-9,225272_at
575.3189776424072,-0.35806248411680985,0.05798266096293712,-6.17533721582191,6.60224003017317e-10,7.1364484275137965e-9,201271_s_at
262.51690869676554,0.39042715872105843,0.06326306367530475,6.171486741851625,6.765080502208706e-10,7.30645377544341e-9,218001_at
291.33744844386194,-0.3772619611114651,0.06115343536453248,-6.1691049548177626,6.86776323524459e-10,7.41126137710563e-9,226941_at
4315.413751036987,-0.5640872627097584,0.09144184851532457,-6.168808612997626,6.88064488911938e-10,7.423638092851158e-9,202831_at
1144.9983489043175,0.394260770102616,0.06391660973865682,6.168361740628536,6.900114524478928e-10,7.442295603230647e-9,224629_at
310.02000796755607,-0.29687725031144846,0.04813689622714496,-6.167353393757778,6.944244527435739e-10,7.487645196857978e-9,212447_at
410.23615773653773,-0.5510514862905828,0.08935352345312741,-6.167092969530747,6.955686580810252e-10,7.496906328299876e-9,204039_at
77.73109304237803,-1.0359911213343695,0.16798815000097922,-6.167048814623714,6.957628402742739e-10,7.497461617341437e-9,230830_at
160.30367718507682,0.8380626401161492,0.13596887294588153,6.163635999613792,7.109326373166162e-10,7.651516244427084e-9,212588_at
2773.8760459364075,-0.5250368859561255,0.08524865289763636,-6.158887772532566,7.325761657760913e-10,7.876392761087705e-9,201338_x_at
472.3810823028968,-0.48149979518197566,0.07828969491942264,-6.150232104973012,7.73696382866238e-10,8.304116058729458e-9,220477_s_at
216.08606717529352,-0.3934895638748095,0.06400373696562282,-6.147915458220158,7.850785666299353e-10,8.420207957279513e-9,225024_at
162.43256764544188,0.419541958219985,0.06824658913391268,6.147442143910878,7.874240743675342e-10,8.443641053726055e-9,217943_s_at
1569.8065144171615,0.9679226306694937,0.15746359927807763,6.146961171388959,7.898145338307644e-10,8.465819500498062e-9,212859_x_at
137.18534437444643,1.2971956317949311,0.21104213826255186,6.1466190708375255,7.915190983975505e-10,8.482360256359068e-9,204439_at
198.6587803295109,0.4482521325301256,0.07294681705781556,6.144916949218686,8.000536446409553e-10,8.570325976449402e-9,203046_s_at
209.47377113924682,-0.761132149322534,0.12386313851549637,-6.14494480314908,7.999132635458011e-10,8.570325976449402e-9,226670_s_at
181.61954980035887,0.5327035725204655,0.08669283396707428,6.144724403896924,8.010247117034528e-10,8.578979559580855e-9,202089_s_at
113.35027642976071,0.9299581722645126,0.1513591211389329,6.144051083719638,8.044295263052753e-10,8.613689756611133e-9,225285_at
887.5965337162177,-0.32300894842817135,0.052586692763539444,-6.142408496396772,8.127950180809165e-10,8.701493049546646e-9,202105_at
1019.0538437560565,-0.2989699061118966,0.048677796648433753,-6.141812627041249,8.158506307331531e-10,8.730648350142563e-9,234981_x_at
385.082969838715,-0.45246891890451846,0.07367724865973091,-6.141229852300663,8.188499306133408e-10,8.760960760067898e-9,222996_s_at
280.67971594125123,-0.5191015638372368,0.08455207827029465,-6.13942997566283,8.281812072825667e-10,8.853139930108003e-9,216266_s_at
294.53002252643074,-0.2878473870812237,0.0468890325626189,-6.138906506480212,8.309144929828893e-10,8.877389767071105e-9,207318_s_at
337.5637542063751,0.3818989336504118,0.06224035447999155,6.135873370920165,8.469260028919144e-10,9.044777312737588e-9,202680_at
166.36874627929188,-0.4363782673309033,0.07112778423348234,-6.135130906067009,8.508909889348383e-10,9.085275301194939e-9,228046_at
775.8829586968723,0.4137627485410133,0.0674439341328102,6.134914190003123,8.520517274806776e-10,9.0958209396749e-9,202690_s_at
299.8787854274122,-0.44608181314469525,0.07273339667412163,-6.13310849682083,8.617833090841818e-10,9.182919713221835e-9,209422_at
620.1412010199417,0.2530556470073558,0.04126087440214345,6.133065541485709,8.62016127112153e-10,9.183538525086578e-9,209302_at
16.502382310148395,-1.0023361037645218,0.16345528681684474,-6.132173044287406,8.668673659320183e-10,9.231478733372094e-9,237732_at
227.94102920354902,-1.294904855216422,0.21118222888399654,-6.131694234213806,8.694809395564332e-10,9.255560319515656e-9,202222_s_at
154.00852269921575,0.43840867362132196,0.07151278882524072,6.130493312079921,8.760700012969575e-10,9.323811836403464e-9,226010_at
231.37642125642293,-0.37354945517279864,0.060934738058701456,-6.130320192940518,8.77023855734791e-10,9.332073641280868e-9,1566887_x_at
155.2589240783348,-0.40549673439334677,0.06614763894806996,-6.1301769925860405,8.77813628559892e-10,9.338586525371774e-9,227054_at
475.5895217856028,0.2624207138221428,0.04282696764853414,6.127464264473201,8.929064519543654e-10,9.489546142772441e-9,209944_at
425.49174250909505,0.4464506998054878,0.07286640546726894,6.126975757107028,8.956511239847218e-10,9.516791178708667e-9,219806_s_at
347.44190334553116,-0.5914375446454474,0.09653909281217765,-6.126404624457401,8.988704590885482e-10,9.547137855080753e-9,203790_s_at
259.1214023694452,0.3973942734024594,0.06489218809734801,6.12391545198489,9.130335801772326e-10,9.683868168039209e-9,218254_s_at
348.57978576539205,-0.5280543329390578,0.08624955837782802,-6.122400425818337,9.217602088017748e-10,9.770509482325226e-9,210757_x_at
169.07122173169077,0.44713881240241393,0.07312797744290243,6.114469838189294,9.687849027443753e-10,1.0237989499060507e-8,33307_at
193.5590554406713,0.5297436990549576,0.08667480284102001,6.111853522489344,9.8480556210554e-10,1.0398929377314557e-8,226837_at
1728.2143290995648,0.3391236972773899,0.0555089617106544,6.109350397240423,1.0003747817610017e-9,1.0548494438336212e-8,200881_s_at
276.9194753158038,-0.47215136561002197,0.07730208804990184,-6.107873377304218,1.0096740405036588e-9,1.0640146285267553e-8,206958_s_at
345.6866865467087,0.8711397558266958,0.14267904636951137,6.105589979698987,1.0242163308996538e-9,1.078258514705537e-8,203936_s_at
190.95930846674142,0.4124151598549286,0.06754894983579199,6.10542666995547,1.0252641929626134e-9,1.0791454916274221e-8,201529_s_at
902.3687783472303,0.267267400147167,0.04378031047600467,6.104739716125408,1.0296834279722539e-9,1.0831461744126067e-8,222047_s_at
406.1849811089952,0.4175607584209617,0.06842555293566872,6.102409706700325,1.0448113604635134e-9,1.0986197726650558e-8,217743_s_at
134.04854935174856,0.6247720224412664,0.10242954240216637,6.099529567243801,1.0638108186734653e-9,1.1174797874188546e-8,227759_at
193.120711737281,0.40427832093285965,0.06629056612979602,6.0985800021874645,1.0701483542092462e-9,1.1234633760909454e-8,239355_at
265.2692972530158,0.3169921158198086,0.05198886974671508,6.097307315280455,1.0787002144749955e-9,1.1313113364901001e-8,228183_s_at
313.3577175041623,-0.2822661791073953,0.046294684219984734,-6.09716177706522,1.079682398472034e-9,1.1321154981903286e-8,201270_x_at
342.9026507357406,0.27319115250065895,0.044810753494203714,6.096553420731841,1.0837974207889295e-9,1.1359187586647475e-8,209077_at
408.3667038491451,-0.4101277923089442,0.06728187062690998,-6.095665719271931,1.0898294286902992e-9,1.1416164200795293e-8,218628_at
301.54489577343907,0.2996267137422818,0.049159662328347925,6.094970948763047,1.0945732771800106e-9,1.1463571942789612e-8,203175_at
2268.7657155833836,0.3084101242069006,0.050608771840714176,6.094005307569788,1.1012000648141551e-9,1.1528380120765558e-8,39729_at
226.4158606908767,0.3116202566194472,0.05117072519146401,6.089815132645995,1.1304114436059988e-9,1.1817712951515748e-8,210627_s_at
149.45693855098213,-0.5769225502424408,0.09474397552046791,-6.089279524879193,1.134199406641031e-9,1.184788622870458e-8,235626_at
532.0468862310977,-0.4193591335488522,0.06887619630278778,-6.0885930997887945,1.139072087679456e-9,1.1894058115618147e-8,213198_at
1801.653999306334,-0.34377286785150835,0.05646883478445836,-6.087833566314764,1.1444875251872212e-9,1.1948231505500442e-8,224655_at
250.3513215179642,-0.28778919633672345,0.0472806286804713,-6.086830999681511,1.1516742257766644e-9,1.2018484364866327e-8,213079_at
243.63988319772557,-0.3692106991349186,0.0606580989877605,-6.086750249285218,1.152254979806527e-9,1.2022157674955773e-8,208953_at
146.16706886827257,0.8086253001575698,0.1329335517162114,6.082928573847448,1.1800692720436069e-9,1.2285531006929422e-8,227628_at
373.64814029345445,0.3628147218930733,0.059650070822375584,6.082385433765091,1.1840750139165238e-9,1.2324792687932065e-8,222435_s_at
252.28502135766277,0.4789151098175953,0.07874173345435558,6.082100162237465,1.186184242026015e-9,1.2341858375655353e-8,235964_x_at
170.21091697390477,-0.49690787061718816,0.08171798316909269,-6.0807652287376595,1.1961031895473564e-9,1.244013596348145e-8,205603_s_at
129.25436820744792,0.4761844955777018,0.07831328161621937,6.080507491836223,1.198027541637631e-9,1.2457684887855966e-8,203523_at
268.14357338873,1.408604485394787,0.23169606478040033,6.079535648263388,1.2053108436521917e-9,1.252598498661208e-8,213831_at
469.8455957952945,-0.7124866628351706,0.11719926845047333,-6.079275683672521,1.2072664066172313e-9,1.2542643840912842e-8,202976_s_at
240.6078726712893,0.3735702411704757,0.06145818417249648,6.0784457953063695,1.213529896287519e-9,1.2603922958398078e-8,215411_s_at
2905.870044626196,0.26596106747595394,0.04376100816470587,6.077580902042766,1.220091291708098e-9,1.2664562066843252e-8,201600_at
290.81274551923735,-0.3991282742674032,0.065682718466493,-6.076610158439349,1.2274969026890446e-9,1.273891631593998e-8,225860_at
524.754168555497,0.23491010924432337,0.03866174487470834,6.076034850615249,1.2319064734650033e-9,1.2782154552118417e-8,202406_s_at
7624.085197733743,0.14455015538318358,0.023799968588677067,6.073543956354376,1.2511773005934557e-9,1.2972739936103689e-8,211970_x_at
296.1519395033887,-0.41332247695193663,0.06806397246411106,-6.072558829414112,1.2588795664463734e-9,1.3046570052262415e-8,203739_at
513.977525180786,0.27239984265149547,0.0448781655911334,6.069763303901923,1.2809890783709643e-9,1.3257404494822303e-8,217822_at
320.8558831112051,0.2562079446696021,0.04223407761198464,6.066379548369698,1.30825758285583e-9,1.352097718965689e-8,224626_at
1157.4230661329573,-0.34898200000998486,0.05753657890865254,-6.065393643998945,1.316308531423448e-9,1.3598835966272437e-8,200976_s_at
257.3173940852853,0.7579591147804634,0.12499485630812868,6.063922445832451,1.328412292756431e-9,1.3710404484195105e-8,204122_at
149.29290390124638,0.44615463472172545,0.07358121844651369,6.063430915404534,1.3324803110202053e-9,1.3749689822375e-8,222697_s_at
231.7615208621059,-0.4565310572728769,0.07529506067285209,-6.063227165144989,1.3341701525713563e-9,1.3764424459802721e-8,225903_at
377.82625153592244,-0.30398012169476346,0.05013966773648486,-6.062667253647712,1.3388246501396198e-9,1.380973320185232e-8,222751_at
276.8341032184563,-0.35583978894234547,0.058694296038548005,-6.062595736877814,1.3394203018599958e-9,1.3813166119299493e-8,219013_at
3917.033659564821,0.3208777358617186,0.052962193780646705,6.058618666566128,1.3729544293513142e-9,1.4142345566469808e-8,200966_x_at
771.1394248670986,-0.9316201829888153,0.15387493452102166,-6.054398566528987,1.409432507577042e-9,1.4495365166967488e-8,205239_at
382.32134023454756,-0.4342342949662489,0.07174077666193324,-6.052824002902945,1.4232834260263665e-9,1.4634951510739515e-8,224250_s_at
379.2528445790335,0.2644516837695159,0.04369300415286147,6.052494876395375,1.4261953628016493e-9,1.4662024862417423e-8,208313_s_at
199.0147824096097,0.6660794130188304,0.1100612890634243,6.05189543650532,1.4315138150779615e-9,1.4710945842316617e-8,207655_s_at
201.73128156001087,-0.6862397021667715,0.11340707277865258,-6.051119082371265,1.4384306537003482e-9,1.4779136769221526e-8,238880_at
990.9364382178867,0.4950716949798856,0.0818283772286573,6.050122362765193,1.4473585840826853e-9,1.4862149868675545e-8,213572_s_at
164.0307731076792,0.49227761204258047,0.08137920449778063,6.049181914232227,1.4558319849136289e-9,1.494331916702165e-8,218217_at
106.34209748395882,1.042873998272709,0.17244109754824818,6.047711439443361,1.4691778876049012e-9,1.5074419114640372e-8,204006_s_at
166.34063256456446,0.5297525726368274,0.0875989635507461,6.047475348608909,1.4713317075427418e-9,1.5093571453874927e-8,218735_s_at
6648.425801216298,0.2032397036450026,0.03362089441303883,6.0450415491082925,1.4937150325341043e-9,1.5305264148917394e-8,200650_s_at
1568.75584450357,-0.5729604163759192,0.09478957140665033,-6.0445511871543385,1.498264825797228e-9,1.5348890770944936e-8,223044_at
581.3355007634452,0.4351425208562661,0.07202078850495479,6.041901649359612,1.5230830271790405e-9,1.5590982744520316e-8,225436_at
210.00844913408318,0.5971856966177703,0.09885485513429622,6.041035574898998,1.531282088758787e-9,1.5671859570132286e-8,204638_at
448.1247401818801,0.37662165115373397,0.0623646876930097,6.039020880015544,1.550521825307684e-9,1.5859502531572604e-8,202929_s_at
200.7766771915656,-0.4605159336376278,0.07628064584346919,-6.037126830082484,1.5688241704809629e-9,1.6031107418910465e-8,226104_at
277.34858628607407,0.287000183103582,0.04754239214572332,6.036721547874388,1.5727677004393252e-9,1.6062282878687636e-8,209814_at
173.79349993483908,0.6563459423037084,0.10873360984147724,6.036274738423522,1.5771265004967919e-9,1.610029256159837e-8,218224_at
537.8201899186074,-0.7729584241049333,0.12807856812965496,-6.03503330332723,1.5892990706908491e-9,1.622140675103649e-8,234331_s_at
901.8158949804218,0.3958928443589052,0.0656098240385016,6.034048256654136,1.5990227925099891e-9,1.631114981319293e-8,201930_at
175.20804026654716,-0.49994715553824504,0.0828982135524334,-6.0308556012733225,1.6309386937043035e-9,1.6627032416864397e-8,212898_at
413.31755504161475,-0.4956558887410538,0.0821977456454424,-6.030042367330258,1.6391670109241716e-9,1.6707677093116548e-8,226381_at
373.72210840480386,-0.3272086857182068,0.054271827918676324,-6.0290706664332925,1.6490517567094046e-9,1.67986559453588e-8,225205_at
215.72489877027903,1.1979863708523146,0.19875318667476136,6.027507739096999,1.6650728035544776e-9,1.6952002347540106e-8,238017_at
35.29512602422807,0.5056641569563946,0.08390398683869088,6.026699993750669,1.6734120803776099e-9,1.7023712441379192e-8,216025_x_at
277.36491904647806,-0.7909726428306817,0.13126265249502678,-6.0258773367439735,1.681947137225287e-9,1.7100609373135563e-8,218353_at
168.63836955602244,-0.43901735378618756,0.07292841424010485,-6.0198395695372575,1.7459002605305744e-9,1.7730249718246144e-8,203979_at
6907.017247637008,0.33520288198618964,0.05568506136612767,6.019619513072642,1.748275341601318e-9,1.7750939393839968e-8,201596_x_at
402.5018784958591,-0.4052524385610634,0.06732873220716436,-6.019011873179769,1.7548499923963182e-9,1.7810812379373523e-8,224812_at
1714.4492678263505,-0.46040402100186556,0.076516576338607,-6.017049416383327,1.776248707333681e-9,1.8024517197376768e-8,201112_s_at
677.2088181954949,0.8491870940086257,0.1411421072674638,6.0165397162408745,1.7818479634726908e-9,1.8074355891207063e-8,201858_s_at
179.3249956294552,-1.479944124677204,0.24603450861763418,-6.015189222814295,1.7967669479438067e-9,1.8222171011624625e-8,213479_at
320.2504577808731,0.395259034007012,0.06571202042151372,6.015018735865966,1.7986589585022683e-9,1.8237839649841446e-8,222623_s_at
369.7139572603,-0.6362340259160051,0.10578985169353475,-6.014130993955141,1.8085422540869078e-9,1.8327444971323437e-8,226360_at
620.185694530844,-0.4760726325578717,0.07915942681338269,-6.014099036874113,1.8088990195362294e-9,1.8327526329806633e-8,225563_at
2991.1315113108535,0.5482328827815456,0.09121046619211998,6.010635683264488,1.8479726874681854e-9,1.8712592797148943e-8,201650_at
292.6755800826725,-0.39132340376135344,0.06511447209263038,-6.009776186231926,1.8577962119810827e-9,1.8808441942680375e-8,225075_at
287.085328339531,0.3978387541933918,0.06619895862013223,6.009743393038849,1.8581720240068994e-9,1.880862337243039e-8,201671_x_at
2733.740190190551,-0.5146406776328472,0.08564671601409933,-6.008878116799318,1.868114948918479e-9,1.8898347069386285e-8,215091_s_at
246.8651303461631,-0.44294289722862595,0.07371677264535359,-6.008712553920318,1.8700233382616805e-9,1.8914012032140947e-8,208882_s_at
72.24374385616943,-0.8325985654112548,0.13856596018314735,-6.008680373670279,1.8703944899343766e-9,1.8914125846452035e-8,231734_at
325.3835181324036,0.37994378075404306,0.06323703655468065,6.008247720866999,1.875391475989918e-9,1.8957361729019842e-8,202594_at
1353.5096147502416,-0.4706264995987483,0.07834715958786923,-6.006937610430195,1.890602244205623e-9,1.910009810495623e-8,204019_s_at
604.9419589156772,-0.7604720545212378,0.12669633773524358,-6.002320730930603,1.9451697691112464e-9,1.9591117678396404e-8,202741_at
427.592063727457,-0.3285329351183169,0.05474557143819678,-6.001086964435167,1.9600097336718113e-9,1.9736798532935116e-8,234969_s_at
492.28362842506255,-0.32737157699139113,0.05456084502143593,-6.000119258834298,1.9717266030348276e-9,1.9840369823617035e-8,224818_at
166.40429051973499,0.48600294082039086,0.08101364936999075,5.9990254062103405,1.985053017615041e-9,1.9969846150026965e-8,212020_s_at
3694.7486468909797,-0.2890355464403504,0.04818331059283674,-5.998665157792632,1.989461104923507e-9,2.001036151352153e-8,215823_x_at
95.81673762010804,0.83986943476203,0.1400609965857207,5.996454796378732,2.01671713548944e-9,2.0268990693920834e-8,206584_at
430.2508208988341,-0.3502506120878545,0.05843602355814078,-5.993744795782922,2.0506309774579443e-9,2.058228808046692e-8,200867_at
1122.8897178569125,-0.2957842219217464,0.049379498745688366,-5.990020746161851,2.0981427140361825e-9,2.1035061463841574e-8,214042_s_at
1752.7615731346505,0.23125229410146966,0.03861343775225102,5.988907167116674,2.1125569486833206e-9,2.1167458127951044e-8,1555575_a_at
524.4156487197521,0.4110249903193286,0.06863897020713047,5.988216155909487,2.121549895243173e-9,2.124946315887359e-8,221931_s_at
538.4106799697864,-0.6888913547044241,0.11509193803476139,-5.985574371824003,2.15627565073946e-9,2.1572608138009058e-8,206312_at
129.33859738003315,-0.8860225664572836,0.14810604338020855,-5.982352551156485,2.1993758150344157e-9,2.197870252582595e-8,213362_at
78.63042677734171,0.7437057826602734,0.12432342460187842,5.98202458661227,2.203809960112027e-9,2.201882673835123e-8,213423_x_at
236.9124265557698,0.3958660040526256,0.06619354273739075,5.980432345540749,2.2254614372205827e-9,2.2222477744953544e-8,225766_s_at
287.7129172722373,0.2921595486090184,0.04885848266340368,5.979709820744264,2.2353546270212907e-9,2.231278766732705e-8,225489_at
273.0156920289564,0.4069832488004778,0.06807238657104141,5.978683417772399,2.2494823683360914e-9,2.244102057432326e-8,210754_s_at
374.05139489872835,-0.3172513451847168,0.053067483158705825,-5.9782625122041635,2.2553009612798478e-9,2.249052878920325e-8,231825_x_at
279.26703437184585,0.6482693463978881,0.10845001294369726,5.977586620800522,2.264675161166e-9,2.2575443554612664e-8,204363_at
295.8681050299098,-0.4277614584157867,0.07160210743862869,-5.974146204878507,2.312983021284237e-9,2.3035154387070645e-8,200787_s_at
134.42227040900235,-0.6267562595717813,0.10491819904558543,-5.97376113270363,2.3184519840993807e-9,2.3080872432725676e-8,216417_x_at
258.48088511086615,0.8454278829882856,0.1415291951535769,5.973522862691973,2.32184230460857e-9,2.3110246302348254e-8,238846_at
662.1773682963994,-0.6324284446750198,0.1058940085287462,-5.972277879190299,2.3396357398267797e-9,2.327568385644139e-8,222303_at
308.5418277357988,0.2952091241340167,0.04943062773938952,5.972190474505647,2.34088991430036e-9,2.3282196925840485e-8,202153_s_at
1554.716493852444,0.24374932102063757,0.04082536676200614,5.970535976849601,2.3647542826475683e-9,2.351065012679915e-8,200850_s_at
39.01615300801115,-1.232183044749781,0.20642420924542276,-5.969178950734449,2.3845046817449627e-9,2.369356382008409e-8,207080_s_at
1774.7912900607218,-0.4496315962062901,0.07535362626900302,-5.966953661940058,2.4172401979500275e-9,2.398709240239157e-8,201417_at
323.8437984244277,0.2657172479772978,0.044538902355876854,5.965958609714968,2.4320193337902977e-9,2.4124640254438523e-8,209179_s_at
417.1447556533549,0.29674456426059487,0.04974031695015744,5.965876022823687,2.4332499136261984e-9,2.4132292123176303e-8,200954_at
809.1726776154735,-0.3432373739240252,0.05753833144535316,-5.9653689167196955,2.4408193159403457e-9,2.4189103965666402e-8,218654_s_at
169.90058646446457,0.4286310651838029,0.07185302787351298,5.965386259551188,2.4405600669763916e-9,2.4189103965666402e-8,226881_at
219.48948255591753,0.35347175745735526,0.0592588778011336,5.964874303620267,2.4482243310294417e-9,2.425791506276796e-8,1553581_s_at
216.483123397511,0.33473769853933294,0.0561313428214987,5.9634721300685865,2.4693358709308037e-9,2.4462483951158803e-8,211061_s_at
198.1829435838219,0.4973606883139545,0.08342048495389921,5.962092986978099,2.490273577176557e-9,2.466060628885185e-8,204321_at
476.99315334694364,-0.5033797935104937,0.08443841437770931,-5.961502205131171,2.4992954436920783e-9,2.4740623987152663e-8,208926_at
341.3361722965284,-0.7888678285282541,0.13238510431694073,-5.958886633043248,2.5396219272736322e-9,2.51303503607491e-8,205894_at
170.05211886570362,-0.4519357504495126,0.07586419082026785,-5.957168270867177,2.566459551271078e-9,2.5376804375823188e-8,226235_at
329.1913392484359,0.3732916319259641,0.06269747938703846,5.953853896128641,2.619006294352713e-9,2.5881770739641312e-8,210719_s_at
1365.1764269321282,0.5553957152872826,0.09328697711633084,5.9536253875467775,2.6226674732033422e-9,2.5913078846912662e-8,203108_at
172.58262293932313,-0.8266318216050563,0.13888657049894346,-5.95184846623702,2.6513080024084842e-9,2.6171457693195995e-8,226907_at
1671.6727717946703,0.2729144207712777,0.04587455401676339,5.94914602704475,2.69545085317149e-9,2.6577246554892024e-8,208639_x_at
468.7541799845968,0.39021958004760837,0.06559605996077,5.948826503923876,2.700717164580775e-9,2.6624177427758032e-8,224892_at
190.19862670181658,0.38784748555610193,0.06520425176404512,5.948193178561532,2.7111851271081613e-9,2.67123403018452e-8,225106_s_at
431.93491792531995,-0.3901691458786101,0.06559977681148439,-5.947720630206537,2.719021404799027e-9,2.6784526880563834e-8,208884_s_at
463.8239746304388,-0.34850817655424104,0.05863308196954165,-5.943882955620206,2.7834838423902618e-9,2.7388730547271635e-8,218557_at
463.5064976631713,-0.4576101325217152,0.07699146524272335,-5.943647533905909,2.7874863660495273e-9,2.742297987296272e-8,202762_at
206.42553037517936,0.38545018907294093,0.06485332702583553,5.943414266462994,2.7914577916414726e-9,2.7456910496336505e-8,212749_s_at
604.1217664906275,0.2234525034361427,0.03760841863894539,5.9415554155937444,2.8233026159289802e-9,2.7738987787910193e-8,200020_at
596.0785475169885,0.3251961392804627,0.0547420066262553,5.9405228146038125,2.841145128859502e-9,2.790385742890717e-8,203190_at
4399.123682891439,0.2004253280985024,0.033752428217662105,5.93810101027407,2.8834237994311193e-9,2.8266266434490403e-8,200030_s_at
290.2137538620159,-0.5040543788118257,0.08490899264320552,-5.936407477237459,2.913352009041555e-9,2.8549002700572418e-8,225640_at
189.8138057622265,-0.5554205971118112,0.0935777628840761,-5.9353908449367925,2.931463055108348e-9,2.8710419194588917e-8,212565_at
75.50967400737667,0.8673567284320436,0.1461643959212369,5.934117696483575,2.954298538111129e-9,2.8928676238474433e-8,203680_at
1264.715769158832,0.6895546589533306,0.11622917945936481,5.932715538049613,2.97964841053012e-9,2.91551745609756e-8,211456_x_at
86.59601642381824,-0.7965940664216993,0.13431297985954568,-5.930879258689048,3.0131673466851682e-9,2.946120869538462e-8,231439_at
425.83754594051425,0.3459087578526575,0.058326352612496184,5.930574129172411,3.0187725543738774e-9,2.9510523218483025e-8,209123_at
2650.83697895918,0.5184223902331877,0.08743133471695458,5.929480453563931,3.0389468336546104e-9,2.9680136014845638e-8,33323_r_at
28.304136618462383,-1.064591427771867,0.1795661959379354,-5.928685085804394,3.0537008222429447e-9,2.981315121905178e-8,227812_at
340.7213008911137,0.2727611706313143,0.04601001021973179,5.92830058782161,3.0608582044471856e-9,2.9877478097421505e-8,203550_s_at
2825.546537274964,0.2399623720643464,0.04048006014022346,5.927915404105468,3.0680447285200625e-9,2.994206548981306e-8,201097_s_at
377.5808388181793,0.31146299686592965,0.052545447047175925,5.927497326006085,3.075863569524954e-9,3.0007227405386006e-8,209163_at
339.4068114989892,0.28835521233346906,0.048665707118654526,5.9252239288420165,3.1187211248584616e-9,3.0408398886050386e-8,216199_s_at
149.81754923338883,0.6993127621113231,0.11805656144565552,5.923539984122228,3.1508407371544067e-9,3.0698792009716847e-8,202990_at
591.8962794828216,-0.2920407988034365,0.049310967432398684,-5.922430931897668,3.172170505286671e-9,3.0889429078161144e-8,224666_at
261.1171893273345,0.29400781135787146,0.04964743648027233,5.92191323865628,3.182175068905065e-9,3.098110940556443e-8,225298_at
159.30656358397286,0.4693496999582118,0.07926521348187296,5.921256997125815,3.194901277936664e-9,3.1099248335003416e-8,202240_at
437.02979722600816,-0.6195495902551864,0.10465992678847819,-5.919644789235525,3.226376901238454e-9,3.1394003271187876e-8,203124_s_at
188.11520657814964,-0.552283399980614,0.09332708390468673,-5.917718382207796,3.2643827671546666e-9,3.174030933303355e-8,226438_at
1169.9611886616435,0.3348988514077403,0.056596206448565355,5.917337440488992,3.2719497734118707e-9,3.18080000724912e-8,202096_s_at
298.12724185095624,0.2661400068242832,0.0450136320964018,5.912431288688595,3.370944831777018e-9,3.270627289393725e-8,224809_x_at
1305.2123964786613,0.23064514319886129,0.03903316072022062,5.908953795775462,3.4428724295301705e-9,3.335853939187474e-8,200682_s_at
334.4363907895125,0.3861138636721639,0.06536739255041586,5.906826761896095,3.4876015863297737e-9,3.377947175967102e-8,201040_at
453.3851294270059,-0.22543545906945098,0.038169013318730766,-5.906242773082702,3.4999808778094706e-9,3.38806400906979e-8,222460_s_at
500.15673063993876,0.3213419295431145,0.054409764398106006,5.905960687348618,3.5059757923912385e-9,3.3932422061386587e-8,220939_s_at
192.07520152599298,-0.43003345275215427,0.07282692951216001,-5.904868647254324,3.5292783369730795e-9,3.4145378078292195e-8,204190_at
132.92454394974388,0.9339532144408665,0.15817022365865954,5.904734739810392,3.532146083545676e-9,3.416372917976529e-8,206391_at
601.7136499865233,0.5213214664015069,0.08833896310056451,5.901376336147821,3.60481573212157e-9,3.4837713495019675e-8,202934_at
254.6189571337473,0.31866586461388113,0.05400275930017382,5.900918189061044,3.61484131662811e-9,3.4928179914336036e-8,218722_s_at
3097.9676125301216,-0.3061673339991822,0.051888238937468835,-5.900515035172966,3.623685937926992e-9,3.500720418783366e-8,201592_at
125.85653192944814,0.5897035342962883,0.09994713652031366,5.900154369869662,3.6316162705393363e-9,3.5070922727292226e-8,213599_at
303.87752272859444,0.3717898447900402,0.06303336420613603,5.898302422415334,3.6726038566512413e-9,3.544720350458206e-8,200946_x_at
1758.6015236557173,0.4900750112761353,0.08309087356954022,5.898060644000606,3.6779880540377898e-9,3.549265225705141e-8,217995_at
797.4530714940449,0.7764822833653207,0.13169486057942753,5.896071266175268,3.7225824657760934e-9,3.5870296829189e-8,206461_x_at
110.4267164803703,-0.5998961393841812,0.1018259894764116,-5.891385317921704,3.829713966316045e-9,3.6862049045013444e-8,238156_at
1167.5870382624087,-0.2782641588218859,0.04724114030042117,-5.8902930168983465,3.855114485480093e-9,3.709974119573719e-8,215096_s_at
250.71575885846954,-0.3396035301730584,0.05767688063662137,-5.888035663936903,3.908127963965162e-9,3.756176975461322e-8,219069_at
225.05409895565379,-0.8588002144639331,0.14591894147607137,-5.885460830352611,3.969463919588581e-9,3.810946416332815e-8,202834_at
204.26285737576094,0.4184328717603064,0.07110417868360874,5.884785950797649,3.9856947966621265e-9,3.825830216324774e-8,1569030_s_at
2473.888668469227,-0.33428911888712504,0.05681716318396728,-5.883593973263611,4.014519836303271e-9,3.850685809035994e-8,208689_s_at
216.5928374480073,0.7398940911022388,0.12578427951248247,5.882246127814517,4.0473586191812835e-9,3.8807678320097274e-8,204285_s_at
1261.6148640213166,0.5478898095469821,0.09316462194551997,5.880878364615406,4.080949901514084e-9,3.9108359067135514e-8,209773_s_at
174.70608912704233,0.41995742230273503,0.07141964238335294,5.880138968612675,4.0992217679118405e-9,3.9276299141447375e-8,233632_s_at
314.97032920496537,0.32176242567210445,0.05472175173165296,5.879973054407648,4.103332744907695e-9,3.9308521523127774e-8,229742_at
1107.3191147823381,-0.4542045771048981,0.07724673711555603,-5.8799192569834755,4.104666584107848e-9,3.931413297998976e-8,201752_s_at
320.20459087704637,0.6051023050114573,0.10291228300103858,5.879787012453613,4.1079472141653174e-9,3.933838518462903e-8,219233_s_at
132.41937983967892,0.5393335832266022,0.09175235640180042,5.878144217514822,4.148913889090955e-9,3.9701751734757106e-8,1552613_s_at
218.38751331384887,0.33935919643472245,0.05773512451784814,5.877863766099846,4.155947177417604e-9,3.975619124979478e-8,202852_s_at
414.04413743135126,-0.5441631369853995,0.09257853117146415,-5.877854510108377,4.156179501087671e-9,3.975619124979478e-8,224549_x_at
239.68278860707827,-0.41878134925272226,0.07124764913780322,-5.877826908263861,4.1568723773189924e-9,3.975619124979478e-8,231530_s_at
287.3174463912234,0.3351368264846485,0.05704207028067697,5.875257066154842,4.221876800004571e-9,4.036320053619069e-8,201284_s_at
130.42593850039583,0.5687456165890769,0.09680436815280898,5.875206123873384,4.2231753383953025e-9,4.0368271504915736e-8,212624_s_at
292.66850084478847,-0.34603871746670145,0.058927018697449894,-5.872326907345756,4.297202918962726e-9,4.105348158574206e-8,203342_at
384.0083537914578,-0.4169543641574677,0.07101941508221107,-5.87099124478577,4.331971505321912e-9,4.1363086935081346e-8,203569_s_at
298.9703224033536,-0.35999416766447195,0.06133199009142791,-5.869598673185507,4.368512977704484e-9,4.1674138869174346e-8,234762_x_at
169.95472761588468,-0.485709337042974,0.08275584623422422,-5.8691845850777575,4.379436507594411e-9,4.1740461773688186e-8,205594_at
387.9132147724962,0.26607006768057084,0.04533336015244732,5.869189197223164,4.379314694210645e-9,4.1740461773688186e-8,208919_s_at
250.38253405778315,0.36764073806887637,0.06264060303776678,5.869048512307924,4.3830318689957045e-9,4.176715445932915e-8,210010_s_at
318.4191125103258,-0.26590210097493694,0.045307701120658794,-5.868805840905807,4.3894509467716856e-9,4.1813160242276453e-8,224926_at
1824.0688134192035,0.3911675162999754,0.06665987395754573,5.868110650030658,4.407890633654097e-9,4.195839238562894e-8,224707_at
321.70364696282803,1.032826075931555,0.1760615010206413,5.866280077951099,4.456807241192063e-9,4.238060924633362e-8,206392_s_at
278.85581930355875,0.3197614787419471,0.05451705259762944,5.865347877516241,4.48192013607795e-9,4.2609050439840913e-8,224914_s_at
185.99438659332344,0.6377328775561574,0.10878448138506269,5.862351591297149,4.563574373343616e-9,4.334612102235684e-8,207030_s_at
247.20619706639343,0.3278117500402323,0.05593743262028176,5.860328847509074,4.6195144180828085e-9,4.383784050702851e-8,218383_at
283.6610457111206,0.43429350460043736,0.07413395371039284,5.85822666759447,4.6783582820385256e-9,4.43322108103593e-8,221543_s_at
116.5175944939926,0.7901390068491883,0.13499054557595033,5.853291454434702,4.819384673069518e-9,4.561101064442562e-8,204621_s_at
239.78614299215772,0.29346404770730616,0.050142464280186004,5.852605210375942,4.839319157186251e-9,4.579142581684664e-8,223228_at
995.1933667773454,-0.8180262112664954,0.13982718807810676,-5.850265763833784,4.907881799610271e-9,4.640676863920802e-8,227676_at
247.78221613789867,-0.63820990450887,0.10912032192010661,-5.848680550778992,4.954876210193977e-9,4.680901749964664e-8,244753_at
407.260330790139,0.4033511421415118,0.06897904042985568,5.847444957598052,4.991809332465952e-9,4.7132509460728644e-8,218493_at
288.5768805319878,0.2794246169413164,0.047797655991280975,5.845989958007307,5.035644241730574e-9,4.752078424850217e-8,218052_s_at
3067.49177236871,0.23960726836151627,0.040991322960404065,5.8453167904087175,5.056051333509771e-9,4.768767440439205e-8,221474_at
973.2707642016416,-0.35042964226966455,0.05995387540052236,-5.844987332822381,5.066068153389239e-9,4.777357719957259e-8,233571_x_at
257.5249093677027,0.3145331024569427,0.05382481133557776,5.8436452381773405,5.107073075526793e-9,4.8134346917366405e-8,207513_s_at
924.1263824698945,0.27962483089208506,0.04785341720193652,5.843361817027548,5.115773628040348e-9,4.820770436579388e-8,201900_s_at
1694.1834280525763,0.27443010068914686,0.04697487848309095,5.842060896185832,5.155895080936789e-9,4.855966130529605e-8,207668_x_at
239.22686085005566,-0.3289211831276827,0.05630197935911528,-5.842089156931753,5.155020252364957e-9,4.855966130529605e-8,224378_x_at
1265.7296763128834,0.28734379493943657,0.049196829750971685,5.8406973862733755,5.198275401100891e-9,4.892374022733815e-8,208756_at
864.0523409207077,-0.3733684911994151,0.0639274147285178,-5.840506655634499,5.204230604968672e-9,4.8971017943334576e-8,201120_s_at
300.06340573209246,-0.6217673872140592,0.10647451955680151,-5.839588568252348,5.2329891484236124e-9,4.922400424310981e-8,227195_at
127.31761653255022,0.5862112673035526,0.10039342886188862,5.83913981173015,5.247102381667979e-9,4.934792744562974e-8,227350_at
280.8799357553727,0.4176334954832481,0.07152383461038883,5.839081444083912,5.2489407427917104e-9,4.935638428997594e-8,201714_at
261.60719915433975,0.6309829158471438,0.10807896118145596,5.838165994099201,5.2778560936351535e-9,4.9619400562594245e-8,219017_at
614.3934531728115,0.374583015504775,0.06416813989697269,5.837523358261582,5.298246872001636e-9,4.9766589117278636e-8,202279_at
554.5916461775562,0.29193165508315944,0.05002284307992791,5.835966872508682,5.347952174068679e-9,5.0206552082173165e-8,201751_at
94.46583484261731,-0.7427122208221149,0.12728169366772543,-5.8351849305289605,5.373093866955786e-9,5.041556419996329e-8,229546_at
1200.1910857387509,-0.5185395419400303,0.08886671332780641,-5.8350255401847875,5.378232817451476e-9,5.045477463197873e-8,228912_at
174.32131132709284,-0.5195876136127286,0.08905317049380307,-5.834577373625177,5.3927079243616646e-9,5.05725146782482e-8,206387_at
158.99558768834922,-0.4824651074713511,0.08276612900918727,-5.829257852784152,5.567441976201513e-9,5.2146024882782804e-8,219581_at
106.2149128775719,-0.8226493531752225,0.14115435362384854,-5.828012612118489,5.609134052551678e-9,5.249909723914531e-8,213369_at
143.34754359836327,-0.7513491010302938,0.12896522362241805,-5.825982229365023,5.677765784859947e-9,5.312253926607258e-8,206574_s_at
909.6624270145642,0.2914125234438485,0.0500277577035657,5.825016687147628,5.7106893393154164e-9,5.342106933755472e-8,200669_s_at
7073.492768376702,0.223538828992391,0.0383876842787522,5.823191296697233,5.773440640260866e-9,5.3969654821819564e-8,200038_s_at
250.18553166336685,-0.39972555435333224,0.06866311777260323,-5.82154681174154,5.830546956521355e-9,5.448409757343942e-8,222987_s_at
124.05448100568852,0.5632641536378822,0.09675747772429165,5.821401786049976,5.835609396810962e-9,5.450743785222602e-8,243582_at
335.4080354724055,-0.7275314318168279,0.12500136685618948,-5.820187811656749,5.878153874295976e-9,5.4870426058570295e-8,231576_at
582.3361287000628,-0.6480164951921906,0.11134044088710845,-5.820135882605627,5.879980473046151e-9,5.487772931636786e-8,218698_at
326.50439396398417,-0.3915078108987108,0.06727347307618593,-5.8196461843932985,5.8972327308314545e-9,5.5019202722548594e-8,216212_s_at
883.8076309539384,0.43621534651112787,0.07501770512950813,5.814831922118383,6.069483937735398e-9,5.655596788364293e-8,209040_s_at
301.39653362267455,-1.2564957170335034,0.21608941216804795,-5.814702832623537,6.074169403486267e-9,5.658959383634414e-8,205767_at
321.0493848990873,-0.4018927168426284,0.06911860361250358,-5.814537560621752,6.080173294969099e-9,5.6635488717441685e-8,207949_s_at
335.5116143374142,0.324166122706645,0.05576170606641877,5.813418303961592,6.120985095430408e-9,5.698534113467664e-8,215210_s_at
344.27889600186046,0.27360670327591186,0.04707322150283103,5.81236411150354,6.159668045542765e-9,5.732516282370364e-8,206949_s_at
5653.3105969109265,0.1495418942732883,0.025728644900199618,5.8122724633712854,6.163042230748059e-9,5.7336257991632765e-8,200077_s_at
522.8036577263109,0.42171902644355097,0.07255662633029208,5.8122744644135285,6.162968539706346e-9,5.7336257991632765e-8,218966_at
287.9521258541147,0.2489599472152877,0.04283992499680323,5.811400165473338,6.195247515549162e-9,5.762567043047269e-8,211658_at
401.1775025339733,0.3717098168906374,0.06397550597556861,5.810189559619714,6.240214518705008e-9,5.799261429107392e-8,211015_s_at
126.93715676416657,-0.5006151450610217,0.0861727596457648,-5.809436150344127,6.26835941071091e-9,5.823357971902089e-8,205639_at
423.7538367502075,0.3067126026729258,0.052804884951172276,5.808413425321112,6.30676269453208e-9,5.8569642454221404e-8,221654_s_at
517.2774487952526,0.24055172099373656,0.04142187604972555,5.807359393982117,6.346580966787713e-9,5.890819783266717e-8,1554423_a_at
400.0888261033106,-0.34723868358854654,0.0598394022572096,-5.802843452479681,6.519965991110729e-9,6.044281049511964e-8,237475_x_at
384.17542528047983,-0.364162860238062,0.06277190618023318,-5.80136692348426,6.577648800903227e-9,6.093455933063073e-8,208880_s_at
156.270340205567,0.42440735643693167,0.07318517125866171,5.799089475884798,6.667595143271391e-9,6.173516475678025e-8,202937_x_at
280.7945211552774,0.4076481685610689,0.0702966059795893,5.7989736898454245,6.672199852723877e-9,6.176691757267053e-8,225198_at
380.1307777322145,0.36246609909181793,0.06250991590910564,5.798537621117141,6.689569699385308e-9,6.191680978892136e-8,223215_s_at
148.57909007901048,0.4414342118384157,0.07615534115674527,5.796497069454947,6.7714367544306376e-9,6.25973768148369e-8,219620_x_at
260.4894386279719,-0.3736749454922824,0.06450078699627634,-5.793339320245113,6.900049906380824e-9,6.373418865631973e-8,239435_x_at
96.00936192351108,-0.6540643350909591,0.11292943767968505,-5.791796616805603,6.963744025388462e-9,6.427337609944946e-8,228483_s_at
485.2623409049387,0.3383121393016767,0.05841603992425211,5.791425432815456,6.979154356421059e-9,6.440429816459217e-8,212033_at
2396.6177786373596,1.5341169076515706,0.26493264058995797,5.790592296348855,7.013864284772588e-9,6.469052713617735e-8,223447_at
702.0703163522201,-0.2748950879519925,0.047498727594120195,-5.787420039984848,7.147569171142148e-9,6.581975647804528e-8,213531_s_at
67.79512033291498,0.8355175780380258,0.14444182456875904,5.784457379519546,7.274676349659246e-9,6.689647259492423e-8,220030_at
470.8070391496416,-0.47165654719192346,0.08153826755377488,-5.784480849815256,7.273660816914925e-9,6.689647259492423e-8,226119_at
629.2321219500717,0.41530523277424025,0.07182605027311768,5.782097598225813,7.377488310674637e-9,6.781817748455394e-8,1564494_s_at
367.3349995525489,-0.4648890547210714,0.08040569507381617,-5.781792624195109,7.390878219147909e-9,6.791750549555852e-8,217851_s_at
72.55737692811995,0.8306904109245973,0.1436764809096044,5.781672864379488,7.39614274277367e-9,6.795400099715514e-8,204959_at
357.54398071408804,0.3424113648212048,0.05923684552102254,5.780378104362201,7.453292451097328e-9,6.8443182155332685e-08,225182_at
164.99244326145475,0.46931026458436403,0.08119940717060573,5.779725258317586,7.482271189326347e-9,6.869728862401413e-8,218458_at
172.86004243846176,0.5966384514705443,0.10324431347781532,5.778898918231921,7.519108176810968e-9,6.901138860009145e-8,225941_at
153.13237760614632,-0.6436825101565433,0.11139815056935606,-5.778215409023232,7.549711191339775e-9,6.925598218706066e-8,227223_at
869.8846198926345,0.3191262156623652,0.05525299401705667,5.775727113789536,7.662146968555172e-9,7.02383519597852e-8,200078_s_at
205.31551174053808,-0.3384708716366191,0.0586065387586616,-5.775309015098519,7.681198214287366e-9,7.038843782975732e-8,223110_at
348.05638713064724,0.3419534842623936,0.059228170682993644,5.773493935725752,7.764440205522626e-9,7.109296559787027e-8,226217_at
360.36172013849136,0.38789845448574406,0.06719557137254945,5.77267886205083,7.802105357774186e-9,7.140923806556333e-8,202501_at
284.5558738259828,0.27908262185300925,0.04835121449640917,5.7719878344262785,7.834177362009397e-9,7.166533630688283e-8,223354_x_at
273.8916319058623,0.41508651916781064,0.07192250001309347,5.771302709058282,7.866101969476066e-9,7.193233389661479e-8,226610_at
355.2536153771047,0.46450246024989883,0.08049990769526345,5.770223513898883,7.916645661355982e-9,7.236935051085444e-8,228400_at
755.308995145596,0.25743456881881116,0.04462023055169148,5.769458508749284,7.952665501798803e-9,7.264807627003899e-8,201740_at
112.68585521742665,0.5594110538528214,0.09698577136882885,5.767970352325472,8.023191571653753e-9,7.327959851524006e-8,204040_at
542.0666759112793,0.31330446578365184,0.054332308150428194,5.766448664691649,8.09593545637263e-9,7.380936774097139e-8,212197_x_at
1086.896781880069,-0.32917610489268995,0.05709849171539106,-5.765057797559294,8.162986173900551e-9,7.437544649500167e-8,212812_at
1203.1924980784313,0.32061976606153836,0.05564020281916634,5.762375940712688,8.293800305663438e-9,7.548880867056396e-8,222231_s_at
815.1806404709592,-0.324393186091372,0.056310700365078056,-5.760773422959403,8.37293746256473e-9,7.619590569829036e-8,209659_s_at
939.0219938216304,-0.2878705437241159,0.04997729276842008,-5.760026759713106,8.41006019893523e-9,7.650723622898426e-8,208643_s_at
780.199118622745,-0.34344749271628183,0.059645342018103044,-5.7581611756378495,8.5035144166218e-9,7.734401118919039e-8,227994_x_at
504.975991649222,0.4492653980342404,0.07804547658010871,5.756456590704499,8.589785737877086e-9,7.808815078159356e-8,203882_at
242.80156731838133,0.3835761374969565,0.06664712941439528,5.75532871208864,8.647336341131836e-9,7.858414561159304e-8,223077_at
633.0409885003634,0.2410433609419214,0.04189011937827937,5.754181762177213,8.706244434689155e-9,7.910580394547957e-8,217742_s_at
466.2683242996787,-0.4083540218823928,0.07098028767300119,-5.753062368014587,8.764113348110594e-9,7.959032536661555e-8,222988_s_at
355.895921292504,-0.2266825725207319,0.039406302458590725,-5.752444618698657,8.79620885588057e-9,7.986799589010842e-8,208730_x_at
258.1495012104971,-0.4171173977713069,0.07253243833536444,-5.750770377285582,8.883770583285262e-9,8.057950970555292e-8,208740_at
261.89917284818443,0.32197798181914705,0.05599723099398359,5.749891130397872,8.930093374024523e-9,8.09856992542683e-8,203040_s_at
48.10067436461196,-0.8657481395039786,0.15058495999958157,-5.7492337847444,8.964878697014595e-9,8.125909538511642e-8,203000_at
243.5987008038399,-0.5596891541301703,0.09736274947201454,-5.7484937223454695,9.004198851091753e-9,8.158735627935792e-8,225975_at
60.440138646878594,-1.174870834887985,0.20438406115588278,-5.748348615070901,9.011928160817373e-9,8.164331538762217e-8,229725_at
125.82111917482032,0.5238236776861639,0.09113520038248253,5.747764590276253,9.043102202320897e-9,8.188338958317926e-8,216450_x_at
250.26207307240978,-0.5287147950410449,0.09201045121208351,-5.746247171664886,9.124589721390049e-9,8.256434025790851e-8,1552281_at
311.20895209347367,-0.7093665952068094,0.12347783241482636,-5.744890247373938,9.19806269481406e-9,8.321483678141816e-8,220082_at
310.3009009078322,0.6993885882411421,0.12176303895118899,5.743849646537692,9.254797119155695e-9,8.365610729276031e-8,205479_s_at
1333.4238867486174,0.23342658451941214,0.040648538407701294,5.742557879404269,9.325698728241298e-9,8.428250575477097e-8,212643_at
342.6361459913031,0.2249811369565324,0.03920247630010013,5.738952183384337,9.526411010863255e-9,8.602250932386726e-8,219035_s_at
220.38642240623528,0.33771780866015305,0.05885125306428406,5.738498181020192,9.551978933058932e-9,8.620894742366119e-8,225558_at
144.63312138102282,-0.9205036166582771,0.1605101333236023,-5.734862949758207,9.759122648421946e-9,8.794254658181874e-8,228582_x_at
924.7442167101368,0.36232298364875465,0.06318068418899762,5.734711301398824,9.767858120300001e-9,8.799108941622322e-8,211075_s_at
461.68099564434004,-0.4382389995357645,0.07644592770078862,-5.732666378921367,9.88639759924105e-9,8.901314706707454e-8,222701_s_at
712.2807825562508,0.23795872622575365,0.041525727374772704,5.730392729262967,1.0019837627373234e-8,9.016824429263236e-8,216304_x_at
157.56477835854926,1.0145134421714226,0.1770464481393609,5.730210647167884,1.0030599377444883e-8,9.024963528201309e-8,205267_at
1326.3211954801175,-0.24840161137740177,0.04335849316136356,-5.729018544370233,1.0101335294571548e-8,9.083942078557719e-8,217797_at
567.098321629204,0.8820568358032603,0.15402095294030166,5.726862605149213,1.023049575269524e-8,9.19380085135338e-8,212671_s_at
9986.896897384733,0.11990262395769935,0.020939022894117115,5.7262759854657,1.0265916524614968e-8,9.224055001446658e-8,224585_x_at
86.26293319016757,0.670137197144325,0.11708933619460965,5.7232982859388315,1.0447559553214313e-8,9.379245725309618e-8,212587_s_at
235.3268622569073,0.286904478239681,0.050140601807368956,5.721999096498995,1.0527786805224941e-8,9.444815769235089e-8,201142_at
179.61400544838918,0.5191025630230107,0.09079843450666472,5.717087148511442,1.0836554810275028e-8,9.706908155772862e-8,209083_at
483.4295599059796,-0.4742311923106643,0.0829686277878427,-5.715789268243784,1.091959927491298e-8,9.776296768207439e-8,228959_at
717.7233687150765,-0.40931977031344763,0.07163033192395515,-5.714335803273862,1.1013332968785692e-8,9.855179649949996e-8,224516_s_at
3050.105435631182,-1.1607179592396726,0.20333136628766496,-5.708504203908884,1.1397336349643459e-8,1.0188392830739281e-7,229659_s_at
149.18142299097144,0.54795363168276,0.09601377977608515,5.707031146577596,1.1496375128621873e-8,1.026470435796116e-7,218073_s_at
355.8023515323226,0.2319475707455339,0.04064908947154886,5.706095112115089,1.1559742005471776e-8,1.0310771917100539e-7,231839_at
88.81111361874022,0.6958680948409377,0.12197636681505027,5.704941973686306,1.1638272938976028e-8,1.037377537372704e-7,213241_at
596.6223484861749,0.7931548019612061,0.13905668226433274,5.703823714515918,1.171492354223471e-8,1.0429715260691224e-7,203477_at
423.41128084360247,0.27452611638887775,0.0481319618083343,5.70361369191775,1.1729374069109475e-8,1.0437276072265143e-7,224680_at
387.07354819010067,0.6639504641164158,0.11642327472636069,5.70290146602519,1.1778507589172918e-8,1.047922274998127e-7,223278_at
205.67904104793013,-0.3221761446238319,0.05650275671123346,-5.701954442158734,1.1844148713340646e-8,1.053049215836414e-7,212407_at
931.0256579278996,0.31283561178902536,0.054881181188293666,5.700234670892145,1.1964261368176123e-8,1.0628292629194185e-7,205353_s_at
708.2909792035659,0.279124191407076,0.048982003745539064,5.698504962294375,1.2086261632289394e-8,1.0729415436205014e-7,201520_s_at
344.60240771517226,0.4383816353160429,0.07693050384768196,5.698411077405832,1.2092918018702952e-8,1.0733511460140432e-7,206875_s_at
794.9864517776197,0.3306736918091852,0.05802961034543036,5.698361402752805,1.2096441364827203e-8,1.07348257258887e-7,202603_at
305.92426964699615,0.2665848568477474,0.04680188236850731,5.696028521859853,1.226303713447417e-8,1.087899482723085e-7,1553906_s_at
229.27367198697021,0.3830995614324872,0.06726573344341212,5.695315308719157,1.2314412608481134e-8,1.092088491775426e-7,214658_at
888.1089655287034,-0.3187650507183176,0.05597413078069373,-5.694863792833818,1.2347045069585974e-8,1.0946629664739019e-7,211678_s_at
9742.80545755281,0.11764790249339224,0.02066938716801129,5.691891178828393,1.2563992301869787e-8,1.1127200057844031e-7,221607_x_at
172.63759045027686,0.404519859603238,0.07111600975972912,5.688168683394067,1.2840895104272451e-8,1.1362862456809805e-7,227107_at
183.14582876017934,0.36742190286250603,0.06460300215393507,5.687381245642713,1.290022494011814e-8,1.1409599823341782e-7,224904_at
300.9837263024418,0.433276101647217,0.07622358318697922,5.6842788482453654,1.3136578909928148e-8,1.1606922798123132e-7,202069_s_at
592.8085363862622,0.23286848371336377,0.04100012953057658,5.679701171180397,1.3493026865913663e-8,1.1899857927693013e-7,202120_x_at
279.6600566215257,0.2642061874908827,0.0465330008705093,5.67782396467634,1.3641899582641254e-8,1.2029134071579336e-7,212127_at
89.03651579763104,0.5848631797538808,0.10301493367614395,5.6774601398333235,1.3670936914051473e-8,1.2050694709511256e-7,235739_at
186.25719284941576,-0.47609308301583964,0.08386101301265583,-5.677168280139787,1.3694274009687223e-8,1.206924159492038e-7,222551_s_at
409.1947775355782,0.7051478159123109,0.1242652175860867,5.674538938651989,1.3906268398929961e-8,1.2245811485210542e-7,201743_at
564.320007919975,-0.286433930038153,0.05049452104512567,-5.672574451833581,1.4066735310450737e-8,1.2376748828150478e-7,223697_x_at
411.57713196077145,-0.3531508593970608,0.06226447950930199,-5.671786902905081,1.413156921551208e-8,1.2431712228858752e-7,214224_s_at
372.701556529495,0.34479892372593673,0.06079662676687994,5.6713495807595065,1.4167696428059468e-8,1.2461407833978864e-7,208685_x_at
2048.061461397712,0.4633711376775,0.08171614060525657,5.670497092072562,1.4238378668386963e-8,1.2519386858598102e-7,217979_at
1013.3487618936817,-0.45190820135559845,0.07970315767559785,-5.6698908115400295,1.4288855414680262e-8,1.256166790670971e-7,205882_x_at
191.99405595932424,-0.37326161583623707,0.06583385469021122,-5.669751795526216,1.4300453865708938e-8,1.256976170694878e-7,204703_at
157.18606094930885,-1.217336505807546,0.21473004327242573,-5.669148514365659,1.4350893159272194e-8,1.261198727579249e-7,219669_at
209.5685753231072,0.962953975916974,0.16991514752203443,5.667263866466637,1.4509581061652275e-8,1.2745053035501815e-7,235229_at
1168.3961429551712,1.2650644914915912,0.22324391620918552,5.666736693089508,1.4554273439244451e-8,1.2780038200936557e-7,209875_s_at
1062.9401878380456,0.3534553952133827,0.062432135838987136,5.661433658539992,1.501135400962757e-8,1.3170395636426834e-7,221434_s_at
15.75724843596747,-1.0931095406386455,0.1930840332699103,-5.661315035358715,1.502173619508375e-8,1.3177304690309322e-7,205433_at
511.4134944995072,0.30668971231639003,0.05418547390105148,5.659998708813335,1.513741339476522e-8,1.3274347130794116e-7,204839_at
847.6288053656756,0.36158111256024983,0.0638967389507397,5.658835153371531,1.5240385341384817e-8,1.3353504688748543e-7,201487_at
268.2155666964878,-0.3313044608439373,0.05854707802454717,-5.658770207200272,1.524615293023289e-8,1.3355449452605272e-7,215588_x_at
336.8385234432453,0.4042949750136271,0.07146767360209093,5.657032818286654,1.5401232289716573e-8,1.3483197763680905e-7,36553_at
247.1904364472639,0.6781965090082579,0.11988997285416544,5.656824276982849,1.5419949362424317e-8,1.349334238490943e-7,210915_x_at
176.65023322110054,0.4379391846201037,0.07742651360487769,5.6561914547126735,1.547688199665141e-8,1.3538150074101502e-7,218900_at
259.3710445889684,0.33564408806126284,0.05937492444939433,5.65296025508773,1.5770778412635146e-8,1.3776886447766414e-7,210878_s_at
65.18499343670607,0.8960147299141338,0.158521853223913,5.6523104650341685,1.5830531795676384e-8,1.382678690360606e-7,210675_s_at
60.4310344265242,0.7582187244673537,0.1341849935607556,5.650547832116944,1.599372934819689e-8,1.3960047370289645e-7,214303_x_at
236.13935491070654,0.37957229558219235,0.06718124396475031,5.649974206809153,1.6047191354794625e-8,1.400438549418593e-7,203302_at
477.2000589538363,0.48931824947638564,0.08662114924444797,5.648946634216456,1.6143395614632532e-8,1.4078991256744077e-7,209276_s_at
1454.8228314416147,-0.3638106820693415,0.06441323590344492,-5.648073365149543,1.6225593641436927e-8,1.4145982883743798e-7,224662_at
243.63264643478686,-0.2849442998591915,0.05046409122281484,-5.646476394493518,1.6376963990598113e-8,1.4261391310056225e-7,203297_s_at
2640.0254183911484,0.19143192345260202,0.033906232943175504,5.645921319936327,1.6429897748246664e-8,1.430511673726566e-7,210183_x_at
170.65839230508138,0.4505811213784354,0.07981020014826895,5.645658331157667,1.6455035211210268e-8,1.432225770933992e-7,222039_at
511.71267682334224,0.3301972127510724,0.058491130483186174,5.645252707946732,1.64938794620428e-8,1.435369003557207e-7,202675_at
433.34364237136253,-0.5035478335859729,0.08923669556404586,-5.642833706505557,1.6727389478249158e-8,1.4544858150891895e-7,222572_at
182.95674811034394,0.36331364695879764,0.0643930418117698,5.642125868518777,1.6796323235810985e-8,1.4602381659798356e-7,202039_at
199.55869107484105,0.3686164617567016,0.06533359478068675,5.642066122246625,1.6802154316776214e-8,1.460503503082794e-7,213379_at
253.59866875351872,0.48394528459611363,0.08577743124976459,5.641871964980786,1.6821117139972876e-8,1.4619100217862323e-7,204143_s_at
7829.543387242652,-0.22459354784147828,0.039814795849940035,-5.64095691179631,1.691076811147854e-8,1.4692155849407226e-7,215157_x_at
532.6874133221635,0.27733598811727617,0.049176760722826056,5.639574141135874,1.7047124034191795e-8,1.4805727259839955e-7,201232_s_at
202.5155885735991,-0.6038306269607872,0.10707660624272447,-5.6392394954319505,1.708028379410345e-8,1.4832075917305232e-7,1562836_at
283.8257322620403,0.3749218405723446,0.06648704459061233,5.6390209984650435,1.7101968266107917e-8,1.4848452672344877e-7,200783_s_at
139.35723196303448,-1.2865181002491135,0.22830457104627697,-5.635095672212092,1.749611780375168e-8,1.5170614998488132e-7,223970_at
162.58366941983778,0.40914812254165167,0.07262298783483172,5.633865181534358,1.762147968422219e-8,1.5271755331870266e-7,203672_x_at
649.5805550531992,0.28030308976510343,0.04975525647136111,5.633637722809138,1.764474841316048e-8,1.5286879461016088e-7,201266_at
203.60146757433378,0.3360916575067053,0.05966221517236044,5.633241349416164,1.7685368211092602e-8,1.5314497297178459e-7,203576_at
802.4024775324998,0.24688668657281962,0.04383075110182235,5.632727716649939,1.7738139681734803e-8,1.5355134126731853e-7,201586_s_at
108.23287127072082,0.6526767284970887,0.11589660426493259,5.631543155527744,1.786042706071863e-8,1.544826997611927e-7,206295_at
703.4007105962332,0.28071645735010536,0.04984912398002831,5.631321775334956,1.7883371715780726e-8,1.54655704648863e-7,218140_x_at
360.52111252540567,-0.25382468918729284,0.0450854434699089,-5.629858988892978,1.8035701276261947e-8,1.5579359711911082e-7,218056_at
1098.3937932806791,-0.5238728881653522,0.0930635385483366,-5.629195884199653,1.8105169058100064e-8,1.5631658529314782e-7,60474_at
356.17789755053025,0.24735502770268067,0.04394465579901962,5.628785189124158,1.8148324271060352e-8,1.5663771288246112e-7,225528_at
182.47663750935547,-0.3847038231927394,0.06837953822942155,-5.626007913390873,1.844278889193925e-8,1.5904862609566383e-7,213327_s_at
1089.9030409040734,0.3685280656047869,0.06550562868886646,5.625899223945973,1.8454406677110473e-8,1.5912270525165937e-7,200710_at
206.23099196919785,-0.9315127847605861,0.1656156934770467,-5.624544179381696,1.859984492375127e-8,1.6029784357540574e-7,218087_s_at
151.86690398545437,0.5281262473775103,0.09390050722474921,5.62431730122021,1.862430450070429e-8,1.6048232476307806e-7,225847_at
591.0681116419146,0.2122271475219053,0.03773492559893949,5.624157041610008,1.864160079752524e-8,1.605713270573093e-7,201575_at
175.58731716555815,0.4783844328456536,0.08508421089595777,5.6224818660024845,1.8823333188377877e-8,1.6206445812287204e-7,204867_at
305.92421047658553,-0.6172634880789171,0.10980378042735842,-5.621513992291666,1.8929116382073548e-8,1.6289516658645708e-7,242558_at
243.9416075028574,0.33830755825348147,0.06018446087543519,5.621177847778389,1.896598997070667e-8,1.6310565159884113e-7,219397_at
870.8971485482639,-0.426205893351837,0.0758421168747731,-5.6196465883932,1.9134846809228023e-8,1.6447705907951741e-7,225221_at
290.57887518999087,0.304047898335931,0.05415644808736876,5.614251101649444,1.9741536348299964e-8,1.6941487610198503e-7,202365_at
12618.435631537623,-0.09293087363921523,0.01655480211002511,-5.613529719146506,1.9824053536286863e-8,1.7006746809435517e-7,208695_s_at
768.8861490377674,0.3110334892568297,0.055418051163144466,5.612494173445081,1.9943092733621785e-8,1.7103284848608997e-7,200075_s_at
486.9679677496149,0.34251827345216257,0.06103014648990794,5.612280047677782,1.9967793598645966e-8,1.712167441317083e-7,203102_s_at
288.3218509771461,0.31637425842001915,0.05638929927098115,5.610537149959415,2.016995657690591e-8,1.728656063181202e-7,205474_at
255.55675486540673,-0.448690063508985,0.07998417832579528,-5.609735236403377,2.026363864408094e-8,1.7361187892093735e-7,235138_at
826.6982315841126,0.7487331394592013,0.13352960789942833,5.607244350055542,2.0557333724393694e-8,1.7595604504100753e-7,201012_at
190.8770237690487,-0.4420003211774259,0.07883213972825984,-5.606854294467122,2.0603696997156662e-8,1.7630975496585598e-7,207620_s_at
513.9026756715964,0.5357237993945608,0.09557071591136701,5.605522510592,2.0762763414445964e-8,1.775986765108713e-7,202779_s_at
123.29600012715024,0.6472155195807316,0.11547317215335863,5.604899454231429,2.0837589128730707e-8,1.7815172589414571e-7,226810_at
225.13053162326054,-0.40710316505568306,0.0726395854891185,-5.604425773005927,2.0894650795650106e-8,1.7858147307116532e-7,208860_s_at
195.86584498695248,0.33417424309028254,0.05963626614681122,5.603540675528207,2.1001680241568207e-8,1.7937953899160988e-7,221579_s_at
303.1211527225412,0.48947542231840435,0.08735723814081538,5.603146719558546,2.1049489927638213e-8,1.7975867625237223e-7,216381_x_at
530.7575676922208,-0.2567601729700701,0.0458465663152085,-5.600423185561358,2.13829145590593e-8,1.8245781648592345e-7,222436_s_at
197.51636309567212,0.36392015185753607,0.06498822572260333,5.599785927544753,2.146166696430706e-8,1.830109436381946e-7,222459_at
239.25027144389006,-0.691034987878212,0.12343207034096633,-5.598504391681275,2.1620892642242163e-8,1.8410888123269087e-7,218510_x_at
156.62312599780915,-0.4919879630105962,0.08789260033278817,-5.597603906902058,2.173345961557414e-8,1.8490856995902272e-7,204866_at
162.0984995029838,0.40512872710544967,0.072412425133099,5.594740493234348,2.209520033058443e-8,1.8777347318459478e-7,227455_at
3157.5678497714644,0.23248752843514545,0.041556391244430356,5.5945071617907836,2.212493374077213e-8,1.8799575874091164e-7,201318_s_at
1729.504836715031,-0.30354679855295513,0.05425878524940583,-5.594426730301323,2.2135192119081666e-8,1.880525196615289e-7,221726_at
483.0582534572661,0.19836679670279075,0.03546909599984737,5.5926657026625195,2.2360957491393588e-8,1.8978645994875623e-7,212696_s_at
216.62329661442476,0.384201903454644,0.0687157211017331,5.59117909693236,2.2553280192631095e-8,1.9126433552421086e-7,218693_at
1300.8439373772578,0.24005873566534336,0.04294317747100635,5.590148419441532,2.268756077902184e-8,1.92372066663555e-7,1555844_s_at
296.9565231921601,0.4686366543724119,0.08386425713205367,5.588037984221228,2.29649420192002e-8,1.946612198188786e-7,206469_x_at
220.49250418639454,0.43680842900831757,0.07819694757879944,5.586003578568634,2.3235444914733824e-8,1.9679541854132498e-7,202070_s_at
391.79351087388386,-0.6631576117490553,0.11872085488558588,-5.585856102435887,2.3255173714632858e-8,1.9693077657086933e-7,232615_at
178.45835933462067,0.5994454224351755,0.10732307658904879,5.585428982161165,2.3312404031726526e-8,1.9738361228989137e-7,218404_at
194.65985930658928,-0.6730531681817674,0.12051257170229497,-5.584920798507449,2.3380674217850582e-8,1.979297604453801e-7,220041_at
78.7930461315599,-1.2369384914821944,0.22151202928832117,-5.584069160741555,2.3495519897128878e-8,1.9883793118739308e-7,227826_s_at
208.93449617721035,-0.4547098252653822,0.08143880756023571,-5.583453870306965,2.35788339934112e-8,1.9947875751605477e-7,224975_at
248.36293742470625,-0.30386277006053625,0.05443763567908101,-5.581850979933409,2.379722392603896e-8,2.0120252814274913e-7,224612_s_at
540.5974478394062,-0.2568459732084978,0.046016238515701746,-5.5816377325334035,2.3826425926835277e-8,2.0141128971512003e-7,202136_at
1760.7185277221563,0.33351329993191436,0.05978048925865119,5.578965713862064,2.419529214759224e-8,2.0443076905539592e-7,208308_s_at
9324.031564933695,-0.4704698645926298,0.08433751430617345,-5.578417486726802,2.4271655987035995e-8,2.0504301699769967e-7,201884_at
195.40543009889262,-0.6046094243756552,0.10839445846818135,-5.577862862363349,2.4349148920404956e-8,2.0556548953621881e-7,210074_at
253.54485254519176,0.2772851422622883,0.049734630549153294,5.57529309458214,2.4711345581957814e-8,2.084558676908846e-7,202066_at
911.710610680405,0.3125968161599311,0.05609395500560579,5.5727362445506214,2.507690869904757e-8,2.112006185528439e-7,212412_at
272.60986219224935,0.2719354202018374,0.04880537317898832,5.571833642261975,2.5207206486443416e-8,2.1222997912344557e-7,212496_s_at
407.6950203911505,0.28522668172524174,0.05120581279574308,5.570201236000176,2.5444527883029927e-8,2.1412517507842352e-7,209161_at
72.26679684753246,-0.8630528167416761,0.15497200965581168,-5.569088370593446,2.5607559239394154e-8,2.1539367289806663e-7,203881_s_at
48.9791139535721,-1.3610703501806307,0.24442081787529385,-5.568553292686646,2.5686306948957508e-8,2.1602147149872184e-7,209613_s_at
801.6622844104439,-0.4591854041387404,0.08247957491057764,-5.567262011674747,2.5877314605754737e-8,2.1752341519367155e-7,210766_s_at
33.40990167659861,-1.119487838055647,0.2011105598729917,-5.566529369530086,2.5986299952236525e-8,2.1836968463220952e-7,206032_at
203.2922939054005,0.36212361397570897,0.06507216524029064,5.564954118838717,2.6222139438576342e-8,2.2028106075047012e-7,225012_at
194.21029796400373,0.6067359950510739,0.10906763651451441,5.562933372727217,2.6527719369340724e-8,2.2274129473339708e-7,225834_at
919.5304348777893,0.3531044870232521,0.06347772382518367,5.562651994197122,2.657054295122832e-8,2.2306522591994458e-7,1557820_at
199.26135600605258,0.49024787617890997,0.08814746973750393,5.561678374193028,2.671923846860942e-8,2.2424191288395072e-7,226452_at
371.1664018019277,1.1230020592324956,0.20192632865775212,5.561444447077965,2.6755084978320653e-8,2.2450690339304862e-7,39248_at
173.3564887351854,0.4208609988875055,0.07575726953454245,5.555387640992113,2.7699634705011356e-8,2.3198830315333336e-7,224929_at
590.8256355551059,-0.28207611614635225,0.050776624648433126,-5.55523566403614,2.7723746577647382e-8,2.321532469155004e-7,207657_x_at
591.8053315457176,-0.4171731811433443,0.07510084801307651,-5.5548398211256735,2.7786644597436602e-8,2.3264287401205722e-7,226335_at
2490.4642061178733,0.27722720710039556,0.04990820762050614,5.554741801356321,2.7802240963233278e-8,2.3271225862870558e-7,208612_at
328.24834798964054,-0.3225102721060994,0.05806137220228715,-5.554644333627979,2.7817757913809518e-8,2.327921097774435e-7,219981_x_at
270.85902404803943,-0.365293091595733,0.06577580601648472,-5.553608746416323,2.798314416042621e-8,2.3413885658446728e-7,226230_at
624.479747358696,0.21348608399138055,0.038450253565203804,5.552267259547499,2.819880243469912e-8,2.3579313653988505e-7,213980_s_at
269.7455886020181,-0.4665479185025428,0.08404599117533888,-5.551102580600408,2.8387344079732365e-8,2.3729417540420783e-7,225666_at
66.01355035221039,1.1759672546633475,0.21185660938176348,5.5507697309752855,2.8441451105942075e-8,2.3770865480624677e-7,205844_at
340.97728040858686,0.7440450031983021,0.13405146739387222,5.550442808747008,2.8494691993546796e-8,2.3811576451404964e-7,218559_s_at
704.1239966701396,0.211315134702993,0.038073450661024986,5.550196555189362,2.8534859433734108e-8,2.3841351393966014e-7,224502_s_at
127.6907435865532,-0.541281532779232,0.0975412206981039,-5.549259368554877,2.8688230846775746e-8,2.3965685644912614e-7,1552622_s_at
188.3787324790959,0.36934847413888733,0.06655888969443975,5.549198248866556,2.869826087152624e-8,2.397025432044167e-7,1053_at
137.06038936118688,0.5599571656730887,0.10094364340372378,5.5472256280025665,2.902381036461332e-8,2.4215229876200805e-7,209642_at
257.69294921515973,0.40273560691922505,0.07261641703411982,5.546068277232601,2.9216477403370395e-8,2.436047403606999e-7,221520_s_at
281.33857285736485,0.2956109272467396,0.053306974409868806,5.545445610434283,2.9320647091645185e-8,2.443185805064724e-7,201997_s_at
310.42149521007264,1.4267829879040095,0.257334270021897,5.544473294530892,2.9484032759637327e-8,2.4560213308764937e-7,214974_x_at
464.9784716585742,0.29629016189977714,0.05344514061829368,5.5438185487411795,2.9594552017966377e-8,2.464446342500721e-7,215235_at
1134.061094845799,0.23151315831124705,0.04178052212924701,5.541174368167703,3.004498570217451e-8,2.49997495027245e-7,209058_at
8610.717074578206,0.11249473453932474,0.020309102052382646,5.539128921070489,3.039798142245146e-8,2.5281460922226837e-7,211983_x_at
235.90185624294725,0.3011388805528192,0.054387000173002575,5.536964340649606,3.077591806736635e-8,2.5575547092225984e-7,224776_at
73.10575871348122,0.9187606617950854,0.16605479902156378,5.5328762987197715,3.150216476238843e-8,2.6141872207840856e-7,211478_s_at
305.0541939461839,0.6165532649198723,0.11154169647640877,5.52755861168271,3.24717760247549e-8,2.691250145410769e-7,230398_at
127.15232949114633,0.7137514614931284,0.12917597272642806,5.525419676960577,3.2869893408705915e-8,2.721241931633791e-7,207238_s_at
395.3323714037913,0.3571043197910575,0.06462935224280376,5.525420066867833,3.2869820406056773e-8,2.721241931633791e-7,214911_s_at
160.0224685372983,0.48590846218797756,0.08794368712357968,5.525222765622418,3.29067813801626e-8,2.723866732797394e-7,203104_at
399.4303100050743,0.4178560463334793,0.075631987397731,5.524858736503534,3.297508177717061e-8,2.72866075849067e-7,204990_s_at
309.75792864177595,0.37062884048951134,0.0670924523717258,5.524151039166699,3.310825613162467e-8,2.7388183421082994e-7,226742_at
20.49017565391975,-1.1124032321304569,0.20141060470041464,-5.523061875441392,3.3314234668335927e-8,2.755423809820155e-7,205675_at
245.61630748153146,0.3538608822527408,0.06408138348201423,5.522054347532294,3.3505880952005877e-8,2.7708388159743774e-7,225460_at
1076.0033620544564,0.2705018798037863,0.0490029259308965,5.5201169045547545,3.387742034687777e-8,2.7998017752945653e-7,37012_at
900.2084029790547,0.26873404830756287,0.048685250519217876,5.519824699299504,3.393380161440927e-8,2.8031389658026797e-7,208074_s_at
297.82275343776394,0.37823260038157347,0.06854241098187326,5.518227254678872,3.424364252982757e-8,2.826956314031665e-7,212542_s_at
265.6019543109301,0.35836537574482275,0.06498192387113673,5.514847120492831,3.490832712374824e-8,2.8768578072157206e-7,209316_s_at
1114.6751049502034,0.4757368312800658,0.0862743395360286,5.5142332452327345,3.5030377600247543e-8,2.8855587216354384e-7,203828_s_at
314.3482305060028,0.2509298857550841,0.045505672404133356,5.514255091685927,3.502602700178045e-8,2.8855587216354384e-7,223776_x_at
2008.2665044198975,0.2894132302527247,0.05249384829542064,5.513278977452525,3.5220926988582236e-8,2.8994370253100733e-7,210825_s_at
609.2931678726562,-0.3864250367004286,0.07009706060881091,-5.5127138476881665,3.533424637384511e-8,2.907854656954362e-7,223170_at
281.36385896103627,0.2434811139966109,0.04417354317557679,5.511921763414933,3.549366983992186e-8,2.919602950019179e-7,217866_at
358.5656157916287,0.27239368101683714,0.04941925451223111,5.511893769045435,3.549931703511084e-8,2.919610496812543e-7,212456_at
602.1204618325858,0.8051838125506267,0.14621780510220506,5.506742574803456,3.655341656623525e-8,3.002075721553254e-7,202388_at
78.793915164777,-0.7453891217048539,0.13540728364077728,-5.5047934030070405,3.6960143938284644e-8,3.0340571767144817e-7,210452_x_at
2396.2873634264174,0.528717182577719,0.09606733637171251,5.503610306545382,3.7209153746317075e-8,3.0525911114329497e-7,207076_s_at
129.12193552240822,-0.49760570745349736,0.09042030522007038,-5.50325179994023,3.728493036372172e-8,3.0578530435939936e-7,213239_at
188.3397450886427,-0.6504592122848029,0.11823472579167704,-5.501422766699485,3.767386384077682e-8,3.0868603683944265e-7,227642_at
389.79986788290574,0.35140157249508996,0.06388978245174962,5.500121600202238,3.795294158855588e-8,3.108273168528854e-7,226241_s_at
275.9129789360291,0.22773133362919049,0.04142045289228531,5.498040647247635,3.840344204826763e-8,3.143698587857721e-7,218763_at
1258.2342525801735,-0.3964881876064204,0.07213712796938082,-5.4963123535319145,3.878153422244861e-8,3.1731663545485977e-7,225846_at
246.66670290317128,-0.6776574081145189,0.12331245002069782,-5.495450037695099,3.897152711343299e-8,3.1877192776954975e-7,218532_s_at
312.0147220151815,0.25407875421562837,0.0462517810293328,5.4933831424673585,3.943060525497992e-8,3.2222609680768384e-7,211065_x_at
2723.7468763302686,0.3960110778995592,0.07209149819272324,5.493173090131891,3.9477552463320855e-8,3.2255959144237624e-7,201243_s_at
4153.702771688611,-0.227574809398492,0.04145309409288796,-5.489935416848333,4.0208073559052894e-8,3.2832428493201766e-7,208113_x_at
610.8993474139753,0.40613206870826113,0.07401611326338581,5.487076405417873,4.0864041387920785e-8,3.3347342097838335e-7,221477_s_at
487.4263295820586,0.40200894935182563,0.07327512555301084,5.4862949236571765,4.104514185897029e-8,3.34795341495627e-7,205436_s_at
68.41229158324408,0.7657070403481382,0.1395912714019599,5.485350428131335,4.1265057939386955e-8,3.3648469432840064e-7,224355_s_at
30.25940104557873,1.087543863904626,0.19843698351742498,5.4805502715633025,4.2400501496105854e-8,3.45421788191962e-7,210143_at
323.4374053945682,0.4998409286194852,0.09123266167791423,5.478749818613344,4.2834150026694064e-8,3.4863031136795417e-7,202095_s_at
256.84842888310067,0.24342944568195432,0.04443874265099597,5.477865285112844,4.304876674306736e-8,3.5030729208945154e-7,202106_at
1114.2984780688435,0.26763050578492703,0.048871227369151185,5.476238682596756,4.344615824980108e-8,3.5344727564396997e-07,200846_s_at
222.46848722349742,0.30418802243679716,0.05556180062253001,5.474768978481424,4.380827515128092e-8,3.5622777228847557e-7,225467_s_at
164.20753384318155,-0.5437772336546574,0.0993303485701593,-5.474431948364453,4.389172672595555e-8,3.5685114578525184e-7,225313_at
519.2188904063482,0.26094766100367606,0.04768440532293149,5.472389961381903,4.4400645853957744e-8,3.6065402507092665e-7,212673_at
1985.5649999815375,-0.31220645911851913,0.05706103809557647,-5.471447235074439,4.463752491235234e-8,3.6235410630889177e-7,200679_x_at
232.91489735745668,0.4450407246762562,0.08136089739970608,5.469958406307647,4.501412062366378e-8,3.6524194770048267e-7,203276_at
928.69555045241475,0.2579811185380129,0.04716575708785249,5.469669829692096,4.508747092984201e-8,3.656911572960237e-7,218671_s_at
1017.2443211562138,0.24131145142794527,0.04413348843602748,5.467762916084276,4.5575090485844e-8,3.691666623602105e-7,200072_s_at
479.4147380927813,-0.2319100832540267,0.042416332453080366,-5.467471368736523,4.5650091611354766e-8,3.6971720057684364e-7,218198_at
1075.7676959415528,0.28408691834215477,0.05196997373826643,5.4663664017397116,4.593543415679614e-8,3.7191354285568707e-7,223001_at
430.255743536882,0.2729741344514578,0.049945187161873635,5.465474252138482,4.616708042118765e-8,3.7361637580152384e-7,209141_at
251.31585279696955,-0.3517362553253914,0.06438432203892812,-5.463073061679895,4.6796188304215785e-8,3.7841619943679896e-7,218689_at
442.3668730099475,-0.6160584638206738,0.11277717901253789,-5.462616366314537,4.691677872402229e-8,3.793329829326565e-7,209911_x_at
408.97176154378,0.6680025816824823,0.12229169559304817,5.4623707557821755,4.698175670154336e-8,3.797999141198138e-7,205321_at
312.6839509245865,-0.38149103548742513,0.06984989078066355,-5.461583851080735,4.7190525845644925e-8,3.8137027453360346e-7,210547_x_at
1461.1111936380105,0.23736588065629993,0.04346424069208687,5.4611762882933546,4.7299007196026073e-8,3.8205589982743374e-7,213860_x_at
255.39917099944213,0.3224616954554402,0.059046066628591104,5.461188422317343,4.729577398343554e-8,3.8205589982743374e-7,222454_s_at
447.52412364042505,0.21353587967508908,0.0391063141771407,5.460393907434771,4.750793205299276e-8,3.8352255931074987e-7,216559_x_at
243.48843627742124,0.2932509363285885,0.05372385539541125,5.458486442758836,4.8021052344470784e-8,3.873673652972091e-7,216338_s_at
157.56503650955835,0.4831408090202382,0.08852162845440373,5.457884332404678,4.818413652601756e-8,3.885636199153486e-7,218755_at
240.0977743695982,0.37489085781947934,0.06869223975976692,5.457543081002479,4.827680416784889e-8,3.892511761640274e-7,225097_at
323.15740461573154,-0.364405062080974,0.06677484618982801,-5.457220538480024,4.8364550161206145e-8,3.8989884478785516e-7,212056_at
460.99347620040527,0.19418522616528658,0.03559014006950649,5.456152344049464,4.8656251996419085e-8,3.920099137543781e-7,223049_at
823.1787425273021,0.40920213331292526,0.07502590813968052,5.4541443543887205,4.920921528454446e-8,3.9634346361133325e-7,200616_s_at
56.64839794585783,-0.8503901349661847,0.15595065044873452,-5.45294381600372,4.954272592693874e-8,3.9890737220228874e-7,240389_at
464.2716605336953,0.3531857770359184,0.06478825764224262,5.451385635128387,4.9978858528119386e-8,4.0217255107744395e-7,202733_at
940.471835234449,-1.1079930598709615,0.2033188246623973,-5.449535042860587,5.050167231878066e-8,4.061942025195049e-7,204607_at
338.56716864862005,-0.33244717092206577,0.06100576414881853,-5.449438681090664,5.052904034025703e-8,4.063509083461159e-7,202214_s_at
372.7605991112479,0.3568441161936016,0.0655279438071708,5.445678522184177,5.160827264391158e-8,4.1477338408900156e-7,212798_s_at
230.4554625605509,0.5771493147048199,0.10598812487445762,5.445414902739814,5.168476848343588e-8,4.152639233876302e-7,223058_at
622.1293304039496,0.3198401925655069,0.05874339437110913,5.44470056573389,5.1892604169761886e-8,4.1687005801554057e-07,212687_at
176.93853514864003,0.4232800689201658,0.07774803454362321,5.444254268352854,5.2022864862878795e-8,4.177887591692745e-7,226022_at
162.30588912088132,0.5015572901550427,0.09213417665194892,5.443770253135845,5.216449246374133e-8,4.1879815718598557e-7,222680_s_at
514.771940084291,0.30642495113252244,0.056295519558128976,5.443149890749613,5.234656309365228e-8,4.1993913552492773e-7,213088_s_at
176.55599416032828,0.34186329244825925,0.0628065945348137,5.443111427714241,5.235787189361287e-8,4.1996575083896994e-7,218526_s_at
1662.2495332239976,1.514051560901471,0.27817466871206714,5.44280889382,5.2446904705698825e-8,4.2061569203468585e-7,1554436_a_at
281.77786037158944,0.31225840975115793,0.057382946912022934,5.441658655661221,5.278675011917817e-8,4.232120313902807e-7,218592_s_at
1619.0210495434303,0.22987177912525147,0.04224678176043966,5.441166629655703,5.2932773286863826e-8,4.242533120814155e-7,201290_at
210.24175719131472,0.3434867214180201,0.06314341316163873,5.439787053302612,5.3344293888012813e-8,4.272909649429394e-7,225181_at
249.58432752024208,0.3982993489472539,0.0732236314015586,5.4394918870245474,5.343274229219636e-8,4.279342179859932e-7,222826_at
274.71578323225765,0.2487284658687384,0.04572717285648707,5.439401789595934,5.345976884680072e-8,4.280854322679818e-7,212656_at
412.5655521848251,-0.4102314120220218,0.07542123405012674,-5.4392031261298674,5.351940881198514e-8,4.2849771643891943e-7,211318_s_at
228.99923769233808,0.7030868834003116,0.12926957452095214,5.438920070757675,5.3604495134900986e-8,4.291135776572104e-7,224209_s_at
632.7895166691495,0.43024342727742254,0.079108899928929,5.438622299942875,5.3694146409761814e-8,4.29700345731479e-7,209803_s_at
1192.869445147741,0.3297668249388246,0.06065110030170449,5.437111994645167,5.4151103484535506e-8,4.327641564060643e-7,200847_s_at
104.62407088920077,0.6111172698532183,0.11241547425430155,5.436237972636886,5.44172663058863e-8,4.3469296449909536e-7,211300_s_at
317.1167266323091,-0.3470362203089251,0.06385416135383216,-5.434825435822562,5.485010349494746e-8,4.380839421084299e-7,212402_at
692.9772200488295,-0.3626402668589384,0.06672628269673596,-5.434744034926999,5.487514821247662e-8,4.3821737413136244e-7,206656_s_at
1042.8790701400715,-0.8115365537572239,0.14935963439021557,-5.433439610845666,5.5277996955310836e-8,4.411662645390138e-7,227475_at
568.9245537902004,-0.3970195913463308,0.0730737361897326,-5.433136610334083,5.5371982779273106e-8,4.4171511581389175e-7,209790_s_at
241.38303335290112,-0.4982733456903655,0.09171883363864453,-5.432617554356083,5.553334546926713e-8,4.429351096967468e-7,205383_s_at
467.731702017499,0.24422334504997573,0.0449598319630923,5.43203420445298,5.571523955346324e-8,4.4425105439124667e-7,202109_at
197.73604493983137,0.4477821726676187,0.08243499824470606,5.43194252686692,5.574387794948003e-8,4.44411978421871e-7,219506_at
265.36460920633715,0.28328654035121853,0.052155645370760104,5.431560444462198,5.5863387176530735e-8,4.4509467096352276e-7,218214_at
197.06304259912108,1.0294831838666312,0.18956320367197987,5.430817605552018,5.6096446250805196e-8,4.468838314786746e-7,219759_at
146.48242724203658,-0.5149128462003951,0.09484520390690587,-5.428981382187774,5.6676595369709756e-8,4.5123190320553346e-7,244650_at
486.945582998706,-0.38491762681351127,0.07091262537597294,-5.428054944697217,5.697150296562559e-8,4.5337376845176973e-7,232266_x_at
49.92982811897628,0.9444221967551526,0.17399118224747936,5.427988847226967,5.699260013404924e-8,4.534729912861202e-7,219614_s_at
498.46286202925086,0.3725510321272414,0.0686356721402016,5.427950517716707,5.7004837718055814e-8,4.53501701700682e-7,215726_s_at
739.3245368363255,0.4067854969355897,0.07494561368605851,5.4277425579512,5.707127808870234e-8,4.539615481570551e-7,225716_at
199.8567591379743,-0.6294462239851836,0.11599417009098936,-5.426533277417535,5.745911650953803e-8,4.567699907793468e-7,218995_s_at
166.81504656625876,0.4608474951326023,0.08497653459782248,5.423232393668493,5.853081574321582e-8,4.647270721512259e-7,205566_at
292.3406128909376,0.2728300371409922,0.05032964987194221,5.420861019998663,5.931265978652952e-8,4.7050830527113545e-7,212139_at
118.0062289505631,0.7467168848091699,0.13777029430870466,5.420013715990084,5.9594462993109145e-8,4.7260108769275056e-7,203716_s_at
169.17747099783224,0.383513291638021,0.07078947449740182,5.417659819640235,6.038416609215926e-8,4.787191831056475e-7,215794_x_at
162.02394402079338,-0.8580915768807352,0.15838883213904026,-5.417626768833468,6.039532608986436e-8,4.787354400191149e-7,214505_s_at
263.38078418929524,-0.36048968946051224,0.06657443615684674,-5.414836538926334,6.134472115503721e-8,4.860410787851388e-7,218957_s_at
3271.4433011504634,0.21766634151326483,0.04021244806864521,5.412909483692575,6.200884020501679e-8,4.911548738710554e-7,224625_x_at
427.3070048310102,0.3422375643529195,0.06324864925236436,5.410986138018212,6.267862435700702e-8,4.96086208502733e-7,225478_at
595.0052229891112,0.8044331429123232,0.14867154491571719,5.410807719583201,6.274111069906849e-8,4.965059978435244e-7,204470_at
143.09662829166197,0.4614119132660211,0.08528036228162174,5.410529469167806,6.283868102996529e-8,4.972032584837091e-7,223319_at
72.90537754077364,1.3040169596016369,0.24102061780675146,5.4103958884014975,6.288557421296473e-8,4.974993929230993e-7,238984_at
174.3681446733064,-0.3849201431980762,0.07114875033660831,-5.410075951819247,6.299802500996217e-8,4.98239007731159e-7,204045_at
271.18147704793466,0.43932357643739056,0.08123611749006741,5.4079834193344585,6.37383236094975e-8,5.036172902459859e-7,213620_s_at
331.38527925523215,-0.4235975105321301,0.07832845976163,-5.407964254898239,6.374514241953606e-8,5.036172902459859e-7,227962_at
360.12284454223976,0.37622874389144495,0.06957628754505572,5.407427690760438,6.393634199501686e-8,5.049760320417969e-7,223084_s_at
111.9530209926691,0.707784409777683,0.13092513359002395,5.406023964764652,6.443917838100595e-8,5.087181283814611e-7,204058_at
230.01579305590613,0.2923123188597993,0.054074123255625946,5.405770843069319,6.453025729269165e-8,5.093606400961426e-7,212355_at
553.2811981681925,0.3639374416690965,0.06732864271019981,5.405388063971213,6.466822681651159e-8,5.10296395212455e-7,202429_s_at
116.30080809892708,0.49900738388768373,0.09233028955632451,5.404590262692427,6.495670676129611e-8,5.121882621355072e-7,205656_at
263.5411663496198,0.40310762351108026,0.07459188858709204,5.404175053704662,6.510733660005547e-8,5.132989750494021e-7,204617_s_at
572.2966002246048,-0.27176207364992316,0.0502905917252202,-5.403835276681331,6.523085288595519e-8,5.141956266039431e-7,219392_x_at
178.90049145472838,-0.4168462418110048,0.07714236314525644,-5.403596996712397,6.531760818936955e-8,5.146479131610386e-7,213478_at
378.02825171141484,-0.37202788360890787,0.06884795862165756,-5.403615314919137,6.531093475295917e-8,5.146479131610386e-7,224939_at
632.6860994945163,0.262296527181139,0.04854278516487201,5.403409101687678,6.538609766363952e-8,5.150331199962397e-7,201264_at
198.1412789533756,-0.43008033141875734,0.07960792683000757,-5.402481242064478,6.572533243368749e-8,5.175500630386594e-7,201835_s_at
129.22946493015073,-0.8667577467333849,0.16053131448346727,-5.399306356658845,6.689904946100938e-8,5.256896897987272e-7,210393_at
401.1769196446127,0.3149367366838685,0.05833418996691421,5.398836203305356,6.707457649079619e-8,5.269901768421742e-7,224806_at
1110.0595045151454,0.4173884234457207,0.07732261021971132,5.398012589845535,6.738314020025705e-8,5.291771593072787e-7,203554_x_at
391.88564884731215,-0.3445112707411876,0.06383607235490472,-5.39681183431577,6.783546379786993e-8,5.326497780417236e-7,212040_at
210.53694682590105,-0.7209880024299602,0.13364004600234164,-5.394999657642494,6.852368315929026e-8,5.378126709607737e-7,213222_at
19.624444992413256,-1.0109583642617674,0.1874475814590225,-5.393285719628081,6.91808144984357e-8,5.426460485299686e-7,209469_at
402.68554253600337,0.26002751964272786,0.04824040360534743,5.390243451733971,7.036229771465883e-8,5.510909380173145e-7,200957_s_at
1418.9967789381685,-0.23288822993241218,0.04321761042337389,-5.388734537864604,7.095552133778796e-8,5.556543687060212e-7,208737_at
914.0108781628046,0.3740745257965162,0.06946302786829071,5.385232076347165,7.235123373445923e-8,5.660781208397753e-7,200904_at
243.23145673208947,-0.3830855281848526,0.07113853362592709,-5.385063602790282,7.241903558010293e-8,5.663556541483228e-7,203580_s_at
198.42797694647797,-0.33523125396622033,0.06225410307742909,-5.3848860941627175,7.249054015244167e-8,5.668305084319921e-7,221953_s_at
168.83715226275967,0.35462596765578847,0.06587718172615373,5.383138111917732,7.319832984447018e-8,5.71939492513572e-7,227560_at
558.1407072234167,0.17548528300438224,0.032605616847478876,5.382056834724508,7.363950456815993e-8,5.752155949873776e-7,201178_at
399.8050286631847,-0.37130235425972813,0.06899867537471452,-5.381296847269575,7.395112908589902e-8,5.774781037117885e-7,208732_at
298.545105306009,-0.5330321417122716,0.09905708232604024,-5.3810603865539814,7.404834745767106e-8,5.781513671505637e-7,201367_s_at
50.27955326076506,-0.984961245790938,0.18306728235582298,-5.3803237428111,7.435200503523036e-8,5.804360179176316e-7,228010_at
855.268190117379,0.39356721380612114,0.07315764092469125,5.379714392530245,7.460410112654867e-8,5.820581844721851e-7,202381_at
1317.8945287444496,-0.5488049036165146,0.10202269582874769,-5.379243306192598,7.479956283638384e-8,5.833639651265401e-7,200832_s_at
289.7153219201796,0.2618173466599596,0.04869224825038409,5.376982087860245,7.574470570104099e-8,5.90168608363604e-7,203480_s_at
1777.8016726929368,0.1992580931337718,0.03706797723926295,5.375477918517622,7.637981264809739e-8,5.949406660601913e-7,203133_at
834.1769846726145,0.20945938018006094,0.03897611655430684,5.374044381466623,7.698989442888852e-8,5.995150261988157e-7,200044_at
724.2721184010148,-1.5295249464718113,0.28466943573633685,-5.372986188402993,7.744326295706479e-8,6.02956035769716e-7,230784_at
321.90841895722104,0.22264063338065948,0.041443938062834536,5.372091644454892,7.782853394956568e-8,6.056864761121686e-7,202417_at
230.3654036666458,0.2761029555748559,0.051396418939457636,5.37202710367995,7.785640268438339e-8,6.058136491967848e-7,218429_s_at
364.77263002389583,0.4108479626518016,0.07649225542305035,5.371105354124461,7.825547070116758e-8,6.086485137234218e-7,221539_at
287.09653541809826,-0.31650899276110706,0.058929993611260896,-5.370932073215524,7.833071290220692e-8,6.090534525614118e-7,1559436_x_at
4670.972749980707,0.18826559604513712,0.03505251851065178,5.370957752662675,7.831955792786911e-8,6.090534525614118e-7,200059_s_at
242.94298415994675,-0.37679730730189215,0.07015584453369393,-5.370861256198359,7.836148329783725e-8,6.092025729636892e-7,221771_s_at
2029.1283106451301,0.2338618428584039,0.04355521327360313,5.369319199273376,7.903442581036645e-8,6.142524717595384e-7,200041_s_at
634.5607496069439,0.2883219690696937,0.05370130470920076,5.368993744770132,7.917716532518884e-8,6.152708482182426e-7,208611_s_at
563.2955188825474,0.3362245566733129,0.06262860622524762,5.368546051688596,7.937392483869388e-8,6.166174790794853e-7,224602_at
211.00442896976148,0.3410869768131446,0.06354765759289809,5.367420133692915,7.987085694557006e-8,6.201112447802465e-7,218298_s_at
245.35574158168922,-0.45913662482704004,0.0855758006677211,-5.365262390121286,8.08316255945917e-8,6.268297552749257e-7,1557953_at
118.01599943628919,0.6908863167214757,0.12878230469514457,5.36476124073841,8.105636641574475e-8,6.283871191345404e-7,208965_s_at
142.92323424126067,-0.595384676545795,0.11098321611485862,-5.364637081066566,8.111213937178322e-8,6.28726751112787e-7,227889_at
151.31995064334416,-0.6386363958548763,0.11905691644564237,-5.364126796837188,8.134175129562159e-8,6.304135669650637e-7,1561421_a_at
518.1571015069841,0.2809920368077421,0.05238467784441833,5.364011928111576,8.139352534869193e-8,6.30721812323084e-7,201770_at
5617.75404586838,-0.20544872959477206,0.03834957800660279,-5.357261807663155,8.449264595745545e-8,6.535964360990254e-7,200888_s_at
280.9571616420706,-0.40904218242129275,0.07636892472839336,-5.356133844702597,8.502153754272635e-8,6.575749645357528e-7,208393_s_at
219.43166236694177,0.30977359740243354,0.05785219066449667,5.354569876167863,8.576017488125987e-8,6.628000339279017e-7,222621_at
209.2002446984437,0.3281102141800984,0.06129133496783154,5.353288753659966,8.63698544210731e-8,6.672175994774475e-7,219244_s_at
1546.2316685508783,0.21903138616548098,0.04092194863304718,5.3524182860783585,8.678649760987873e-8,6.702391763981729e-7,208766_s_at
160.5136738673284,0.4727095283173745,0.08831877653444446,5.352310650872944,8.683815143746522e-8,6.704410475458421e-7,225008_at
322.33829360069626,-0.6089500821408129,0.11378129527887944,-5.351934873374998,8.701871945676288e-8,6.716378003129264e-7,226461_at
228.94611599633092,-0.5591556331262945,0.10448251988116983,-5.351666802851175,8.71477544040868e-8,6.724362186099512e-7,235060_at
145.23968174702017,0.519169431996987,0.09701778875382913,5.351280818348854,8.733387235610335e-8,6.736744940265163e-7,204444_at
179.2671246562019,0.45773604900406434,0.08555640700695638,5.3501083673002645,8.790157980136626e-8,6.777552266550766e-7,204989_s_at
262.6321955933455,-0.4484663665648913,0.08388765789117482,-5.346035136022924,8.990176378082339e-8,6.925677651330098e-7,219496_at
252.8834580119013,0.45548062972933234,0.08521107805942628,5.345321759826578,9.025657634493865e-8,6.947918724523079e-7,228868_x_at
496.8277620457975,0.33946391518049646,0.06351690934169188,5.34446525655611,9.068436739568742e-8,6.976762178470146e-7,201821_s_at
279.75549189693805,0.26665416458794644,0.04992406961377653,5.341194470940392,9.233613536844732e-8,7.096568087384294e-7,51200_at
174.44995888205946,0.5201955263614876,0.09743243876657001,5.339038342330517,9.344088333077642e-8,7.176227067902416e-7,210972_x_at
786.4346792354293,0.23359937449791499,0.04376660577485735,5.337388412059842,9.429489904962261e-8,7.235471053663114e-7,201949_x_at
532.1904189749417,-1.049905706982943,0.1967451294674264,-5.336374576717376,9.482341031802086e-8,7.272839325530163e-7,204259_at
329.851849823721,-0.46206445245362965,0.08658837599586967,-5.336333510581957,9.484487836824485e-8,7.273424394812112e-7,225361_x_at
394.2512684849689,0.28801843351969064,0.05397876334838012,5.3357731013734675,9.513831284574626e-8,7.294862698125691e-7,218231_at
1156.6565771131739,-0.48942293440334655,0.09176809973938413,-5.333257807378361,9.646619933206171e-8,7.384828317111684e-7,220161_s_at
2158.6216853378664,-0.3001489612893786,0.05628684082181195,-5.332489031309546,9.687562286653921e-8,7.412931689178948e-7,224584_at
78.65404987959468,-0.6878243850638145,0.12900428797298058,-5.331794747844944,9.724681934669599e-8,7.439169350722359e-7,219511_s_at
392.78032373839505,0.24628096086887807,0.04619228978434987,5.3316465154390125,9.732624950597783e-8,7.444162009223052e-7,202799_at
74.92185275155549,0.672915304069009,0.12622213843791283,5.331198729452742,9.756657668813395e-8,7.459286981769263e-7,204774_at
238.92468086812806,-0.312528740915918,0.058629611931341585,-5.330561308881012,9.79096720584285e-8,7.484428953248948e-7,221744_at
434.10713568044855,-0.3548941412149437,0.06657905837240305,-5.3304169492737525,9.798753650969841e-8,7.487636145582449e-7,209513_s_at
997.1998358879287,0.2063617558665376,0.03872001826642656,5.329588288068298,9.843565936483377e-8,7.518075341170577e-7,212863_x_at
237.70794330329107,0.2736395713410884,0.05135809982216577,5.328070397631565,9.926165338339287e-8,7.58005947676668e-7,226749_at
266.29837470319364,-0.272945889395997,0.051229518636283417,-5.32790267528851,9.935333380607061e-8,7.585958310103494e-7,1552617_a_at
231.83680285625078,0.7069611247432034,0.13272519353893422,5.326502873290745,1.0012169722033198e-7,7.640185386550497e-7,227337_at
1875.7599416369849,0.26180647991169137,0.0491649970659795,5.325058385752503,1.0092061802297553e-7,7.696679958757011e-7,208675_s_at
1214.5961639377476,0.22462233113817337,0.04219242658467274,5.323759482934599,1.0164428483257667e-7,7.749620985189662e-7,211047_x_at
859.766731902409,0.3028015393702551,0.05689914087413916,5.321724277701342,1.027882838403722e-7,7.831161885976979e-7,200793_s_at
323.90412003324894,0.38214693187891563,0.07182132780597271,5.320800151610898,1.0331184451350397e-7,7.867628860400937e-7,235072_s_at
1290.8849038699184,-0.3860183047452936,0.07256260938859119,-5.319796352389529,1.0388346821371792e-7,7.907722752757432e-7,201753_s_at
131.7953408304495,0.6185900032923328,0.11628311290747238,5.319689057383173,1.0394474922970919e-7,7.911241637969786e-7,226841_at
56.7868813673709,-1.1313196599516504,0.21267797865828014,-5.319401976118062,1.0410888638253574e-7,7.922586757816077e-7,227827_at
1501.2921364586307,0.28330081113809835,0.05326783846037584,5.318421383830627,1.0467142868356524e-7,7.963089552744771e-7,224561_s_at
134.09895098562168,0.4250474324388946,0.07992196553211058,5.3182805203673515,1.0475247995042816e-7,7.96694910465239e-7,214574_x_at
145.72285545618956,0.48832005986698557,0.09181980704915246,5.318243149929304,1.0477399267710863e-7,7.967432225658756e-7,205266_at
413.1055191299762,0.36246760544969586,0.06817712530715206,5.316557479018135,1.0574882776175645e-7,8.039236068553953e-7,56256_at
60.868413176104355,-0.9829435288468906,0.18491642942955155,-5.31560949927041,1.0630090145144094e-7,8.076532564520786e-7,202992_at
169.73462847002855,0.6600181145450927,0.12417920592591891,5.315045378360988,1.0663075055327025e-7,8.100422758855977e-7,226818_at
6170.013697065823,0.2358131224790934,0.04436962675963007,5.314742081482848,1.0680850156334797e-7,8.112753275271266e-7,212270_x_at
301.2927131516819,0.3009246812709578,0.056631186056699534,5.313762649605642,1.0738447058548725e-7,8.150611593226021e-7,211595_s_at
328.06127313728064,0.2797733583150223,0.0526633179986865,5.3124901534308995,1.0813727142654584e-7,8.200241053808261e-7,203460_s_at
49.484699765704065,-0.8146910842584957,0.15336191145437741,-5.312212638278524,1.0830212475349706e-7,8.210775915024934e-7,204424_s_at
1641.547551347121,0.21045124738557638,0.03964065219799622,5.308975400667459,1.10243209647485e-7,8.348302074659837e-7,201385_at
1105.7599778596993,-0.39004197280535313,0.07347421609836607,-5.308555756255655,1.104972850632384e-7,8.36633672268179e-7,202016_at
834.3975087027237,0.3697445071612309,0.06967274942467132,5.306874067902125,1.1152116766600175e-7,8.435353260677973e-7,225750_at
216.1378723949427,0.7219984552721781,0.13605967748447667,5.306483659382129,1.1176017465040764e-7,8.450998875651112e-7,203324_s_at
226.20197545092384,0.5296828052804474,0.09982261485179555,5.306240535442353,1.1190926481752019e-7,8.46105524848217e-7,222670_s_at
598.5283914669558,-0.5467451855992909,0.10304850995896783,-5.305706854150492,1.1223720785650966e-7,8.482188987188681e-7,209218_at
81.78274328571145,0.7095085751583263,0.1337664703885995,5.304083849242354,1.1324025664536556e-7,8.554302785310538e-7,1555728_a_at
1223.685963905642,0.21036615608286094,0.03967171857218106,5.3026731297286345,1.1411915117365284e-7,8.612030256720494e-7,202189_x_at
278.5360306578347,0.2512077454882776,0.04741461153272909,5.2981082701663675,1.1700858245159837e-7,8.816156332847743e-7,32811_at
2578.749669571276,-0.21513815478965517,0.040618028005139646,-5.296617422254779,1.1796749075610797e-7,8.880767095253543e-7,217773_s_at
403.67124813024685,-0.43054531880976127,0.0813018143457242,-5.295642197834966,1.1859886097830557e-7,8.92446239956167e-7,201551_s_at
162.2559281885823,1.2395544540059278,0.23407730474983865,5.295491826218075,1.1869650358260138e-7,8.930531208704413e-7,214135_at
683.50043147987,-0.36458008757360644,0.06886515244787618,-5.294115740897488,1.1959367398030253e-7,8.995457195306739e-7,222441_x_at
290.85863616865737,0.41486027014974025,0.07836391618190289,5.294021666639814,1.196552468865925e-7,8.998800579390358e-7,209408_at
2596.169900926936,-0.3171710872185681,0.05991448030159348,-5.2937300903223,1.198462825583716e-7,9.011877999102391e-7,208783_s_at
294.90894270912,0.28651036080789094,0.05412316687671478,5.293673251983252,1.1988355639309827e-7,9.013391162636462e-7,212271_at
95.5914473337802,-0.788236473343297,0.14891133631552364,-5.293327511836487,1.201105299826792e-7,9.029164343741558e-7,210298_x_at
149.26404179593305,-1.0719913674208257,0.20255035457330414,-5.292468481129545,1.2067627309160725e-7,9.06780219624868e-7,206208_at
125.10501902353509,0.44778523949914373,0.08462028401544468,5.291700975825313,1.2118391935441222e-7,9.099442345694785e-7,225940_at
442.22572377054246,-0.2800532175477121,0.052932195671180016,-5.290791624957902,1.2178806025041458e-7,9.14219357006183e-7,227319_at
129.30553878533811,0.8598022926252924,0.16256774712943486,5.2888860663162545,1.2306351272424713e-7,9.22870982835343e-7,209406_at
2201.5014569117225,0.17591200870287543,0.03326732660973111,5.287831233526861,1.2377509382050597e-7,9.276777354025771e-7,202244_at
94.70261107802679,-0.696073835473023,0.13167074511490032,-5.286472973670845,1.246972293757374e-7,9.344557525470558e-7,219093_at
123.80423461556698,-0.6891285203070854,0.1303636838591269,-5.286200112692188,1.248832773738541e-7,9.357165325214612e-7,230238_at
195.9260519759763,-0.48241302814678516,0.09127802827833643,-5.285094751124014,1.2563971037189094e-7,9.409818068810541e-7,1552621_at
217.52925099732363,-0.8179178429675564,0.15477714254423225,-5.2844872926492465,1.2605729839899873e-7,9.43705877501564e-7,202742_s_at
84.59349658972799,-0.5509981115137973,0.1042769629029354,-5.28398695334736,1.2640225719297957e-7,9.461535713601835e-7,222245_s_at
960.7630479753047,0.219385510338899,0.04152416558924999,5.2833213437453095,1.2686257744027946e-7,9.493287618961195e-7,225535_s_at
364.24811032769463,0.41731377101734674,0.07902054065846047,5.281079672955469,1.2842482450178074e-7,9.603355473629176e-7,218096_at
267.76993052909427,0.24505977403218784,0.04641073387832912,5.280239150594756,1.2901537883386216e-7,9.642028184349818e-7,224464_s_at
87.83326484742018,0.6592936616143706,0.12486215664099001,5.280171986056633,1.2906268209269506e-7,9.644191944688605e-7,212636_at
5119.8627002603125,0.24000482823983235,0.045457420626869395,5.279772255664855,1.2934455516884106e-7,9.661133815155306e-7,210211_s_at
1130.255388693123,-0.28040077340248154,0.05311306121370255,-5.27931862699982,1.2966515648553305e-7,9.683704183516703e-7,218053_at
415.41656291843657,-0.3469946618083048,0.06572892130491698,-5.279177794484012,1.2976484592471669e-7,9.689772254514864e-7,231059_x_at
388.3525470012062,-0.36482509655481393,0.06911479202307048,-5.278538585966308,1.30218247624204e-7,9.720866172787524e-7,226015_at
75.67583730153925,-1.252977700984934,0.23741173930129572,-5.277656887028652,1.3084616768993423e-7,9.762075268765026e-7,209612_s_at
1741.9139390361875,0.2117371925101987,0.04011972575965393,5.277633096962254,1.308631507943251e-7,9.762075268765026e-7,227625_s_at
111.44170436216973,0.47359832390251183,0.08974366938435507,5.277233783189544,1.3114852891270875e-7,9.78197528878583e-7,223452_s_at
1345.9163604870232,0.17359533350015952,0.03289868362148205,5.276665033089833,1.3155603798051027e-7,9.809585726486573e-7,217839_at
475.2256370700481,0.40222211422557413,0.07625953717727432,5.27438441293659,1.3320243927369411e-7,9.928125079548604e-7,235529_x_at
294.6857888474057,-0.4379622912526918,0.08304014291060138,-5.274103293923631,1.3340675639320046e-7,9.941943669155213e-7,225564_at
301.55713170257565,0.3951150139954948,0.0749226150187549,5.27364152861707,1.33743025282576e-7,9.96417770158846e-7,222606_at
429.6428465170076,-0.26980074432053797,0.051167866627636005,-5.27285505733431,1.3431764147451653e-7,1.000273392383696e-6,204710_s_at
280.24687158044327,0.2585492601814836,0.0490475029070093,5.27140516555298,1.3538323560908116e-7,1.0077805331727552e-6,212219_at
10858.626936542409,-0.09668421018083118,0.01834239111694173,-5.271079957047147,1.3562336713222974e-7,1.0094250724071947e-6,200741_s_at
57.26492428591763,-0.7664050084870562,0.14540680952931032,-5.270764216393651,1.3585690182757187e-7,1.0108769104695189e-6,238755_at
121.9285005061683,-0.49236593375508914,0.09345156460161076,-5.268675124424857,1.3741191011919623e-7,1.0217240413701525e-6,242837_at
246.41311841778997,0.43790141771015667,0.08314339481943449,5.266821479459228,1.3880606847075623e-7,1.0312148886644224e-6,229555_at
5858.849862881952,-0.11727039674832636,0.02227432236515695,-5.264824438913972,1.4032338644475114e-7,1.0410157045761506e-6,200080_s_at
7954.5990989483025,0.24773580176786777,0.047070413054762804,5.2630896074705404,1.416544935974915e-7,1.0502977224213556e-6,200748_s_at
273.78864394351086,-0.3847746322786775,0.07310790042879917,-5.26310603945486,1.416418285053984e-7,1.0502977224213556e-6,222785_x_at
537.8536247046701,0.27568567859337384,0.0523958559249417,5.26159318760438,1.4281247544469605e-7,1.0578388773108606e-6,202424_at
220.05043183192709,-0.43157981321941585,0.08209158552015135,-5.257296597267868,1.4618844037314617e-7,1.0816256927172073e-6,227031_at
584.7467271482511,0.18268027084085084,0.03475419704194609,5.256351358668061,1.4694143524040334e-7,1.0864322154789192e-6,217750_s_at
370.776254782178,-0.42296355580410183,0.08050094995356583,-5.2541436597713895,1.4871477062091825e-7,1.0986162574095779e-6,223231_at
792.3347216568911,0.2663425267108525,0.050692922330635985,5.254037732795884,1.48800374846119e-7,1.0990941531500966e-6,201351_s_at
321.2644029418434,0.6096216439368142,0.11603262397649737,5.253881391670451,1.4892680803443137e-7,1.09987344989341e-6,205141_at
211.77194071191192,-0.38077607332244734,0.0724766663908964,-5.253774659954223,1.490131817245079e-7,1.1003567166432188e-6,200979_at
234.6698219289342,-0.635608857941742,0.12100369660907367,-5.252805292347406,1.497998733743029e-7,1.1058551124193165e-6,212423_at
337.18644088942574,-0.279636060147254,0.053248952645630454,-5.2514847007080165,1.5087806741041937e-7,1.1130328403547417e-6,217885_at
290.05794079732794,0.2995940443755407,0.05709649485221413,5.247153002141301,1.544676126076278e-7,1.138394462625336e-6,200898_s_at
195.15105296485126,0.5518431366086605,0.1051942597191011,5.245943439140503,1.554846011436133e-7,1.1454075873985777e-6,203665_at
334.8450787740795,-0.4490031823305363,0.08560453510171323,-5.245086394044914,1.562091123172835e-7,1.1504223218501286e-6,222673_x_at
125.78486689331191,-0.4719724565413246,0.09002947615854466,-5.242421445507099,1.584828708592104e-7,1.1660239108406754e-6,226064_s_at
125.61804788054816,-0.5364275924503771,0.10232876443481377,-5.242197493668519,1.5867539970593041e-7,1.167113639768435e-6,228011_at
271.2409488335757,0.3038425267969667,0.057980645137778834,5.240413004631955,1.602176066644168e-7,1.1776330210687778e-6,213009_s_at
4405.061439176897,0.31531200283293703,0.060204051630446814,5.237388419776639,1.6286470161539739e-7,1.1964203981961972e-6,217871_s_at
242.73610574304385,0.38069294643865614,0.07269634912840821,5.236754678920861,1.6342468133445795e-7,1.2001985330982535e-6,200766_at
450.56594035857376,0.1391763739522965,0.026582446192638,5.2356496066506235,1.6440559075766096e-7,1.2065593376173877e-6,202559_x_at
6913.121750219637,-0.382767144252456,0.07311657131569865,-5.235025895836463,1.649617339329889e-7,1.2101338588936766e-6,209771_x_at
302.8640683669079,0.47485286855575887,0.09071048034359397,5.234818146228605,1.6514738121048909e-7,1.211326653473279e-6,204588_s_at
154.3507253804317,0.43518168716135763,0.08313575077420708,5.234591413545916,1.6535022251250593e-7,1.2126452126600944e-6,202724_s_at
138.22710089171684,0.4984175700285501,0.09522253077507874,5.2342399006999925,1.6566517190339085e-7,1.2146159938910159e-6,227410_at
1026.876179008833,-0.31977266585350866,0.06110325257648849,-5.2333165972338405,1.664952009748001e-7,1.220531286376014e-6,200961_at
186.20652995008172,-0.4280523463636595,0.08181820660148126,-5.231749315266829,1.6791336660096083e-7,1.2297267375065352e-6,224938_at
245.87689900279508,0.28818119973955736,0.05508678975682911,5.231403046205493,1.6822826208164486e-7,1.2318612352568988e-6,212264_s_at
130.6080066361357,-0.8456701170331644,0.16166647562628217,-5.230955358908583,1.6863623324407823e-07,1.2346765954178444e-6,210387_at
2528.363091046172,-0.2613170327345833,0.049966171260705315,-5.229879058996256,1.6962096848931335e-7,1.241540442616626e-6,208742_s_at
1035.201568763829,0.27424686732490117,0.05247184392647092,5.226552886328996,1.7269943784231847e-7,1.2624907854173326e-6,213857_s_at
360.1156511308932,0.2804143498514385,0.053679772080586725,5.223836446817744,1.7525358828377965e-7,1.2795605833100522e-6,56197_at
214.44066302227407,-0.3286680484073912,0.06292931438821793,-5.222813113453001,1.7622522312427235e-7,1.2859400688798958e-6,223539_s_at
181.1537892751335,-0.953289024708665,0.18253702562854954,-5.222441975408011,1.7657889663607434e-7,1.2879843627775504e-6,201525_at
1733.8833988338035,-0.31653556364995317,0.06062712811261517,-5.221021900657853,1.779384941458076e-7,1.2975412267710244e-6,215380_s_at
779.1940798995263,0.26103757541361805,0.05000942205176109,5.219767889807588,1.7914750988398519e-7,1.3058139021418804e-6,208799_at
1365.7956624486292,-0.25679650378647895,0.04920632766138204,-5.2187699426311225,1.8011532069964733e-7,1.31232227423392e-6,222388_s_at
7813.641492071874,0.11707183476237391,0.022433982089001114,5.218504423241545,1.8037367195846738e-7,1.3136582533405342e-6,213214_x_at
216.2274202727417,-0.2836416140494069,0.05436841112507873,-5.21702967182299,1.8181514357329332e-7,1.323017384691149e-6,225596_at
1044.6779807945425,-0.43973680508629276,0.08429446005914638,-5.216675031523368,1.821634383387484e-7,1.3250404620698383e-6,213872_at
114.8670015049132,0.4458417901737988,0.08547161241940257,5.21625575502294,1.825760448599032e-7,1.3276742025138166e-6,242961_x_at
1578.9434173897378,0.27900521178076076,0.053515029998185366,5.2135860110743,1.852245877739632e-7,1.3461890452043788e-6,216640_s_at
515.0133978416111,0.6824462556578742,0.13091513646334807,5.212890381464306,1.85920769576484e-7,1.3508751727253615e-6,217165_x_at
408.4549346427079,0.23859991484384865,0.045773819331070616,5.2125847991428245,1.8622739347844877e-7,1.3527290168440078e-6,214736_s_at
579.3184234601512,0.29855960026513395,0.05727906488418602,5.212368617902529,1.8644460674566317e-7,1.354119660435542e-6,209384_at
603.072173618703,0.3728713671295762,0.07155044300611733,5.211307595924974,1.875142495656374e-7,1.3615120021653092e-6,225853_at
264.8960543344573,-0.8713066102811531,0.16719623294498664,-5.211281348472983,1.8754078532107587e-7,1.3615165674490707e-6,205799_s_at
596.2811737011073,0.25330759058001723,0.04861032984912047,5.2109827554400034,1.8784291376065173e-7,1.3635216146101231e-6,212685_s_at
148.68669022245038,-0.464641190746899,0.08918606550904591,-5.209795813896193,1.8904856800234764e-7,1.3715155221970426e-6,218853_s_at
147.9038761902893,0.6024065167233162,0.11566797008830478,5.208066816279555,1.9081821761142785e-7,1.3828268902855734e-6,212013_at
294.82964384987804,0.2858427718579802,0.05491563768607696,5.2051252412289,1.938658123966214e-7,1.403180508678645e-6,209132_s_at
429.96142208180385,0.42085453572408643,0.08085555736071336,5.205016815932235,1.9397903982512195e-7,1.4037970888143017e-6,202107_s_at
229.6323146062587,0.3181967212381594,0.061139238404922164,5.204460008656931,1.9456151568793457e-7,1.4078185178939438e-6,225576_at
293.550089873087,0.4551439355538757,0.0874689426704133,5.203491909909983,1.9557827064969696e-7,1.414786020058386e-6,212021_s_at
156.00591901613654,0.4062203521089615,0.0780728313929088,5.2030949161382365,1.9599670030905374e-7,1.4176177522766323e-6,204394_at
297.70919934249986,0.40726164587037317,0.07828622454549297,5.2022133936693935,1.969289171153551e-7,1.4237725010428356e-6,203344_s_at
1152.3004151915848,0.2304249881507642,0.044298838814739686,5.201603344828403,1.9757655601639602e-7,1.4276692320755777e-6,217993_s_at
1426.752021107878,0.21890994185604742,0.04209729651225483,5.200095017795767,1.9918667275114768e-7,1.4381173787283714e-6,200652_at
573.3449800246572,-0.2820499258683542,0.054242378904178955,-5.1998074488326775,1.9949508445268796e-7,1.4399484505324218e-6,209226_s_at
738.6243550219818,-0.6227008548641723,0.11981807003707151,-5.197052954295706,2.024727008287682e-7,1.4602374529099882e-6,212190_at
1085.7479913757868,0.2928410224336521,0.05635604177751226,5.196266685828607,2.0333050988348652e-7,1.4658205235139576e-6,200691_s_at
1026.2136373081426,0.29635655741009176,0.05703656383214486,5.195904828387823,2.0372647102297336e-7,1.4682722103869092e-6,1557915_s_at
2309.7987975051187,0.29318229417696956,0.05643604092149064,5.1949479338003455,2.047771436053812e-7,1.4756421232739892e-6,218007_s_at
135.7573875594157,0.4017613127822146,0.07735413444492696,5.193792363719777,2.0605294410979888e-7,1.4844285709042318e-6,218805_at
291.0287458154594,0.3767599715741198,0.07258930128345546,5.190296158147356,2.0995986231386084e-7,1.5104200299421555e-6,37117_at
402.2463094188973,0.4213035575984702,0.08118896031198919,5.189172961194531,2.1123012943497607e-7,1.519018640164988e-6,218039_at
390.4885970493593,0.7790119886544247,0.15018778605722496,5.186919716344999,2.138008432612525e-7,1.5366643212188e-6,226086_at
298.5672080659743,0.5405124794694705,0.10422699774719887,5.185916232380365,2.1495541847874658e-7,1.5443290584732806e-6,202878_s_at
290.2496138040093,0.34713829139015046,0.06694257612635769,5.185612975737718,2.1530551941164444e-7,1.5466328960032207e-6,202893_at
5996.616047789528,0.18005228356589706,0.03473470921885914,5.183641596980407,2.1759488907080158e-7,1.5624377374268214e-6,211628_x_at
332.07720613020183,-0.24952011142045827,0.048144455216015215,-5.182738288363799,2.186517467776039e-7,1.5680982396493172e-6,223531_x_at
352.7333263286128,0.29760671180504744,0.05743482940856634,5.181641781992648,2.1994130902738786e-7,1.5767010714261821e-6,225466_at
292.3239574997792,0.36359966582972186,0.07018431353156045,5.180640053795191,2.2112582755497892e-7,1.5845441425312737e-6,206499_s_at
214.96273442191966,0.5241202845626056,0.1011717349291859,5.1805011046757095,2.2129061744722046e-7,1.585292681205183e-6,204256_at
257.9643664307563,0.40827518186267303,0.07882704819520941,5.179379302033604,2.2262539839986222e-7,1.5939857203687138e-6,204768_s_at
424.99315748803605,0.2782847614499456,0.053737981478256674,5.1785488363113235,2.2361853894216028e-7,1.600878449198514e-6,212513_s_at
146.25067251498467,-0.7576882367061513,0.14631957102724946,-5.1783109490188775,2.2390381239101097e-7,1.602573672794626e-6,207601_at
1076.5913984703377,0.18678058670800324,0.0360850850669714,5.1761160147288425,2.2655261257448615e-7,1.6203383235219849e-6,221767_x_at
269.31452594682855,-0.3629492811962189,0.07012239097279022,-5.175939898242419,2.2676645345004518e-7,1.621647053288022e-6,207956_x_at
581.4312007312825,0.21081549548395126,0.04073428792916543,5.175381876087958,2.2744529340674738e-7,1.6258378604050872e-6,217934_x_at
191.9358719701159,-0.3926276636114238,0.07589709039106121,-5.173158306707178,2.3016984199681183e-7,1.6439719864501835e-6,34031_i_at
636.2639332743913,-0.32232631631197206,0.06232045056146216,-5.172079364125985,2.3150321138920656e-7,1.6525970892893727e-6,209194_at
1921.1296529888323,0.20030639460599678,0.0387484325646116,5.169406382361226,2.3483873793479686e-7,1.6748154476082663e-6,200792_at
472.52188448154266,0.3758496777779831,0.07272366119632927,5.168189714257045,2.3637231080114666e-7,1.6850665249380715e-6,225663_at
466.9385390617038,0.38889650597188463,0.07525141585930452,5.167962642709522,2.366595969410981e-7,1.6868857259789053e-6,202053_s_at
264.5457420813881,0.2773741823602187,0.05367275719227596,5.1678765330903405,2.367686292124651e-7,1.6874340303270806e-6,200720_s_at
147.43074733725774,0.7758655739052979,0.15019329734723563,5.165780281869402,2.39437930186232e-7,1.7055327979136943e-6,203717_at
207.28894125687938,0.585342975989151,0.11331412203864466,5.1656666041107,2.395835119155109e-7,1.7063385126992492e-6,204114_at
16427.81232562533,0.07424664423968594,0.014373209331620325,5.165627420199546,2.3963371271299305e-7,1.7064647883358586e-6,201492_s_at
501.03563937412946,0.9746343414228563,0.1887265140880338,5.16426823296395,2.4138135052838305e-7,1.7182114988038255e-6,204855_at
353.3672321471929,0.4065988066558564,0.07875436604093707,5.1628732106675015,2.4318786699158186e-7,1.73036760924392e-6,204142_at
158.62140576341548,-0.8870681660382469,0.1718582754232127,-5.161626135568865,2.4481384731833474e-7,1.7407586161504213e-6,209994_s_at
213.66993780678973,0.34114760023373863,0.06611669360466108,5.159780104455927,2.472400624612136e-7,1.7568218283648758e-6,218399_s_at
297.31772168213496,-0.3038636505804981,0.058898720948192575,-5.1590874247978515,2.481564221584608e-7,1.762141955156837e-6,217527_s_at
7819.894259834136,-0.39407352765098064,0.0763973783518287,-5.1582074693214635,2.493252651019585e-7,1.7697244708493149e-6,216379_x_at
1258.6029733868422,0.24426906393968512,0.04735745180972833,5.157985799597151,2.496205460762648e-7,1.7711027647484838e-6,202442_at
595.3846679437735,0.25250111342938164,0.0489833590895941,5.154834583057868,2.538549194072097e-7,1.79847552366224e-6,212088_at
169.15890115021008,-0.39785311608087004,0.077217152452609,-5.152393003938433,2.571833569843817e-7,1.8188688121325793e-6,221954_at
275.62329183707396,-0.28752411265337385,0.05580924938944877,-5.15190789696829,2.578496714617623e-7,1.823090492937099e-6,224611_s_at
463.80411191679445,-0.34732230899819777,0.06741812980351365,-5.1517642214408665,2.5804733559867466e-7,1.8242426251079833e-6,224895_at
114.10475687046447,-0.48209432806212643,0.09359018608592924,-5.151120520473103,2.589347168207063e-7,1.8297774785256685e-6,228396_at
368.0086228209177,-0.5423134464630066,0.10528502594197234,-5.1509076586247105,2.5922880790631227e-7,1.8316094071939143e-6,225496_s_at
1148.327661289347,-0.3627075112882251,0.07046828840367282,-5.147102611751823,2.645406355488455e-7,1.8666311171635375e-6,209022_at
382.0378750506781,-0.2521672413414142,0.04900970297988927,-5.145251368793012,2.6716282941193225e-7,1.8843746258105875e-6,202322_s_at
430.5444278487832,-0.31192345181124764,0.06062346146337675,-5.145259678048634,2.6715100386679803e-7,1.8843746258105875e-6,226994_at
222.5649965792474,0.3041934209062215,0.05913745784134104,5.143836614051575,2.691836649887313e-7,1.8978640099031106e-6,218535_s_at
426.5498221971578,0.29226124213239074,0.05682671646811339,5.1430253285245575,2.7034915732759613e-7,1.9053144178884923e-6,205055_at
331.8181609584375,-0.27107711892763514,0.05271576511457104,-5.142240055484035,2.7148192120702727e-7,1.912784674502495e-6,207769_s_at
19.055766238372364,-0.8569016337405129,0.1666623811483695,-5.141542007477169,2.7249270961789275e-7,1.9193917519446103e-6,206291_at
855.5438996052115,-0.278088264596659,0.05409688095719399,-5.140560041099335,2.739207729315188e-7,1.9284169190412646e-6,208667_s_at
1938.3813536422313,0.4238755188051585,0.08249117822718757,5.138434532208644,2.7703667612907375e-7,1.949569560429478e-6,217294_s_at
720.8464617662966,0.3330512162316618,0.06485124066107846,5.135618267848312,2.812179618594547e-7,1.978199540565089e-6,209366_x_at
610.6206592058378,-0.35130488738656207,0.06841124063804771,-5.135192464134026,2.8185542964034076e-7,1.9824183952514013e-6,218206_x_at
682.3202528066064,0.3320334001662363,0.06466003151548222,5.1350640014261995,2.8204802413024994e-7,1.983507541836097e-6,207843_x_at
221.64762639037474,0.4518845023472931,0.08800965118645085,5.134488050520317,2.8291306742869395e-7,1.989324771962481e-6,215716_s_at
806.1678812484753,-0.4848120460079596,0.09443383956411726,-5.133880484429411,2.838283716662682e-7,1.9952268919942564e-6,212560_at
151.03264749441777,0.48255045239065775,0.094012684243397,5.132822834218243,2.8542855854765793e-7,2.005402736084708e-6,218456_at
257.7537395062935,-0.8027077286587112,0.15639505217702201,-5.132564729414421,2.8582038235415476e-7,2.007350577875217e-6,203892_at
329.77907491855893,0.2490576347004102,0.04852796281886882,5.132249948962842,2.862989474193044e-7,2.0102302734658934e-6,201643_x_at
1170.5705295520681,-0.26505654380425586,0.05164568255113525,-5.132211071890065,2.863581064284476e-7,2.0102302734658934e-6,218495_at
184.50180345244428,-0.48427582942186403,0.0943602571750156,-5.132201245738964,2.863730606926263e-7,2.0102302734658934e-6,218641_at
1417.9012552810402,-0.43767410069499657,0.08529990714243364,-5.131003249091105,2.8820193493413644e-7,2.0219148963460963e-6,201328_at
18.27755558849866,-0.771961930828255,0.15049315384134998,-5.1295484952229655,2.904379446473688e-7,2.0365144420277276e-6,229580_at
2447.8941784837043,0.23040637997733035,0.04492107179243559,5.1291380811650455,2.910717897749572e-7,2.040686611503882e-6,201119_s_at
688.7121255175721,0.5063513279217015,0.098726114234669,5.1288489559927335,2.915191176170021e-7,2.043277635001858e-6,200600_at
232.6820438552575,-0.5614592981441926,0.10948280955714576,-5.128287266423618,2.9239004920663745e-7,2.049108767303057e-6,223427_s_at
66.43870612610847,-1.1201432889524567,0.2184451214116847,-5.12780180996315,2.931448007887608e-7,2.054124248087005e-6,203980_at
262.6821514054256,0.2740937128303606,0.053463864351226596,5.126709716112622,2.948495899595032e-7,2.0638685869381636e-6,202466_at
657.9883794863108,-0.9027193907261233,0.17608148395227155,-5.126713896679865,2.948430457594199e-7,2.0638685869381636e-6,206000_at
229.6283394517608,-0.3946084033190293,0.07697608474277606,-5.126376648509158,2.9537142018940365e-7,2.0666954622066196e-6,202955_s_at
355.2216828810741,0.2597671843098308,0.050709501788614005,5.122653056081835,3.012663726616088e-7,2.1062595382277757e-6,243_g_at
199.3186899818607,-0.7286677894786505,0.14226759516516416,-5.121811390940508,3.026144986026856e-7,2.1151220055280674e-6,214027_x_at
231.03957682199874,-0.3237981319516107,0.06322882402076506,-5.121052573194652,3.038349165534616e-7,2.1228051322189074e-6,226126_at
6094.8587961425,0.22265223623702196,0.043487772173718776,5.11988140821752,3.057278514984444e-7,2.1354627203148917e-6,212537_x_at
208.9130049479212,-0.46049502182339935,0.0899645398941988,-5.118628099081665,3.077661667320297e-7,2.1485578010673605e-6,213577_at
321.55828673947184,-0.3311068397666452,0.06476648678679629,-5.1123174375137905,3.1823047926142296e-7,2.2171927094133396e-6,201424_s_at
203.82989413515264,0.6312470845785197,0.12349177037391816,5.111653049164166,3.193519429163768e-7,2.2244164357889018e-6,225974_at
362.65027792406386,0.2547836046308436,0.04984519924417374,5.111497365729249,3.19615282228857e-7,2.2259556774788434e-6,208066_s_at
314.53043770742914,0.28903643965255676,0.05655303390257573,5.1108918426990435,3.206415223611047e-7,2.232215467765995e-6,202084_s_at
430.1311747930538,-0.29385689299797624,0.05755979258278126,-5.105245863687879,3.3036469959416386e-7,2.297470745331704e-6,213051_at
370.68090042685617,0.539085590662236,0.10559595333502551,5.105172818051776,3.304923406919159e-7,2.2980543097013694e-6,203476_at
259.81987438318384,0.4750448547541662,0.09306567068986782,5.104404784630053,3.318372995706563e-7,2.3064908665039376e-6,208097_s_at
1081.0861485214461,0.293310444278525,0.057465013886748725,5.10415685022851,3.32272602483089e-7,2.308905771637744e-6,201375_s_at
2425.9500299985875,0.2837706649020491,0.05560220112147641,5.103586893657028,3.3327537671449933e-7,2.3146496825497285e-6,200644_at
209.97465777922628,-0.3842055212731305,0.07528492394556954,-5.103352718412896,3.336882278055566e-7,2.3172107722110494e-6,226762_at
811.8124634611218,0.22940315621658683,0.04496425263263068,5.101900794190191,3.362590126114431e-7,2.334137650083448e-6,213086_s_at
329.63156458705083,0.20661014155993127,0.04049738306822503,5.101814633598912,3.364121684632263e-7,2.334584061985527e-6,225771_at
758.4111775551152,0.41168806215978043,0.0807335228044833,5.099344706619424,3.4083136396239363e-7,2.3646272609478066e-6,202130_at
299.8617953499592,-0.26098355918834637,0.051187454378446885,-5.098584455065942,3.422028488328946e-7,2.372889367669078e-6,225359_at
2072.3281521741155,-0.179605885683117,0.03522911368569489,-5.098223227683632,3.428563642368651e-7,2.377107304235384e-6,223105_s_at
345.3583146643324,0.20766660111027524,0.040738652015386685,5.097532462091311,3.4410942065209503e-7,2.385480344670914e-6,224622_at
324.6365530497656,0.19763467333465295,0.03878109839934003,5.096159765758885,3.4661264075280545e-7,2.4018830066090372e-6,202696_at
575.6507317005376,0.5632697218504346,0.11053533437374068,5.095834061042545,3.472091640145262e-7,2.405382336622648e-6,210139_s_at
168.316945783785,-0.4584590234538,0.08997070871387175,-5.095647572498387,3.4755116096402216e-7,2.4074342577175725e-6,227074_at
538.8085395328834,0.263226581190122,0.05168926772511723,5.0924803692317155,3.5340931598925654e-7,2.4447904689350257e-6,224330_s_at
437.6443011200311,-0.46979808445410415,0.09228827716149919,-5.090549947443319,3.570265089278303e-7,2.4685135048274165e-6,205709_s_at
202.86304146566926,0.43126478382240535,0.08473826836995291,5.089374518954959,3.592464832374499e-7,2.481577245013268e-6,213539_at
833.031981062756,-0.22927546888142183,0.045050658965196694,-5.089281137009464,3.5942341928739265e-7,2.4824731735089545e-6,224129_s_at
337.30495024056626,-0.3606433282846336,0.07089734832229826,-5.0868380386408045,3.640824958563016e-7,2.5136615196048447e-6,224686_x_at
109.83510120199539,-0.7658540144288728,0.15056810014443492,-5.086429420934546,3.648674129061938e-7,2.5186009577364095e-6,232628_at
247.27940973263298,0.45801539521769846,0.09005402615266911,5.086006864826036,3.656808219655468e-7,2.5228616323213653e-6,208358_s_at
1027.0893603943484,0.2300664797859727,0.04523795956364449,5.08569533208712,3.662816345471195e-7,2.526189635431669e-6,209059_s_at
314.2322155710932,0.3254587514832604,0.06400197691215055,5.085135915879392,3.673628998909104e-7,2.5333145047719334e-6,225061_at
477.5901860587759,0.4345493405944405,0.08546128785501411,5.0847506690006545,3.6810931328001827e-7,2.5377957300430382e-6,208892_s_at
99.60165496427717,-0.9728938553414432,0.19135860901163543,-5.084139461330883,3.6929652835265747e-7,2.545646609528536e-6,231814_at
390.9520039857171,-0.35948981505425254,0.07071993648767343,-5.083288149119196,3.7095628432571837e-7,2.5564170687718074e-6,228762_at
226.8540302416496,0.4594195017918674,0.09042914732816663,5.08043606918727,3.76569450270832e-7,2.5933994089284896e-6,213226_at
227.7531581972712,0.3033194096517362,0.05972147984882302,5.0788997596769025,3.7962693227466786e-7,2.6127440805084987e-6,212660_at
210.64649405781475,-0.4076705642290265,0.08028286333846324,-5.077927558591609,3.815741176194755e-7,2.625457734665346e-6,209739_s_at
917.1062433509313,0.23598439557453546,0.04648451422646786,5.076623892955905,3.8420031405857867e-7,2.642489635523432e-6,201303_at
150.18091524104383,0.6029258818244584,0.11877713265303004,5.076110766082528,3.852387697495927e-7,2.6489386766217576e-6,204994_at
347.81556236892396,0.36577931375019934,0.07206417966897909,5.075743808232837,3.859830721634568e-7,2.653709363484865e-6,201349_at
473.1467458560648,0.16224997805798316,0.03197641515537288,5.074051524212866,3.8943353406113785e-7,2.6770817461149824e-6,201800_s_at
672.5203170221021,-0.39222938395384643,0.07730301366171886,-5.0739209944680574,3.8970090903596546e-7,2.6785693922935033e-6,206302_s_at
351.9796210057133,0.28550701701464115,0.05627789615420335,5.0731643598108604,3.9125428000128434e-7,2.6888946555757156e-6,218046_s_at
210.95059973641008,0.2704644863833022,0.05332040034946792,5.072439152944229,3.927487364869741e-7,2.697401607074809e-6,211622_s_at
236.28463825315944,0.42281148913232997,0.08343933291202407,5.0672922994018865,4.0351441110276236e-7,2.765197074076747e-6,213095_x_at
548.920484168195,-0.3623963039124907,0.07155170163383479,-5.06481740667819,4.0879198585101405e-7,2.7988084971878833e-6,224955_at
393.64368071965754,0.22603186255192853,0.04462864397237554,5.064726203463382,4.089877386515937e-7,2.7997839803433446e-6,208030_s_at
524.6016150164859,-0.29710563013566177,0.05866243987443549,-5.064665410637607,4.091182707530955e-7,2.8003127899398515e-6,1555780_a_at
232.42445062179044,0.8257051040940794,0.16309742543670414,5.062649529158412,4.1346953506697253e-7,2.827150396293218e-6,202499_s_at
651.3167375774125,-0.4157506901229744,0.08212960016510203,-5.062129722867352,4.1459875386650835e-7,2.8345027853129282e-6,201236_s_at
867.8239916527776,-0.9923514294563796,0.19605502668700037,-5.061596462102741,4.1576029278353005e-7,2.841704568467374e-6,227736_at
1192.1872474241682,-0.2767888521012247,0.05468481668560773,-5.061530217656771,4.1590480428725626e-7,2.8423226377779537e-6,201675_at
357.45279041892553,0.34375424680127026,0.06791996243769358,5.061166621177293,4.1669884926717005e-7,2.8470087525203916e-6,208800_at
91.58703254648512,-0.7223641430807741,0.14273324464836296,-5.060938289887457,4.1719824102815996e-7,2.850050222149216e-6,201539_s_at
235.89906252302464,0.2963148833996676,0.05855108328827651,5.060792503885197,4.175173969456497e-7,2.85185979712525e-6,219125_s_at
233.6889455603118,0.36957558414419117,0.07303843134639583,5.060015355360289,4.1922271573070824e-7,2.862763851677708e-6,203465_at
298.50861942500615,0.19631564146328997,0.038810601475626164,5.058299382105174,4.230119577244366e-7,2.884516728461145e-6,215482_s_at
366.699318759952,0.43228785044985923,0.08546889098738623,5.057838535820684,4.240352221101964e-7,2.890744203240273e-6,201724_s_at
531.4168659865084,0.23595251450476404,0.046664245211588726,5.056387678293936,4.272723278852321e-7,2.9113016880176955e-6,208625_s_at
234.46830660303456,0.36992013711816446,0.07318593005236819,5.054525328208142,4.314624995504026e-7,2.9371865545818466e-6,204186_s_at
652.4498081823152,0.3442507778376825,0.06811886783804097,5.053677325585785,4.3338356178196666e-7,2.9487363679297615e-6,207121_s_at
548.9259917711832,0.34011350580450134,0.06732434648197744,5.051864943026946,4.3751702995259605e-07,2.975319615958687e-6,224576_at
236.457520951792,0.4289293527058758,0.08491204965275344,5.051454469182831,4.384584587269934e-7,2.9805647186571477e-6,219429_at
965.350372645981,0.3920065567534564,0.07764752250662049,5.048539143280877,4.4520126113563995e-7,3.0232726550875336e-6,208677_s_at
1536.7301257543504,-0.33148644575532515,0.06567952688252165,-5.047028526076957,4.4873437297581393e-7,3.046478005086026e-6,210827_s_at
370.96913684588804,0.5075021471543569,0.10056382927888738,5.046567446700274,4.498181469791325e-7,3.0530469968153595e-6,208982_at
393.6472759337296,0.34600422689617616,0.06857085289278247,5.045937337795537,4.513033112660194e-7,3.062336245354988e-6,202749_at
286.5175343784973,-0.19433647209540078,0.03852031043707356,-5.045039094709975,4.534286470516371e-7,3.075963484852425e-6,38069_at
466.92101073017585,0.25822018184047124,0.05118728016993909,5.0446161816606345,4.54432642773182e-7,3.081978720906157e-6,224415_s_at
28.256998441753517,-0.8106933565953451,0.16073116021909967,-5.043784636969295,4.5641298721674004e-7,3.0946107766983042e-6,205040_at
844.89355106573,0.32399983591640413,0.0642394149393142,5.0436299306661,4.5678234144385735e-7,3.096715579494386e-6,212110_at
180.8275604068146,0.36768510785755026,0.07290280829603342,5.043497177289886,4.5709951390088525e-7,3.0984661232486936e-6,38671_at
288.1158494940411,0.3142814918629857,0.0623266222348913,5.042491965608985,4.5950805511096566e-7,3.1123838546593234e-6,212377_s_at
334.4917084528335,-0.4193410664758303,0.08318633025373137,-5.040985282038217,4.631410896645595e-7,3.1325504280863915e-6,201311_s_at
580.4605575861032,0.19352175012379072,0.038405503989174444,5.038906667605239,4.6819871674740384e-7,3.1630949170771384e-6,201546_at
188.55803347167597,-0.5857558959934278,0.11628864691855333,-5.037085833526653,4.7267285670106243e-7,3.1908605409206984e-6,226875_at
75.49131463506798,0.5680443852237831,0.11280694330033116,5.035544520619198,4.7649236205663346e-7,3.2154057005038924e-6,219691_at
664.9645868970196,0.2265566379085934,0.044996055042191306,5.035033353394176,4.777656387344716e-7,3.223170138389142e-6,200042_at
368.7077414553903,0.29821942398053836,0.0592763406298066,5.031002602589494,4.87921523888224e-7,3.287886622185117e-6,224746_at
369.09338259782095,-0.38886603000872083,0.07732580990613108,-5.028929286104872,4.932262298759695e-7,3.321928910022004e-6,204831_at
380.5941953938505,0.26576396367528665,0.052856719420711885,5.028007159505006,4.956033767522284e-7,3.3362290075363915e-6,218042_at
175.71321908527688,0.8465035930992011,0.1684806190674631,5.024338097667149,5.051717496289755e-7,3.398463406298154e-6,227462_at
265.34986160259274,0.27042332956155685,0.05382565424813143,5.024060243001034,5.059035654157979e-7,3.4025154820657595e-6,225433_at
1105.159523712085,0.24797048452276355,0.04935767938287398,5.02394941624431,5.061957469160939e-7,3.404044949894869e-6,201885_s_at
90.93458287480209,-0.6067507773453091,0.1207776086240882,-5.023702524478508,5.068472327301863e-7,3.4079899525207535e-6,213562_s_at
1126.579773243869,-0.9944896170876001,0.19798179899539076,-5.023136581917578,5.083436665688718e-7,3.4166953814124804e-6,201497_x_at
353.99984774336525,-0.27462954613300394,0.0546915105904225,-5.0214291609107,5.128841958019894e-7,3.445496104586188e-6,222104_x_at
518.1938435934452,0.2704670475441677,0.053863619536267955,5.0213307214167875,5.131471639837005e-7,3.446822093046958e-6,200083_at
174.83052252005734,0.3814680574496243,0.07598122334995104,5.020556930133583,5.152187784875336e-7,3.4598527580671914e-6,213092_x_at
193.59699694846591,-0.29929375909183825,0.05964018103243045,-5.018324121603382,5.212418229640564e-7,3.4967248869100105e-6,213627_at
133.46301952564076,-0.5576814085679632,0.11119846425092063,-5.015189843895223,5.298112642570306e-7,3.5505867357515924e-6,220920_at
429.4771119548627,0.5399845463873694,0.10768164978963594,5.014638496366549,5.313326894145298e-7,3.5594210528350795e-6,202950_at
14549.80555593061,0.06818633716669692,0.013600178009741365,5.013635639023053,5.341108476952469e-7,3.576664308075434e-6,221798_x_at
385.0095701844754,0.24690477757727203,0.04924698085239794,5.013602322491404,5.342033825409651e-7,3.5768282030905696e-6,217789_at
1347.9066399084124,0.27653041830282893,0.05515930065090626,5.013305372614175,5.350288277715869e-7,3.5814424932757584e-6,201218_at
74.81134804415652,0.9164811635999411,0.18285714099292522,5.012006414534284,5.38654079810747e-7,3.604791354943843e-6,213994_s_at
650.0429791708601,0.25505333102626315,0.050916466479328744,5.0092504186206765,5.464243671198033e-7,3.654000024127007e-6,201503_at
1376.678266750055,0.15560922131742586,0.031066564771480357,5.0088969431302495,5.474287453066378e-7,3.658956873460926e-6,200040_at
312.7900755811568,0.5295594339649301,0.1057334873302417,5.008436280087269,5.487403618455657e-7,3.6657558124357264e-6,213193_x_at
223.37181115578483,0.8237592286151286,0.16448822540742236,5.008013349130322,5.499472136474362e-7,3.6728842122286645e-6,203382_s_at
3193.0222462636925,0.4800319147343219,0.09585492414164457,5.007900418605308,5.502698984326398e-7,3.674572330651709e-6,201666_at
269.5014587182461,0.3063663894827601,0.06119783179220807,5.0061641157974455,5.552542045321112e-7,3.705502154283247e-6,226567_at
460.4942889279939,0.224112971063983,0.04477081197922974,5.005783034892341,5.563539624218444e-7,3.7123700026812606e-6,201687_s_at
174.557934708486,-0.4870469980492878,0.09733210400802143,-5.003970714628226,5.616129270517176e-7,3.7431839909037373e-6,32502_at
207.70155998803645,0.46851174341897367,0.09364491257961954,5.003066696449012,5.642540772313611e-7,3.7588805646871533e-6,209901_x_at
308.73629227336033,0.2522432744812305,0.0504382694953108,5.001029515984511,5.702498066791381e-7,3.796897040442851e-6,203605_at
253.57616391976438,-0.59725081322128315,0.11943392718164376,-5.000679683863538,5.712855755994047e-7,3.8033116468268445e-6,231513_at
161.35677300335556,-0.41083991441429474,0.08216759889891134,-5.0000233658980395,5.732336707435321e-7,3.814831243795819e-6,223232_s_at
591.0658385479118,-0.29869494870177066,0.05974552702506179,-4.999452905930102,5.7493212153183e-7,3.8241972807219084e-6,209385_s_at
604.8286629271141,-0.350118265320921,0.07004554387436566,-4.998437387378937,5.77967673623909e-7,3.841957136305453e-6,202635_s_at
398.01457035926046,0.18011706296315183,0.03605990273661091,4.994940343537936,5.885395743177723e-7,3.907783801477727e-6,221647_s_at
142.39275436339994,0.473078372219614,0.0947135073757338,4.994835323148636,5.88859926672197e-7,3.9090706768473645e-6,216250_s_at
129.5847470075006,0.47020124602068525,0.09417067589609687,4.993074983761201,5.942547232007596e-7,3.9427424218018836e-6,209670_at
258.9179325304589,0.5588265832753764,0.1119233603704544,4.992939645715782,5.946714512670065e-7,3.945009271634216e-6,203729_at
537.649840553648,-0.3797501106959444,0.0760808028563376,-4.991405143463346,5.994161835358851e-7,3.974980203097149e-6,203156_at
1702.3502589747934,0.22003775674299106,0.0440886818554482,4.990799168467319,6.012999112703181e-7,3.985963110103469e-6,36994_at
321.2879789349694,-0.3167499925705253,0.06348262544080172,-4.989554076743381,6.051883144818237e-7,4.010221495306741e-6,208723_at
318.27896749812356,0.36893828799953443,0.07394271642421502,4.989514935898585,6.053109428589324e-7,4.010528402799841e-6,226611_s_at
242.90979545225164,0.3786712760656049,0.07590733274151466,4.988599419704085,6.081860991998019e-7,4.029069993362711e-6,201484_at
193.64023572979684,0.4334561863798564,0.0869225914360854,4.986691943009762,6.142188275424849e-7,4.065447892023646e-6,219155_at
290.41031620153706,0.49301436951828526,0.09897303024827182,4.981300140872405,6.315849181195104e-7,4.174608701654225e-6,201272_at
1768.9618970967222,0.3336978462529985,0.06700766704605522,4.97999499107533,6.358591894037137e-7,4.2012753130403285e-6,208808_s_at
120.97050369357642,0.4588570961702026,0.09216170409195946,4.9788260828201745,6.397109337019332e-7,4.225131131050823e-6,210102_at
211.89640645567607,0.5165829945914419,0.10378658364533223,4.977358117468731,6.44579980503019e-7,4.253548002932655e-6,214329_x_at
334.9741268593942,0.6377219801663512,0.1281257327438707,4.9773138190841575,6.447274661330475e-7,4.2539871004590305e-6,204174_at
241.82467162127435,0.30270862096520185,0.06083045918725403,4.976267235356152,6.482214045337267e-7,4.275430182463037e-6,221081_s_at
61.73463456285401,-0.6410906124754351,0.12884237653451186,-4.975774506175084,6.498726535947294e-7,4.285245600629536e-6,237131_at
160.81231751217118,0.9195032377157556,0.18483881740148556,4.97462194706925,6.53750991172135e-7,4.308116563016976e-6,203153_at
227.4882910453113,-0.3597835950108627,0.07232862579446753,-4.974290484008931,6.548704810175579e-7,4.314411841468815e-6,227095_at
176.38015180951675,0.33856070350531775,0.06807133130655071,4.973616601982588,6.57152162154642e-7,4.328901319864008e-6,209306_s_at
1288.1583250824854,0.3010984231302869,0.060558698910919,4.972009447778897,6.626247527695969e-7,4.361124766068052e-6,222405_at
434.55546012648153,0.3165198538127185,0.06369032372881403,4.969669414155016,6.706714971831236e-7,4.410218951822057e-6,218379_at
175.99017783395536,-0.5825513205611366,0.11728254500665082,-4.967076051496848,6.796993756185361e-7,4.466231681202369e-6,222513_s_at
254.97983091886442,0.36784572040291125,0.07407146904358841,4.966091872519056,6.831560069949137e-7,4.48614029634021e-6,216804_s_at
3165.8825021574003,0.17603007653163338,0.03545066266445303,4.965494670657925,6.852617493167715e-7,4.498282035172821e-6,201306_s_at
134.65328011573138,-0.5620464982773434,0.11320364057779937,-4.9649153985562515,6.873102457102979e-7,4.509475986649063e-6,217523_at
391.2525787406194,0.30304383063246876,0.061046742958350345,4.964127747801762,6.901051059424283e-7,4.526682942798099e-6,204185_x_at
180.5863465283016,0.5703151523693465,0.11489845263986805,4.96364519509165,6.918227779044765e-7,4.535685412923136e-6,219666_at
3830.3280517007056,-0.27569688398139186,0.05555072852963099,-4.962975127037875,6.942147538290296e-7,4.550010942777578e-6,200981_x_at
129.95689150500334,0.6087150514621124,0.12265160461389077,4.962960357333744,6.942675676472465e-7,4.550010942777578e-6,213010_at
330.8758804770274,-0.3207728403634802,0.06463422585567491,-4.962894443568495,6.945033106685754e-7,4.550988402603032e-6,227334_at
364.6266217482037,0.28505385190957677,0.0574868122728045,4.958595556783521,7.100461184286648e-7,4.6458869158242096e-6,212245_at
208.71365809754076,0.38574170990694456,0.07779415279185652,4.958492329610201,7.104234303878574e-7,4.647777039786313e-6,218577_at
1157.4003760520377,-0.20977973258047822,0.042311299607696896,-4.958007305980196,7.121988577140216e-7,4.6578015884067155e-6,200084_at
109.88367154886105,-0.4690667626964077,0.0946208723327853,-4.957328664722954,7.146901986658763e-7,4.672671900375872e-6,244447_at
1241.8053768887914,0.24163067986276487,0.04874472014351833,4.957063639945729,7.156654017576192e-7,4.677994965667901e-6,217456_x_at
1158.8032218185156,0.17217435658982458,0.03474718263445437,4.9550594763646,7.230816764780494e-7,4.723534422079231e-6,217938_s_at
745.2853077566372,-0.3011218310665926,0.06077401564454899,-4.954779240321619,7.24124553580488e-7,4.729759108733404e-6,215978_x_at
59.43698054270194,0.833764612821782,0.1682847631436605,4.954486652543927,7.252149430127336e-7,4.7357040401455275e-6,213993_at
2637.135878754007,0.19650962355028398,0.03967126512562148,4.953449881873549,7.290914334624933e-7,4.758652657002965e-6,217756_x_at
2154.9355917596004,0.2581071039905351,0.05211968763701314,4.952199748166538,7.337922415368054e-7,4.788739284952846e-6,209026_x_at
261.87889647588867,0.4613024982789448,0.09318090865464605,4.950611717993201,7.398057399208232e-7,4.823790428759174e-6,222750_s_at
583.1459014116169,-0.27320430463745865,0.05518705156358103,-4.95051460255491,7.401750297456984e-7,4.82559961707672e-6,217286_s_at
9960.196701301868,-0.18718204919702836,0.03783197625865187,-4.947720624407543,7.508757463378737e-7,4.891722322181804e-6,200834_s_at
153.15666470318112,0.47439873259111515,0.09589645723780602,4.946989140742618,7.537017940628595e-7,4.904661228972204e-6,228069_at
310.55238249417886,0.34152884810847456,0.06905492519114152,4.945756543260819,7.584870631618064e-7,4.933357564035343e-6,225447_at
417.0236355272454,0.3372160751055692,0.06820123328368284,4.944427818525215,7.636783012882246e-7,4.963672315651996e-6,213374_x_at
482.5974406831126,0.2734296659045336,0.05530726799153088,4.9438288281822835,7.660296928666443e-7,4.978103682318984e-6,201659_s_at
384.0581811990317,0.2681564146907446,0.054248116701917495,4.943146988202562,7.68714806443601e-7,4.9912327573309865e-6,218597_s_at
871.4148429763321,0.4004556740260662,0.08104090387914036,4.941401870631679,7.75628512589913e-7,5.03363557059154e-6,36936_at
505.9346240550122,0.22279014805245265,0.045089036865920536,4.941115702137413,7.767679396843645e-7,5.040407741964699e-6,222488_s_at
187.4727679000877,0.3075011694731321,0.06223659492584076,4.94084179636661,7.778600508195693e-7,5.0468712482434125e-6,213137_s_at
251.30174531522155,0.5170735846617295,0.10465628146247052,4.940683707046774,7.784910541459228e-7,5.050341792320063e-6,210105_s_at
103.41365302008664,-0.5599439639229123,0.11334689439995356,-4.9400909207719925,7.808615159349308e-7,5.062518081887134e-6,202662_s_at
214.33800794359433,-0.36060898774274935,0.07300052236700495,-4.93981379927411,7.819720659171722e-7,5.0672946920112295e-6,201465_s_at
30.715978492316193,-0.9604019126000956,0.19442066162618854,-4.939814032968649,7.819711287578355e-7,5.0672946920112295e-6,204719_at
506.85103223467627,-0.3858888547490515,0.07812620227134405,-4.939301329518123,7.840297711823556e-7,5.079376306054921e-6,225872_at
712.11704480019,-0.3727515673612022,0.07546728838916303,-4.9392468620182814,7.842487793670747e-7,5.080168908031214e-6,201558_at
153.01079636915622,0.40548867144345624,0.08209843353944354,4.939054912036079,7.850210602544125e-7,5.0832918679904385e-6,211902_x_at
640.5025588438981,0.2871509798367863,0.05813867635444782,4.939069786971822,7.849611870904357e-7,5.0832918679904385e-6,216449_x_at
156.4559707329693,0.4078716044589061,0.08259397944844002,4.938272827906583,7.881752335426793e-7,5.103087498287787e-6,212993_at
523.874506047388,-0.3160125382331619,0.06401740452859457,-4.936353489495329,7.959678192337338e-7,5.151002680951809e-6,226336_at
968.571839664506,0.2618721030466972,0.053050719800183756,4.936259188057051,7.963525929919371e-7,5.152858184203184e-6,208974_x_at
107.18913781387907,0.5299167761351041,0.10735598642997757,4.936071045099472,7.971207992768593e-7,5.157193953612712e-6,226132_s_at
417.78276660027825,0.3857308204363812,0.07816417056052918,4.934880235665994,8.019995732786346e-7,5.18684292075872e-6,224840_at
190.03978743580834,0.4813947614075557,0.09756826737020782,4.933927539995941,8.05923486626993e-7,5.2090152399698675e-6,1552701_a_at
206.02632761549512,0.3129607478133763,0.06343450307987032,4.9336044678923034,8.072583328098773e-7,5.215077372156151e-6,200597_at
744.426099815198,-0.6069584529579853,0.12302491063441877,-4.933622384507355,8.071842504842344e-7,5.215077372156151e-6,205311_at
168.07213718733138,0.44060422118315073,0.08932601912987707,4.932540658086719,8.116687728666387e-7,5.240992835635008e-6,218871_x_at
672.2836258174709,0.32610871650598394,0.0661529357975941,4.929618203246002,8.239047344747629e-7,5.312820787188551e-6,217776_at
883.8507749005676,-0.4127483669095607,0.08372920873365725,-4.9295624926125114,8.241397049207119e-7,5.313683971586688e-6,203509_at
132.33884237489838,-0.49643551289366245,0.10071803281035874,-4.9289635534124985,8.266699277913718e-7,5.328036716353661e-6,221173_at
202.75324584172262,0.33939876805347696,0.06887114927146094,4.928025329092601,8.30648508378401e-7,5.351054389472725e-6,225954_s_at
5865.4067101424,-0.26967677962417924,0.05473866106321826,-4.926623603612201,8.366269616033138e-7,5.38692640775552e-6,212273_x_at
2140.094926884499,0.1995958515600759,0.04051660997208037,4.926272254702839,8.381319711179161e-7,5.3946341224900135e-6,210532_s_at
573.4114813286703,-0.3462691484397606,0.07029084880029147,-4.926233703957274,8.382972625942432e-7,5.3950372689661835e-6,225512_at
331.0502803392276,-0.3454556363498736,0.07012639769917707,-4.926185397855214,8.385044257815537e-7,5.395709757869936e-6,227388_at
158.56533414775228,-0.45363653703775614,0.0921011060755076,-4.92541899188322,8.41797800808766e-7,5.413588059679869e-6,224801_at
204.76522192682927,0.6101836541275153,0.12391923923196835,4.924042932391581,8.477422477047951e-7,5.449149472343176e-6,204751_x_at
634.3553117812178,0.3483173818454104,0.07074820524235856,4.923338770958177,8.50799774168203e-7,5.466128524649846e-6,202826_at
561.2674419491491,0.20774273000886323,0.042201109852714455,4.922684041578608,8.536521882373085e-7,5.483784024034166e-6,200683_s_at
409.50167665613816,0.4414396690857012,0.08970013701328128,4.921281993363514,8.597914031755606e-7,5.520522590407869e-6,207717_s_at
527.4724192437092,-0.33536341992720026,0.06815753767282315,-4.920415721839107,8.636058143597003e-7,5.5436594561939285e-6,220945_x_at
262.7336501975966,-0.2283792096937215,0.04641982374664411,-4.91986378363257,8.66044630475275e-7,5.558091922402386e-6,215529_x_at
231.3872647557041,0.30661633880193445,0.06232217973998511,4.919859030623946,8.660656610829459e-7,5.558091922402386e-6,217818_s_at
255.4390749833855,-0.2929004266226483,0.059546565913507925,-4.918846656045448,8.705563343412539e-7,5.584865429073518e-6,208939_at
2017.6397240722563,-0.2032589084115785,0.04132333121573325,-4.918744506594635,8.710106904063316e-7,5.587098233078768e-6,201973_s_at
925.9347974117298,-0.236793035956458,0.0481451222250876,-4.918318305422625,8.729088788402061e-7,5.597224648434381e-6,217673_x_at
436.61127315044683,0.3178423725023001,0.06463907152076258,4.917186540963953,8.779688150553437e-7,5.627609843446583e-6,202201_at
1124.3241315065643,0.20246897050500084,0.04118931299216499,4.915570467113992,8.852430059349635e-7,5.670086646423653e-6,201319_at
248.0922515620095,0.2265485807115807,0.04608779081229113,4.915587766709846,8.851648314497307e-7,5.670086646423653e-6,203904_x_at
429.0780056147548,0.2785660744563473,0.05667261637882909,4.915355814777767,8.862135433782252e-7,5.675611328137855e-6,222467_s_at
118.06912801517545,0.42466416313168864,0.08641038451711652,4.91450380072744,8.900759873517141e-7,5.698958752349169e-6,220773_s_at
66.46421003112803,-1.1047358180041444,0.22484240849794884,-4.913378331891613,8.95202941333953e-7,5.72829604028547e-6,215657_at
107.13746379888775,-0.8332543467145779,0.16959985864689894,-4.9130603843803,8.966564611926762e-7,5.736200080525856e-6,210299_s_at
1061.7559346009161,0.22004834737160955,0.04479052156202189,4.912832887353329,8.976978745863022e-7,5.7414645370583585e-6,203484_at
629.4020752130182,0.2604335585307501,0.05301454196625073,4.912492853310761,8.992566204069987e-7,5.750034362923642e-6,209130_at
193.29260634446365,0.37035819300416256,0.07539556864456319,4.91220107046529,9.005962558468215e-7,5.757899711651321e-6,205356_at
455.9851917752685,0.21094777750525046,0.04294785236091277,4.911718884859443,9.028142823846403e-7,5.7701555327728755e-6,200053_at
188.44552226053173,0.3598211289283352,0.07326598444162105,4.911162139847362,9.05381820784604e-7,5.784273791577204e-6,205980_s_at
270.5055100676972,0.3102173828137443,0.06318527911620588,4.909646473875893,9.124072837573938e-7,5.827032736734242e-6,201219_at
438.91901342763,-0.2626733092085896,0.05350347796155206,-4.909462323128756,9.132644327371151e-7,5.831798177164806e-6,224452_s_at
382.20184708423955,-0.30993319598333513,0.0631419415310516,-4.908515456891959,9.176839773493169e-7,5.857173153463202e-6,221806_s_at
114.90635209256088,0.7484279421970615,0.15257615464302743,4.905274641034898,9.329670354256332e-7,5.948938313486863e-6,205470_s_at
901.0069485193883,-0.9142520632639168,0.18638457469424632,-4.905191670306929,9.333615085162946e-7,5.950731616955641e-6,227735_s_at
214.4187122683067,0.27789116045532786,0.056692738290394125,4.901706441341766,9.50077373857582e-7,6.0521656128134985e-6,222014_x_at
2823.189611725937,-0.2552251972221762,0.05207356384475109,-4.901243133331316,9.523210791980268e-7,6.064988123627375e-6,213399_x_at
379.98724651663866,-0.8332107414108751,0.170022281021271,-4.900597359393352,9.554569415135025e-7,6.082011156044163e-6,207961_x_at
902.3789712322985,0.21229933074582558,0.04332160859373447,4.9005412688329875,9.557297846234205e-7,6.0830111543053465e-6,201612_at
577.1386258972659,-0.3701832134607756,0.07556170918129602,-4.8990847013874586,9.628413344438914e-7,6.124565902973163e-6,209238_at
157.7529993274982,-0.37675885053865016,0.07690885589136932,-4.8987707094590895,9.64381030405001e-7,6.133617411582285e-6,227970_at
187.8017581104555,-0.3182062789496794,0.0649601226426802,-4.898486425279792,9.65777095248061e-7,6.141753323289763e-6,227402_s_at
347.2382081363313,0.26548591224436807,0.054200041961075744,4.898260271367119,9.668890828456974e-7,6.148080926784365e-6,221688_s_at
1200.774792292534,-0.23174197534859595,0.0473154319003589,-4.897809573769063,9.691088175138556e-7,6.161449890590753e-6,224880_at
195.55693902909061,0.6168144259544568,0.1259467096913031,4.897423898300134,9.7101220556695e-7,6.170565350830168e-6,203911_at
156.42650117674143,0.35054341211116313,0.07158352779399735,4.896984305103751,9.731860774382073e-7,6.183632101763698e-6,206571_s_at
234.77307474783294,-0.35983749034827706,0.07352301196783823,-4.894215847763197,9.869846718650926e-7,6.262222919859721e-6,218642_s_at
184.10161618243458,-0.45603279804484453,0.09317862576616719,-4.89417819049257,9.871736559911095e-7,6.262665900163782e-6,202971_s_at
469.3365837282702,0.24067531450724716,0.049191098866891554,4.892659852110674,9.948225657115094e-7,6.3081449225871945e-6,208968_s_at
357.48139528623324,-0.34059114771664095,0.06962394797942525,-4.891867778272067,9.988353948973507e-7,6.33115711159618e-6,201418_s_at
179.6659997948647,-0.5179519943543891,0.1059014990927318,-4.890884442540785,1.003838883164038e-6,6.36071240243584e-6,219497_s_at
199.7196857618947,0.27732090613431487,0.05670921479915132,4.890226519914099,1.0072000400230147e-6,6.381240615234421e-6,226278_at
886.7397062988774,0.21234883030669913,0.04342984073107414,4.889468317915407,1.0110869341903452e-6,6.40355058320552e-6,221844_x_at
239.09274508977984,0.3066683387755699,0.06272424990423765,4.889151153561286,1.0127171449113056e-6,6.412329738996236e-6,222622_at
992.2300298552598,0.4027506165300511,0.08240106747704663,4.88768688151085,1.0202762985427569e-06,6.457858676817541e-6,211474_s_at
571.552059348011,0.16439076665497948,0.0336548762391687,4.884604699976756,1.0363656161957365e-6,6.55495951300406e-6,200619_at
350.9716349821041,0.31324286085519215,0.06413162900117256,4.884373993516755,1.037579702831904e-6,6.561848821014186e-6,203743_s_at
266.59165864130375,-0.30268022341108985,0.061970404930671234,-4.884270544136516,1.0381245468867846e-6,6.563714802344572e-6,202173_s_at
259.64637432229506,0.311156854548514,0.06370960617432758,4.883986469749953,1.0396221179364485e-6,6.5716022114544285e-6,225880_at
317.32930278036156,0.3928639724423312,0.0804700071252624,4.882116784590133,1.0495306478028923e-6,6.630248066430245e-6,235085_at
221.08194121470513,0.35263455365938273,0.07223340490128206,4.881876385881456,1.0508112334156627e-6,6.637540091457541e-6,205548_s_at
480.1826203211642,0.3426986391209049,0.07022360370846732,4.8801061327415685,1.06028765620421e-6,6.694180380124466e-6,221381_s_at
465.79798331519146,0.22811503416706977,0.046745392067314886,4.879946965437292,1.0611437205525942e-6,6.6987804312217464e-6,206441_s_at
226.2801369142763,0.26736769662642335,0.05479587347391339,4.879339988141786,1.0644143924340547e-6,6.717813615945636e-6,222514_at
213.615989078763,-0.30779290833722084,0.0630963780623973,-4.87813909116682,1.070913985594923e-6,6.755589196849787e-6,220408_x_at
203.08934499442825,0.27351929893045446,0.05613087545623573,4.872884962282705,1.0998026954744996e-6,6.922868709781632e-6,203738_at
826.7819407139235,-0.31305731780410456,0.0643173585190195,-4.867384560134405,1.1308484713039565e-6,7.1055249355461655e-6,212907_at
540.7499434441305,0.29623732181996426,0.06087597141414052,4.86624385514369,1.1373916733400576e-6,7.142932431903612e-6,202122_s_at
326.52978402873197,-0.2583491652521401,0.05309022765365642,-4.866228243313007,1.137481476625972e-6,7.142932431903612e-6,203286_at
130.87599600511305,-0.7067302155075184,0.14523142981521203,-4.866234646362292,1.1374446438059643e-6,7.142932431903612e-6,209504_s_at
674.163477575804,-0.28849661831279316,0.05928968233240625,-4.865882341810224,1.1394729426136664e-6,7.154583157242368e-6,201444_s_at
95.54694417280233,0.7552813071661102,0.15533516026057353,4.862268825030545,1.160478716944208e-6,7.2769118828643246e-6,202376_at
372.8314978182944,0.39394016137144283,0.08102566009782831,4.861918568707858,1.1625344895074366e-6,7.288933137863735e-6,225646_at
181.7928495158023,0.8919793792721388,0.1835000855798865,4.860920780790681,1.1684100707150813e-6,7.324898348605557e-6,212992_at
216.16186857303867,0.29669958910641486,0.061126160032771375,4.853888890572322,1.2106358296415084e-6,7.5760604180733306e-6,212829_at
167.45128969962846,0.3509499686501622,0.07230663820248785,4.853634152750405,1.212192732342647e-6,7.584900209017201e-6,209585_s_at
762.8046344711026,-0.30077424366461153,0.06197407976811616,-4.8532264583838325,1.2146884816537348e-6,7.599611722003617e-6,218163_at
497.6195329170457,-0.5293876752518357,0.10910555005729101,-4.8520691658110495,1.2217999472740654e-6,7.640465781656502e-6,225275_at
75.64144866181861,-0.45999315150725767,0.09480862247281839,-4.851807140633623,1.2234156220150002e-6,7.64965908380444e-6,221100_at
130.54214365320914,0.5961974521592102,0.12289457753603024,4.851291766590897,1.2265994717049346e-6,7.66865437020951e-6,204286_s_at
317.14719563178096,0.3884651423085092,0.08009014244003307,4.85034900018276,1.2324442818062674e-6,7.702446995605491e-6,215051_x_at
57.69659374492543,-0.7141050709457949,0.14730559885822866,-4.847779558148846,1.2485102293801805e-6,7.797291336285918e-6,210397_at
57.75158485673769,0.6705666261766142,0.13833064797472533,4.847563688844534,1.249869131402736e-6,7.803923289977353e-6,206631_at
204.07294070872763,0.3503371527946249,0.07228451576336843,4.8466417613074055,1.2556887163050916e-6,7.833744633985966e-6,203473_at
5772.80901015151,-0.26104271498278064,0.053866070071259126,-4.846143678895614,1.2588436532465094e-6,7.851562942406486e-6,200780_x_at
184.47516837447517,-0.5238014144565999,0.10811706853243895,-4.844761530871889,1.2676383979420078e-6,7.900790840304112e-6,212419_at
267.12651170807607,-0.5219133822604446,0.10774458749863078,-4.843987010178837,1.2725925589389464e-6,7.928201241696217e-6,1557987_at
398.5497462117713,0.2885131510250712,0.05960661990161369,4.840287060418611,1.296517122987899e-6,8.066433157512258e-6,216035_x_at
795.0103712492004,0.4678169838755788,0.09665282705768874,4.84017900062411,1.2972223191780904e-6,8.069865265398361e-6,200762_at
166.2520811624675,0.3930963679165322,0.0812177071950794,4.840032814178582,1.2981769163662753e-6,8.074847871075066e-6,218826_at
311.7141209012871,-0.30718271707038586,0.06348720997884377,-4.838497662328368,1.3082423454051365e-6,8.132643508448254e-6,202717_s_at
1162.5060328283978,0.23517428825103645,0.04862876656431776,4.83611460595013,1.3240160303896069e-6,8.22389061116835e-6,226801_s_at
2344.773711158527,-0.4074231290359903,0.08426933939882243,-4.834773025901798,1.3329763911997139e-6,8.277589656517755e-6,266_s_at
405.0235129357545,0.3882679882411396,0.08037134942171406,4.830925336389097,1.358999637677614e-6,8.428235421112736e-6,225368_at
186.20288287210872,0.7572082790220634,0.15675778407381016,4.830434950940161,1.3623511796737731e-6,8.448024058592976e-6,230746_s_at
219.55812572693603,0.3790202165739781,0.07846935244376411,4.8301687827181565,1.3641736345992642e-6,8.456331822685743e-6,225297_at
163.92000355244747,0.35992007863337416,0.07452451133542015,4.829553017978807,1.3683987690994624e-6,8.478522625707752e-6,204634_at
3222.4233955808336,0.2625365078159772,0.05436359932905721,4.829270156062902,1.3703438716701126e-6,8.488572823167268e-6,210592_s_at
568.8121173003356,0.46269031966503554,0.09582870599734052,4.828306036793154,1.3769936436234466e-6,8.525482750817603e-6,214710_s_at
12.871885430287117,-0.7667206950051659,0.1588200534093514,-4.827606328962618,1.3818391259534614e-6,8.552723286463104e-6,1569454_a_at
687.0956641011779,0.4756373737976318,0.09854612755248271,4.826545553952099,1.389216287582781e-6,8.592311730919791e-6,202712_s_at
80.04449952255683,0.46841410892858526,0.09706150084516836,4.825951637362328,1.3933632055037492e-6,8.615932451117077e-6,203747_at
1174.8093131590451,0.23428570710852256,0.048547324306746506,4.8259241977619025,1.3935550850966387e-6,8.616105169666912e-6,223112_s_at
329.38144562184647,-0.4319783569080309,0.08952010299546018,-4.825489945313599,1.3965951102041133e-6,8.6338853572129125e-06,226649_at
218.28790194892395,0.2770623387740176,0.05741741715970333,4.825405817252006,1.3971847935937268e-6,8.636514895615705e-6,222476_at
3111.0597039990084,0.19018663366918345,0.03941397002753778,4.825360996020034,1.3974990592451117e-6,8.637441557046642e-6,201277_s_at
33.75898376800566,0.3788140899221467,0.07851409611752462,4.82479081660846,1.4015028297596721e-6,8.659132343662098e-6,216661_x_at
325.3637626571615,0.3058655195071033,0.06342741171671692,4.822292305938276,1.4191776885540701e-6,8.75598312330014e-6,212568_s_at
381.9111607033362,-0.5504687591308717,0.1141686423864203,-4.821540728037481,1.4245362731155874e-6,8.786981138182697e-6,224826_at
443.2156405831531,0.21270582866499674,0.04412729531108151,4.820277951900233,1.4335834234846964e-6,8.838637170086196e-6,223039_at
314.68712973474237,0.2717591837274545,0.05637893247746018,4.820225779125944,1.4339584009673227e-6,8.839912000520432e-6,212348_s_at
1229.2957180524356,-0.2994349830680185,0.062132072055931714,-4.819330390244592,1.440408480132112e-6,8.875486027563562e-6,219041_s_at
365.0976477486143,-0.33286871536757867,0.0690706114526946,-4.819252477525197,1.4409710545740993e-6,8.876895182521066e-6,228095_at
294.34645244302,0.36400980378884423,0.07555400969387498,4.817875388264851,1.4509493653314569e-6,8.935222984020317e-6,225953_at
332.707103527073,0.34909263435166715,0.07246224734765663,4.81757945867734,1.4531023105847302e-6,8.947432786229632e-6,209337_at
777.4388028992776,0.2722613775093664,0.056519597682903835,4.817114570362921,1.45649066774301e-6,8.966195449521629e-6,201144_s_at
179.2398309566967,0.6073147933138552,0.12610118692933947,4.816091014703634,1.463977692200036e-6,9.009119863686264e-6,211796_s_at
76.45318116103603,-0.61619140040691045,0.12796332615152106,-4.815374990153661,1.4692371959547844e-6,9.040427537315038e-6,215779_s_at
188.19811187235476,0.6060178225631074,0.1258523549221968,4.815307770265831,1.469731886328446e-6,9.042412731691074e-6,202497_x_at
150.80859540883506,0.492342166152535,0.10224946402583397,4.815107549396461,1.471206318082103e-6,9.049365266910913e-6,219922_s_at
2224.9022951336956,0.23027617836015316,0.04782692863919104,4.814780813072259,1.4736154676008412e-6,9.062718958273323e-6,208690_s_at
233.89149623625988,-0.4608710538702784,0.09572116323076155,-4.81472475171687,1.4740292100816903e-6,9.063546403022482e-6,219694_at
6074.061676958729,0.18582908654271532,0.038597077799687504,4.814589526884335,1.4750276523742454e-6,9.067563837042473e-6,214328_s_at
1305.5798694832476,0.19829420993477187,0.04119383143306749,4.813686977793362,1.4817083619502612e-6,9.105297842929866e-6,200047_s_at
147.16400363579538,0.5133293685888871,0.1066459379941139,4.813398224480141,1.4838518631205104e-6,9.116477766475954e-6,204118_at
367.4290084211919,0.24580567254237048,0.05109551213211892,4.810709635452615,1.5039536939478457e-6,9.2335026205298e-6,218339_at
116.01767670526174,0.5988432111493335,0.12450497519558809,4.809793425592794,1.5108635599814074e-6,9.270510628285216e-6,205208_at
146.70077866642032,0.38355919557598894,0.07977047306176116,4.808285332331221,1.5223038065643332e-6,9.338526234409007e-6,223405_at
265.8526002807686,-0.30877699972571093,0.06421926137996282,-4.808168033867376,1.5231971034278582e-6,9.342915566473817e-6,201985_at
142.79672140892816,-0.39254729935822574,0.08167401938427193,-4.806268900656296,1.5377304447196979e-6,9.42765816516554e-6,203125_x_at
2775.8274862560584,-0.2507321655875973,0.052181588145152245,-4.804992996574612,1.5475692206680104e-6,9.482447571760127e-6,213491_x_at
233.38433487362127,0.6287392456046457,0.13086307046503035,4.804558255972294,1.5509354028805421e-6,9.499750485196271e-6,218986_s_at
221.19718827382613,-0.26928131082488943,0.05605487914676245,-4.8038870999946175,1.5561459670534471e-6,9.5294447858922e-6,203833_s_at
1817.3218939075389,0.21073699421215883,0.04387531062343642,4.803088370606124,1.5623688886228183e-6,9.564939017322538e-6,206200_s_at
287.0580388220581,-0.2494147795418653,0.05193247732339804,-4.802674403315864,1.5656035240880334e-6,9.581777990558112e-6,225326_at
294.18825711914224,-0.35319229755190656,0.0735575158306209,-4.801580009379244,1.5741858776238156e-6,9.629817787526715e-6,206303_s_at
2725.44888074313,-0.5466474494275668,0.11387036638475269,-4.800612018587158,1.5818146420386285e-6,9.673635776110283e-6,227404_s_at
904.3484474179492,0.22157651943090625,0.04616280683226446,4.799892697946614,1.5875066339650222e-6,9.704527584203534e-6,201698_s_at
221.282626406035,0.7365240530753848,0.15344462300437633,4.79993393482663,1.5871797947716913e-6,9.704527584203534e-6,226311_at
652.4070887935862,-0.28398103802014324,0.05916524602278862,-4.799794763141229,1.5882831142878608e-6,9.707891832001454e-6,221502_at
1522.4079926138004,0.22602451894649042,0.04709509244502828,4.799322120671435,1.5920356159882732e-6,9.72881857705206e-6,201209_at
639.4488831471275,-0.37546555448282554,0.07824155910671826,-4.798799496961787,1.5961948610172953e-6,9.753101351692006e-6,225676_s_at
184.28872033771069,0.33234148620268245,0.06927241521294299,4.797602121725751,1.605763460740687e-6,9.805867175896592e-6,218924_s_at
205.43019696444625,0.32594498516344156,0.06794136033529845,4.797445673075509,1.60701775618802e-6,9.81238656427387e-6,208931_s_at
381.1015506093143,0.24962818211889648,0.05203413881887683,4.797392400166657,1.6074450758801955e-6,9.813855543425627e-6,217932_at
2071.3923674546445,-0.3957017018174518,0.08249777301016517,-4.79651374066418,1.6145088727552944e-6,9.854692136908448e-6,208651_x_at
682.7321695004482,0.36773464070446465,0.07667357372720465,4.796106700501795,1.6177912898557092e-6,9.87243421354818e-6,201644_at
12.17647761963645,-0.5817606399477558,0.12136156976240643,-4.793614989379982,1.6380249852789258e-6,9.988949301038368e-6,205576_at
15.192378990834468,-0.6821902805305473,0.14234691862880952,-4.792448527175067,1.6475805066804814e-6,1.004488932112367e-5,219466_s_at
265.3605533741572,-0.3601403429201556,0.07514853601340223,-4.792380025286548,1.6481433285746055e-6,1.0047155143244382e-5,225399_at
207.12850680260507,-0.31930254258578283,0.06663051975485448,-4.792136452793009,1.6501460542266307e-6,1.0057030700896017e-5,219679_s_at
357.6277556604423,-0.25443177924370475,0.05309923351255637,-4.791628097297098,1.6543334428182475e-6,1.0081382160699232e-5,242608_x_at
1399.50650305733,-0.38485525327374637,0.08040943481451467,-4.786195228974254,1.699727261891681e-6,1.0344813725704158e-5,218435_at
136.27536517469903,-0.5264282334553732,0.11000043652658757,-4.785692221577078,1.7039901221734718e-6,1.0369557304389144e-5,228623_at
629.0896884579238,-0.4152226371697608,0.08679193599619685,-4.7841153950979445,1.7174200215196252e-6,1.0442819832343212e-5,218303_x_at
124.34066618320517,0.6160099698407393,0.12876414877262884,4.784017723197836,1.7182552344480804e-6,1.0446689679683527e-5,218854_at
790.8780867580402,0.23710161320641224,0.04956247002596262,4.78389420628572,1.7193120124844473e-6,1.0451905552817541e-5,211974_x_at
753.7864648309608,0.24327824646147417,0.05085794955171641,4.783485150420574,1.722816247865695e-6,1.046957505669909e-5,201381_x_at
454.41305056262837,0.3199007912419187,0.06688043539468719,4.783174471787766,1.725482305970673e-6,1.0484564355183576e-5,1554600_s_at
2909.4781769304495,-0.5392388466132029,0.11274640130089927,-4.782758832134022,1.7290552780149153e-6,1.0505060240554434e-5,209772_s_at
198.4411498868951,0.3429924576669652,0.07171834416977747,4.782492703052453,1.7313467418315696e-6,1.0517766347268097e-5,225814_at
746.9931811349561,0.19736550970671327,0.041269245739385,4.782387130433037,1.7322565670274968e-6,1.052139132556193e-5,209503_s_at
2801.1832757449174,-0.4601717196489765,0.09622449352598758,-4.782272192731228,1.7332476229662473e-6,1.0525663921581715e-5,208650_s_at
23.597906023398302,-0.30530505105587347,0.06384479979340121,-4.781987758499147,1.7357025143192484e-6,1.0539354123343014e-5,204450_x_at
168.5429377113341,0.5703496816131873,0.1192927434599199,4.781092839941383,1.7434481810586819e-6,1.0585163552143943e-5,212091_s_at
1081.7895516599524,-0.29006802361033857,0.060685679525301885,-4.779843051595056,1.7543209124914556e-6,1.0647485995504787e-5,220147_s_at
285.19870706052035,0.2345526035545999,0.04907472833131946,4.779498767085554,1.7573274990798509e-6,1.06632709140564e-5,202408_s_at
321.62020570614504,-0.24692158077650533,0.051672377689234474,-4.778599163009862,1.7652070026899158e-6,1.0707374055790148e-5,218968_s_at
112.38360619008327,-0.5057015390235338,0.10583102209886544,-4.778386610979874,1.7670736681026178e-6,1.0714986679758275e-5,229465_s_at
333.73570787593343,0.18498328027358063,0.03872078626412465,4.777363739769154,1.7760832453171322e-6,1.0768375504660426e-5,224068_x_at
128.69348367200928,-0.8115785952084913,0.1699417146273345,-4.775629085467353,1.7914632934611407e-6,1.0854111358606962e-5,208025_s_at
7531.103162885964,-0.1649102954796279,0.03453310651151674,-4.775426022695948,1.793272064089923e-6,1.0862565704954105e-5,212191_x_at
475.61896791454296,-0.6423761771653433,0.134526925969287,-4.775075119994939,1.7964018481399366e-6,1.0879016216541395e-5,222549_at
130.68808689608457,0.5428258250393866,0.11369717596137556,4.7743122944741545,1.8032237874365383e-6,1.0916556033284166e-5,223344_s_at
1111.9498313743452,-0.3732706319469967,0.07820770323113149,-4.7728115840948515,1.8167173542278038e-6,1.0991913865310615e-5,200903_s_at
184.57872512223494,0.37015132241264126,0.07756827548474698,4.771942138708856,1.8245792650149994e-6,1.1034400309965279e-5,202557_at
290.23259633941706,0.6760793605785764,0.14189428570191104,4.7646693961931055,1.8916354346833813e-6,1.1414974007848252e-5,217997_at
550.26140731785,-0.35733088118540396,0.0750152896837493,-4.763440662454886,1.903195939909246e-6,1.1480780466711492e-5,201670_s_at
1060.7570424551866,-0.41442587326941394,0.08702646782014034,-4.762067031445166,1.916200062279811e-6,1.1556573109140829e-5,201312_s_at
609.033888183517,0.23658374895181136,0.0496945239154973,4.760760951329537,1.928643825113834e-6,1.1624950978900383e-5,226896_at
268.0545541675157,0.2691962835655841,0.056565361695686156,4.759030535574456,1.945250087285992e-6,1.1721012736439809e-5,209481_at
47.09802349819393,-1.0714608490289406,0.22515676279111477,-4.758732696929781,1.9481221737788742e-6,1.1735627317832983e-5,219948_x_at
157.54798819286253,0.4537628885345534,0.09537088473854598,4.75787647119474,1.95640154793554e-6,1.1782801621614071e-5,203418_at
477.98401857255607,-0.3824395194782174,0.0803898428309237,-4.757311446454325,1.9618836224707283e-6,1.1811757577652269e-5,225354_s_at
733.7703872977834,0.2679101060116781,0.056325091952818436,4.756496558160918,1.969815959675578e-6,1.1858156694706795e-5,208095_s_at
323.93345328921185,0.31626268823677234,0.06651271390710733,4.754920821280419,1.985242075323956e-6,1.1946915381492637e-5,201050_at
448.4603717838944,-0.5305414769116003,0.1116725966256135,-4.750865413206609,2.0254791499651673e-6,1.2170938857451337e-5,241879_at
36.69926807935441,-0.9352366069906057,0.1970016911187181,-4.747353191130776,2.0609588111893974e-6,1.2372815782870414e-5,206577_at
440.328434916994,0.23527661615281598,0.049563019932518736,4.747019380036787,2.0643617875791334e-6,1.2390414502562104e-5,214864_s_at
710.6312601116788,0.737379181873711,0.1553390725632214,4.746900890460803,2.0655710053333608e-6,1.2394115536106073e-5,201141_at
410.31811054457586,-0.3670925880879395,0.0773477542366464,-4.746001893795329,2.0747676946988208e-6,1.2440084589526733e-5,228123_s_at
522.5192156910213,0.26307872163117835,0.05543212545080027,4.745961290347388,2.0751839927855553e-6,1.244116125448917e-5,226032_at
277.0946157696954,0.33993928856171035,0.07163662168225401,4.745328305255926,2.0816842313720812e-6,1.2477284796479056e-5,228189_at
1185.8561114222668,0.3789055919158587,0.0798956637375668,4.742505089643531,2.1109152391015346e-6,1.2644682844458748e-5,209099_x_at
4095.6006035405408,-0.23308782121523283,0.049171606303566213,-4.740293001132402,2.1340938110313865e-6,1.2769573738465614e-5,201022_s_at
2048.774133791726,0.2047284150110291,0.04320672284730178,4.738346292417644,2.154693734175723e-6,1.2879637682651383e-5,221481_x_at
302.67110432534554,0.31659481032017983,0.06684543474216208,4.736221875754977,2.1773920389861736e-6,1.3007918746945478e-5,201516_at
894.2919812152222,0.2115964855939989,0.044680041398733716,4.735816686150067,2.1817472796748556e-6,1.302801346847317e-5,200613_at
470.87849813010774,0.27481647364854345,0.05805977700027452,4.733336706533406,2.208586567771122e-6,1.3171817803295906e-5,201307_at
247.37677054417404,-0.5374815604042859,0.11355216807202476,-4.733344765934965,2.2084988344959216e-6,1.3171817803295906e-5,227383_at
158.40194037602964,0.7419599665378268,0.15676203187506624,4.73303361574914,2.2118883932868643e-6,1.318851629462195e-5,238103_at
151.32649103449324,-0.46503433521574117,0.09828161728720108,-4.73165122890485,2.227008117190863e-6,1.3262117234090494e-5,227655_at
165.69205076021706,0.4525512290784832,0.09568453686640153,4.729617176392386,2.2494359567766818e-6,1.3386576522754131e-5,213605_s_at
3142.1326823974414,-0.27656026755449314,0.05847916515997763,-4.7292102545911066,2.253948712807373e-6,1.3408815147700005e-5,211858_x_at
839.1876325220311,0.41108970606479855,0.08695241210681805,4.727755057097082,2.2701580687471807e-6,1.34976679652607e-5,225673_at
162.2071397981124,0.46947288553923794,0.09931831818802377,4.726951624880102,2.279155350616032e-6,1.3545033393223448e-5,228964_at
1275.1119742871765,0.2895687804048872,0.06128952547576836,4.724604704589728,2.305633992041465e-6,1.3686918425138047e-5,218194_at
311.03184614534365,0.2380619996812707,0.050389094386427906,4.724474662227542,2.3071097719353195e-6,1.3694132251444406e-5,218210_at
162.35596166841515,-0.3992721528899759,0.0845728387563977,-4.721044708455787,2.3463635191168554e-6,1.3916125537035008e-5,222895_s_at
305.585379195043,0.2603478907870565,0.0551498398837824,4.7207370200111045,2.3499160009320007e-6,1.3935622377903449e-5,218317_x_at
245.0784061273179,-0.26304657904144874,0.055759393255770784,-4.717529436427734,2.387258683855003e-6,1.4139523596451687e-5,202372_at
179.757306734378,0.32874714926025417,0.06969571283635492,4.716891984908029,2.394747450135108e-6,1.4180682534580335e-5,1553976_a_at
143.28318247565736,-0.35545950871615106,0.07537077339371905,-4.716145167561368,2.4035497348938804e-6,1.4226394049736794e-5,213002_at
163.78528817182283,0.5866732811216916,0.12445697447380391,4.713864237838888,2.4306263993670247e-6,1.4381799120956385e-5,222764_at
347.9768611051542,0.23453412646558738,0.0497587693804738,4.713422968165741,2.4358983597508146e-6,1.4408126325080957e-5,219862_s_at
388.2131278398214,-0.23519298563881985,0.04990401014548102,-4.712907538956914,2.4420702229915377e-6,1.4441381624743702e-5,226554_at
306.4131771736427,0.27220517168672426,0.05775767200242185,4.71288336682459,2.4423600336603645e-6,1.4441470433054319e-5,223368_s_at
201.02616297218788,0.3034784276442999,0.064393886830696,4.712845311577533,2.4428163622040104e-6,1.4442543716871365e-5,226398_s_at
368.1293228040983,-0.3868146281449782,0.08209606364497786,-4.7117317319591265,2.4562058305390955e-6,1.4513541850478033e-5,201633_s_at
204.09036235042325,-0.3131629023882544,0.06647484228188408,-4.710998802528915,2.46505684855143e-6,1.4557657896254844e-5,205107_s_at
1228.5971176116502,0.18240540285813844,0.03871904643433321,4.710999357060476,2.465050140345898e-6,1.4557657896254844e-5,211270_x_at
620.7959863045784,0.22569882088179102,0.047920312543553056,4.709877897325095,2.478652393569646e-6,1.4634658790209993e-5,223054_at
546.3375118606091,0.2880628194477896,0.06116799343455156,4.70937173631518,2.484815223121536e-6,1.4669397802283667e-5,221927_s_at
270.3149128033352,0.3344210760521861,0.07101222076565158,4.709345411908941,2.485136141436079e-6,1.4669644476809132e-5,225548_at
742.1866345195278,-0.32937410201434053,0.06994369487984257,-4.709132146652786,2.4877375049898436e-6,1.4681702059206765e-5,201976_s_at
845.6889646305546,-0.211697957061338,0.044957770763750175,-4.708817929914617,2.4915750162785764e-6,1.469939755337947e-5,202121_s_at
474.2025758166518,0.19758958039841884,0.04197190787305094,4.707662586986805,2.5057340723448304e-6,1.4772980529280932e-5,202469_s_at
360.1340766549267,0.39804746276342734,0.08456177079708199,4.707179840386726,2.511673119855232e-6,1.4803013248948283e-5,209270_at
40.87117805136734,-0.7758573919892978,0.16483765703682365,-4.706797014325291,2.5163924872601286e-6,1.4829164697854765e-5,221605_s_at
645.3186047591402,-0.3542843096381085,0.07529985287713523,-4.7049801042265615,2.538907129370099e-6,1.4950109274724502e-5,219121_s_at
249.8705928757247,0.4227226987709704,0.08984761563811261,4.704884996320981,2.5400909900709345e-6,1.495318969206935e-5,210951_x_at
94.76239495703253,-0.4871939990301696,0.10358679588465122,-4.703244220167627,2.5605982517195636e-6,1.5067705802359193e-5,229829_at
298.17719970160215,0.3179818859749642,0.06763931521583758,4.701139935557915,2.587131364402567e-6,1.5210213863386563e-5,200864_s_at
312.48807431708826,0.6177109252303249,0.13140293046455176,4.700891548206098,2.59028066031509e-6,1.5225322650956184e-5,219489_s_at
180.7925273839985,0.39425175942183305,0.08390177586872774,4.6989679937010775,2.6147942417902298e-6,1.5364254984687357e-5,228559_at
232.62018705795694,0.26129340632136394,0.05560757128925818,4.6988818296374415,2.6158975018259985e-6,1.536901926338329e-5,222617_s_at
386.8108685204687,0.30771279666585216,0.06548937442403291,4.69866752235962,2.618643468309165e-6,1.538343268874579e-5,235148_at
286.75940848791515,0.2655894696977288,0.056528621059634854,4.69831856357411,2.623120675324814e-6,1.5408012067846236e-5,213923_at
322.9229090682158,0.3264663408966439,0.06949142206057685,4.697937259249892,2.628021281592304e-6,1.5435072690299726e-5,210691_s_at
206.38387543480457,0.40688737213902265,0.08665575188744505,4.695445637209614,2.660261132493114e-6,1.5612212569184045e-5,203358_s_at
863.1612531865023,0.27073932542633855,0.05765997048085163,4.69544682677645,2.660245650141275e-6,1.5612212569184045e-5,224619_at
140.0277154099009,-0.4557940769778222,0.0971094259625493,-4.693613132401805,2.6842143547317063e-6,1.574399566948327e-5,227121_at
134.2559102798268,0.4352284774199723,0.09275442471608819,4.6922664741025795,2.701948732191822e-6,1.5840943069121934e-5,214895_s_at
232.76322322188844,-0.42987416702147146,0.09163821611712403,-4.690992309060704,2.718831923800612e-6,1.593459272035434e-5,229434_at
191.3767715600742,-0.3199901720512065,0.06821617856789819,-4.690825237780037,2.721053177891482e-6,1.5945832817897965e-5,205345_at
2373.3943623772257,-0.20309521620806598,0.04330615972847788,-4.689753547334555,2.7353430376031476e-6,1.602421335394001e-5,218233_s_at
417.1649668191193,0.40778627701949904,0.08698130215845802,4.688206165005615,2.7561028689955614e-6,1.6135037337327922e-5,204057_at
900.053980015945,-0.5652821777500933,0.12061630500407826,-4.6866149458896125,2.7776084615953125e-6,1.6253695032922842e-5,203559_s_at
64.24555905304175,0.8218360682281836,0.17543965558087543,4.684437309838012,2.8073007008344124e-6,1.642013144481377e-5,214385_s_at
185.7217983633378,-0.5255457127665502,0.11219466897394181,-4.684230699843793,2.8101336105723047e-6,1.6434872220122068e-5,207002_s_at
540.3592364851578,0.2109417589651019,0.04504320071311595,4.683098794612937,2.8257023473187407e-6,1.651857187552715e-5,200805_at
620.2625740710544,0.3041987740387043,0.06496139679112328,4.682762210560594,2.830347818851115e-6,1.654163764899246e-5,212846_at
286.14927353050217,0.29192114667128416,0.06234566575489759,4.682300575936222,2.8367311348388184e-6,1.657198399959085e-5,223155_at
264.0710585488604,-0.3356893632092711,0.07170430649957699,-4.681578828340687,2.846738888716335e-6,1.662860015089455e-5,204980_at
246.74050592321296,-0.5909575064996323,0.1262360803383131,-4.681367679635365,2.8496730765610604e-6,1.664388962720493e-5,204417_at
322.88593107644294,0.40528855120285057,0.08662680279724627,4.678558345867222,2.8889896655149133e-6,1.685105026431418e-5,200672_x_at
96.77633601315296,0.5118836380990802,0.10941260470693745,4.678470451098068,2.890228109497054e-6,1.685640307030387e-5,220230_s_at
566.8029692598116,0.34285956965526326,0.07329081984168913,4.6780697827620505,2.8958800131346286e-6,1.6883745086562822e-5,202506_at
43.77790301550204,0.870673278529025,0.18614270646799677,4.677450409150028,2.9046378870047815e-6,1.6931049191842204e-5,229947_at
173.66535609294144,-0.5709373275423487,0.12208038784706488,-4.676732582612576,2.914819667454597e-6,1.6982863947162848e-5,232138_at
414.4783864800842,0.2719729169135743,0.0581795296526312,4.674718385270999,2.943572581083549e-6,1.7144687290952544e-5,203594_at
858.8016180800289,-0.3046160628260156,0.06517320757186056,-4.673946153258504,2.9546682894715224e-6,1.7205499976164696e-5,202200_s_at
1156.7482215291939,0.5119654219831592,0.10954440530479082,4.673588035451856,2.959827464108884e-6,1.7231724000086216e-5,202887_s_at
2233.6405411537958,-0.6104214038495345,0.13062382366102007,-4.673124601172524,2.9665166960240904e-6,1.726875481201263e-5,201427_s_at
352.7721155839298,-0.3167980782541269,0.06780649985566492,-4.672090123048283,2.9815007628627706e-6,1.7350214936495412e-5,221196_x_at
8368.225558724906,0.17180345565165206,0.03678162089056425,4.670904965357999,2.9987566196359175e-6,1.7444836770903918e-5,AFFX-HUMGAPDH/M33197_5_at
12523.590144780814,-0.10036583383141569,0.02150252096033549,-4.667631019476971,3.0469245113541933e-6,1.770936416386953e-5,216520_s_at
227.1209396282679,0.33055177346922965,0.07083898129282556,4.66624120557063,3.067595772732666e-6,1.7821625938557653e-5,235113_at
217.00481844285932,-0.48963771400261946,0.10495501049316974,-4.665215235574523,3.0829416783720545e-6,1.7904842188657856e-5,229830_at
677.8728828454383,-0.23233960269342493,0.04981133906038244,-4.664391824756559,3.0953110547704225e-6,1.7968737122766463e-5,216508_x_at
1833.4653739698654,0.18338391262911743,0.03932582035988694,4.663193569794475,3.1133964656650648e-6,1.806374893536783e-5,200043_at
183.92797548554117,0.34969109059800746,0.07502186177322655,4.661189183161588,3.143875728832855e-6,1.8232536421659883e-5,202067_s_at
735.7103870890487,-0.43453454190615715,0.09324461471639556,-4.6601569777278655,3.1596831741995645e-6,1.8316125031643935e-5,205506_at
164.45966434069268,0.29756641264290157,0.0638664486237832,4.659197733003287,3.17444160386056e-6,1.8397618443900292e-5,211031_s_at
280.30135951056315,-0.3525160916098848,0.0756683001170187,-4.658702403314591,3.182088347184019e-6,1.8435836291247816e-5,217526_at
147.02049264628172,-0.3971543121912095,0.08525263477928632,-4.658557629560856,3.184326653193897e-6,1.844561116824183e-5,209512_at
92.35615834976456,-1.262491042834959,0.2710130435381325,-4.658414319668426,3.1865438141340737e-6,1.8453512243306018e-5,214146_s_at
250.0069936263361,-0.2695377706973142,0.05786236324160566,-4.658257208953822,3.1889761903506934e-6,1.8463529217548787e-5,218315_s_at
109.1646338197805,-0.5084542417084147,0.10915941204029386,-4.657905646475355,3.194425506823087e-6,1.849304230949334e-5,1560049_at
970.4415349225085,0.6383003768742748,0.13704232905127742,4.657687747232029,3.1978074880583247e-6,1.8510582082544024e-5,204745_x_at
707.4702157737393,0.1913848533726272,0.04109215335879821,4.657454957435321,3.2014243775801098e-6,1.8527437147819083e-5,224777_s_at
553.007451583069,0.3211586844322885,0.06896126144070867,4.657088309041641,3.2071290059655966e-6,1.8558407595190043e-5,213134_x_at
1099.9187304479933,-0.30892664316446194,0.06633941462545737,-4.656758654091487,3.21226638156482e-6,1.8586089113371963e-5,226236_at
571.1394256312058,-0.37085183230465846,0.07964149720987439,-4.65651507438861,3.216067421686891e-6,1.8601937847164085e-5,224984_at
244.42295970545135,0.6224389838372875,0.1337148125935639,4.6549740583284285,3.2402150096006163e-6,1.873130124458814e-5,213524_s_at
246.16154394812094,-0.30817960480558354,0.06623051719266827,-4.653136014461006,3.269244431480975e-6,1.8892882323735556e-5,219031_s_at
283.26238904555385,-0.2836965173773837,0.06097437621044402,-4.6527170101461515,3.2758968650023833e-6,1.892924506248876e-5,218481_at
119.4378347131064,-0.5428531004659101,0.11669504108314548,-4.651895191322877,3.2889824133401835e-6,1.900067953728482e-5,205757_at
443.98968902745565,-0.307213204725601,0.06608579082976664,-4.64870285833403,3.3402900419569878e-6,1.9269550259605657e-5,201844_s_at
96.64699895073107,-0.4696869671073351,0.10105135205391079,-4.648002798188762,3.351643684170285e-6,1.9328682341477576e-5,227985_at
130.44669809650557,0.39376661403635554,0.08477841298764699,4.6446565836722025,3.406426070459379e-6,1.9629530231022173e-5,205166_at
313.11701657489954,0.22526922727313728,0.04850460083340425,4.644285766763766,3.4125494626838897e-6,1.966050476451317e-5,212089_at
176.7511626063162,0.2964333955867355,0.06383192436236533,4.643967709698404,3.417810026709268e-6,1.9686495850907372e-5,1553535_a_at
3365.7630457730716,0.17229009866448786,0.03710912152211421,4.642796476920536,3.437248973083505e-6,1.9791956013085408e-5,215952_s_at
161.10425112096902,0.39660407440250284,0.08544333498422431,4.641720439349999,3.4552013725081404e-6,1.9893147779447066e-5,209671_x_at
389.26028092970665,-0.4038056759488986,0.08699825579872784,-4.641537606030986,3.45826065030967e-6,1.990858037204233e-5,226803_at
298.3038374260994,-0.7476649923791134,0.161155144384125,-4.63941126568693,3.494031164656094e-6,2.010569515245115e-5,212850_s_at
630.9896048413584,-0.23408224585778206,0.05046559717577809,-4.638451914924218,3.510285803417739e-6,2.018817685629414e-5,218659_at
311.7368925213493,-0.24340723360641664,0.052476539604789464,-4.6384009967037,3.511150553065941e-6,2.019094060245404e-5,211454_x_at
6247.301075940436,0.17198581349212858,0.037079767125779706,4.638265739607503,3.5134486310363047e-6,2.0199735188215947e-5,224187_x_at
493.69186704205504,0.24740353443358726,0.0533403022075527,4.638210212437758,3.514392479750355e-6,2.020295147460076e-5,202910_s_at
267.3750425677005,0.225627374196033,0.04865858509651377,4.636948932002514,3.5358972728187037e-6,2.0319906536436758e-5,225493_at
172.7489371174672,0.30704274342898547,0.06621625715652414,4.636969176665903,3.5355511077313425e-6,2.0319906536436758e-5,38158_at
205.44807922961897,0.41262076178429863,0.08901923889149402,4.63518635884142,3.566160550393111e-6,2.048262312189722e-5,212218_s_at
135.06980494889538,0.3764089764448671,0.08122234972609141,4.6343029685085755,3.5814215831283875e-6,2.056128794840827e-5,203254_s_at
3034.8918720570696,-0.24787391627275826,0.05350597533358186,-4.6326399010090675,3.6103220163168304e-06,2.0718154973303637e-5,201131_s_at
584.9491327185297,0.1951864839526205,0.042141111605946954,4.631735531273356,3.6261316800407067e-6,2.0802065747501287e-5,233049_x_at
417.55071471350885,0.22410328365247384,0.04839680068355031,4.6305392192720864,3.647146906036999e-6,2.0910016062624458e-5,225523_at
627.3419795952141,0.20414889602402714,0.04409301382356451,4.629960130212837,3.6573614692509625e-6,2.0960629733371327e-5,202441_at
690.2285908654945,0.1672772388691848,0.03613316580659442,4.6294653439598745,3.6661107367102074e-6,2.100390097646007e-5,208619_at
2210.578786678115,-0.4278034118722449,0.09241852872183177,-4.628978818304712,3.6747334967528947e-6,2.1051007650790455e-5,209847_at
1030.3231536498204,0.38711935602917086,0.08366028204964103,4.627277682371044,3.7050360611004716e-6,2.1210726051751e-5,216268_s_at
851.7235684707078,1.0470496924296913,0.22629812441488056,4.6268597900974955,3.7125166028102403e-6,2.1251235981275394e-5,1555745_a_at
430.64383322216486,0.2763142580606091,0.05975225995104787,4.624331502891773,3.7580843047576992e-6,2.148866962814015e-5,212112_s_at
1572.0653997287325,-0.21778607422141322,0.0470991411005373,-4.623992479109747,3.7642351974397266e-6,2.15191576815237e-5,201443_s_at
279.42755986133994,-0.33435285377317076,0.07235063185946781,-4.621284502706348,3.813713476255907e-6,2.178305597556276e-5,226820_at
381.59945571391216,0.22320720847701778,0.04831155112176129,4.620162327524133,3.834399261525582e-6,2.1892182592283144e-5,201585_s_at
303.1784974900012,0.17700996604686797,0.038314141603375096,4.619964290972792,3.83806094528521e-6,2.1907836963019326e-5,204903_x_at
743.5175671433511,-0.3332228071704893,0.07213484097585823,-4.6194432906840515,3.847710224259443e-6,2.195576146859183e-5,203403_s_at
428.5411170158168,-0.30102817790104974,0.06517414691788286,-4.618828049722457,3.859134848828299e-6,2.201617160717786e-5,203825_at
239.86642098621118,0.3177704770521515,0.06886455866222732,4.614426974124366,3.9418133637192694e-6,2.2458592749013712e-5,213518_at
208.61282777614133,0.3167995691591158,0.06865641554340512,4.614274815422495,3.944701960737079e-6,2.2470178500387648e-5,216952_s_at
164.79694736631797,0.484850642712875,0.10511051682171774,4.612770038370662,3.973378268727913e-6,2.261636754410557e-5,235766_x_at
1422.4523956884698,0.2078997452087506,0.04507705770082692,4.612096614392309,3.986276224457907e-6,2.268241237550464e-5,218467_at
2277.739009929652,0.17896569352803415,0.038807106718432495,4.611673187247157,3.994406577746199e-6,2.2721294868153886e-5,200876_s_at
9998.473799414352,-0.1090687621584663,0.023651522722207927,-4.611490069349939,3.99792760080793e-6,2.2738862243816014e-5,212734_x_at
925.4684001343195,0.22605715243132954,0.04902495900848339,4.6110625486134955,4.006159627782098e-6,2.2780752334825835e-5,211931_s_at
2403.065757029947,0.23662378003444934,0.05133483389632846,4.609419415134662,4.037950067444425e-6,2.2956558615802065e-5,207507_s_at
3728.7577994095586,-0.21166459768935228,0.0459379676534967,-4.60761780507808,4.073084470466516e-6,2.314879217701928e-5,200057_s_at
317.0238083022803,-0.5411583322023318,0.11744824355590305,-4.607632398902169,4.072798693092017e-6,2.314879217701928e-5,239331_at
344.4540717638895,0.33668091470253714,0.07310225654737314,4.605615894830205,4.11246868262755e-6,2.3364093809680417e-5,212762_s_at
168.7821564053727,-0.42907408973885924,0.09318968845397116,-4.604308661797815,4.138382972939529e-6,2.3494499163861292e-5,231784_s_at
154.6969090096636,-0.8471040344042972,0.18399610231540392,-4.603923799169406,4.146042171719594e-6,2.3535439651388152e-5,209993_at
308.7562693299864,0.31652486501668187,0.06876582982174978,4.602938201097211,4.165718669036263e-6,2.3636922795565945e-5,205251_at
285.78736395886557,0.2753976501938525,0.05983857457384098,4.602343089807579,4.177642776617957e-6,2.369690647408312e-5,207785_s_at
526.4290971198146,-0.32867041828156984,0.07142407508942825,-4.601675525655041,4.191057528137526e-6,2.37704335564148e-5,213097_s_at
1077.2073326726672,0.1889890470469835,0.04107136737168409,4.601479306415266,4.195008411560118e-6,2.3790274313276186e-5,200014_s_at
956.6294991154967,0.2755383529374903,0.059923393770334774,4.598176698628445,4.2620445554568e-6,2.4146991113354536e-5,1559946_s_at
77.29106137456591,0.7347745676061991,0.15980791683305126,4.597860870521241,4.26850871976227e-6,2.4173356528770334e-5,206857_s_at
953.4164228508359,-0.27955922082251694,0.0608147359024556,-4.596899364504661,4.288246085004024e-6,2.427188850310194e-5,212461_at
208.96415655602357,-0.3174963016415045,0.06909022390322006,-4.595386781294062,4.319472815515543e-6,2.4435476248288895e-5,204332_s_at
881.2458635181762,0.3074761391040233,0.06690965270837267,4.595392841809619,4.319347264733169e-6,2.4435476248288895e-5,218189_s_at
289.14446878948695,-0.22122690985428442,0.048155665020087286,-4.593995530162516,4.348386958612917e-6,2.4577879998165546e-5,209107_x_at
206.29084415314531,-0.5420363534701115,0.11799397653912808,-4.593762913739638,4.353239447092738e-6,2.460266113587609e-5,214085_x_at
47.93304553772798,0.6408496057570936,0.13950623565743636,4.5936986453474935,4.354581030594742e-6,2.4607596933535066e-5,205226_at
331.6251875358502,-0.4356134913444822,0.09484069488274105,-4.593107335232678,4.366943056073621e-6,2.4672148502353586e-5,223168_at
412.26173753457635,0.22493055830187358,0.048979003630321795,4.592387382960648,4.3820398912217936e-6,2.4741483072977022e-5,226965_at
301.23033325270166,0.33518044570229943,0.07299647728189883,4.591734535461141,4.39577281190959e-6,2.4808359574430476e-5,214937_x_at
1041.38131941795,0.2281392781708544,0.04969351984436149,4.590926118443195,4.412835352028679e-6,2.4896634362910915e-5,208714_at
686.5144397181276,-0.33532089123733433,0.07304475126793926,-4.590622671947041,4.41925629209711e-6,2.4927508336897234e-5,226529_at
911.6360655388401,0.2709238600766837,0.05903477499912189,4.589224911600214,4.4489487133079014e-6,2.5086472967672006e-5,227186_s_at
226.25170371526636,0.24775045168547946,0.05398579926492056,4.58917817386961,4.449944851088089e-6,2.5087148863342994e-5,223598_at
288.03097874595863,-0.3212059956543165,0.06999361548578314,-4.589075638185296,4.4521309790672645e-6,2.5096781237144805e-5,200995_at
185.2428741277987,0.2757847794968025,0.06010155607089711,4.588646243559498,4.461297135777598e-6,2.5143057337657466e-5,203114_at
401.6772376522284,-0.2790046725160896,0.060810381069035364,-4.588109260478862,4.472785394767917e-6,2.520028413030282e-5,222533_at
308.76748222843355,-0.37569959442139883,0.08188640335549113,-4.588058322581159,4.473876634793839e-6,2.5203142101506634e-5,225499_at
265.15170249137987,-0.3024050875516603,0.0659186519103708,-4.587549635615102,4.484788211367495e-6,2.5261903500558126e-5,218010_x_at
217.67956605303837,0.5620936988888586,0.12252974122599351,4.5874062351289435,4.487868823612682e-6,2.5276546796285594e-5,227697_at
239.81626527546607,0.2931366356458831,0.06390992894188004,4.586715092618282,4.502744800152179e-6,2.5352180225755046e-5,218631_at
248.07683549338685,-0.3948326438713987,0.08612503123614189,-4.584412199385182,4.552653379304227e-6,2.5611233750369764e-5,1556034_s_at
298.93142568055947,0.25806332914555075,0.05629909657173448,4.583791656705092,4.566192230108694e-6,2.5681899235994468e-5,226464_at
172.66274304866505,0.4234752972911983,0.09241722323462274,4.582211869925016,4.600833945147802e-6,2.58573657526786e-5,218349_s_at
136.16506653729792,0.3645178303795496,0.079555301096454,4.581942690878674,4.606761576170304e-6,2.5887911449321444e-5,227280_s_at
4207.549182948054,0.1718561344270648,0.03753802987720375,4.578187373957798,4.6902247726971285e-6,2.634285269897669e-5,208668_x_at
264.1810826636238,0.3447622069448148,0.07530956614645938,4.5779337816703585,4.695912851021677e-6,2.6371981617075573e-5,222602_at
310.9224775392865,-0.8990851262321657,0.19643294173214002,-4.577058808487309,4.715589284215542e-6,2.6473996287006045e-5,203951_at
567.4254105500972,-0.21412084492539257,0.04680636129743499,-4.574609924594299,4.771080596844468e-6,2.676837511333022e-5,218334_at
380.84339383091486,0.40113792896003453,0.08771368676383552,4.573264945983598,4.801823125247453e-6,2.6917868002587165e-5,225406_at
202.74124417231377,-0.3176187642635622,0.06946626063463533,-4.572273811226281,4.824599079754481e-6,2.7042659986925875e-5,213689_x_at
24.424457817367568,-0.3026562935924537,0.06619564793976931,-4.572147913225916,4.827499570407418e-6,2.7055954814114967e-5,217073_x_at
16629.50797326742,-0.06661403220932371,0.014570640061514272,-4.571798625735922,4.835555348228751e-6,2.709251340840232e-5,1553588_at
1051.157458851111,-0.7198793040942886,0.15747091586676898,-4.571506427913044,4.842304329917759e-6,2.7124542928426548e-5,214433_s_at
264.1858935808424,-0.3203788454607901,0.07009032486316304,-4.570942510057757,4.855354826838657e-6,2.719474768940411e-5,221553_at
299.19578679839907,0.2827803375675923,0.06187476258749759,4.5702048095572145,4.872477962365791e-6,2.7281931262963112e-5,202642_s_at
2326.792272936514,-0.21008099827456395,0.04597034558112271,-4.5699242765934684,4.879004719851932e-6,2.731556557442191e-5,223000_s_at
164.3008216136556,0.363769389786732,0.07960311076613148,4.569788621143987,4.88216382299349e-6,2.73274297106827e-5,204137_at
159.88761144331446,-0.3583746141198202,0.07843249480382812,-4.5692109503359655,4.895638393284688e-6,2.7397016305045627e-5,207700_s_at
94.72646246286675,0.840648296795651,0.18402805877453238,4.568044147146045,4.922963588710937e-6,2.7523556217139852e-5,218625_at
199.66624131665188,0.36076974199152223,0.0789827760628979,4.567701465750247,4.93101650401839e-6,2.7558360956105296e-5,204290_s_at
241.23393945329414,0.47409502708655693,0.10379743532343096,4.567502324207581,4.9357020678898725e-6,2.7574241147643707e-5,218025_s_at
419.9901134306697,-0.2907281251847427,0.06365833005335426,-4.567008354461597,4.9473430025143014e-6,2.7633400377737974e-5,1554577_a_at
2530.141225281723,0.23222704617131404,0.05086208947616943,4.565818049612769,4.97550194737662e-6,2.7781824197028355e-5,211714_x_at
867.1621574499754,-0.23378685233569896,0.051210274283627226,-4.56523335612058,4.989390146591229e-6,2.7847537145704695e-5,221570_s_at
1856.950043212543,0.17249598019249224,0.03778897700433209,4.564716853084366,5.001689497151706e-6,2.7913219691335963e-5,200893_at
1372.6312335781017,-0.2095849563800201,0.045919272112547475,-4.564204673504632,5.013914562960968e-6,2.79725335394746e-5,200728_at
202.15741847195062,0.4024747134190573,0.08818424914677,4.564020415360072,5.018319561947051e-6,2.7994137167876582e-5,209514_s_at
260.504086294083,-0.24443179791633704,0.053567173445017935,-4.56308933618133,5.040635305338037e-6,2.8103707599908248e-5,209945_s_at
151.77752903697427,-0.4098572381433474,0.08983921638456703,-4.562119468951139,5.063981743282646e-6,2.8230879021584406e-5,226158_at
3802.4464902950704,-0.2688651014014377,0.05894072248152337,-4.561618692165184,5.0760768364143844e-6,2.8292304810788158e-5,208697_s_at
26.562635248832766,1.1607644546845195,0.25447765351803114,4.561361041480497,5.082310559814303e-6,2.8318039563240127e-5,232578_at
1539.3538449720456,0.16989350892557795,0.037263699900897,4.559222765785754,5.134328653192374e-6,2.8586662574411698e-5,214737_x_at
646.0793655644226,0.30187952712016625,0.06624503625639201,4.557013539124417,5.1886080763914426e-6,2.887663971689885e-5,226177_at
97.8998004103977,0.5923094370049635,0.13004824829513892,4.5545360646515025,5.25013174267577e-6,2.9196484861161976e-5,204834_at
182.19550058756673,0.4310616022922877,0.09465810496872097,4.553879484854769,5.266553453468934e-6,2.9276332789677e-5,217437_s_at
134.23728145265315,-0.4104883531949472,0.09014914631752603,-4.553435833425564,5.277677445662615e-6,2.9328863326567944e-5,213343_s_at
2884.1084338460955,0.2415981108037396,0.05307233300022615,4.5522421409797476,5.3077195643605364e-6,2.948334150569746e-5,203455_s_at
264.1643213420532,-0.3087757788314199,0.06783538081877698,-4.551839690504842,5.317885046280645e-6,2.9530444919931636e-5,244197_x_at
282.6002617210806,-0.3727428072496759,0.08189681998103748,-4.551370948664202,5.329748478956243e-6,2.9590069888344223e-5,221514_at
1787.177915617494,-0.38610103793242573,0.08483248751947733,-4.551334626887817,5.330668807361714e-6,2.9592053290597606e-5,203917_at
202.04917580674368,-0.2765123734960421,0.06076238863621326,-4.550715988990034,5.3463673626158024e-6,2.9672931711364544e-5,201392_s_at
345.189977916882,0.2085655961403404,0.04583197921304753,4.550656544218486,5.347878161922453e-6,2.9675048983388512e-5,212180_at
250.90784865642615,-0.21721625348750526,0.04774128068924148,-4.549862306824439,5.368103100500151e-6,2.977784360815758e-5,214112_s_at
185.91581918509735,0.5773575343502381,0.12692657983416086,4.54875200375366,5.396499303391999e-6,2.9919572147954752e-5,225710_at
258.81242399921285,-0.6836363266494762,0.15031570358099766,-4.548003371325063,5.415726825684554e-6,3.001984048064825e-5,212805_at
198.844296043588,0.2851791248530424,0.0627096133118357,4.547614150240952,5.425749293056417e-6,3.0072224040000733e-5,212891_s_at
340.8359713463716,-1.065831707803617,0.23440198899507492,-4.547025016182825,5.4409533192763875e-6,3.0146099576886578e-5,223969_s_at
624.0571865610791,-0.2451555863653173,0.053924052681859125,-4.546312344357445,5.459400053354364e-6,3.0233225543096444e-5,201498_at
350.0130139230955,0.1926920079726171,0.04238643539956116,4.5460772097531015,5.465499381534988e-6,3.025743753262296e-5,205546_s_at
401.94758007233656,0.25437419658648946,0.05596455049280243,4.54527364816777,5.48639283192141e-6,3.0357116118003556e-5,214435_x_at
248.19028956471422,-0.3382754150365489,0.07442616566055615,-4.545114101126208,5.490550311741809e-6,3.0376921895281507e-5,213734_at
174.12917702284622,-0.5245177739878774,0.11542594817091008,-4.544192898560634,5.514614068929274e-6,3.0487589709500217e-5,235716_at
332.1135871784381,0.22197075994614945,0.04886087118923128,4.542914494636985,5.548176013105433e-6,3.066023577210756e-5,225309_at
625.4909334552353,-0.17731145207652343,0.03903902395641903,-4.541902796403515,5.574874642466896e-6,3.079158822492961e-5,217939_s_at
122.79027199603343,0.756202748874645,0.1665080609444489,4.541538377093542,5.5845217317969096e-6,3.0838389733409145e-5,204955_at
333.8184824249987,0.20783171056304314,0.045766360008429666,4.541145735093698,5.59493383055391e-6,3.088290647315725e-5,218286_s_at
914.5146405229477,0.2697969139824289,0.059417533099454016,4.540695311783451,5.606901063440454e-6,3.0939214456956076e-5,207467_x_at
187.22776788557175,-0.28505622565885974,0.06279370388180594,-4.539566995369625,5.636986806959378e-6,3.109869878783783e-5,204461_x_at
1244.6803439484802,0.27004811291648406,0.05950913084506638,4.537927358064792,5.680982137120651e-6,3.133154950511477e-5,214280_x_at
808.8182804353471,1.4304285088628839,0.3153289094698332,4.536306269120337,5.724802778517274e-6,3.155005088320017e-5,205886_at
620.1230672079141,0.27119675948141964,0.05979547639625939,4.535405950848563,5.7492793794765196e-6,3.167497940130087e-5,218556_at
265.6665052035447,0.22395274065229473,0.04938497869837721,4.534835218216948,5.7648475065505075e-6,3.1750764604826596e-5,202151_s_at
418.90679440215115,0.2932374343008774,0.06466615205451076,4.534635585765038,5.770302488504767e-6,3.1777478463887614e-5,212345_s_at
89.02977458357341,0.5210979208119259,0.11491988656699581,4.534445137205535,5.775511124103252e-6,3.179949833589547e-5,203810_at
61.148345955456044,-0.7001047290280507,0.1544507262270834,-4.532867835135406,5.818822551051003e-6,3.20144891486531e-5,223987_at
523.7662886807606,-0.32535091465904836,0.07184903181366556,-4.528257464941472,5.9472091083144356e-6,3.269347567765239e-5,226255_at
617.9531018402954,0.3700323506361296,0.08177908026099633,4.524780047112032,6.045834920679756e-6,3.318704913530435e-5,222496_s_at
339.96651126881807,0.5487974350973648,0.12130487989638712,4.524116717860992,6.064825046971413e-6,3.3287813631178655e-5,204059_s_at
47.211175448656846,-0.858572557464422,0.18989575222755348,-4.521283637959359,6.146576344888373e-6,3.370835575803648e-5,220133_at
273.96979203352095,0.2631055697493171,0.05819562473793401,4.521054133092163,6.153244906327541e-6,3.37378855302178e-5,213291_s_at
151.56957926721296,0.5979188900210949,0.13233467080216252,4.518233100945789,6.2357812942746e-6,3.41726016829309e-5,34210_at
220.51806045258152,-0.368455584269902,0.0815514846642241,-4.51807328569139,6.240488659239056e-6,3.419483275963397e-5,227787_s_at
1285.0759178701055,0.22982766033811766,0.050869932928465804,4.5179469896550755,6.24421111939872e-6,3.421166296589662e-5,221263_s_at
384.77747497053474,0.2674729466596074,0.0592097642519803,4.517379017442408,6.260977859639925e-6,3.4287560261612256e-5,202148_s_at
230.28017938930037,0.29176895763111815,0.06463114389463519,4.514370937125514,6.350498142035642e-6,3.4743293707739034e-5,209449_at
2576.5676936235145,-0.26082318654841186,0.057786448115340325,-4.513570137202675,6.374535532896052e-6,3.4863913039423365e-5,201021_s_at
179.76281122609862,0.3098321685977458,0.0686660875365942,4.512157015391725,6.417165322477243e-6,3.508611177252071e-5,213225_at
314.3487201114664,0.23021803491972354,0.05103260047120947,4.511195447498374,6.446328843194638e-6,3.522723989032453e-5,200752_s_at
1114.6789749003226,0.25497186962746854,0.056526416897376745,4.510667465273236,6.462395971546973e-6,3.5304028886557134e-5,201532_at
162.7951754802788,0.343930212902879,0.0762502477206404,4.5105455153790865,6.466112495237998e-6,3.532066064595549e-5,222653_at
144.7209420085435,0.497780418856823,0.11036289456876217,4.510396549509476,6.4706551277553926e-6,3.533812839904987e-5,1552612_at
8742.52769052865,-0.12555707462601357,0.027841657499533132,-4.509683901833753,6.492429203407004e-6,3.5453358723592234e-5,200725_x_at
177.10504109654158,0.41598299146528794,0.09225044325971261,4.509279053480223,6.504830053435891e-6,3.551000712872856e-5,228318_s_at
1201.0453128353008,0.1741351510993937,0.038618156598335646,4.509152337605325,6.508716122873499e-6,3.552753086014685e-5,208865_at
1031.6252819761432,-0.4311290985175169,0.0956395406648015,-4.507854131467892,6.548657119142666e-6,3.572328484943156e-5,218454_at
337.30146565625273,-0.1994660210750314,0.04425601348060158,-4.507094186476192,6.572146508338271e-6,3.58402602053761e-5,219590_x_at
16841.377699390086,-0.08849891484648069,0.019646737827343556,-4.504509380855654,6.652645932561508e-6,3.625291936331787e-5,AFFX-hum_alu_at
906.4724624138189,0.24467674318735017,0.05432398854749314,4.504027589458748,6.6677544409349235e-6,3.632395220160609e-5,201950_x_at
315.1178805847142,0.2464545931686891,0.054719512802976225,4.503961759602587,6.669821348152452e-6,3.633144601272844e-5,201245_s_at
968.6607634487767,0.2822584680452234,0.06269905912323458,4.501797506888362,6.738116283228078e-6,3.6676847555543075e-5,202727_s_at
419.2026926150976,0.1532737372714744,0.03404748947897004,4.501763261169265,6.739202295130462e-6,3.667895996461126e-5,212108_at
193.99080939197248,0.364513416375064,0.08100978450973859,4.499622096035129,6.8074371652454476e-6,3.7034995112040294e-5,221588_x_at
4243.537346409201,-0.24122847004117767,0.053627674984296464,-4.4982086229137375,6.852843470763484e-6,3.725502594005422e-5,214548_x_at
132.72040726934873,-0.38483385651635305,0.0855555303848979,-4.498059386518434,6.857654402513441e-6,3.727732410733258e-5,236492_at
1106.8405560100466,0.18042975522142965,0.04012088762295511,4.497152628253344,6.88695507827921e-6,3.7432726981475395e-5,208923_at
408.4688625288757,0.16500683154527285,0.036692241827135895,4.497049603091883,6.890291763805836e-6,3.744332085159668e-5,215452_x_at
1483.7665213310659,0.213091977107688,0.04740117541823613,4.495499852640943,6.940670633380765e-6,3.7693500513247154e-5,208660_at
392.2249903341351,-0.3039488135466179,0.0676277844287325,-4.494436955374831,6.975426489606018e-6,3.7870512782515975e-5,229436_x_at
182.12306740474287,-0.322815562903471,0.07183437838347853,-4.4938867735468095,6.993482300325204e-6,3.796461820176539e-5,227547_at
326.1758421002138,0.23176371348799887,0.05157350449609266,4.49385233275272,6.994614060257567e-6,3.7966840252300784e-5,209825_s_at
3088.610413175855,0.16117302358995178,0.03588020589488901,4.491975995402809,7.056537875025719e-6,3.827924148266945e-5,201597_at
133.75722182172592,-0.44325866010161047,0.09867934967328984,-4.4919090120593905,7.058758156957905e-6,3.828733369602288e-5,238449_at
167.96892316492134,-0.36738876447019575,0.08181445050303321,-4.490511910931616,7.105220145456165e-6,3.8523443673197496e-5,220357_s_at
438.4124980593275,0.3793791939999143,0.08450319191574791,4.489525015554042,7.138216458759592e-6,3.869037002616043e-5,225799_at
602.6786766485644,0.8263530798691794,0.1840963620825834,4.488698584377715,7.165960434817438e-6,3.882873334275654e-5,203691_at
189.45901804292478,-0.5009618828938636,0.1116332120528064,-4.48757026409749,7.2040056362777e-6,3.9026833543855096e-5,241681_at
182.6691091672592,-0.6558966053153018,0.1461924675349261,-4.486528043304316,7.2393192600470055e-6,3.919793781089124e-5,205541_s_at
10211.42819891566,-0.1288450340064536,0.028729927945762075,-4.484697429443411,7.301747168018716e-6,3.951153425330062e-5,212788_x_at
200.07326525101504,-0.48621306577638534,0.10841560119418589,-4.484714934205059,7.301147787067264e-6,3.951153425330062e-5,214033_at
1676.1050356169583,0.20210303292996942,0.045075256163986194,4.483680185747759,7.336659569470041e-6,3.968002542080154e-5,208739_x_at
1994.8504250151416,0.30066646226786475,0.06706710852880922,4.483068807695967,7.3577191648842706e-6,3.978573649463195e-5,213988_s_at
274.78618746624164,0.4769995234088157,0.10645247897912505,4.480868158104177,7.434002530523692e-6,4.016929559830784e-5,225626_at
204.9222870220698,-0.45018820900385553,0.10046986533111966,-4.480828231631098,7.43539350316509e-6,4.017268121366692e-5,218589_at
259.9523837391401,0.49748026260047906,0.11103537788056889,4.480376183666213,7.451159480867767e-6,4.024340143135143e-5,223280_x_at
2109.2266890521905,-0.3009815993591571,0.06717927126092095,-4.480274848325751,7.454698114912418e-6,4.025628901881496e-5,201360_at
165.92440032646928,0.6587701026522923,0.14709402813391761,4.478564568593727,7.514664131393541e-6,4.0530137393396566e-5,205014_at
366.23595128188043,-0.4365571293512953,0.09749217038727358,-4.4778686084957915,7.539197759005999e-6,4.064577339216262e-5,226423_at
661.8981875458753,-0.19111309045636019,0.04268622141562915,-4.477161110034114,7.564216623531916e-6,4.0751393176124684e-5,203445_s_at
70.73399000836118,-0.9072695620760273,0.2026970176270344,-4.475988708158583,7.605850466398385e-6,4.096729173015278e-5,228262_at
228.83931732423616,0.2352486880952057,0.05256131039871703,4.475700592520766,7.616115396539754e-6,4.101417445944771e-5,202116_at
262.32436744656076,0.41998363868149446,0.09383786976005139,4.47563057170219,7.618612085242017e-6,4.102341593522633e-5,223194_s_at
95.46845073540773,0.4948536922895524,0.11057759530295135,4.47517140279451,7.635003787192179e-6,4.1094837057773223e-05,240770_at
100.2784003606505,0.6745716366090401,0.15077773308168668,4.473947331756063,7.67886637959628e-6,4.130977005970958e-5,235048_at
178.83959773141962,0.46443668760733664,0.10382605315339459,4.473219134326228,7.705074336969966e-6,4.144227578601163e-5,203764_at
247.97434261741734,0.34091366912450527,0.07621385446393036,4.473119376029578,7.708671309645532e-6,4.14531374201485e-5,225892_at
367.7586324929536,0.29700997429633413,0.06640679460587454,4.472584109187824,7.72799879490888e-6,4.154431758056887e-5,202900_s_at
170.88888840378695,0.49752516353895176,0.11127436685611748,4.471156993256795,7.779755980800187e-6,4.180117532102781e-5,225806_at
420.96810077276365,0.42257873997382484,0.09454444219455224,4.469630685474331,7.835477260396216e-6,4.206616323862118e-5,225647_s_at
233.32007741784693,0.3789340981605555,0.08479108056751268,4.469032540030424,7.85741779055194e-6,4.2175338021107824e-5,224753_at
199.368938161502,0.6089568642751231,0.13628636886391413,4.468215488837215,7.887482917160849e-6,4.232374690917616e-5,203474_at
345.5512305383539,0.38586931485308407,0.08640874069831814,4.4656282655510875,7.983412477276442e-6,4.279556332803631e-5,217777_s_at
103.97924062989867,0.47512242017791917,0.1064112717120314,4.464963274414091,8.00824874098213e-6,4.291043070285225e-5,210868_s_at
664.5402622794628,0.3037275445917511,0.06803696302377549,4.464154940096512,8.038538090904228e-6,4.305785793477092e-5,203243_s_at
214.3272295094661,-0.33552873159290747,0.07516556004937795,-4.463862590426933,8.04951976014363e-6,4.31095955848964e-5,229676_at
1277.6525945557792,0.3341224990059304,0.07488365859079266,4.461888017942175,8.124067982779483e-6,4.3491114267800037e-5,221269_s_at
224.84916920552274,-0.3319863334879717,0.07444195910787235,-4.45966679902791,8.20871684369217e-6,4.393531978851189e-5,223681_s_at
349.39050860967603,-0.17627906219097833,0.03957350406454208,-4.454471908868051,8.409993887508652e-6,4.4928338327329376e-5,205550_s_at
433.90808971243877,0.3816476139555048,0.08567765391537396,4.45445920277495,8.410491921913962e-6,4.4928338327329376e-5,208893_s_at
459.04937082142624,0.2727538261468838,0.06125114811708667,4.453040220984791,8.466288754426621e-6,4.5194962143598274e-5,202443_x_at
2472.198943074099,0.2975553808854983,0.06683552076022696,4.452054498879136,8.505257119579153e-6,4.5379216513945465e-5,208683_at
220.13077821567268,-0.877171905572951,0.1970256580982761,-4.452069410855204,8.504666332291307e-6,4.5379216513945465e-5,219140_s_at
261.0152442695358,0.25583332531362307,0.05747972438844564,4.4508446767196,8.553319127536562e-6,4.562175311362595e-5,224232_s_at
433.2064044745168,0.21769820011584667,0.04891494138624138,4.45054606928508,8.565221635454322e-6,4.568060258064404e-5,201347_x_at
143.49951786159983,-0.44655739868770855,0.10035818544184906,-4.4496360383723665,8.601593224546727e-6,4.585596777468337e-5,219269_at
130.9498724982885,-0.5207231306421773,0.11709233029048173,-4.44711561679891,8.703100107157462e-6,4.6359489461945395e-5,228728_at
468.9698466428004,0.35080353707602047,0.07889418869928976,4.446506680145107,8.727795427524731e-6,4.648161338651548e-5,202705_at
357.7042319955779,-0.30469385245751174,0.06853137836995847,-4.446048798444682,8.746408833594895e-6,4.6576022883853086e-5,202634_at
321.5160906428302,-0.24902999974702586,0.05601292970128861,-4.445937769637799,8.75092799065002e-6,4.6595366729546216e-5,221504_s_at
477.5453819081897,0.2934440085594753,0.06600986567411175,4.445456835319093,8.770529029429358e-6,4.668554467868231e-5,224967_at
269.3480874205852,0.750172948949406,0.16875217069211387,4.4454121441678325,8.772352598393569e-6,4.669052242819279e-5,241031_at
388.6480112786787,-0.21135902420557434,0.047568327929465463,-4.443272097328678,8.860099982997797e-6,4.71289164480229e-5,218270_at
267.2370080995897,0.33071937123900147,0.07445092896993813,4.442112083954515,8.908013386327718e-6,4.735502078748401e-5,203574_at
153.76755343067538,0.5777817038958978,0.13009245867809774,4.4413158899976475,8.941042706945566e-6,4.751618550114443e-5,211668_s_at
129.76897056784148,0.4162842547207601,0.09373226728022586,4.441205433303128,8.945634126938315e-6,4.7530973198576096e-5,201625_s_at
185.46322805056423,0.30158061630583904,0.06790506869508446,4.4412092072247615,8.945477216896892e-6,4.7530973198576096e-5,204263_s_at
130.6460314254962,0.42609889744895724,0.09594706452607689,4.440978987253438,8.955053991225248e-6,4.757621385512047e-5,224839_s_at
178.09053518365633,0.37658989662265463,0.08480248424321861,4.440788497923861,8.962985441688938e-6,4.761353855276665e-5,228624_at
126.90495905735965,0.5578299019957175,0.12561713281512993,4.440715127741952,8.966042164028413e-6,4.7624962592313445e-5,227230_s_at
37.52291555885636,-0.6709934907581347,0.1511083009452885,-4.44048067882836,8.97581636940869e-6,4.767206199877759e-5,203001_s_at
338.0296096334576,0.2636921286671201,0.05938502333715548,4.4403809891598645,8.979975528798173e-6,4.768933245154196e-5,225418_at
114.75040873349688,0.7301270876924555,0.16443360865200082,4.440254602924031,8.985251144830543e-6,4.771252790395315e-5,213418_at
1762.8342931048194,0.16229973575740614,0.03655334060080191,4.44007943158677,8.99256804632107e-6,4.774415290000247e-5,212010_s_at
239.80641576917645,-0.2508184983424065,0.056498265323223607,-4.439401756982928,9.0209281469381e-6,4.786811973285389e-5,224742_at
352.9134742451012,0.2134696785897577,0.04810874567350095,4.437232266218492,9.112295332497825e-6,4.83383031093258e-5,1555945_s_at
259.69321331407076,0.30960898077650223,0.0697975181679268,4.435816471749178,9.172396986581327e-6,4.8622770953479425e-5,203189_s_at
1106.7863689749715,0.21542203107217567,0.04856467778951522,4.435775977055568,9.174121579095613e-6,4.8627008115763074e-5,201274_at
154.98012582559906,0.37318985675444727,0.08414764220417614,4.434941336192618,9.209736432808216e-6,4.880101718993779e-5,225921_at
130.99753578591154,0.3799160111458453,0.08568531047380547,4.433852302629958,9.256405109958292e-6,4.902359308160315e-5,205129_at
580.3010829903726,0.29759404720399574,0.06713707334615385,4.4326336012537,9.308898364181425e-6,4.929167200314264e-5,201713_s_at
501.8222905715406,0.3596789690216843,0.08114961759098677,4.43229407234611,9.323573509594297e-6,4.936440481797489e-5,201014_s_at
385.25161888153036,0.24682554750982305,0.05569693913280418,4.431581902935284,9.354426786854652e-6,4.95227707622e-5,223019_at
224.02910181034966,0.23006324168527456,0.051915167272033914,4.4315226893086965,9.356996483221364e-6,4.953138529202413e-5,202734_at
371.80602333408,0.23801987104826527,0.053710967231577464,4.431494782472097,9.358207791245037e-6,4.9532808164074086e-5,225913_at
165.32381666706087,0.3251506850702337,0.07343634236085081,4.42765359244761,9.526373378582242e-6,5.032154252065646e-5,205401_at
1380.4426136819127,0.33271017831653477,0.0751458620161487,4.427524941360524,9.532055329070526e-6,5.0336378191717486e-5,218035_s_at
246.89896931950884,-0.28366992125398727,0.06408932847473502,-4.426164667426875,9.592331043647356e-6,5.062415803051247e-5,223130_s_at
1042.325427344083,0.24949863189774266,0.05638260771057801,4.425099193326845,9.639797864440051e-6,5.08644515027894e-5,224691_at
408.593234716771,-0.22726851685036578,0.05138894440767286,-4.422517712125498,9.755734882010912e-6,5.1450365377742246e-5,202515_at
399.1540180356521,-0.299139886426389,0.06764724413661459,-4.422055772475693,9.776621075251772e-6,5.153982786526048e-5,218552_at
351.97735930875143,0.47393177950902826,0.10718163273146965,4.421763015090522,9.789879946787154e-6,5.159937325478408e-5,208789_at
143.61178830092268,-0.3670356429881336,0.08300858266031967,-4.42165895652121,9.794596856299437e-6,5.161905768010034e-5,226274_at
222.71090097058106,0.25244043370705627,0.05709443346713261,4.421454393664804,9.803875891145154e-6,5.165759911602591e-5,201364_s_at
126.04487812706255,0.5055900650382473,0.114366095150014,4.42080377383756,9.833444064393312e-6,5.178743555066901e-5,221898_at
10508.586860428863,0.10962212581638996,0.024802988899124922,4.419714344195733,9.883145277560303e-6,5.2038755326811356e-5,AFFX-HSAC07/X00351_3_at
383.3910180145095,0.2426366774977332,0.054909496726009394,4.418847229805362,9.922875575777893e-6,5.2237484023783566e-5,220761_s_at
314.7746519905609,-0.2198353367329714,0.04974983650658811,-4.418815259902608,9.924343316160023e-6,5.2239977828272616e-5,226518_at
429.20812146165804,0.32180242238806217,0.07283622177079342,4.418164679117138,9.954256608088677e-6,5.238169638344771e-5,225922_at
380.90540940935597,0.23840426511962065,0.05397932194004426,4.416585028326593,1.0027246767900904e-5,5.2702462910317444e-5,207483_s_at
173.70154895743528,0.32402764462008876,0.07336595030104641,4.416594391410305,1.0026812630287526e-5,5.2702462910317444e-5,218395_at
187.33830989725072,0.4712100750955002,0.10669624342808176,4.416369873538404,1.0037227786397572e-5,5.27496469086338e-5,209950_s_at
222.33187307717742,-0.3743447210217363,0.08477757025062628,-4.4156104016082125,1.0072535564640182e-5,5.292461848271347e-5,226599_at
395.1700866015533,0.3725128640663767,0.08445631742615607,4.410716396580769,1.030291854185382e-5,5.402170817605364e-5,59697_at
178.05055566134695,0.7043547753165863,0.15971038700105533,4.410200166329395,1.0327511149474314e-5,5.4145253486579516e-5,204438_at
306.1223476581994,-0.4230574707616573,0.0959276656776538,-4.410171641028557,1.0328871694694513e-5,5.414698484219206e-5,209487_at
638.2275811529851,-0.2599172610652471,0.058941563382787485,-4.4097449430930755,1.0349243958315055e-5,5.424837093410028e-5,201415_at
30.942999333567016,-0.6853885727951916,0.15554452515397293,-4.406381851863498,1.0511159846708267e-5,5.5064144196960355e-5,213921_at
300.8869775461339,0.26014271759902025,0.05904364859668458,4.405939060033424,1.0532657393911431e-5,5.5171262501706506e-5,225143_at
579.8885047612135,0.31568704380960866,0.0717179339206987,4.401786645982804,1.0736310537511652e-5,5.6154066877825175e-5,202820_at
144.5500758641514,0.5082831552834418,0.1154784119718575,4.401542648571511,1.0748393492177621e-5,5.621166997590832e-5,226218_at
78.05226794766618,-1.1230413913241681,0.25523648763315343,-4.4000033135477645,1.0824922520472717e-5,5.6589374131196973e-05,219764_at
4165.070538148241,-0.1862364235413492,0.042349860685559806,-4.397568741113969,1.0947021940248699e-5,5.717080304559576e-5,201553_s_at
217.77532772020908,0.26843182813236266,0.061058119338766544,4.396333051842493,1.1009496579826366e-5,5.746852237347982e-5,227477_at
224.9077126988888,0.23545685833372082,0.05357589482440293,4.394828291817427,1.1086034755614184e-5,5.785080632971381e-5,225592_at
184.93288269771995,0.3383600932012701,0.07702188590705483,4.393038280178984,1.1177743607929985e-5,5.828307744529739e-5,205961_s_at
240.20375520512792,-0.23583613173079965,0.053694046390445956,-4.392221253281502,1.1219843211236175e-5,5.849098701748894e-5,225917_at
172.1313202947655,0.2629084909474737,0.059860523754979286,4.392017885169349,1.1230345828611237e-5,5.8528321566524696e-5,227672_at
243.12956013302465,0.2783528137520815,0.06340097042194537,4.3903557295667754,1.1316537696833557e-5,5.894829240949457e-5,225606_at
263.16028148788223,0.2886015731451145,0.06574391491713756,4.389783807503138,1.1346340743302512e-5,5.907426108812366e-5,214794_at
669.3079191248166,-0.25575079797469824,0.05827904571334555,-4.388383420563334,1.141963203485159e-5,5.9432297678707716e-5,213404_s_at
416.70350948170073,-0.2240775254763534,0.05111656148396912,-4.383658035109175,1.1670291773260551e-5,6.065274068947142e-5,209102_s_at
709.4157722430518,-0.22160637536223904,0.050571191608929686,-4.382067503489646,1.1755837103162495e-5,6.104903785766816e-5,222984_at
283.3643996692783,0.25479551465352424,0.05814819744852889,4.381829976398871,1.176866353812569e-5,6.110357079457197e-5,203544_s_at
160.5455598963703,-0.32130177550211353,0.07333588338040081,-4.381235497437019,1.1800823908456223e-5,6.125239503061811e-5,202124_s_at
101.26015605392637,0.48401359331798355,0.11047487058122199,4.381209869461969,1.180221222564211e-5,6.125355138321108e-5,235350_at
345.5901977463142,0.237690151689541,0.05425700494091514,4.380819618561347,1.1823372145411446e-5,6.135731210920837e-5,221764_at
142.70722348499265,-0.36151098276651145,0.08252656188002297,-4.380540937741666,1.1838504743745446e-5,6.142371194617417e-5,202034_x_at
537.2615455888872,-0.3454357523878477,0.07886721913748222,-4.379966178161807,1.1869773062108839e-5,6.157986707858519e-5,201510_at
272.9678090198866,-0.4253679757832626,0.09712008059750167,-4.37981489684024,1.1878016228522761e-5,6.161654968648557e-5,1553185_at
333.28644085189524,-0.5242339176227845,0.11973978335846724,-4.378109788735591,1.1971304493304088e-5,6.208822030406621e-5,225421_at
2607.5978238928546,-0.20522693243809068,0.04687597886054014,-4.3780831339790804,1.1972768339320227e-5,6.208968495210531e-5,208855_s_at
153.39472094310145,0.4509755007982445,0.10301607832011664,4.377719557493381,1.1992752572453497e-5,6.218718487348012e-5,228490_at
75.24827413875758,0.5893456875847636,0.13464159801792128,4.37714418322872,1.2024443486325583e-5,6.234536335638858e-5,209031_at
297.3501946248116,0.4502829859986068,0.10290243158248791,4.375824546358306,1.2097429616500008e-5,6.269399717344358e-5,202112_at
285.9818623933651,-0.2563810410273181,0.058627080185894145,-4.373082203896011,1.2250456894188058e-5,6.342867980489555e-5,223245_at
998.8004573733241,-0.18110960715046331,0.0414338705764888,-4.371052103764402,1.2364927930725703e-5,6.397188644136233e-5,218011_at
91.54468136637291,-0.6042001877966143,0.13826097651286437,-4.369997977993429,1.2424768703478251e-5,6.42688281931689e-5,203435_s_at
178.0998019962149,0.41942239011021487,0.09602222559180242,4.367971972376588,1.2540558172556681e-5,6.48294800512044e-5,222529_at
205.75332836920873,0.2948164933001495,0.06749738857850295,4.367820733646053,1.2549242884686904e-5,6.486799553081887e-5,211150_s_at
177.0331891054498,0.4155512766490419,0.09514442352157079,4.36758415541642,1.2562839631788646e-5,6.49318916216582e-5,212093_s_at
289.8947148142797,0.27698492052571183,0.06342803793254936,4.366916107672495,1.2601309952392472e-5,6.512432326069761e-5,212512_s_at
166.5045643184281,0.5648784718884288,0.12936532976404322,4.366536790952744,1.2623203361145988e-5,6.521822939851221e-5,204389_at
232.90092150103425,0.3650630939857054,0.08364309314444784,4.364533642428286,1.2739424362810694e-5,6.574113393196713e-5,221810_at
931.0431530975399,-0.2217700484845618,0.05081362749391433,-4.364381356381651,1.274830150739788e-5,6.5780484773666e-5,223133_at
978.5187831379923,0.19295741501709981,0.04421431199301818,4.364139264398583,1.2762425821140336e-5,6.584690031456992e-5,212995_x_at
204.11858141084497,0.3193117702574025,0.07317500442961995,4.3636727151074926,1.278968771839936e-5,6.596812723061733e-5,224974_at
383.86960970833223,-0.354841125354758,0.08132342825420112,-4.36333210456394,1.280962571118561e-5,6.605799917826009e-5,203974_at
88.31054453287044,-0.5689364142416943,0.13042260832204916,-4.362252998627618,1.2872988294440358e-5,6.636146875447165e-5,231693_at
371.794496752572,-0.25683506186488114,0.05891850913616794,-4.359157514853331,1.3056411380902066e-5,6.723169152576202e-5,202290_at
117.5033051242798,0.5157696209316949,0.11835224598648351,4.357920009313542,1.313043527804529e-5,6.759299594498894e-5,203708_at
458.62961329208235,0.22181038247159118,0.050903276369121855,4.357487342526783,1.3156410453436012e-5,6.77134457908017e-5,201570_at
99.10490916303088,0.48232190947961595,0.11069101921250372,4.35737165409651,1.316336411699546e-5,6.774260064674692e-5,212950_at
231.6024704342936,0.6681785736745216,0.15336172477103002,4.3568796234661304,1.3192977700644084e-5,6.788170648909822e-5,204508_s_at
356.0938385895004,0.20321496749386955,0.04665144603744536,4.356027192185137,1.3244433023844686e-5,6.81131160715465e-5,221692_s_at
153.21715633010635,0.5201742316163647,0.11944461879472289,4.354940698587137,1.3310294620401537e-5,6.842504386976253e-5,211671_s_at
156.81541830517872,-0.4880043807732053,0.11206946844920147,-4.35448108683059,1.333824952692109e-5,6.854863735945736e-5,229553_at
158.82593929677043,0.35414406008600263,0.08134198942128162,4.3537668872572155,1.3381800362882343e-5,6.87321282516535e-5,235463_s_at
248.89440871410184,0.24731215491692973,0.05681845885748023,4.352672703377465,1.3448785286785174e-5,6.906267949596522e-5,227442_at
285.3037599771543,0.431535973332264,0.0991545140371891,4.352156606510231,1.3480491159924368e-5,6.920520977031017e-5,215812_s_at
337.69039424088567,-0.28688826106833326,0.0659232075656814,-4.3518553125998505,1.3499033787837409e-5,6.928686606953874e-5,211202_s_at
611.8836011993553,0.25856013541017897,0.059414630188559095,4.351792388332789,1.3502909426284215e-5,6.929322351224887e-5,203411_s_at
101.32816731058006,0.5973593959925517,0.13728515981857403,4.351230655826004,1.3537554781524935e-5,6.946423100842232e-5,202498_s_at
164.3436502884346,0.33796301646520605,0.07769575973757428,4.349825751195589,1.3624575155655245e-5,6.986982071919454e-5,1554327_a_at
175.0285158632891,0.5724204419756874,0.1315977679153125,4.349773184177857,1.3627841512037989e-5,6.98797524464479e-5,216236_s_at
886.2678213954995,0.21489390707673953,0.049417383923012856,4.348548830741867,1.3704130796372388e-5,7.020928932272903e-5,200802_at
2178.8887489454664,0.19456293003733646,0.04474711405405188,4.34805538078536,1.3734992620501325e-5,7.033997292709283e-5,200610_s_at
545.31577388734,0.24805948882961992,0.05706027685884803,4.347323610841448,1.3780881762442352e-5,7.056810485661068e-5,238974_at
221.8098804852105,-0.3620372896373545,0.08330873922394817,-4.3457300279642475,1.3881321534587455e-5,7.10478157312728e-5,201992_s_at
294.76791308519086,0.21435218848537174,0.04934400539103374,4.344037067658101,1.3988789571824047e-5,7.1535160762639e-5,212438_at
1126.8388838932894,-0.31359241537254823,0.07219804219800978,-4.343503034507393,1.4022853974435126e-5,7.169540497835039e-5,200661_at
781.6828702241513,0.32556783217238466,0.07499140828354506,4.341401763538053,1.4157657514097343e-5,7.230165488724252e-5,224870_at
330.55425436456073,-0.4138455694884775,0.09535607658772358,-4.3400020669658845,1.424813758199179e-5,7.271282020625332e-5,204702_s_at
302.8632340898349,0.300463138936846,0.06928000103913357,4.3369390073641325,1.4448069551846192e-5,7.368305164752302e-5,218529_at
291.7478726965174,0.23748051404701773,0.05475955110784044,4.336787085404274,1.4458055115036702e-5,7.372682209544332e-5,209078_s_at
284.21135982560475,0.2519483961270376,0.058102465805630915,4.336277172295508,1.4491618945176191e-5,7.38693057269437e-5,222794_x_at
838.94679003649685,0.38637224712956164,0.0891099533653895,4.335904492568497,1.451619669576046e-5,7.398023672895609e-5,226817_at
490.0233981760981,-0.24876986490315958,0.05741202797489981,-4.333061793461123,1.4704981379614255e-5,7.486250038014604e-5,1554089_s_at
51.986972998529104,0.5652851217173538,0.13047138555381782,4.332636764129256,1.4733408135389987e-5,7.499995458613768e-5,205404_at
514.6242861333897,0.265893257930658,0.06141488019722139,4.329459848766226,1.4947551918077742e-5,7.603579963967463e-5,209004_s_at
487.7353440242303,0.19664321891785294,0.045420085151098556,4.329433074898073,1.4949369190916083e-5,7.603579963967463e-5,218107_at
119.23944801151868,-0.4070377674617604,0.09401792528970716,-4.329363429447234,1.49540973536584e-5,7.604970314729666e-5,219077_s_at
745.2594200298587,-0.18007037168392176,0.041595504135096766,-4.329082563804894,1.4973179526139774e-5,7.61246470752394e-5,223014_at
182.04545234092856,-0.3130812933464014,0.07233311635968526,-4.328325794641094,1.5024710480641444e-5,7.637185749101755e-5,204663_at
2233.555146902652,0.2758301673051715,0.06374872705306732,4.326834119770862,1.5126779196214523e-5,7.686837689787837e-5,200972_at
408.4415619087292,-0.20900252752128784,0.048324681727085615,-4.324964387797375,1.5255650556464832e-5,7.742592557648023e-5,218604_at
5111.9481211618595,0.14372139858397015,0.03323327558249021,4.324623319998388,1.5279271277914558e-5,7.751586279945184e-5,221891_x_at
399.06410596484545,0.2262082832363622,0.052311707786719834,4.324238164019351,1.530598725574729e-5,7.763641098721582e-5,203857_s_at
381.0021786566658,-0.24764435426456857,0.05727370657027171,-4.323875109440009,1.533121096269009e-5,7.77568481888839e-5,226850_at
477.18790818054174,-0.8248462822295115,0.1907701310625214,-4.323770590476679,1.533847990240995e-5,7.77862079312219e-5,213880_at
139.69547274582825,0.8775508108961226,0.2029877091031417,4.323172150537564,1.538016267900348e-5,7.799006845159676e-5,217110_s_at
276.2349625485899,0.2230231769788765,0.051589388510958435,4.323043622265511,1.5389129058185052e-5,7.802800661108126e-5,207071_s_at
3712.6142014556635,-0.8594216563454679,0.1988138323361365,-4.322745788092024,1.540992570041646e-5,7.811837901607859e-5,205892_s_at
208.0320741646322,0.2589898287465953,0.05993591165435905,4.321112695175954,1.552443553334653e-5,7.866093183759096e-5,203519_s_at
892.7510167032399,0.4398442966034365,0.1018095777214802,4.32026442351736,1.5584234631466645e-5,7.89487051110563e-5,226302_at
190.48128888386083,-0.3325516154380665,0.0769952127788938,-4.319120675632793,1.5665211115707832e-5,7.933598390429887e-5,230250_at
243.85235600795852,0.640086263132987,0.14820326509791504,4.31897544706653,1.567552184141397e-5,7.93729044082927e-5,204446_s_at
673.1491373189747,0.7588961566011716,0.17571377054010018,4.318933879049517,1.5678474217463242e-5,7.938020559003499e-5,219508_at
117.15192061803519,0.626819917647027,0.14521208385732415,4.316582346293571,1.5846358183545436e-5,8.019214888195541e-5,223343_at
281.247041166887,-0.22261491494030988,0.051590728530404334,-4.315017858472664,1.5959000137649353e-5,8.073828390778053e-5,223396_at
319.8257712230926,0.35233428688242835,0.08165653637858007,4.314832620978665,1.5972387521937153e-5,8.079045753877624e-5,218566_s_at
210.05751830755273,0.286127233981585,0.06631812487491882,4.314465080567995,1.5998981902764132e-5,8.091718746202158e-5,203696_s_at
1353.468406051189,0.2490743619245524,0.05773392918488441,4.314176523945363,1.6019890769763967e-5,8.099955161768092e-5,212761_at
350.4497181160625,-0.24856740863278184,0.05762173617591608,-4.313778534439137,1.6048771904944222e-5,8.11377738039864e-5,218263_s_at
499.9532819796096,-0.19543938712074072,0.04532135588961223,-4.312302297326808,1.6156332928514732e-5,8.165015104578933e-5,203800_s_at
41.16772011847112,-0.8995179540833845,0.20860107085424992,-4.312144469823359,1.616787306832161e-5,8.169276043001384e-5,222722_at
394.17563378867845,0.24267882663234605,0.0562921678680038,4.3110584620117915,1.6247493829982944e-5,8.207928393164699e-5,217992_s_at
6329.961066605416,-0.15476259384588506,0.03593131046062418,-4.307179222296492,1.6534963341573245e-5,8.34432939747494e-5,214938_x_at
292.0907242986934,0.2757014106349999,0.06402316873912771,4.306275619664936,1.6602617152154164e-5,8.374449964625299e-5,225924_at
108.04970697060156,0.5755547553607963,0.1336589106114232,4.3061457910132495,1.6612359227177392e-5,8.378559758398087e-5,235419_at
481.0638920929989,0.2877487677134167,0.06682671442033282,4.305894285083477,1.663124721689545e-5,8.385671747450096e-5,202933_s_at
484.4832033039849,-0.19767257003334604,0.045910250237657754,-4.305630420441614,1.6651085340270512e-5,8.393258574454023e-5,202981_x_at
203.12462234656672,0.4706266044174868,0.10930819816164937,4.305501438432873,1.6660790793145684e-5,8.39734534710826e-5,202686_s_at
205.9609509648095,0.28421444891875985,0.06601822669021506,4.305090626750883,1.6691738905290734e-5,8.412137000658316e-5,224956_at
136.00650211442533,-0.6996304733106463,0.16251447873227517,-4.305034719172382,1.6695954883164203e-5,8.413454913508596e-5,1568604_a_at
196.1342542414042,-0.3119996639258647,0.07248577685995924,-4.304288060934223,1.675235758487194e-5,8.439449774878833e-5,209255_at
42.59285674455744,-0.666847987381499,0.154963043123472,-4.303271115101718,1.682947001148632e-5,8.47423557520027e-5,238429_at
307.24504859099505,-0.20831856221807474,0.048417857550587196,-4.302515079285005,1.6887017390548273e-5,8.500769271483468e-5,224653_at
158.65609552220369,-0.32943554278243703,0.07657972766442743,-4.301863597974969,1.6936756741617146e-5,8.523562666441378e-5,204354_at
619.7417437017778,-0.33747661322603517,0.07847629077551942,-4.300363968416695,1.705178169302042e-5,8.575496029617178e-5,202258_s_at
107.45147330688707,-0.4540492343336301,0.10559594974978286,-4.299873578575051,1.7089556939704585e-5,8.592026933982923e-5,212670_at
207.39220522491402,0.2571264438525762,0.059799255121064585,4.2998268679437475,1.7093159265699408e-5,8.593015994352083e-5,202303_x_at
11960.070130352207,0.10119863933270898,0.023539858334731906,4.299033490078203,1.715445523347781e-5,8.621356415226097e-5,200801_x_at
107.59665062383536,0.5125905769620263,0.11926038781914106,4.298079071647598,1.7228470673590772e-5,8.655243741323864e-5,203967_at
245.83726837890694,0.39340286178288913,0.09153159168977877,4.298000881665209,1.723454779813445e-5,8.657469173993098e-5,225726_s_at
841.4066313958928,0.17849036761584913,0.04153131241895404,4.297730007067867,1.7255616661150915e-5,8.66722429523201e-5,200667_at
289.6651863062174,0.18665610145972159,0.04346131604078908,4.294764136560938,1.7487915986701426e-5,8.779314797387902e-5,225058_at
224.29600202042485,-0.3594134061391081,0.0836866320633666,-4.29475290470483,1.7488801349821887e-5,8.779314797387902e-5,225802_at
248.76398191979428,0.20891088426338103,0.048667499082350546,4.2926159799146815,1.765802602303473e-5,8.86087940050193e-5,202212_at
180.10929585879674,0.30550059754148284,0.07118038194729176,4.291921301682568,1.7713373329664984e-5,8.885259348737363e-5,201604_s_at
412.8179757945148,0.3630925203289005,0.08460520591351547,4.291609675887537,1.7738255253378074e-5,8.89689126346661e-5,228726_at
520.3759336663844,0.2955611319649962,0.06888765854017813,4.290480156073424,1.7828721742360585e-5,8.93800097727767e-5,208708_x_at
1256.510811583107,0.19937869657190632,0.046480838532049,4.2894814910542705,1.7909073689294007e-5,8.972292265654502e-5,200073_s_at
1460.8429298740843,0.20140212790456827,0.04696451973469661,4.288388959203509,1.7997373255012697e-5,9.013092758185032e-5,226296_s_at
246.7954840587569,0.2466757086460357,0.05753012779442124,4.287765699521984,1.8047931390538247e-5,9.037551084310119e-5,204459_at
223.87714781458908,0.40228353443618514,0.0938553963191616,4.286205697413422,1.8175070895893256e-5,9.096882627264517e-5,208981_at
59.205938741040114,-0.5845853651550401,0.136450044916473,-4.284244578394167,1.8336112055977628e-5,9.172244745762881e-5,231180_at
556.5215486929923,0.36653086098260385,0.08556315631801141,4.283746378176182,1.837723875480832e-5,9.190193220289242e-5,203306_s_at
959.3036206106011,0.2762120984016762,0.06448200652212667,4.283553091774454,1.8393218299748322e-5,9.197309177211925e-5,201931_at
187.22877972961226,-0.5501846228626882,0.12852872306306046,-4.280635563404371,1.8636032428393808e-5,9.31252304118863e-5,241607_at
262.0930200365674,0.1975074102351776,0.046142182646027326,4.28040892105875,1.8655022225401027e-5,9.320239928070402e-5,202281_at
401.1567257635634,0.32373005266142835,0.07564211225494831,4.2797595547082405,1.8709533128089462e-5,9.344809009823357e-5,208290_s_at
716.4218821094481,0.7944362241609851,0.18563716779978898,4.279510582804141,1.873047322566819e-5,9.353490021871589e-5,41469_at
173.689170880075,-0.3670146346534027,0.08576258608040441,-4.279425929499351,1.873759818346054e-5,9.356159001744276e-5,222402_at
43.57833644134049,-0.8491533736336573,0.1984565728410688,-4.27878684730533,1.8791470759469625e-5,9.3812762828267e-5,203434_s_at
228.1692295160045,-0.27005249992289704,0.06311593810293188,-4.278673628877782,1.880103008000133e-5,9.385157055702791e-5,204313_s_at
1117.7419781315139,0.2421674827044305,0.05660002785034452,4.278575327643702,1.8809333660453917e-5,9.387518719767285e-5,225083_at
102.5176101061954,0.4460425137691383,0.10426135530088652,4.2781192751802415,1.88479024780189e-5,9.404463979266817e-5,209098_s_at
229.87021651656403,0.24216885817284542,0.05661339993794658,4.277589023769716,1.8892841087314615e-5,9.424721124847956e-5,210792_x_at
621.9371683430753,0.33103524828975134,0.0773984938185936,4.277024422020808,1.8940803055559447e-5,9.444164741763484e-5,224610_at
220.26348513418355,0.8582869995889871,0.20072738303403487,4.275883970666115,1.90380364293914e-5,9.489945618042641e-5,209728_at
226.72316178721186,0.47399912002017763,0.11090226465199034,4.274025616226863,1.9197496545337632e-5,9.561270218382051e-5,201746_at
148.72264243743578,0.3784723405403991,0.0885596348801966,4.273643867800451,1.923041041542751e-5,9.574033620427979e-5,204491_at
361.0903566230358,0.26402949046870605,0.06178283869575888,4.273508567142456,1.9242088763025643e-5,9.578940350971391e-5,225086_at
283.12659548456577,-0.26145668123725563,0.06118233911228074,-4.27340119764684,1.9251361065561773e-5,9.582648507667487e-5,218360_at
1045.9938924944481,-0.6648697743672146,0.15559921589658174,-4.272963527072766,1.928920182548494e-5,9.600574985666594e-5,200884_at
154.08526458386066,-0.564891964876469,0.1322147309106765,-4.272534240213419,1.9326386545059935e-5,9.617260851141746e-5,203706_s_at
199.38281040550544,0.34281421270788687,0.08024440664540333,4.272125959168325,1.9361815080421397e-5,9.633978694721322e-5,212445_s_at
927.8881716985653,0.19401991148940786,0.04542151625723432,4.271541935998364,1.9412601154781733e-5,9.657419927001127e-5,223070_at
1641.5972278645177,0.1885975505175918,0.04415551931582767,4.27121124244118,1.9441414168747423e-5,9.669923151848875e-5,208638_at
2273.7344359057874,0.2113518598656155,0.04950992277807835,4.268878802598262,1.964579717743878e-5,9.760495602789918e-5,200916_at
72.38100187399453,0.7234011914033855,0.16946429433946705,4.268752861616292,1.9656890940162987e-5,9.765084095560314e-5,213797_at
519.669089103708,-0.33434177162892476,0.07833135662537628,-4.268300538032698,1.969678397711519e-5,9.783977175173078e-5,222433_at
355.2511888201231,0.25363630720365593,0.05944802196602222,4.266522229261436,1.9854372019068837e-5,9.857597232783597e-5,212293_at
360.8862957188124,0.49646374859898995,0.1163647686125523,4.266443825897285,1.9861347435678787e-5,9.860128973499556e-5,210854_x_at
516.9085886970827,0.27212738140967574,0.06378766492031542,4.266144273342215,1.9888019624621762e-5,9.872437738286314e-5,203313_s_at
454.9753994981098,-0.400986266931118,0.09401630605880729,-4.265071493877889,1.99838200985666e-5,9.917183016620104e-5,200831_s_at
354.941282044842,-0.3762776017441534,0.08822995509519842,-4.26473754110106,2.0013732056484265e-5,9.929214334904882e-5,225885_at
455.33194058533456,-0.24893328655484656,0.05837712979000268,-4.264226203828839,2.005961487348411e-5,9.950099103927173e-5,229599_at
147.15120090187375,-0.42960956453603477,0.10075154681709565,-4.264049318428311,2.007551028675429e-5,9.957043861929831e-5,218859_s_at
360.27803676371366,-0.281887145361524,0.06613555034189539,-4.262263546674606,2.023665789719349e-5,1.0030343479478513e-4,226691_at
77.82898581677013,-0.5295963119370756,0.12425780320403187,-4.2620768940158715,2.025357230695784e-5,1.0037780450960603e-4,206805_at
289.9474873214918,0.27923472571053026,0.0655202070961808,4.261810792212941,2.0277709653000696e-5,1.0048795408805268e-4,225210_s_at
924.8932155384047,0.2010046941755894,0.04717353661167223,4.260963001994946,2.0354793096551227e-5,1.0082241247843103e-4,209669_s_at
551.3380260527678,-0.27769821090325225,0.06517720817682697,-4.260664405106949,2.0382008734833944e-5,1.0094770399118491e-4,217783_s_at
114.66355785339246,0.47440580311551445,0.11138112830597874,4.259301466333316,2.0506674522464193e-5,1.0145041634694372e-4,203370_s_at
269.539336693083,0.3038174165646897,0.07133251266927461,4.259171662342891,2.0518585273367808e-5,1.0149978637580682e-4,223743_s_at
1328.0830143465498,0.25737377392758143,0.060439972604289724,4.258337038182481,2.0595327464111642e-5,1.0186023334734832e-4,200921_s_at
234.1402085742617,0.2455473546637727,0.05766595927440158,4.2580988464155025,2.0617278844768377e-5,1.0195920508214523e-4,218438_s_at
74.87183138709423,-0.6275557356728038,0.1474095976456982,-4.257224398516751,2.0698057756713384e-5,1.0232017000717855e-4,220622_at
144.76599372501602,0.34779790995877563,0.08170227219113564,4.256893971628249,2.0728659989452533e-5,1.0245217691015596e-4,227126_at
760.2229074606871,0.2016943272993163,0.04738362164826948,4.256625396777421,2.0753565575620262e-5,1.0255598356945438e-4,220890_s_at
2692.704511761107,0.2003172267523317,0.04706527103977029,4.256157934011749,2.079698247610969e-5,1.0274155076607151e-4,203663_s_at
96.55814686986747,0.854636157110319,0.20082848977818515,4.2555523773258654,2.0853353812635912e-5,1.030006725816981e-4,210145_at
1950.3089133174062,0.19718855990549827,0.04635539194294705,4.253843008127136,2.1013265142310678e-5,1.0369306444028126e-4,208845_at
435.4002111869387,-0.2790541668309831,0.06562297117248994,-4.252385435238667,2.115054245689528e-5,1.0429213813845698e-4,209064_x_at
315.29674235961426,-0.2762318960349713,0.0649602352987602,-4.252322898224528,2.1156451385661307e-5,1.0431148758064025e-4,212652_s_at
5653.028172239609,0.7457310516770932,0.17542809131494425,4.250921537636124,2.1289274526363436e-5,1.0492699366580737e-4,211430_s_at
680.8986357803218,0.2673169338171275,0.0628930909047886,4.250338629752005,2.1344756894797886e-5,1.0518071766049771e-4,206055_s_at
264.732617878038,0.20795395114345808,0.04892963274527212,4.250061557299382,2.1371177457500377e-5,1.052911652855981e-4,38340_at
712.9261016865498,-0.8523704813962176,0.20058354814963059,-4.249453603046096,2.142925877658593e-5,1.0555752795432532e-4,226654_at
256.35196033346483,-0.3937896523341768,0.09267372694850529,-4.249204875001826,2.145306446562558e-5,1.056351869133783e-4,233329_s_at
736.0370530914377,-0.3247923967564966,0.07648179072387687,-4.246663077347372,2.1697786699839034e-5,1.0671022667259409e-4,218049_s_at
324.2640287233722,0.35105465939292013,0.0826801018503361,4.245938884163253,2.1767996399592392e-5,1.0700545157461216e-4,200808_s_at
1042.4089816703674,-0.27122967858087654,0.06388183453967665,-4.245802903678624,2.178120364397084e-5,1.0705034848080461e-4,220755_s_at
242.1739239258946,-0.2345071265603714,0.05525697185148254,-4.243937347682935,2.1963169599310273e-5,1.0783374580737595e-4,222132_s_at
90.8211514098791,0.44955130788983094,0.10595943291197751,4.242673781231744,2.208723855674196e-5,1.0838214146694838e-4,203887_s_at
100.17447093621873,0.40531719424497703,0.09557502344065592,4.2408275682678225,2.226971730525335e-5,1.0921637955023184e-4,1553997_a_at
702.9882210818768,0.2502360976846613,0.059018438489696276,4.239964731163614,2.2355490849585944e-5,1.0960316548818937e-4,219549_s_at
202.55337904447308,0.8875679079478541,0.20938364321579017,4.2389553181722475,2.2456234405814505e-5,1.100386893205758e-4,204818_at
516.1067208194296,0.6460876274187609,0.15241860481668437,4.238902647060823,2.2461503042330173e-5,1.1005424490831809e-4,207850_at
119.12904685249637,-0.5953345306033739,0.140480055043244,-4.237858039136673,2.2566237443518664e-5,1.1051589251762928e-4,220048_at
5067.122413685097,-0.12837814223450372,0.03029712935304619,-4.2373038296315055,2.2621992094863546e-5,1.107683008062479e-4,208768_x_at
388.02943491687506,-0.2507373356727274,0.05919953304556898,-4.235461375678787,2.2808290772087705e-5,1.115859242682429e-4,218603_at
848.9971465041783,-0.36603591422907694,0.08642600530788523,-4.235252027732919,2.282955100742608e-5,1.1167016229004748e-4,226374_at
223.22647072695443,0.2372783591302535,0.056030839226025086,4.2347814597794375,2.28774081821895e-5,1.118938398889518e-4,225001_at
294.44113776418845,-0.3061183573779798,0.07228777546401584,-4.234718185931211,2.2883850465326595e-5,1.1191493368274463e-4,223189_x_at
470.7743513484735,0.42263249603586445,0.09981105543161194,4.234325488376804,2.292387193989998e-5,1.1207937165592181e-4,213017_at
227.52475406059924,0.5360526567323247,0.1266374315485365,4.232971643355473,2.3062359307975202e-5,1.127145197685603e-4,209183_s_at
701.2204426117795,0.304035710554234,0.07185229039335012,4.23139901163641,2.3224226321684118e-5,1.1347396709834391e-4,224604_at
1942.2248008954155,0.2965013682236402,0.07007545228119322,4.231173093737063,2.324756809936453e-5,1.1357745597229744e-4,221923_s_at
1183.8278861904573,0.3688102142833833,0.0871902877629591,4.229946061034384,2.3374735192336917e-5,1.1414622002332374e-4,213506_at
166.07472120009552,-0.3500027394017064,0.08275194824765326,-4.229540775937345,2.341688331363267e-5,1.1434087946340718e-4,201235_s_at
221.67890749358713,-0.29331671446254454,0.06941766653994681,-4.225390006357441,2.3852731182619894e-5,1.1627459740018606e-4,229396_at
4976.323641209799,-0.21019332855973644,0.04978291900581962,-4.22219774889385,2.419317064889265e-5,1.1778118483389574e-4,217848_s_at
206.60025502288602,0.25991885090314965,0.061575754649905584,4.221123271341802,2.4308794912678425e-5,1.1828929702230575e-4,225392_at
147.1521504878247,-0.34693399473084735,0.08219488379161698,-4.220870919538072,2.433602656245545e-5,1.1841084528870324e-4,204917_s_at
998.7461434671814,0.16927860801776343,0.04011772675274965,4.219546363158804,2.447943797941888e-5,1.1904250796431756e-4,201098_at
292.3691808386977,0.2509158133434882,0.05947394916034845,4.2189196595469225,2.454757184079716e-5,1.1935175229172485e-4,201514_s_at
195.49553386387282,0.30509982939250413,0.07234487228253324,4.21729722876526,2.472479808477352e-5,1.2016896684982776e-4,212792_at
378.3537960915167,-0.20250540543251452,0.04802784086552352,-4.216417015279188,2.4821456855629863e-5,1.2058299534024514e-4,208774_at
281.3676442095136,0.2563744318108883,0.06081742842607101,4.215476360078825,2.4925150203174865e-5,1.2101961786563672e-4,218632_at
150.74680049538438,0.34363263377507525,0.08151862049978165,4.215388234838882,2.4934885792643098e-5,1.2105570327450951e-4,211126_s_at
238.77099264182013,-0.27166004230685714,0.06444721107816148,-4.215233487410157,2.495199018700742e-5,1.2112755332421835e-4,202699_s_at
290.0826441707868,0.20562483014258814,0.048786874615665214,4.214757181362117,2.500470686395294e-5,1.2137225127257624e-4,201102_s_at
529.8120549782032,0.633519691534334,0.15037403418590428,4.212959338120348,2.520464509876609e-5,1.222975642618921e-4,202504_at
448.1788152547107,-0.4698088036647223,0.1115448643559975,-4.211837150703046,2.5330213473761783e-5,1.22838796613461e-4,1554452_a_at
521.6001120091439,0.22095093854597644,0.05247764925960251,4.210381784689912,2.5493949679639725e-5,1.2357581917208873e-4,225549_at
5316.642835294088,-0.13129186760889333,0.031194647396207573,-4.208794731395325,2.567364869814658e-5,1.244009712043514e-4,221775_x_at
443.91726155868906,-0.6302263264095684,0.14975897307909655,-4.208270886557887,2.5733226642477063e-5,1.246551906051039e-4,201540_at
306.7756420473076,-0.32047249017346713,0.07615300938907887,-4.20827085816291,2.57332298754571e-5,1.246551906051039e-4,224582_s_at
192.56355586993905,-0.23840498065651466,0.05665817305837784,-4.20777740946348,2.578947106741527e-5,1.2491611635732184e-4,212469_at
527.9585661334365,0.23903374740898561,0.056819958520214375,4.206862405996768,2.5894068808954885e-5,1.253765332767473e-4,208898_at
352.18667369537775,0.5056917668147256,0.12027501398734067,4.204462340515307,2.6170350573933563e-5,1.2664425451772602e-4,202391_at
347.1591251602082,-0.2036275477331522,0.04846206558950935,-4.2017925826346065,2.6480971012708046e-5,1.2801774911248812e-4,212331_at
579.8982798862047,-0.25152928801541136,0.059862356791481254,-4.201793940248028,2.6480812170037245e-5,1.2801774911248812e-4,212498_at
166.0243255751913,0.31203602589777196,0.07426618797274305,4.201589369475844,2.65047574581016e-5,1.2812095506374832e-4,204791_at
410.5171028522961,0.23791605679373595,0.056653831674739995,4.199469828619105,2.6754067520643246e-5,1.2919537484883627e-4,201765_s_at
211.00094726654913,-0.30255215864223933,0.07205203832957303,-4.19907841133288,2.680035107424809e-5,1.2938642042736496e-4,207540_s_at
108.9797554040056,-0.439349057193297,0.10464047725266548,-4.198653033017446,2.685073671870133e-5,1.2959074456007252e-4,228442_at
63.74743260137957,0.4698979260230942,0.11192273673287355,4.198413474686573,2.6879151803645227e-5,1.297040624266616e-4,227761_at
108.5684829757984,0.3847040818559001,0.09164623153607261,4.197707591549772,2.696304611821283e-5,1.3007306092312806e-4,226876_at
890.2294334873495,0.3339377044214029,0.07957226352574029,4.196659610083603,2.7088058248764663e-5,1.306281715182215e-4,200973_s_at
189.15283324706516,-0.3438694960122829,0.08196426119425806,-4.1953589406156,2.724397973135079e-5,1.3130778712412043e-4,1557411_s_at
1597.5317732698481,0.15522707505683792,0.03700016794358032,4.195307310321829,2.725018663708409e-5,1.3132565873684706e-4,212626_x_at
608.4013880317037,0.22462342272906322,0.05354420934013926,4.195102056734918,2.7274875173202165e-5,1.3140848825196795e-4,223051_at
178.60459714167297,0.3630273739393266,0.08655981692962177,4.193948032890241,2.7414081163518274e-5,1.3199446829752996e-4,224920_x_at
410.04416164865717,-0.29328690284341463,0.06995071293810741,-4.192765027325965,2.755748418046217e-5,1.3261203402802023e-4,203843_at
1582.780019511733,-0.25658278955549646,0.06122272502120911,-4.190973032752294,2.77760676004714e-5,1.335294051111575e-4,221829_s_at
2130.8801308514567,0.17313199440087126,0.041313671110948,4.190670781493243,2.7813097604949354e-5,1.3369519176168555e-4,200863_s_at
257.6185078298323,0.2905027272660919,0.06939189392222059,4.186407242201923,2.8340467317135428e-5,1.3604356223828417e-4,229235_at
374.85417856868816,0.24225633960454565,0.05787054526989475,4.1861768966357324,2.8369228422341205e-5,1.3616918718674945e-4,224954_at
207.9019719568195,-0.3277656595020217,0.07831186616901399,-4.185389463132347,2.846775761393679e-5,1.3660468714781174e-4,222158_s_at
316.2902650255537,-0.2164950102217478,0.0517401756956086,-4.18427280756456,2.860803928890455e-5,1.3723032525845663e-4,212961_x_at
91.42820834221735,0.6163107775621335,0.14734855901010957,4.182672580597469,2.8810216490510665e-5,1.3813448749587607e-4,227051_at
488.19904936026876,0.17632632306324894,0.04215745990409399,4.182565160813343,2.882383674520161e-5,1.3818718448342686e-4,228301_x_at
210.4668525806642,0.2678834890003286,0.06405823395032376,4.181874405218046,2.8911567205383673e-5,1.3859513845769714e-4,218593_at
972.558020585793,0.19474754881768835,0.04658853178949612,4.180160681981317,2.9130318557671314e-5,1.395673955219125e-4,208847_s_at
1310.8994806424826,0.31950277965126384,0.07644549037790735,4.179484990832105,2.9217000090438994e-5,1.3995718008868207e-4,222404_x_at
64.31478630480223,0.5543111202798973,0.13263245330950585,4.179302323439488,2.9240475776527806e-5,1.4005686875315733e-4,205428_s_at
442.47449957434105,0.3466926329004492,0.08296222284788292,4.178921694710791,2.928945028209665e-5,1.402530997836271e-4,202598_at
580.4319183332024,0.16939751309909964,0.04053743355287053,4.178792248358907,2.930612356592552e-5,1.4032015469056576e-4,219350_s_at
165.93791073043664,0.3642734122672864,0.08718321945877128,4.178251440227558,2.937587976453478e-5,1.4062852843371842e-4,225793_at
440.2483038048739,0.24430334542326132,0.05847214792887842,4.178114779029761,2.939353198788795e-5,1.4070021678581505e-4,225315_at
1567.5318785324703,-0.4906335493122844,0.1174518511154801,-4.177316446293277,2.9496852504329747e-5,1.4116907262658643e-4,225667_s_at
1023.6747589702803,0.32639499107635045,0.07815331189967314,4.176342411379184,2.9623380005710148e-5,1.4176171123839838e-4,200732_s_at
208.64467290089578,0.2804579854743146,0.06718166981187483,4.174620640714436,2.984830150869358e-5,0.00014277306248183149,202551_s_at
223.7985193176819,0.5160590437670423,0.123619281541813,4.1745837488344435,2.9853138552050475e-5,1.4277664615953734e-4,201389_at
360.69297247724876,-0.3011856566931141,0.07214920814899796,-4.174483191431909,2.9866326822346054e-5,1.4282028569805044e-4,204215_at
203.29967750889267,-0.35548377209455545,0.08518077282473585,-4.173286532936053,3.0023696213160894e-5,1.4347004477744717e-4,228950_s_at
390.53735006771166,0.3295441570491082,0.07896605678342615,4.173238103466689,3.0030081607445447e-5,1.4348585405924975e-4,202054_s_at
62.251080263727985,0.4150758871634774,0.0995072455777781,4.171313201901871,3.0284926350440844e-5,1.4463776984924284e-4,223785_at
94.40179849900042,-0.6640535509241747,0.15920678824211368,-4.17101279572524,3.0324883159119603e-5,1.4478912596932602e-4,221667_s_at
198.22672653682608,0.3031713458962032,0.07268967325967482,4.170762259628837,3.0358245094556842e-5,1.4492208308650563e-4,225517_at
17038.933453614267,-0.09180510916963978,0.022012780842217135,-4.1705366454006425,3.038831822567146e-5,1.4503929488983178e-4,1553567_s_at
225.02319592057057,0.3394487572997139,0.08139263968060483,4.170509257738224,3.0391970776268895e-5,1.450435554101013e-4,225601_at
63.63878850258519,0.8145594173837543,0.19538032513317868,4.1690964370569015,3.0580958274216796e-5,1.4587924853800394e-4,229152_at
106.77580932724085,-0.5943701584132428,0.142603811001022,-4.167982287717283,3.0730780740361154e-5,1.4655403366868784e-4,203549_s_at
5161.210881491189,-0.11291355672906837,0.027092145312648738,-4.1677598959411855,3.0760769715679605e-5,1.4665712525064193e-4,220960_x_at
331.36744683240113,0.1620433568106751,0.038892921094631695,4.16639718102947,3.094513659228852e-5,1.474424939683709e-4,224781_s_at
451.6327174609634,0.18932277241027284,0.04544781112466713,4.165718166072833,3.1037394603877136e-5,1.478284607587601e-4,209190_s_at
411.9697308902951,-0.2404540395043833,0.05772271639757255,-4.165674356837705,3.1043355947520076e-5,1.4784345523026463e-4,233759_s_at
170.6373670059236,-0.3955364050732395,0.09495714096481721,-4.165420325995184,3.10779446575952e-5,1.4796795647175736e-4,230206_at
401.1860935193277,-0.1998470459781243,0.04798298298227273,-4.164956689998986,3.114116753200862e-5,1.4824211218090411e-4,224688_at
241.52115911710533,0.22137965690173247,0.05315951525046026,4.164440850498834,3.1211652668309355e-5,1.485641875129363e-4,226009_at
11.873729789453858,-0.5637245664020057,0.1353967981458447,-4.163499980219482,3.1340605281212536e-5,1.4911046260626865e-4,219465_at
191.50599574059217,0.27537906845173216,0.06615964085160884,4.162342251364196,3.149997459096065e-5,1.4980089264802698e-4,228760_at
97.07659255040696,0.7048223984552053,0.16935114682634544,4.161899176141619,3.156117043015709e-5,1.5007833430930834e-4,210619_s_at
177.89849514064727,0.2901307546085074,0.06971791814227946,4.161494811368466,3.161711830651902e-5,1.5031551442293233e-4,235142_at
826.341181820299,-0.19049207747112432,0.04578668332921743,-4.16042533811501,3.1765545098256604e-5,1.5094090932131805e-4,202276_at
1470.6168721926756,-0.20880824031429623,0.05020733411781882,-4.158919089874345,3.197571289268668e-5,1.517927886130401e-4,223993_s_at
252.30518721481283,0.27784942053328915,0.06681309777510525,4.158607066365012,3.201941460819758e-5,1.5198232616683667e-4,212789_at
802.2488801585921,0.21160745422377017,0.050886497049646866,4.158420533787532,3.2045567279523624e-5,1.520757714361927e-4,208801_at
278.36697521417614,0.2284093346490161,0.05492742579240933,4.158384110558137,3.205067634104484e-5,1.520757714361927e-4,224859_at
887.0857941160588,-0.2730561843102671,0.06566599710147204,-4.158258404091849,3.206831504637676e-5,1.5214572799018546e-4,202427_s_at
314.6010220231579,-0.2074559163327794,0.049898868667214547,-4.157527452502863,3.217106256661709e-5,1.525781086658239e-4,225463_x_at
561.4722508985066,0.35130007505327276,0.08450248058808078,4.15727529663578,3.220657980941996e-5,1.527327734438059e-4,212454_x_at
319.7079572905493,-0.33020756848669414,0.07944911155363704,-4.156214739591733,3.2356372111048165e-5,1.5341544387622024e-4,221958_s_at
295.0246358798953,0.23352920407047825,0.056208156870295845,4.154720899483732,3.256848409821502e-5,1.5437937343714192e-4,201501_s_at
1716.737293845182,0.18539582038545546,0.044625385393453065,4.154492308600984,3.260105827372376e-5,1.5450590824396052e-4,200779_at
117.94282138263196,-0.5363284246666812,0.12911708370204678,-4.1538145789005245,3.269781669375942e-5,1.5489463300196797e-4,217014_s_at
277.53740995288,-0.3788061317863638,0.09119789417757183,-4.1536719153710795,3.271821927400256e-5,1.549773137202281e-4,212240_s_at
408.1040712376313,0.7068485399268611,0.1701902885863679,4.153283632092502,3.277380966667366e-5,1.5517070209210518e-4,201645_at
457.5637328206573,0.24149294386369838,0.058159517800279815,4.152251480024074,3.292201915705129e-5,1.5585560365577106e-4,225294_s_at
391.3122155862454,-0.2617871787052076,0.06304975069134611,-4.152073177684098,3.29476864772172e-5,1.5592370239744915e-4,214527_s_at
497.87586858841934,0.21521903320041744,0.0518358829909435,4.151931457172619,3.296810125841578e-5,1.5600626630062878e-4,202798_at
108.5166155872886,0.4036688662754647,0.09726146989433467,4.1503471694805,3.319713675633292e-5,1.5706178655854524e-4,201951_at
247.40740492165816,0.4871451838705021,0.11739965770687633,4.1494600017217005,3.332605116280339e-5,1.5764332068496576e-4,218857_s_at
367.6223893279097,-0.27860287939086553,0.06715434331678445,-4.148694866639132,3.343761477500212e-5,1.5811412694668537e-4,223002_s_at
157.3794148622555,0.3274828788983986,0.07893720725523573,4.148650430962357,3.344410478604319e-5,1.581305877575991e-4,221214_s_at
691.8915227691464,0.2790668711451676,0.06727648713253906,4.148059493584849,3.353052743371043e-5,1.5851068982200393e-4,225301_s_at
3089.2226061621154,-0.23476118464344833,0.05660047575151854,-4.147689246890295,3.3584782840336435e-5,1.587243414920001e-4,210949_s_at
317.8163697257591,0.24958050569104098,0.06018295624449624,4.147029678587204,3.3681641664581385e-5,1.5905512063293714e-4,213656_s_at
562.1088736145912,0.20779073533407053,0.05011220141205886,4.146509821539557,3.3758170552859275e-5,1.593574863230905e-4,226052_at
269.6404066018771,0.20789267325677108,0.0501466418583599,4.1456948172914085,3.3878481002040495e-5,1.59813326722194e-4,45749_at
188.94616051834475,-0.629203908497023,0.15180185557872075,-4.14490261728542,3.399581534767896e-5,1.603496750836403e-4,226789_at
216.30421079625452,0.5189865641955997,0.12522024705051285,4.144589844054889,3.4042247017182815e-5,1.6052734646961275e-4,229147_at
421.4539820382731,0.25656566108772516,0.06190712199992198,4.144364215284447,3.407577934811829e-5,1.6064762841749437e-4,217834_s_at
375.09464260247637,0.21226816651064645,0.051220276086273726,4.144221443732732,3.4097013869493684e-5,1.6072602627117868e-4,224445_s_at
840.0996469177279,0.18551867426319932,0.044767753227654014,4.144024680438964,3.412629922055993e-5,1.6084964387778534e-4,200768_s_at
305.9838045321474,0.2091949275746429,0.050482090258765905,4.14394345603226,3.413839525575478e-5,1.608922270891343e-4,225425_s_at
688.4812536000366,-0.2727867545209496,0.0658292060447208,-4.143856061937509,3.4151414636057225e-5,1.6093915394398776e-4,204274_at
141.47929988343668,0.3924814518911549,0.09472094726505945,4.143554970928094,3.419630525586103e-5,1.6110736229641603e-4,221589_s_at
75.62732584320094,1.0039607122499032,0.24234361533203183,4.142715750420698,3.4321723309457704e-5,1.6168374388716747e-4,223642_at
135.23272978938414,-0.4538869113790714,0.10962898176890408,-4.140209131339529,3.469893355961441e-5,1.632850782854563e-4,242343_x_at
242.2810701299321,-0.28489549058785635,0.06883692006793986,-4.138701881296745,3.492764511245615e-5,1.642289935796744e-4,212935_at
449.9652548436106,0.4339732372081157,0.10488481689101785,4.137617341307295,3.50930991496717e-5,1.6494792350521835e-4,224657_at
313.54348012155174,0.1672168000888918,0.04041892924009214,4.1370912894700576,3.517361978607533e-5,1.6531160921457727e-4,219988_s_at
223.71786235637688,-0.3813206569890685,0.09223934388261167,-4.134034794028413,3.564494749108945e-5,1.6731730711385453e-4,212179_at
218.88850514702455,-0.279468784455627,0.06765283536215298,-4.130924934034179,3.6130655907645086e-5,1.694307567208334e-4,204305_at
469.97116281513945,0.19231558847799035,0.04658724942204548,4.128073472115849,3.6581523913269174e-5,1.7133102288013083e-4,209033_s_at
751.6301523767405,0.15471221574781582,0.03748890408403707,4.126880193696911,3.6771784025313914e-5,1.7214540688280307e-4,201330_at
227.19160364457852,-0.44513958870721343,0.10788249878404431,-4.126152005417296,3.6888349876682846e-5,1.7259885500526978e-4,223839_s_at
162.690521490811,0.3210858442335606,0.0778181694860277,4.12610379239532,3.6896080019660434e-5,1.726196554218138e-4,201797_s_at
11968.12889868634,0.09836359176733607,0.023840673386578567,4.125873047810436,3.693309731133842e-5,1.7276208242991359e-4,224594_x_at
665.1730901967912,-0.2083775877914914,0.05050978807525241,-4.1254892513316115,3.699474612336174e-5,1.730042612357317e-4,205370_x_at
720.4690413175783,-0.5494032262491946,0.13318015677630063,-4.12526339920153,3.7031070154654016e-5,1.7315872060749953e-4,213435_at
49.04057807916394,-0.7361336527232623,0.17846351898511018,-4.124841070654224,3.7099084567352495e-5,1.7344589363514306e-4,209541_at
310.0840503212601,0.2861090853728642,0.0693655599955434,4.12465617507083,3.7128898612611596e-5,1.735698396804118e-4,226605_at
146.7740645563699,0.31110357477878653,0.07545539912704836,4.123012778117634,3.739489454685706e-5,1.7473559953903493e-4,227894_at
917.1561807009529,0.23938924439065223,0.058066168832856355,4.122697419210399,3.744614417122577e-5,1.749388188637906e-4,201769_at
845.0441871848077,0.19388064269088226,0.04702777503766718,4.122683723301653,3.744837143162546e-5,1.749388188637906e-4,212506_at
6.285120808291756,-0.620261617030045,0.15049712685354308,-4.121418328694443,3.765469630004607e-5,1.7585576373879155e-4,207912_s_at
308.0049683675109,0.24422954552932039,0.05927007600257478,4.12062143329647,3.7785184831972046e-5,1.764181417607906e-4,221517_s_at
317.00824694016075,0.3269950673335521,0.07936842175120569,4.119964339955956,3.7893104113795694e-5,1.7689058390446075e-4,226525_at
266.3534858435022,0.4817413660241108,0.11695101488986727,4.119172172022333,3.8023596703697946e-5,1.7745245548052052e-4,224356_x_at
288.186260481844,-0.34700789279163397,0.08428428546706572,-4.117112589478238,3.836486774555236e-5,1.7893390659387283e-4,210543_s_at
203.142069140125,0.2704264698008342,0.06569994357429731,4.1160837451103776,3.853643337502738e-5,1.79654370583801e-4,1555786_s_at
925.7862312187782,0.4960562173229584,0.12051788560730725,4.116038169963392,3.854405010827658e-5,1.7967394087195027e-4,213428_s_at
533.1801047827831,0.20794246537355168,0.05052111645052403,4.11595150667726,3.8558537627161654e-5,1.7970959440030627e-4,208809_s_at
760.3443177627321,0.21100284465205574,0.05127009278785807,4.115515170318281,3.863155862251976e-5,1.8003395688994444e-4,202737_s_at
549.2869626033166,0.5819888521921625,0.14142131128467034,4.1152839476976935,3.8670306972301644e-5,1.8018257936185307e-4,223434_at
769.4856737554858,-0.22833274568122047,0.055492872753059114,-4.114631922144152,3.8779772376856154e-5,1.8061256269880346e-4,223516_s_at
181.83480664074293,0.3119841913854168,0.07584418415435391,4.113488659202711,3.897241955788131e-5,1.8138120239504906e-4,222642_s_at
504.774228122821,0.1742824378686826,0.04237661907634427,4.112702751361578,3.9105376552960646e-5,1.8191944404393146e-4,223104_at
356.12316324095036,-0.31645572437171243,0.07695987070144401,-4.11195758890191,3.923183791734737e-5,1.8245929291223662e-4,225585_at
113.50521598520447,-0.4449112928582385,0.10820910661690622,-4.1115882643164445,3.9294659683583333e-5,1.8270295894992823e-4,224320_s_at
426.75307652734443,0.39393344320832246,0.09581702832433861,4.111309337155251,3.93421682021926e-5,1.8290767053238057e-4,227314_at
257.81306148394606,-0.42526213156512116,0.10347998799145866,-4.109607469226057,3.963322353936471e-5,1.841367898145507e-4,209488_s_at
125.60948451419031,0.46227953532239346,0.1124921370139064,4.1094386469451285,3.966220686342557e-5,1.842325985063167e-4,202664_at
2763.2465526944793,0.1564082381392363,0.0381054692494492,4.104613884042305,4.049907274228127e-5,1.8772166774544448e-4,200006_at
5141.298085530489,0.17054229887038244,0.041557744650122096,4.103742883695721,4.065192421733644e-5,1.8834710617278492e-4,208687_x_at
270.2399016982362,0.45284937924183466,0.11036714114643607,4.103117780689727,4.0761960525370936e-5,1.8881408207528405e-4,201865_x_at
184.29366103667155,-0.2679960580281653,0.06531799778852626,-4.102943554636045,4.079267970587437e-5,1.8891597543730363e-4,205070_at
601.3785542473826,-0.2909783608440173,0.0709310310098059,-4.102271695497995,4.0911346351399e-5,1.8941546085379462e-4,209679_s_at
428.96012451892307,0.39686371928757924,0.09675380390231555,4.101789317640268,4.099674793854727e-5,1.8976070910361223e-4,219787_s_at
2973.9793605982813,0.17303816746202152,0.04218716515893525,4.101678005860794,4.101647890902134e-5,1.8983531770891304e-4,208680_at
291.8359115153583,-0.4282784341552634,0.10443007457868611,-4.101102444703931,4.1118645910576864e-5,1.9029141574361186e-4,227808_at
101.65036728191417,-0.5737061901316219,0.1399467510801352,-4.0994605855702275,4.1411418437119766e-5,1.915114118747265e-4,209526_s_at
522.4171145837774,0.22093489551525947,0.05391852688126533,4.09756920847973,4.175113599577926e-5,1.9289575394480733e-4,213330_s_at
573.5920830215932,0.30463838544093247,0.07437424712208965,4.096019754537493,4.203140807584827e-5,1.9400304057773845e-4,223151_at
97.4492109376652,0.45642788428558123,0.11147537923198869,4.094427733102574,4.2321238690901175e-5,1.952550590959196e-4,225622_at
315.7697354903277,-0.21242349503355487,0.05188805283636417,-4.0938806415314994,4.2421274785069176e-5,1.9569940967824133e-4,213315_x_at
190.0965518916373,0.27330304018404944,0.06681048064254429,4.0907210598633625,4.3003409717991496e-5,1.9819356259925678e-4,1554482_a_at
552.8750434422291,0.21662438337522963,0.052954959082394025,4.090728935097051,4.3001949375074436e-5,1.9819356259925678e-4,212640_at
217.81655426956007,-0.2522580197579614,0.06168481819815643,-4.089466859537581,4.323658352201771e-5,1.9918087398458262e-4,217843_s_at
245.36071746132205,0.2352904277847678,0.05753970267246505,4.089183934858309,4.3289348812004723e-5,1.9938899539580161e-4,208149_x_at
188.5065447020465,0.3036713729349962,0.07426548165018919,4.088997555625799,4.332414179993265e-5,1.9953176304913334e-4,210676_x_at
292.0611131270633,0.48897811649484785,0.1196206117905902,4.087741311262151,4.3559348460102116e-5,2.0045691759826677e-4,228846_at
429.5648528465396,0.26431042575559205,0.06467537522383823,4.086724272427132,4.375065541600937e-5,2.0123157226789395e-4,212721_at
2404.935661049056,0.19719255030857782,0.04825407743610642,4.086546894812815,4.3784101998864575e-5,2.0136778650987387e-4,208909_at
293.5713333987497,-0.2997444546538425,0.07336892852566608,-4.085441353405962,4.3993111809023456e-5,2.0227594033345745e-4,225219_at
617.0249635162858,-0.2530645769577595,0.06195084648732437,-4.0849252481084095,4.409100858427178e-5,2.027083251804583e-4,225162_at
165.51627682690176,0.4198019953272628,0.10278050677564961,4.084451502497561,4.418105227481319e-5,2.0306900658129546e-4,212590_at
299.9583161965916,0.2392585698552952,0.05860434587986838,4.082607974940041,4.4533109857224055e-5,2.045440530883196e-4,209572_s_at
513.4726137474985,-0.2568321541765587,0.06292005207157456,-4.081880826868991,4.467270337122744e-5,2.051493580017028e-4,208979_at
181.9730577826301,0.2699330542780853,0.06615035907400826,4.0805984737904035,4.4919893667253095e-5,2.0621244687183955e-4,229519_at
525.1961569683441,0.21020613010017009,0.05151933121839274,4.080140893310453,4.500841189263684e-5,2.0660075802302703e-4,224630_at
385.54424416735964,-0.2933245394599017,0.0718933829940958,-4.079993557738002,4.5036948919978686e-5,2.0671369550572574e-4,201870_at
371.04448159934316,-0.3035688786583626,0.07445885202122733,-4.077001866370686,4.5620126737531365e-5,2.092442084625784e-4,224970_at
582.042324048427,0.34364779300060366,0.08429837117886499,4.0765650414697685,4.570587491363154e-5,2.0960092061177938e-4,204981_at
1070.278920077946,-0.33922968569500417,0.08323287812750134,-4.075669294714895,4.588218716837566e-5,2.1033604888754488e-4,228155_at
109.0037511871063,0.6559242923262019,0.16098436368533306,4.0744596388771,4.612131083223541e-5,2.1135850797674395e-4,220310_at
139.0067677509359,0.45741877398774244,0.1122847354397218,4.073739606692133,4.6264206719992947e-5,2.1197638360614729e-4,227342_s_at
2716.7386000817905,-0.3082455678920007,0.0756674803125006,-4.073686167676938,4.6274828819451565e-5,2.120065690678631e-4,226227_x_at
1841.2126120492433,0.18393736235543678,0.04515643619183907,4.073336557694937,4.6344378045532984e-5,2.1228819348077576e-4,213507_s_at
324.4441374209566,0.17997765133610125,0.04418725301915815,4.073067209180639,4.639802814457103e-5,2.1249690380041705e-4,222125_s_at
331.15228112740203,-0.5930339073094668,0.14560126100409623,-4.072999802472747,4.6411463739136826e-5,2.1252233372281542e-4,222108_at
699.5516982872953,0.25075017802481553,0.061584944980956874,4.071614874420231,4.668832737952047e-5,2.1367746730848375e-4,201477_s_at
1260.3446846320899,0.17297006971850618,0.04249691597982042,4.0701793466763725,4.69769590698564e-5,2.1496100191181834e-4,200611_s_at
352.51479401873365,0.48034847812736586,0.11803678685773296,4.069481141555631,4.711795317236921e-5,2.1553110897560201e-4,213843_x_at
196.7053913769898,0.3584594075172635,0.08810260217252913,4.0686585716878305,4.728457604992868e-5,2.1623682646431882e-4,228597_at
47.38787758615146,-0.7482714070874898,0.18391481431906465,-4.068576040804147,4.730132462374546e-5,2.1627577990919776e-4,1558048_x_at
250.3598351388056,0.30661490736868147,0.07536812775258844,4.0682303848015,4.73715321643502e-5,2.1657794705221925e-4,202932_at
58.37359064868266,-0.4303238185925935,0.10578841065770922,-4.067778463795591,4.746347264879143e-5,2.1694167173287395e-4,207504_at
129.63592755716235,0.3957901019051092,0.09731177970610885,4.067237318035229,4.757378794169258e-5,2.174080740424097e-4,221563_at
320.57589612037964,0.16937644434898194,0.04165830175190935,4.065850916287504,4.785752320763606e-5,2.185716759063271e-4,212440_at
111.22304810751703,-0.6150098141922343,0.15128985147925064,-4.0651095111728806,4.800991378105955e-5,2.1915339258662413e-4,235371_at
1763.3587752136877,-0.23969526542550126,0.058977307040623504,-4.064194814124006,4.819855724175022e-5,2.1989990253346134e-4,200037_s_at
174.03351210304177,0.5353019601977338,0.13173033296243364,4.063619579177631,4.831755109619896e-5,2.204236614852118e-4,236225_at
559.4180713549742,0.5595954532273624,0.13772017635633582,4.06327865700281,4.838820609483351e-5,2.206502197924408e-4,217762_s_at
104.4245510920804,0.5926860060918907,0.1459448465347393,4.061027300137066,4.8857257399588626e-5,2.226924809521232e-4,202988_s_at
530.7310711773736,-0.36764681273115785,0.09054348855216189,-4.060444529032669,4.8979373294728665e-5,2.2319101570546866e-4,219215_s_at
270.1579870254191,0.38774429708246,0.09549719035289134,4.060269162366204,4.90161768373671e-5,2.2331999631651416e-4,211596_s_at
294.0063018220255,0.34010627777235847,0.08376535833960216,4.060225903809746,4.9025259378042637e-5,2.233420146804484e-4,203566_s_at
108.02073605730725,0.560309522151631,0.13801075080877304,4.059897644698657,4.909423247020157e-5,2.2363684608121465e-4,214157_at
278.85134868194586,-0.3780103224927318,0.09310905406765342,-4.059866425214329,4.910079702870658e-5,2.236473641052735e-4,204447_at
302.8604952864482,0.23510723466140213,0.05791428455147411,4.0595724609606325,4.916265006430673e-5,2.239096898760357e-4,218696_at
1399.7945825569245,0.25615046405891995,0.06311680659899993,4.058355893800536,4.941941426389016e-5,2.2494265522470842e-4,200617_at
713.8379205889843,0.42815959741685167,0.1055142769612882,4.057835676341106,4.952959701001533e-5,2.2538561271662877e-4,223218_s_at
198.4383748429741,-0.2523227016071534,0.06218703269636799,-4.057480967762757,4.960485823219292e-5,2.2570854714585862e-4,205928_at
288.65495642030373,0.2017782897438288,0.049741163641136975,4.0565655278911485,4.979959531065767e-5,2.2655539577184065e-4,202080_s_at
417.3459088536565,0.23712800557625627,0.058475059029791665,4.055199079926455,5.0091621772862945e-5,2.277853327551302e-4,218105_s_at
244.58251747237,0.37955668665764797,0.09360337459526055,4.054946611688359,5.0145754639946596e-5,2.2797231741762574e-4,202643_s_at
268.6795432576779,0.5216686453146703,0.12866188060256661,4.054570342602809,5.022653512412625e-5,2.2831981030303007e-4,212372_at
190.69506843088917,-0.3372560210031598,0.0831839374531496,-4.054340673559812,5.027590293232717e-5,2.284651796546063e-4,212731_at
111.80537825273774,0.4189674836258946,0.10333785582966654,4.054346592177077,5.027463013686713e-5,2.284651796546063e-4,218223_s_at
404.34304576322313,-0.20807812690418773,0.05133353836563232,-4.053453814582467,5.046696703364314e-5,2.2929376549546824e-4,224639_at
96.78693805234472,0.6861250784441695,0.16928944084214098,4.052970315401818,5.057142133571221e-5,2.297087706894572e-4,201848_s_at
179.08622651583215,0.31160040177061876,0.07690491553868509,4.0517618358721945,5.083339597975328e-5,2.307790508223872e-4,91826_at
124.0300226842335,0.41682560343031994,0.10290998270356723,4.050390374964772,5.113225983457068e-5,2.3205568077254123e-4,228152_s_at
1768.1349913994484,-0.33397435630627187,0.08245930261515028,-4.050171972287704,5.118000680725671e-5,2.3219216831393038e-4,226835_s_at
3410.4293131154727,0.13866793459105373,0.034241127394818625,4.049747924247289,5.127283245722583e-5,2.325731431863496e-4,222976_s_at
150.68065717387648,-0.42843783649891376,0.10580512218162692,-4.04931091864768,5.13686614990929e-5,2.329475050844187e-4,212686_at
397.32313800723887,-0.29843894854968356,0.07371292010663398,-4.048665391602426,5.151052690480457e-5,2.33530385693159e-4,226760_at
294.22757821325456,0.29068605033602496,0.07180047077461961,4.048525687923179,5.154127796954166e-5,2.3364964395853463e-4,226148_at
420.38803241558344,-0.22102782949091965,0.05461780784642892,-4.046808874358203,5.19206001329381e-5,2.352037200770775e-4,210686_x_at
119.18952847854301,-0.3816357620796419,0.09431673354627806,-4.046320814242215,5.202891681156989e-5,2.3555545262881152e-4,240452_at
669.7202975865597,0.2673322961045878,0.06607048149249511,4.04616842598542,5.206278065106249e-5,2.3566816316416346e-4,203136_at
432.5781519250473,0.24034221990936414,0.05940084408842543,4.0461078221647035,5.2076253884492084e-5,2.3570884907808085e-4,202623_at
326.7447816789225,-0.2139902013076263,0.05291159250641783,-4.0442971222548385,5.2480329991791676e-05,2.373946688232587e-4,224689_at
260.4195496482571,-0.19843982260633958,0.049068367769919415,-4.044149655371051,5.2513369239022404e-5,2.3748279898352841e-4,200861_at
256.1181937475954,-0.3116191172314065,0.07708022604134362,-4.042789353838466,5.281906915735995e-5,2.387214792308131e-4,227357_at
307.8992590635529,0.6501602237921478,0.160825000712888,4.04265643345367,5.284903056311622e-5,2.3881581704333706e-4,209436_at
297.62790875832593,0.580818489342542,0.1437046840536978,4.041750574570756,5.3053648271787836e-5,2.3965802228601837e-4,216598_s_at
551.8339189876955,-0.3037740908028031,0.07517273599580863,-4.041014162631256,5.322054382898085e-5,2.403706136462925e-4,224587_at
143.95067022454546,-0.5024634637395291,0.12434456732454735,-4.040895992086788,5.3247371499576355e-5,2.404711147021342e-4,225123_at
72.81518146547377,0.4896610525529235,0.12118563363561151,4.040586642681316,5.331766224812456e-5,2.4076786576627756e-4,210664_s_at
344.29217089316944,-0.3480953072649929,0.08623030869142867,-4.036809244306854,5.418308946795273e-5,2.444238698625569e-4,220753_s_at
399.14905375484165,-0.33658507513914143,0.08339183119778829,-4.036187601407034,5.432678119573568e-5,2.4498795769355527e-4,211953_s_at
286.99490803151105,-0.28852155825816184,0.07149214653444073,-4.035709826101934,5.4437463459803074e-5,2.454239044922785e-4,209903_s_at
296.53620349632104,0.648994470283566,0.1608213692010275,4.035498973226125,5.448637792373058e-5,2.456022905398179e-4,203381_s_at
352.3133156355803,-0.1588346952163151,0.039360963410733626,-4.035335557183068,5.452431644740064e-5,2.4573114883600836e-4,202530_at
244.06676537248026,0.22771292345335412,0.05643480701418566,4.034973015786433,5.460857310748464e-5,2.460897745747512e-4,210285_x_at
3821.3547775477095,0.09690216473545481,0.024023301901199678,4.0336738527444345,5.4911520066295086e-5,2.473913438117507e-4,213881_x_at
111.07944827072829,0.6265890775430322,0.15537189965682843,4.03283398688557,5.51082118534663e-5,2.481498556890642e-4,207480_s_at
97.59378007622475,0.47253094122722783,0.11719150285844268,4.0321263035427135,5.5274465218778526e-5,2.488132115723928e-4,206407_s_at
2655.7895775307443,0.8116817578329206,0.20134770541104072,4.031244141451302,5.5482373571471854e-5,2.4964217985232293e-4,205009_at
254.63884300281651,0.20418260650616188,0.050653178535997365,4.030992968408818,5.5541705505547804e-5,2.4988774857790936e-4,221934_s_at
157.74415971063175,-0.3358202551303954,0.08334231503563062,-4.029408770164652,5.5917311127647395e-5,2.51426965178164e-4,231550_at
5427.560817042768,0.775351272202739,0.19253011690388555,4.027168760250679,5.6452514865390726e-5,2.536381521959258e-4,226147_s_at
155.3650243564238,0.3132462252729329,0.07779492475084605,4.026563767188761,5.6597895474744906e-5,2.542478672347845e-4,224953_at
307.0127157981558,-0.2261559557181633,0.05618131357877105,-4.025465787678195,5.686264763854758e-5,2.553062438271021e-4,218153_at
448.372762181987,0.20532997191997196,0.051019193091321365,4.024563296256829,5.70811403365954e-5,2.5621672990792016e-4,222464_s_at
139.58230337965855,-0.3989823320788326,0.09915780943538244,-4.023710632079211,5.72883002467268e-5,2.569498028394827e-4,1557522_x_at
203.0408509842578,0.5733956235202,0.14250476698117576,4.023694334351236,5.7292266805058766e-5,2.569498028394827e-4,209398_at
433.0583554909624,-0.36187021579589246,0.0899362553983983,-4.02363000541756,5.730792578905771e-5,2.569980998308848e-4,212254_s_at
311.1590628636234,-0.17570063808848266,0.04367104095032834,-4.023275705480102,5.7394242343246565e-5,2.5734988463032996e-4,208770_s_at
1733.9800244218798,-0.17335418524822485,0.043087905860836516,-4.023267823878859,5.73961639028827e-5,2.5734988463032996e-4,222845_x_at
428.2949123288903,0.20370064507236837,0.05064048085336489,4.02248639111872,5.758698251619553e-5,2.5813939603856534e-4,203039_s_at
350.22779673139553,0.28683669811336165,0.07131177813594894,4.022290645544352,5.7634875785567694e-5,2.583100172296371e-4,219600_s_at
467.2417264269653,0.164535438242815,0.04091518444369467,4.021378382620761,5.785857811131232e-5,2.5913582018594744e-4,1560060_s_at
141.00246994789546,0.3294286993086736,0.08193334395166153,4.020691496529516,5.8027556647883785e-5,2.598483479953037e-4,213592_at
830.4374554559678,0.18973246158904566,0.04719586099460716,4.020108068602148,5.8171450783788236e-5,2.604197710254872e-4,200919_at
357.4162733581352,0.2940069911923281,0.07315218638388386,4.019114201856593,5.841735223474703e-5,2.6139340394592555e-4,212959_s_at
546.9882020301899,0.23033762280307313,0.05731984873285923,4.01846180502967,5.8579302404492184e-5,2.6207343650001553e-4,202352_s_at
165.9027127406488,-0.3170450606403722,0.07891494246420018,-4.017554226618107,5.8805305840973075e-5,2.6299498282414256e-4,235457_at
311.3917944421315,-0.5190445010975405,0.12919827945840584,-4.017425799115553,5.883735322305336e-5,2.630628844764545e-4,226594_at
154.0403344870563,-0.3376497876856455,0.08406016101743355,-4.016763513165518,5.900288064558583e-5,2.6369907215308423e-4,218844_at
651.8131541516376,0.13410097223825498,0.0333979923515189,4.015240521849998,5.938520178585668e-5,2.651822495245061e-4,55705_at
530.1643261902863,0.3184937316314551,0.07934343350676264,4.014115819733326,5.9669043804220065e-5,2.6629134919216893e-4,201722_s_at
1331.1725698239266,0.809330926261725,0.20164021663540987,4.013737635112216,5.9764774847002376e-5,2.666732872566958e-4,219014_at
167.39930072110326,-0.2981095210367778,0.07428802093583543,-4.012888178758498,5.9980330838481534e-5,2.6745344534919043e-4,222116_s_at
285.0912457427345,0.1799677751757338,0.044866822397835356,4.011154914871273,6.042244534807496e-5,2.692192617908208e-4,224708_at
124.65368835168124,0.36482935761393265,0.09097399095738222,4.010260007003991,6.065192125253266e-5,2.7019590315381886e-4,225671_at
148.3453489390818,0.32441869604034385,0.08090447504825658,4.009898041447521,6.074497210810673e-5,2.70587494843994e-4,209307_at
2080.550311948478,0.2409897824227808,0.06010362425599203,4.0095715592185,6.082901715497231e-5,2.709159464035945e-4,200923_at
561.8061651637177,0.20580341777981004,0.051331874321867414,4.009271441937932,6.09063722876814e-5,2.7123747895998714e-4,223705_s_at
518.5823166792914,0.5247133166125147,0.13089696904974452,4.008597910415397,6.108031402342786e-5,2.718738733960555e-4,211368_s_at
495.9111912882836,0.19146215175979578,0.04776492474858384,4.008425696629457,6.112486424609218e-5,2.720491290302446e-4,221637_s_at
480.3421816122291,-0.4141721714677639,0.10335697428525811,-4.007201007303845,6.144256928909694e-5,2.7330356444068876e-4,207826_s_at
568.7616920927582,-0.2619457717461458,0.06538423856696994,-4.006252538642739,6.168969163025151e-5,2.742610653867049e-4,217792_at
524.2633956350146,0.22217347051750777,0.055462125575197786,4.005859281687212,6.179242996070474e-5,2.746713494168043e-4,222993_at
188.40432156817462,0.27822994353264646,0.06948499674600447,4.004172937500285,6.223482664315679e-5,2.764507716511252e-4,227413_at
23.695786284188596,-0.22434539391942984,0.05605349295276122,-4.00234458374424,6.27178654139002e-5,2.784317197974414e-4,204551_s_at
234.91307678278255,0.327502152866602,0.08183205800539861,4.0021253387638875,6.277602620005484e-5,2.7864284467210153e-4,226318_at
224.8748918169616,0.28901984706799105,0.0722176420489286,4.0020670693204785,6.279149236520555e-5,2.786879562335117e-4,218397_at
401.70012300164836,0.1809677573138974,0.045222943130487823,4.001680226599292,6.289426158378947e-5,2.790969368635035e-4,212539_at
966.2681100473857,0.18121376676270956,0.04528904465743448,4.001271568729418,6.300299918515118e-5,2.795558611260077e-4,202579_x_at
261.4942627533716,0.22808522243679769,0.05703146966989814,3.999287126159817,6.353356408700771e-5,2.8179111545519476e-4,212434_at
160.71928182626337,0.33456842191719,0.08368441208725062,3.9979778022263446,6.388594065768348e-5,2.8318671772300076e-4,201809_s_at
351.77619904709064,0.1947423669514912,0.04871050842003164,3.9979538967695443,6.389239146449923e-5,2.831914262482325e-4,203458_at
76.7143688366336,-0.7674360099542441,0.19201452727092333,-3.9967601455041395,6.42153064837582e-5,2.8450271597938186e-4,205713_s_at
4765.181889628467,0.35342626564189755,0.08843927927061372,3.9962589989053963,6.435132871987018e-5,2.8505729345448897e-4,1556499_s_at
2072.192797322416,0.17249844886383933,0.0431680676192449,3.995973375165332,6.442897526358781e-5,2.853771905606906e-4,221952_x_at
310.7720467388116,-0.33025771251469555,0.08267053206687149,-3.9948661785260184,6.473080456896437e-5,2.8664161639007025e-4,233878_s_at
662.2299364760387,-0.2348181854381962,0.058780767624769026,-3.9948131834067535,6.474528490668229e-5,2.866574307485915e-4,200994_at
122.20842109556902,0.39116648044645713,0.09793236282581513,3.994251431900967,6.489896598516229e-5,2.8726524537894544e-4,222235_s_at
131.66991672009215,0.37517939982524906,0.09399296866196168,3.9915687861136964,6.563764365750321e-5,2.903636973717528e-4,229460_at
435.81152771204677,0.39565890535735887,0.0991600238880077,3.990104982268055,6.604405647757478e-5,2.919895132600711e-4,217234_s_at
447.3677723672877,-0.2898068012657399,0.07263258553641513,-3.9900383433334077,6.606261477524875e-5,2.920224288752984e-4,212616_at
295.9040229428207,0.39282771580383935,0.09845711313422816,3.989835810727977,6.611904844154492e-5,2.922473062907445e-4,226534_at
368.57675924958994,-0.5834515307304988,0.14623614772241536,-3.989790074599088,6.613179866530145e-5,2.92279080569864e-4,229026_at
378.278002240258,0.22453802258987338,0.056281506250333284,3.989552475570849,6.61980734840534e-5,2.925473893273581e-4,213136_at
99.60354529100886,0.5054638133905399,0.12671207866311573,3.9890736441503423,6.633182762143783e-5,2.9306455391484184e-4,205290_s_at
245.75357169396716,0.2730606908060897,0.0684549983923513,3.988908001151888,6.637815693636623e-5,2.932445914285298e-4,204079_at
1837.541571323026,0.1887604356175741,0.04732267046421725,3.9887950905117275,6.640975488866255e-5,2.93359524116901e-4,207508_at
172.13544354976153,-0.313051546645715,0.07850166491136787,-3.987833213463245,6.667951315491391e-5,2.943532242203566e-4,224976_at
480.5098961307162,0.20616083500274335,0.0517214079642357,3.985986521196394,6.720032677963308e-5,2.9650289426386004e-4,212411_at
202.94271965943435,-0.3116737384952025,0.07820245522827188,-3.9854725479581328,6.734596350334381e-5,2.9707065351307127e-4,224693_at
17.276917255835123,-0.6806719629158594,0.1709341843956801,-3.9820704402826377,6.831752431473359e-5,3.010615667227197e-4,206638_at
690.7469753223558,-0.32509345441651344,0.0816431058251016,-3.981884950738385,6.837087513106744e-5,3.0126293046349613e-4,201416_at
483.17641783779914,-0.24209342756519964,0.06080608756589922,-3.981401159922161,6.851020941642877e-5,3.018009677846603e-4,219283_at
578.1427688955098,0.48716223614302295,0.12237787447760767,3.980803214817744,6.868279198589377e-5,3.025105137467869e-4,216834_at
344.68047308665166,0.19690178099482974,0.04946396028925348,3.9807120142300567,6.870915098344344e-5,3.0257589414981454e-4,218112_at
488.9107914155539,-0.4058975000865102,0.10197912010957517,-3.9802020222412087,6.88567265068222e-5,3.0320036906908535e-4,205076_s_at
312.1129879843872,0.8043055395483278,0.20211016311723645,3.9795403018985276,6.904865444648876e-5,3.038672739725984e-4,234764_x_at
280.39361847651924,0.30575628971463525,0.07683351628798912,3.9794650106679046,6.907052425115346e-5,3.0393806677510835e-4,226520_at
684.8360890312463,0.5830802309862905,0.14659189534950773,3.9775748147337704,6.962172085456205e-5,3.0626097914042476e-4,209156_s_at
385.02734431367975,0.24014190446357297,0.060378535732741274,3.977272743521536,6.971019203152878e-5,3.0659883103397465e-4,201298_s_at
230.94401252249034,0.3813588636373596,0.09590642752175119,3.9763639778039797,6.997699478218054e-5,3.0764354891941743e-4,213400_s_at
324.7895925083279,0.20643331542153096,0.051920572921515855,3.9759444822301857,7.010047929910694e-5,3.0816065153369015e-4,201605_x_at
953.5326117294458,0.19896423200522723,0.05005565793064144,3.9748599904713626,7.042067100988547e-5,3.0938705435993316e-4,218074_at
424.7033503750991,0.22592968538871988,0.05685815478082358,3.9735669625514944,7.080424040256635e-5,3.1089030412870516e-4,204053_x_at
426.48977048027285,-0.26347877548364157,0.06637033531974382,-3.969827396747565,7.19247155130364e-5,3.1536221417254425e-4,209567_at
417.0576631766876,0.1868233233603128,0.047070190429109704,3.9690369139610557,7.216370328170892e-5,3.163045256269333e-4,221984_s_at
335.95774424999263,0.20809581200271368,0.05245870899928096,3.9668496608554737,7.282889922263508e-5,3.189541641455303e-4,201817_at
849.3472276389623,0.30463336362862703,0.07680124520281725,3.9665159441640454,7.293089895308337e-5,3.1937425744357496e-4,211986_at
442.6668316238354,0.24472550213964878,0.06170685831394669,3.9659368314386714,7.310822416478104e-5,3.200707774705017e-4,203931_s_at
174.24578604685146,-0.3887501240233326,0.09803692792193383,-3.9653437971137957,7.329023475470543e-5,3.207874570915957e-4,1553186_x_at
1081.1260325914018,0.20589458012970369,0.05192505280963782,3.9652262056339698,7.332637611579875e-5,3.2091891825363817e-4,215171_s_at
943.7927152815839,0.33437723737725855,0.08433069860993829,3.9650713546662417,7.337399477443266e-5,3.210738485741494e-4,208891_at
426.8470554433694,0.2666663781238464,0.06726046973029405,3.9646820664967812,7.349383509792386e-5,3.215179397100051e-4,222385_x_at
299.26008371373814,0.22766673288238856,0.05743014374976556,3.9642375591880343,7.363090071132613e-5,3.2202810420144747e-4,223335_at
242.3458348763372,0.31380284063326136,0.07915824077317102,3.9642472794774144,7.362790083718026e-5,3.2202810420144747e-4,227776_at
180.12375980858175,0.24178529105099322,0.06100009440230634,3.9636871617997302,7.380095298055857e-5,3.227003313869935e-4,223394_at
1399.0014271106554,0.3018136046619042,0.07614875178592614,3.963474089639452,7.386688400787027e-5,3.2293488246814856e-4,234000_s_at
293.9335589061409,0.19093789362700175,0.048175230797664684,3.963403816972633,7.388864072789756e-5,3.2300312966344435e-4,35156_at
3037.56648746685,0.14427793286511023,0.036404971631856214,3.9631381758545214,7.397093912999096e-5,3.2330910970039463e-4,217491_x_at
329.34799555604155,0.3051893502784324,0.07703142582346016,3.9618811026276766,7.436157077670281e-5,3.248273618650851e-4,201490_s_at
145.76103345732483,0.3213860408250531,0.08112887095205176,3.9614262722206073,7.450338794789523e-5,3.253927574348613e-4,204396_s_at
447.6954597305781,0.3179935810752838,0.08028145103549941,3.960984473669655,7.464138661874683e-5,3.259050734233568e-4,225435_at
185.5878385266362,0.3148057766715069,0.07947691370420458,3.9609713311609465,7.464549546746099e-5,3.259050734233568e-4,226510_at
255.7720630406841,-0.25544577790130396,0.06451866921498525,-3.959253670439525,7.518434631946931e-5,3.281759249562616e-4,225412_at
203.38513564742846,0.25956902718696734,0.06556784066876052,3.95878565680199,7.533180428376192e-5,3.287649595024767e-4,208824_x_at
551.1584827185585,-0.2047658421318746,0.05172700309709477,-3.9585870023731418,7.539447736312397e-5,3.2895069024736995e-4,214173_x_at
183.80843063080943,0.26475691063656187,0.06688193372979132,3.9585714089278916,7.53993989937934e-5,3.2895069024736995e-4,225468_at
269.1565003619656,0.3654164794436837,0.09231167944688148,3.9585075435005357,7.541955948298733e-5,3.290113330346904e-4,227013_at
1522.332478251737,0.9370674711223719,0.2367834728845983,3.9574868115017154,7.574246799199498e-5,3.302829126162715e-4,204673_at
205.68408732341737,0.23427592672662845,0.05920279533529864,3.9571767751808418,7.584080652836247e-5,3.3065685633744494e-4,204847_at
97.07485469593253,0.5449201060649655,0.13773565599342738,3.9562748086883808,7.612758277927998e-5,3.317970629774656e-4,227226_at
544.6963764501227,0.2533652361020053,0.06406398609144395,3.9548777957767975,7.657378166180214e-5,3.3365877799969735e-4,209025_s_at
236.86182421410842,0.21878346549363273,0.0553269344982078,3.9543753413759033,7.673486684660405e-5,3.3424982944520756e-4,202491_s_at
163.79485032003328,0.4395267552197417,0.11114945424588259,3.954376188365527,7.673459503518179e-5,3.3424982944520756e-4,220192_x_at
8099.846543226347,-0.10552579514249792,0.02669125043736477,-3.9535725533028456,7.699290309979984e-5,3.3523488231208625e-4,208929_x_at
21.22522645707079,0.39236275044646135,0.09926739797845713,3.9525842163366804,7.731170626070052e-5,3.3651146354355267e-4,205319_at
1182.110595774968,-0.26312987016298,0.06658997604279374,-3.951493690189659,7.766492031847538e-5,3.3793692849951604e-4,212449_s_at
77.4938839465296,-0.615942068659634,0.15595575042835322,-3.9494668645937527,7.832545215119258e-5,3.406136377620004e-4,235201_at
161.01970645806637,0.31078747635593995,0.07872663295741687,3.9476790087548195,7.891251041806286e-5,3.4291120162980616e-4,219253_at
473.66462962804536,-0.3626720181767115,0.09187102442986565,-3.947621357521439,7.893150976458328e-5,3.429370506091195e-4,215016_x_at
93.58262703717944,-0.5324134489887244,0.13486903343926254,-3.9476330141306577,7.892766790290433e-5,3.429370506091195e-4,232676_x_at
186.4525006452157,0.3461021052615539,0.0876777833748299,3.9474321993513257,7.899387847155946e-5,3.4315128857615606e-4,219143_s_at
177.99772670999292,0.67018455497689,0.1697988243703911,3.946932833380408,7.915875195366648e-5,3.438390817565905e-4,205199_at
222.0331238179047,-0.31041563537336425,0.0786820528326115,-3.945189839336598,7.973678171873595e-5,3.461781764928913e-4,225769_at
1214.3810428520885,0.30122973707630596,0.07636324395583845,3.944695398882083,7.990147826529828e-5,3.468072587342654e-4,202790_at
156.451486459493,0.3070595728731877,0.07784395994331685,3.9445523210378477,7.994919700029001e-5,3.469857212943465e-4,216620_s_at
989.9633321974715,-0.39230835487792004,0.09951327346638562,-3.94227163083362,8.071349018960145e-5,3.49984881470653e-4,202954_at
392.63051221364066,-0.3720097776401249,0.09437145805837845,-3.9419734026997717,8.081393995493131e-5,3.5036262996134796e-4,222067_x_at
377.2334705573454,0.20065390722742593,0.050914559746988726,3.9409926791971004,8.114510298600247e-5,3.516243191232168e-4,209044_x_at
237.9162623786373,-0.2279559093577598,0.057850310505976894,-3.9404440073698166,8.133093332031446e-5,3.5231337534749477e-4,212841_s_at
814.8725861786579,0.18656607780236312,0.04734938693569603,3.9402004941633915,8.141353792445463e-5,3.525840191249929e-4,223020_at
218.7216162613933,-0.3067952276861844,0.07787313929975935,-3.939679720695843,8.159046103056279e-5,3.532337992421284e-4,203284_s_at
999.6237512360444,-0.23181232529779794,0.05885386117581025,-3.9387785383412703,8.189747982906256e-5,3.54387826672421e-4,200992_at
625.9222581644701,0.18122700265826192,0.04601194609074289,3.9386945794653716,8.192613884817101e-5,3.5448265280971344e-4,40225_at
181.74720322301218,0.28902208252325845,0.07338231617733088,3.938579450460881,8.196545307441661e-5,3.5462356309153627e-4,225703_at
615.2544310108717,0.1727137800555532,0.04385554671969101,3.9382425479604213,8.208060092593283e-5,3.550925173741747e-4,200753_x_at
191.82841624751097,-0.5288118762744337,0.13428266769655128,-3.9380501247519892,8.214643666398277e-5,3.5534808070120593e-4,203029_s_at
485.6277454372675,0.17818543183127236,0.04526380178911428,3.936598888918895,8.264457301362977e-5,3.5729704591627997e-4,202985_s_at
161.8639471344458,-0.4085576852774133,0.10382713404359298,-3.934979897508062,8.320366000655947e-5,3.5955557334371073e-4,218678_at
1128.7861341740168,-0.3539734724744275,0.0899933677480044,-3.9333284366644548,8.377764118252737e-5,3.618681807106553e-4,218309_at
117.77566723337733,0.5773406026242064,0.14678428914111047,3.9332588385476486,8.380191266302543e-5,3.6194327071767244e-4,222088_s_at
286.693768293904,-0.24885390283532413,0.06327272160693907,-3.9330361728589294,8.387960920863211e-5,3.6224907406939367e-4,222415_at
38.05434000559143,-0.7253251011319726,0.1845110799497494,-3.931065285236588,8.457030127448675e-5,3.650819462115473e-4,207502_at
275.4299379337059,0.405110768278549,0.10307225207410052,3.930357202123686,8.481975670537809e-5,3.660385526272327e-4,208885_at
66.33486133933641,0.6535470630760857,0.16628171380877668,3.930360399265924,8.48186288012739e-5,3.660385526272327e-4,229802_at
446.60236304134094,0.29167831617027623,0.07422999957799224,3.929385933295266,8.516306282012943e-5,3.673692525198294e-4,204254_s_at
790.8932997984779,0.16099614427115252,0.04097380283425718,3.9292458384299063,8.521268917672369e-5,3.6755315717281167e-4,224621_at
329.34348220670444,0.18898153184799446,0.04809691200293439,3.9291822276753385,8.523523128463725e-5,3.6762021706465546e-4,224869_s_at
123.87249788854898,0.30491956255098657,0.07761334706704295,3.9287000763875692,8.540627731744006e-5,3.6826727093376645e-4,216320_x_at
576.0680297625447,-0.2685088917246152,0.06835437219047005,-3.9281889822118883,8.558794511727256e-5,3.6899006297728813e-4,224799_at
327.35830992234804,-0.25686445975929584,0.06539430604127172,-3.927933107772155,8.567903247613081e-5,3.693221680405658e-4,218100_s_at
477.3851161659045,-0.25822769169429843,0.0657645128614072,-3.9265506647709847,8.617274734497196e-5,3.713285145922972e-4,218905_at
70.18667620744355,-0.7472820994348636,0.19040218311241636,-3.924755941446621,8.681771172111953e-5,3.738931428166611e-4,209763_at
219.59412551952045,0.217128302650411,0.05532419373271388,3.92465371839699,8.685458426178033e-5,3.739906449236873e-4,203909_at
659.3866492748596,0.1468643242004105,0.03742322170423949,3.924416913142809,8.694005835516287e-5,3.7432802120246025e-4,200955_at
340.15404665233353,0.26830316729916187,0.06837840198264646,3.92379990639813,8.716313841152415e-5,3.75165567246457e-4,1553984_s_at
645.2259696246964,-0.22837828573696248,0.058221691908428116,-3.922563536905781,8.761177894243047e-5,3.76911381020014e-4,208703_s_at
947.9426439287625,0.18217043113364897,0.0464722387935157,3.919983970280927,8.85548585286561e-5,3.8053246403229707e-4,201180_s_at
221.80906419136502,0.33655677288328884,0.0858676231852889,3.9194839731041813,8.873876169026097e-5,3.811668885876563e-4,218355_at
1247.4152711352574,0.2588363839259589,0.06605636622724001,3.9184169325260463,8.913243545671292e-5,3.8273274066444085e-4,201088_at
158.08470287093476,0.31285690477897526,0.07985423603714643,3.9178498261938306,8.93423344331423e-5,3.836026996568105e-4,214751_at
334.9775615325528,0.38375484464847337,0.09797172805167612,3.9169957729648113,8.965932029970992e-5,3.8480652666647244e-4,201445_at
754.717061628369,-0.1840020250859252,0.04698797460562272,-3.91593863387989,9.00531538969597e-5,3.861499224788528e-4,201899_s_at
678.4711342006666,0.18741342973225433,0.04787344252936315,3.9147681852481027,9.04911066276202e-5,3.87862017956543e-4,223060_at
398.1117344432555,0.26419039876850153,0.06748843662986402,3.9146024409698024,9.055328638488114e-5,3.880728543318147e-4,201603_at
212.61340376606697,-0.3535732527829163,0.09032506604750203,-3.914453299120444,9.060927215643867e-5,3.882178125639555e-4,218420_s_at
14.197699478041137,-0.37926369562842677,0.09693715653484605,-3.912469781307157,9.135697294325401e-5,3.9116486559944645e-4,206054_at
475.45548695096323,-0.40294562326334815,0.10299058764366645,-3.9124509577271827,9.136409645760941e-5,3.9116486559944645e-4,225857_s_at
291.97206272703863,-0.3389368096980717,0.08665091603567172,-3.91152021472619,9.17169778572696e-5,3.9251580246831816e-4,213005_s_at
155.66503727236537,-0.5106381534854408,0.13057761254152403,-3.9106102764978687,9.206321553118962e-5,3.9383721847994623e-4,231154_x_at
360.86783670402116,-0.4643341139468066,0.11876330109237188,-3.909744084880701,9.23939539316242e-5,3.9512343192469506e-4,215071_s_at
113.68535973208522,-0.871464947035508,0.2229770391270574,-3.9083169749102615,9.294131680730384e-5,3.9727026949906843e-4,227662_at
769.7285909065373,0.1860186528068378,0.047600024377073474,3.907952889545863,9.308144995682555e-5,3.978045475344401e-4,200948_at
322.24220835270853,0.23813001528290315,0.06095048259920136,3.906942244392063,9.3471484560014e-5,3.99237064674274e-4,225084_at
2421.2600372419047,0.16398273990295004,0.041976188907975026,3.906565702342622,9.361719632128934e-5,3.997690855179199e-4,200625_s_at
192.18215484803656,0.7256316195327317,0.18575842767621398,3.9063186990231373,9.371289652285654e-5,4.0008704308023386e-4,203913_s_at
330.9027085225712,0.2389695592176346,0.06117683820326348,3.9062097067462824,9.375515440716323e-5,4.002281199507803e-4,208867_s_at
286.633043523091,0.3051074612655495,0.0781121955390145,3.90601568884539,9.383042248954591e-5,4.0048436802693054e-4,208840_s_at
87.47922956607029,-0.5941943557828019,0.1521837014428369,-3.9044546173427945,9.443811091834233e-5,4.028490650326755e-4,227997_at
104.8595246242576,-0.4259429471268673,0.10911440358862008,-3.9036363038993906,9.475814397427661e-5,4.0401449718558606e-4,229310_at
270.0456541791799,0.1719861222656048,0.04406793397121888,3.9027498402337244,9.510598531275846e-5,4.0520469818619434e-4,204599_s_at
71.26766154180348,-0.5014166044067682,0.12848747017966491,-3.902455264358726,9.522184122082897e-5,4.0563253980055485e-4,226142_at
343.15262832051434,0.19765700184469634,0.05066464611701667,3.9012806166292266,9.568515364490693e-5,4.0747407541159056e-4,223076_s_at
514.8930860372625,0.5466996268598596,0.14013709265176755,3.901177172402,9.572605663178003e-5,4.0761523093717125e-4,204388_s_at
99.77021438449749,-0.46046564472571333,0.11805434080589214,-3.9004550072650215,9.601206898021259e-5,4.087006539110718e-4,219115_s_at
461.64759993888464,0.228424571179754,0.058567972313999093,3.9001618487849763,9.61284040326339e-5,4.091627233766131e-4,223649_s_at
1369.7764812629953,0.17585513552692672,0.04509645174045531,3.8995337491080226,9.637810313628181e-5,4.101258973460854e-4,200786_at
1882.997630983712,0.6250436703556574,0.16031798907534503,3.8987743918238906,9.668080108267013e-5,4.113140791790371e-4,210809_s_at
278.0269058918467,0.23013306590246482,0.05903077462357173,3.8985269525934663,9.677963001990136e-5,4.11668727579096e-4,201681_s_at
133.61381997138523,-0.31980615149663105,0.08203344998447996,-3.898484722477668,9.67965065457911e-5,4.117063455007693e-4,204790_at
427.33858409673263,-0.30872149105578445,0.07920108967329925,-3.89794499456063,9.701244419658822e-5,4.1252463729326785e-4,212368_at
393.0872212594092,0.19863101019820614,0.05096191728609485,3.8976361325480067,9.713622013219557e-5,4.130175495815053e-4,201057_s_at
117.82875078111775,0.4643344006408868,0.11913585284137888,3.8975202641904603,9.718269263155495e-5,4.1318171899997895e-4,226621_at
40.43591284491141,0.7625461387783619,0.19570506430818083,3.8964047326724494,9.763118540690252e-5,4.1482005965513423e-4,228592_at
230.133224136949,-0.28703541084461065,0.07369457023007364,-3.8949329638328747,9.822589164539314e-5,4.1711082009793075e-4,202778_s_at
1770.6137827162693,0.17182120868829814,0.044121777710055834,3.8942494524452993,9.850324356828914e-5,4.1815342992632213e-4,200645_at
115.48756799279263,0.39839787948791405,0.10230886617042202,3.894069931576397,9.857621117174591e-5,4.1836180262617577e-4,39249_at
252.29190585255833,-0.25118006023759226,0.06453367684733248,-3.892232281012125,9.932607851671917e-5,4.2134011868332063e-4,223223_at
232.5733470282452,0.2216532603293907,0.05695804867665918,3.891517800893729,9.961907884549769e-5,4.2251481475637844e-4,235037_at
2216.462449860963,0.1661564013540354,0.04270538940223489,3.8907595429943553,9.99309243063666e-5,4.236323139466637e-4,214800_x_at
296.72857548981585,-0.20079073784790308,0.05162497143792859,-3.8894111174342116,1.0048776322188486e-4,4.258211504888677e-4,219664_s_at
11978.220913086707,-0.06337931495405488,0.016296089095276384,-3.8892346859116116,1.0056083779396463e-4,4.260620984701723e-4,211943_x_at
208.61504194937874,0.24526069188932384,0.06307689736009288,3.8882808469348387,1.0095676914826213e-4,4.276017122677118e-4,201373_at
240.995416210284,-0.289937527960334,0.07458684442376243,-3.8872475461364817,1.0138734476031029e-4,4.292524382931883e-4,208861_s_at
131.80144389630473,-0.4195745297976435,0.10796667262990839,-3.8861485639728333,1.0184719159928543e-4,4.3112986768496553e-4,214279_s_at
1792.7756062909245,-0.21923054115231203,0.05641475421798238,-3.8860497433919794,1.0188863739753228e-4,4.3127057424209987e-4,203316_s_at
2248.223232621251,0.20123056336596565,0.05180821828716861,3.8841436748618046,1.0269117272738477e-4,4.3438762810004664e-4,200677_at
237.89042498362792,-0.6271752338390166,0.1615099122653063,-3.883199644172794,1.0309085517264848e-4,4.359730266953704e-4,203304_at
107.3454618644007,0.46730417180982653,0.12034316692007987,3.8830968452090358,1.0313446659341377e-4,4.360996865032139e-4,211002_s_at
640.8549876634562,0.27617449108220044,0.07112350696684264,3.883026904325055,1.031641482591009e-4,4.3614259895493436e-4,200965_s_at
240.11885746276965,0.5943735125410009,0.15308517138870062,3.8826328320972325,1.0333153623660863e-4,4.367448572767195e-4,204416_x_at
975.8378020528571,0.21027762591650215,0.054160561315244125,3.8824860896948836,1.0339393270265414e-4,4.369383032530787e-4,200046_at
140.00536530195797,0.4168303804545398,0.10736674115206536,3.882304482578788,1.0347120326176415e-4,4.372296869195749e-4,202234_s_at
287.06664283830753,0.22991298173784805,0.059221329140287,3.882266492081198,1.0348737442630582e-4,4.3726286184274604e-4,222525_s_at
52.336789946327784,-0.45899779548002784,0.11823250996559888,-3.8821623224744073,1.0353172785368239e-4,4.373799377509987e-4,206125_s_at
334.29283561089085,0.2518295584336307,0.06487189777115487,3.8819514625885674,1.0362156288102276e-4,4.3772426779593843e-4,216511_s_at
548.6386460406038,-0.3128160334874578,0.08059479764527225,-3.881342749494549,1.0388131273357172e-4,4.387509852447262e-4,212572_at
5702.979929247032,-0.15250284121719604,0.039297623283387845,-3.8807141113203927,1.0415020993895459e-4,4.397100042683017e-4,200680_x_at
298.4500216361345,-0.2389258976516715,0.06159106896438679,-3.879229597229808,1.0478781381580141e-4,4.420467785580051e-4,218342_s_at
1249.6642285647738,-0.1889783891363872,0.04871713350228517,-3.8790950031475644,1.0484580420608659e-4,4.4222041687372993e-4,208704_x_at
576.8770557911504,0.2746353690393901,0.07080581818453462,3.8787118923424275,1.0501103484171106e-4,4.4288178517545005e-4,232322_x_at
371.1158943676719,-0.19274248555261606,0.04969356798394554,-3.8786203803052586,1.0505053911893097e-4,4.430128416671721e-4,225030_at
6798.912787493593,-0.15403333495698082,0.039722667347855234,-3.8777188250752657,1.054404764253913e-4,4.4458591126925667e-4,200082_s_at
1136.4266006553153,0.15286866312447717,0.03942213799978392,3.8777364922550643,1.0543282197905979e-4,4.4458591126925667e-4,201544_x_at
303.41650086760046,-0.20358014566961222,0.052503935534302534,-3.877426398571716,1.0556724873777292e-4,4.450331142594731e-4,208120_x_at
1361.552648654499,-0.18204097003751699,0.046949047973205746,-3.8774155791488987,1.055719419163689e-4,4.450331142594731e-4,217727_x_at
7351.667836168587,0.11507128880070014,0.029678055720373492,3.8773189822440295,1.0561385181809683e-4,4.451026758980161e-4,204102_s_at
420.7376813894611,-0.17524752488465978,0.04520685786572631,-3.8765694666322763,1.0593957345495445e-4,4.463322385242646e-4,208996_s_at
379.3774610613311,0.1860175710510314,0.04799420038384239,3.875834362554681,1.0625995278243123e-4,4.4757438154427275e-4,216308_x_at
88.19056019854075,-0.5032228392486204,0.12984657088499243,-3.8755188975636057,1.063977215974132e-4,4.480828480511622e-4,242476_at
440.3247122568769,0.2723083738764914,0.07028662862759766,3.8742557324704436,1.0695105727813245e-4,4.50196705181816e-4,211043_s_at
391.0508004651355,-0.2758477186145693,0.07121524537750115,-3.8734363288695084,1.0731145187847536e-4,4.5147643136860856e-4,232652_x_at
282.0101532944253,0.355379443882817,0.09174804915787155,3.8734277965007515,1.07315210652979e-4,4.5147643136860856e-4,239196_at
68.40527346918549,0.6477426338382714,0.16726191156914333,3.872624841851728,1.0766949367939518e-4,4.5278567422796944e-4,229667_s_at
519.0094467515808,0.25067434418623014,0.06484327228014655,3.865849692212103,1.107031044589647e-4,4.643539749171067e-4,201699_at
2469.3299074427223,-0.30296971620323004,0.07838054243019801,-3.86536896542966,1.1092138811858979e-4,4.651582054886984e-4,224915_x_at
236.1713916317345,0.5615438864830835,0.1453114431544369,3.864416141585457,1.1135523743283535e-4,4.668285855173284e-4,206467_x_at
112.33282045706008,0.2743029848992188,0.07099442448723509,3.863725734526363,1.116706001502451e-4,4.679640156523388e-4,205614_x_at
210.00720012956683,0.23563793053944632,0.060990104419627704,3.8635436482973757,1.1175391341620864e-4,4.682384729072334e-4,226092_at
201.49324383921228,-0.6121957280978858,0.1585746094371736,-3.8606163387111123,1.131013739407272e-4,4.737708916053704e-4,211538_s_at
672.7209355375053,0.2394544948325349,0.06205743862509832,3.8585945559101864,1.1404094567026577e-4,4.7747831889381347e-4,212242_at
111.89175696108113,0.3731996217220119,0.09675280547682884,3.8572485819172324,1.1467052933209515e-4,4.7965576237813827e-4,218720_x_at
263.6260836686865,-0.2697259742465849,0.06994722979695159,-3.856135189764727,1.1519379804278968e-4,4.816911889195392e-4,203775_at
627.834111599061,0.1918516480933658,0.049758262623047105,3.8556741730870576,1.1541112388678628e-4,4.8252316664647304e-4,200892_s_at
164.40325478012818,0.2906628447043153,0.07538729118778495,3.855594757746271,1.1544859974418769e-4,4.8264145342105164e-4,235074_at
2724.2457996959315,0.47338278832244385,0.12280445429739027,3.8547688765105628,1.1583901146610705e-4,4.8423507863424995e-4,213975_s_at
746.297268293487,0.7811587598224194,0.2026552522327327,3.854618872277357,1.1591005515481783e-4,4.8441646430268754e-4,204213_at
268.6155560668036,0.8821616398040626,0.2288643138584091,3.8545180982205345,1.1595780595278695e-4,4.8457749157464734e-4,205927_s_at
831.6693119131128,0.1492077370333676,0.03871219385992889,3.85428264730336,1.1606944437923179e-4,4.850054528032239e-4,214988_s_at
1483.6990801826992,0.16601355086793862,0.043076704254456304,3.8539055793889907,1.1624844130059154e-4,4.8571478646138396e-4,200978_at
220.9955620293352,-0.4497888334348523,0.11673856350154292,-3.852958439298489,1.1669920458423878e-4,4.8752066754531673e-4,219478_at
18.63167030788277,-0.5200331174160682,0.13499387248433586,-3.852272016838473,1.1702691666470576e-4,4.88811999554677e-4,204988_at
124.47299881823638,-0.5550419800450245,0.1441497153113792,-3.8504549165849746,1.178986318910195e-4,4.921401668308688e-4,209844_at
588.7184827945908,0.5909584005384485,0.15349745309066884,3.849955739587272,1.1813917138046054e-4,4.930267619096898e-4,209774_x_at
252.55656694489335,-0.23372268453449163,0.060724714963770354,-3.8488889519520266,1.1865477876090223e-4,4.950605940775211e-4,220261_s_at
79.18418754475007,-0.6437291682829757,0.16728483066050182,-3.8481024593879614,1.1903627002514184e-4,4.964552126737009e-4,219288_at
219.46843292942472,0.22997113401984098,0.05977721101520482,3.847137230295772,1.1950603884516037e-4,4.982167511874153e-4,212648_at
261.08618934234306,0.2838620811251301,0.07378919237015581,3.8469330264676906,1.1960564689301625e-4,4.98592461871625e-4,200894_s_at
202.15616012992746,-0.24316767406946296,0.06322544045171749,-3.8460415986371737,1.2004139160175818e-4,5.003692333628489e-4,224492_s_at
173.0449169883514,-0.25229854062947804,0.06561945844635973,-3.844873862159623,1.2061446548584435e-4,5.026782410105523e-4,224478_s_at
167.6417019730835,0.4550439441937834,0.11836475507527527,3.8444209503444973,1.2083742821928135e-4,5.034477725254569e-4,232083_at
10.456468759007002,-0.4999461966908839,0.13007899865617722,-3.8434044069814366,1.2133927530854054e-4,5.053383211478754e-4,208281_x_at
309.05854242759114,-0.5204276449108983,0.13551252535419397,-3.8404394246999516,1.228142753524168e-4,5.10914385092291e-4,225342_at
255.37970567852534,0.6606557487879734,0.17202727208167914,3.8404128647363063,1.228275642962138e-4,5.109292238422684e-4,205403_at
490.35159172058565,-0.20855980994048448,0.054318240465428914,-3.8395906817567718,1.2323960431489446e-4,5.124403960095706e-4,230326_s_at
1216.9846639850552,0.13678270892717106,0.03562451259430469,3.8395671678337173,1.2325140754796413e-4,5.124489297686477e-4,223003_at
616.4052135737946,-0.2797317343938627,0.07286124907492013,-3.839238799025068,1.2341634952319833e-4,5.130941248985179e-4,201428_at
146.58065989847856,0.38829905030504985,0.10115178083116884,3.8387762144608693,1.236490620990772e-4,5.139396401103212e-4,1555326_a_at
594.8965013201225,-0.3163699484256552,0.08243194279651077,-3.837953318735158,1.2406405929587494e-4,5.153792247439263e-4,208753_s_at
308.509282718275,-0.21268605481503353,0.05541864891725603,-3.8378065681931166,1.2413820535062082e-4,5.156057254403324e-4,220789_s_at
421.88324430561124,0.3827229875315454,0.09976688756807892,3.836172470253549,1.249666643765921e-4,5.18677782313017e-4,218883_s_at
895.8068228219563,0.15771461324528618,0.04111271466919977,3.836151772372272,1.2497719118681388e-4,5.186805105924201e-4,202596_at
115.73155025045031,-0.6237425971854212,0.16261710870584944,-3.8356517475272565,1.252317547852597e-4,5.196138987039742e-4,216733_s_at
46.571063434113576,-0.8253402384168362,0.21520491433597977,-3.835136576520311,1.254945404630933e-4,5.205809518902364e-4,228202_at
419.3331390385609,-0.22642479618119582,0.059064873901766,-3.833493262980214,1.2633626259477915e-4,5.238658627430979e-4,209845_at
100.13200580441266,-0.532086364823937,0.13882821471244855,-3.8326961556484345,1.2674646311055341e-4,5.254254816420484e-4,236565_s_at
580.2443398556015,-0.26968670343949946,0.07036676944867905,-3.8325861134806174,1.2680319057845808e-4,5.255532237902434e-4,226867_at
527.1363172043172,0.2228124984575933,0.0581965221828093,3.8286222286219362,1.2886262890744656e-4,5.336259238517018e-4,225492_at
318.43936200206605,0.21243009330807186,0.05549062584342943,3.8282158486995224,1.2907553609765984e-4,5.34339166922128e-4,203351_s_at
185.92376570139803,-0.2708608551755283,0.07076855201852142,-3.827418358152066,1.294943146985103e-4,5.360305777146747e-4,227871_at
172.11176018308706,0.28937688664584815,0.0756167544218023,3.826888483359889,1.2977327044944685e-4,5.370583868966242e-4,212954_at
190.31942071793574,-0.3199629986889566,0.0836319720628155,-3.825845436822107,1.3032404389842758e-4,5.391678975862366e-4,228560_at
335.8563371840825,-0.2971220721382155,0.07766720916585669,-3.8255793574829964,1.3046489746634687e-4,5.396656608773234e-4,218285_s_at
123.46694755280953,0.6847616229386752,0.17921542317927897,3.8208855621408806,1.3297334663812957e-4,5.492636374455916e-4,204895_x_at
365.0070830760597,0.2723799376663906,0.0712889442064705,3.820787931400844,1.3302600155448127e-4,5.494142759732551e-4,225307_at
193.9501907751382,-0.3450572576984325,0.09035938345375719,-3.8187208069543868,1.3414548023239528e-4,5.534093388910669e-4,231848_x_at
277.25787646788046,-0.4508307857552451,0.11807442009623226,-3.8181918267124404,1.3443337955485748e-4,5.544664753669737e-4,1555383_a_at
996.0269586417257,0.301363775501665,0.07893423958962954,3.8179094024142404,1.3458732822983242e-4,5.550143163677506e-4,206074_s_at
570.7301578532876,0.17917035824201988,0.046942088535733305,3.8168382326157397,1.3517273078775943e-4,5.572535059475925e-4,203033_x_at
1638.2186581018784,1.1423913606653369,0.2993266082356176,3.8165379529710686,1.3533726592832523e-4,5.578880440502944e-4,209752_at
2032.3277743649044,0.1779347394699567,0.046639275659247345,3.81512656349921,1.3611315307460905e-4,5.609544108126571e-4,200943_at
339.32628054738115,0.2688008348267748,0.0704810967120343,3.813800399914583,1.3684600569843636e-4,5.637617481435362e-4,220199_s_at
704.8330413729202,0.3129363965260425,0.08206502187766959,3.81327378420153,1.371380491482362e-4,5.648239055592795e-4,205967_at
189.00111524600297,-0.2890333693049039,0.07579854725630178,-3.8131782173552686,1.3719111022429093e-4,5.649538949010645e-4,201819_at
197.6800447125499,-0.6043178103832846,0.15860471342335286,-3.810213437795003,1.38846868410867e-4,5.714588708955052e-4,230615_at
272.8583208922445,-0.2962523317086376,0.07775948285945644,-3.809854706005287,1.3904848325996074e-4,5.721094487782022e-4,213649_at
332.91588635213475,0.2838877964504776,0.0745475591180564,3.8081434162170478,1.400140655012097e-4,5.757217117870725e-4,209120_at
1628.7395207707668,0.19361512971603248,0.05084656486408575,3.807831074401407,1.4019098214844243e-4,5.764040741534379e-4,209249_s_at
580.1432619835601,0.2219451132430037,0.05832022672746071,3.805628436257406,1.4144459133082977e-4,5.811946092885401e-4,209330_s_at
555.1681263813201,0.16812483421555277,0.04419609849925632,3.804065062855758,1.4234076758645552e-4,5.84511384570916e-4,220525_s_at
270.5034796554673,0.18051795657169406,0.04745430598636297,3.8040374381108815,1.4235665096031896e-4,5.845309348049537e-4,201361_at
279.5995052525961,0.3270273915654669,0.08598922085861056,3.8031207667666624,1.428846563061631e-4,5.865614925413292e-4,212141_at
267.36795195093663,0.22956520610227135,0.060371734027687494,3.8025279511930017,1.4322710125649367e-4,5.878754357570891e-4,223132_s_at
197.16846029105872,0.22876869183178575,0.06016530555124725,3.8023357437606045,1.4333829733718465e-4,5.882399561344996e-4,217825_s_at
1698.0089974959467,-0.16775978700945146,0.04412376165468146,-3.8020282205846887,1.4351637513475716e-4,5.888589765860637e-4,223892_s_at
352.28744328149503,0.20636862864933364,0.05430403136610322,3.8002450915301607,1.445530470348515e-4,5.925772881333531e-4,216037_x_at
242.25257401713995,0.5908397886344028,0.15548904015394183,3.7998806092663653,1.447658151812983e-4,5.934032174586967e-4,217227_x_at
267.18821903853336,0.28691100376436085,0.07550663752486447,3.7998116876795174,1.4480608160604425e-4,5.935219788429301e-4,218614_at
184.92186399616656,0.3135883386793833,0.08253030456022765,3.7996750448259617,1.4488594437116783e-4,5.938030040148447e-4,221782_at
210.10288064905836,-0.27127925659716184,0.07143111882893789,-3.797774150042604,1.4600125881630588e-4,5.980941738118435e-4,226330_s_at
366.39950282156326,-0.12577161014289723,0.03311751114398882,-3.7977373841912665,1.4602290997463104e-4,5.981362440223507e-4,49878_at
94.1714422673571,-0.45436637999786467,0.11969444705895925,-3.796052291164788,1.470185008040583e-4,6.018390941935255e-4,204636_at
634.6759023220495,0.21628058777064807,0.056984720406633986,3.795413686814709,1.4739746994690147e-4,6.032025101689347e-4,222410_s_at
215.5769461079014,0.3750607151411569,0.09886037002059529,3.79384292273053,1.4833353106916968e-4,6.068914279337597e-4,218542_at
1860.6567540348851,0.15429332669260473,0.0406757453953147,3.793251363756871,1.4868750580324133e-4,6.082923229007897e-4,216306_x_at
317.8437941963468,0.4216500382294341,0.11116110314016445,3.793143701513741,1.4875201379505653e-4,6.085088606667239e-4,223059_s_at
109.44669042997015,0.7133925383390377,0.18815554891402522,3.791504116974044,1.4973766571330118e-4,6.117790005361759e-4,226777_at
1487.2631017183933,0.15866853933644193,0.04187966527978759,3.788677351559928,1.5145145621296526e-4,6.183483397930528e-4,205812_s_at
429.1066065011252,0.21640385722203093,0.057119761619882484,3.7885987455995296,1.51499375703722e-4,6.184959365131209e-4,224937_at
387.5868606735119,-0.24336341108452608,0.06428370631372718,-3.785771310335262,1.5323254758380764e-4,6.250375120862642e-4,209090_s_at
467.00958605085543,0.3838550019993176,0.101401159884648,3.785508986642595,1.5339429039800466e-4,6.256487029551212e-4,201952_at
1858.7897689487538,0.16158267608839905,0.042687903431500016,3.785209933012659,1.5357887608384948e-4,6.262557614610976e-4,217768_at
38.47279331166452,-0.6023277385536865,0.1591641208429198,-3.784318572325279,1.5413029417124942e-4,6.282118411568048e-4,206619_at
1633.787749348306,0.15022277951483953,0.039710610390919825,3.7829380620447295,1.54987991986476e-4,6.313159921606928e-4,202858_at
296.368536241019,-0.25173758444391564,0.06654666426314233,-3.7828730745763846,1.5502847858893555e-4,6.3143196650104e-4,229860_x_at
375.1072294657861,-0.26418485251518126,0.06985099979906921,-3.7821198447427467,1.5549846083160381e-4,6.331989857852245e-4,208051_s_at
121.27973454461353,-0.49425771550958736,0.13071354847581404,-3.7812278931517187,1.5605673355951528e-4,6.353246243308363e-4,207158_at
809.532126070926,0.18014104179804535,0.04764129794600907,3.7811950883914958,1.5607730198983542e-4,6.353463865207391e-4,225849_s_at
377.378295423963,0.12620406964624664,0.033391526653179265,3.7795237982696586,1.5712857578697924e-4,6.391258827093789e-4,202521_at
180.2484281385361,0.3290669185018524,0.0871042302852299,3.7778523204245755,1.5818663036637473e-4,6.430492088702396e-4,202073_at
4420.363340809702,-0.15168022492673613,0.04015700015840312,-3.777180176019598,1.5861398871239678e-4,6.446209450486558e-4,217807_s_at
886.3923071532982,0.22700130677679561,0.06011357021771946,3.776207368064179,1.5923443759140467e-4,6.468583623080065e-4,201459_at
183.32584475349785,0.47743935106559865,0.12645883206029274,3.7754527958787905,1.597172695994209e-4,6.48468895745362e-4,230494_at
256.0081086146628,0.26656102917404323,0.07063660365067033,3.773695441138521,1.6084710327584853e-4,6.528039744813455e-4,212628_at
330.4094355137039,0.15430700903199193,0.04089283773918048,3.7734482995819683,1.6100659673382533e-4,6.534008250771781e-4,201221_s_at
263.3713594493236,-0.28937091678846516,0.07673686297606712,-3.770950564902749,1.626268901918162e-4,6.591619302129191e-4,233177_s_at
157.9172269975,0.5581505914804894,0.14804656817480322,3.770101518472644,1.6318115628310054e-4,6.611535338294708e-4,212236_x_at
236.71956911758664,0.22153952629486545,0.058784683470453285,3.7686606989423868,1.6412580718796766e-4,6.646222585110535e-4,225070_at
546.9262000197647,-0.17395373347584206,0.046162865129115584,-3.7682611984611616,1.6438864312473604e-4,6.655840331877794e-4,225394_s_at
252.466785784598,-0.35399949190485414,0.09396870957259629,-3.767206057367096,1.650847380016382e-4,6.680935870120202e-4,227415_at
195.26375907206602,0.23644976206325102,0.06277114012828085,3.766854665695664,1.6531717206729108e-4,6.689827258662059e-4,219715_s_at
417.03869080752895,0.2134026103877816,0.05667264779769411,3.7655309691823593,1.6619552124429393e-4,6.723817877961989e-4,212138_at
297.71373717031605,0.29893162270658463,0.07938979314770771,3.765365935019015,1.6630533825281237e-4,6.727742857777154e-4,204490_s_at
288.4869352396384,-0.35967723960719444,0.09554187471501314,-3.76460311962746,1.6681381833831926e-4,6.745716688944315e-4,201111_at
1022.1002346077465,0.18273532394598438,0.04854185470915182,3.7644899446236533,1.6688938339507118e-4,6.748253177613734e-4,214882_s_at
1839.7253802269747,-0.22596767622693595,0.060031257028820284,-3.7641669925127768,1.6710519020794187e-4,6.755939815515176e-4,200662_s_at
181.4971786741521,-1.059919319974114,0.2816749578180936,-3.7629164061457407,1.679433506469569e-4,6.788259383095042e-4,232252_at
283.4039828103198,-0.7179762005498104,0.19081411576653393,-3.762699618241415,1.6808904651594597e-4,6.793625894485137e-4,228232_s_at
575.2261035243001,0.5205006366871272,0.13839263278852695,3.7610429558232803,1.6920636614323897e-4,6.834054231702874e-4,223062_s_at
72.74084333928033,0.7983845851392221,0.21230627562795257,3.760532197071359,1.6955224889178997e-4,6.846445553791111e-4,207249_s_at
383.4737303673881,0.13208353950047316,0.03513419656837745,3.7594011647146934,1.703205455947121e-4,6.873244224206788e-4,202360_at
724.4049443262735,0.15858207024161228,0.042184959057016386,3.759208821970783,1.704515270610971e-4,6.877473745235237e-4,217249_x_at
1023.0188319502619,0.283828792007996,0.07552038231971943,3.7583071389441884,1.7106681886907665e-4,6.898592387082147e-4,200798_x_at
1922.0232026077952,0.3336463834405771,0.08880129418223438,3.7572243345449636,1.7180846522608876e-4,6.926374717315027e-4,225344_at
262.2623863628969,0.5232118344866179,0.1392804688757659,3.7565341264991545,1.7228278725556277e-4,6.944964026561974e-4,203939_at
641.3234393128325,0.3415729646907942,0.0909283170274205,3.756508157824903,1.7230065736326404e-4,6.945151669787527e-4,210580_x_at
364.99031362794955,0.2852892115774963,0.07596215177174541,3.7556757532981235,1.7287439341374697e-4,6.967743593424387e-4,226707_at
330.9117481780246,0.21148439493451116,0.05631330613862998,3.755495981960051,1.7299853677521932e-4,6.971549907216334e-4,218241_at
264.0264591605217,0.20701476317354198,0.05512336301867054,3.7554813755362697,1.730086271071953e-4,6.971549907216334e-4,228970_at
318.31467722689575,-0.23641787699267794,0.06295406041029232,-3.7554031535355286,1.7306267343364135e-4,6.973193084130635e-4,201411_s_at
216.78822957094445,0.2018567373436294,0.0537618937894755,3.754643356390566,1.7358847079919224e-4,6.992770576713742e-4,225398_at
371.9547483783736,0.30550271684906766,0.0813780831841329,3.754115418985865,1.7395470005161215e-4,7.005912565340198e-4,224833_at
211.77252895269478,0.22720425014348603,0.06054065863935863,3.7529200251511012,1.74786629832778e-4,7.035643799197162e-4,222442_s_at
303.3246347276944,0.2202306707777976,0.058702533881308805,3.7516382380202535,1.7568284099755234e-4,7.06792928560466e-4,221437_s_at
1098.785056052039,-0.2303995476578358,0.06141664640733464,-3.7514185670404907,1.7583686557068822e-4,7.073584379364626e-4,217717_s_at
387.56985703481024,0.2008697087908159,0.05354893900771855,3.7511426465772275,1.7603050997698293e-4,7.080290388282842e-4,207643_s_at
352.3268737530615,-0.28909493334530756,0.07710194955924186,-3.7495152197569177,1.771767441584603e-4,7.121488804974166e-4,1552256_a_at
156.16512411095337,0.2783696310171802,0.07426281438842777,3.748439017691713,1.779385893345214e-4,7.149134508763423e-4,214239_x_at
329.43094702094703,-0.18786572900000129,0.05012897347820527,-3.7476476369834355,1.785007732381233e-4,7.168676170530591e-4,202846_s_at
837.4401881939436,0.3443816539180833,0.09190606829337562,3.7471046288126932,1.7888748302735902e-4,7.183108788982141e-4,202688_at
601.6507483415489,-0.26687641305234955,0.07125617308287356,-3.7453093746974373,1.8017160963819663e-4,7.229148551630621e-4,210058_at
188.3210230076272,-0.33961543472885153,0.0907072388178993,-3.744083042927276,1.810537688800131e-4,7.260663693033351e-4,209645_s_at
165.69827611906857,-0.33871102643738227,0.09046833777398271,-3.743973137691387,1.811330269522104e-4,7.263287882226816e-4,225180_at
239.37515334273752,0.22651714794041658,0.06050772984776725,3.743606783964894,1.813974583088035e-4,7.272781525755921e-4,224949_at
460.3847406666912,0.12619956854298617,0.03371625861236603,3.7429885087160963,1.8184454800796636e-4,7.287926771913874e-4,218271_s_at
412.232435884603,-0.259399915209806,0.06932907378709548,-3.741574797413336,1.8287073234863572e-4,7.324027181717879e-4,203042_at
382.3977044833307,0.1739544138621938,0.04651434972454019,3.7398010483293582,1.8416596197161036e-4,7.369723570742413e-4,220964_s_at
369.0270353620668,-0.3030723451827184,0.08104134805485236,-3.7397248744873504,1.842217784171411e-4,7.370834672961122e-4,225144_at
346.9527629097832,0.2869225531974759,0.0767264253645745,3.739553248233971,1.843475959813621e-4,7.375307216203184e-4,209272_at
253.08978273510098,0.2723250238637607,0.0728971293466747,3.735744141153662,1.8716089461112245e-4,7.479319941748103e-4,223296_at
428.1069502432347,0.3500302186589975,0.09370112873075291,3.735603011408729,1.872659003544409e-4,7.481809432284694e-4,232165_at
234.92919145925595,0.267801546623947,0.07169193176899713,3.7354488854735624,1.8738063900204262e-4,7.485824478991523e-4,243916_x_at
686.0364650420466,0.17071127015544565,0.045701251571043926,3.7353740715409076,1.8743635785737828e-4,7.486343175890453e-4,201051_at
816.6497319684192,0.2008169800757157,0.05376065500558301,3.7353893856922125,1.8742495113435986e-4,7.486343175890453e-4,211984_at
420.4555336769497,0.17623807971352376,0.04718844160638064,3.7347721966239615,1.8788518063621448e-4,7.501988894663133e-4,219110_at
2728.690883004317,-0.15460232958970885,0.041399331121759426,-3.7344161222075902,1.8815118347230593e-4,7.511033164268426e-4,200639_s_at
203.3336928126669,0.35223001475040316,0.09436372181307948,3.7326846375148124,1.8944972997954457e-4,7.558142495517335e-4,232202_at
926.5428747155545,0.17395246979886653,0.046612850688569366,3.7318564994250396,1.9007377493716882e-4,7.579011508382375e-4,224591_at
185.05263923992288,0.25574653980653417,0.06853576572848717,3.7315777694774055,1.9028424658740692e-4,7.586252689390519e-4,228106_at
194.23961879407918,0.21976116838042975,0.058906295725469474,3.7306906787114613,1.9095555613750582e-4,7.609552848991873e-4,209149_s_at
67.58828600672045,0.46823632983521396,0.12561242808082793,3.727627409080235,1.9329085117548991e-4,7.694445835992044e-4,217628_at
106.24418960397502,0.6020965404844358,0.16155733206993883,3.726828939114851,1.939039626015158e-4,7.715345889279271e-4,211372_s_at
244.6021439026541,0.5876535209175322,0.15769325651475777,3.7265608809501405,1.9411020258892843e-4,7.721798188523613e-4,205382_s_at
585.406654078093,-0.2663823549940472,0.07149322116888135,-3.7259805984234307,1.9455736970864417e-4,7.737829580496508e-4,224894_at
341.63116348642313,0.17826540768734378,0.0478504293642505,3.725471433711471,1.9495053041700824e-4,7.752292808365203e-4,223053_x_at
303.7347932091478,0.6966302932838899,0.18703127242439552,3.7246728007236967,1.9556871347879294e-4,7.776286727823624e-4,211548_s_at
176.62775650943013,-0.27431194204921766,0.07365910704498435,-3.724073682860323,1.96033670252923e-4,7.791826884338312e-4,1554433_a_at
416.8213337203603,0.24647145328526873,0.06620000417693758,3.7231335005131796,1.967654110792991e-4,7.818546358582705e-4,208837_at
3867.6233927035373,0.5900536249026127,0.15853133236188294,3.7220000369118478,1.9765099417967644e-4,7.850174084128412e-4,202310_s_at
216.04767938047718,0.33027216966433826,0.08877657749530066,3.7202624721799062,1.9901583961660598e-4,7.902094159883899e-4,218585_s_at
334.9461787065154,-0.24523942717775954,0.06592662920211635,-3.7198842128862695,1.9931413108442415e-4,7.913239287611111e-4,225120_at
109.81741655250875,0.5813953526665923,0.15630788646576554,3.7195522619642682,1.9957625025111356e-4,7.923047481263804e-4,221874_at
228.90667057277412,0.21815397799340075,0.05866213074252485,3.718821243485083,2.0015462840486782e-4,7.943608473938547e-4,218434_s_at
65.31304776047608,0.6113621171060297,0.16449278818829843,3.716649974989726,2.0188182386482868e-4,8.003090722932946e-4,206710_s_at
362.24612420484357,0.21568794882051648,0.05806103297059401,3.7148486305738873,2.0332536974136716e-4,8.057277545911484e-4,215548_s_at
441.71040442182357,0.5116319313762038,0.1377788380978526,3.7134289883678298,2.0446985653923953e-4,8.099577026127379e-4,212192_at
783.7728493419077,0.22406110603885243,0.06034212449922698,3.713178942543244,2.046720641587929e-4,8.106364955762455e-4,202309_at
382.18776146039306,-0.2612261748554073,0.0703631156066393,-3.7125441732253055,2.051862348637011e-4,8.123668364492201e-4,201408_at
725.5622004101118,-0.4485506090117225,0.12087163649651654,-3.710966625529634,2.0646932678517024e-4,8.17139016482253e-4,225202_at
663.1876992084121,0.21923136184368505,0.05908365016584005,3.710525013744604,2.0682985778449947e-4,8.183193816160947e-4,211950_at
29.323426514593127,-0.8391012658952144,0.226185851187354,-3.7097867151742,2.074339242636504e-4,8.204547598761396e-4,244567_at
647.8965829168865,0.20176008553002822,0.05438665061716512,3.7097354450128646,2.074759343283223e-4,8.205049479035781e-4,227391_x_at
367.78093739899936,0.2617418111992081,0.07056030878508598,3.709476555671356,2.0768818677248735e-4,8.212207484494244e-4,218422_s_at
228.38983675708087,0.35183043813902315,0.09485439589019197,3.7091632373719303,2.07945335991737e-4,8.221756836976938e-4,204641_at
374.19827203015996,0.2732251371270736,0.07367544699331222,3.7084964975085284,2.0849354391102204e-4,8.239712518198114e-4,201723_s_at
392.8660541992394,-0.7261857640536875,0.19585082126986997,-3.7078515134386376,2.0902515518729324e-4,8.25761708314892e-4,224963_at
639.3068983628517,0.44605209015605773,0.12034530541015494,3.7064353165737955,2.1019688819486846e-4,8.299539641016617e-4,209970_x_at
8.604107476410103,-0.4874897615336394,0.13154169801133309,-3.705971330031328,2.105821210816939e-4,8.314125754133679e-4,208282_x_at
336.92028740244723,0.13648077526441907,0.036831619441520726,3.7055328365649505,2.1094679722776056e-4,8.326647124461265e-4,217798_at
297.35686127907184,-0.18546472542953418,0.0500535848053709,-3.705323527789228,2.1112107937127514e-4,8.332274861278157e-4,225068_at
299.62011784437124,-0.21666687383366373,0.058531780906459274,-3.7016962490842897,2.1416291406063312e-4,8.43965040907507e-4,203341_at
357.04108569931304,0.21684825951025277,0.0586462224041835,3.6975656848919907,2.1767690462873968e-4,8.573628153982451e-4,217492_s_at
172.50053223169996,0.407906720428421,0.11038016193797168,3.6954712990695278,2.1947927398269056e-4,8.640085217143311e-4,1552703_s_at
394.4429796140289,0.2593523234844362,0.07018422856734809,3.6953077461778228,2.1962061118106435e-4,8.645001572923118e-4,202842_s_at
314.45459447134215,-0.3643007585104527,0.09858964287565519,-3.6951220015059993,2.197812294358345e-4,8.649380509039125e-4,205698_s_at
288.897910599276,-0.15093917373342772,0.04084966941801788,-3.694991315323884,2.1989430326646694e-4,8.653182488855038e-4,212144_at
367.9221150113529,0.22816629175934303,0.06175879761590947,3.6944743189198017,2.2034216058281996e-4,8.667561307836467e-4,208828_at
77.62508882234857,-0.4743888185749974,0.12842584866050155,-3.693873340319998,2.2086384524045452e-4,8.685482282824638e-4,229150_at
142.85793809371737,-0.7470589377439965,0.2022510234490108,-3.693721421055436,2.2099590355729177e-4,8.689320370561135e-4,210302_s_at
205.78857544911884,-0.3912694339662595,0.10595193575673388,-3.6928955678980313,2.217150877112537e-4,8.711786706225963e-4,202974_at
2159.7836576306313,-0.19670197254388716,0.05329172523266141,-3.6910415582367473,2.2333764013276656e-4,8.771606262265461e-4,201078_at
3149.8042170082867,0.12022710498357356,0.03258145037226128,3.690047668532606,2.242120339910785e-4,8.803316574050907e-4,200009_at
495.6346087412766,0.19971640580018246,0.05413032580766961,3.6895474545967923,2.2465332163372652e-4,8.819325214864319e-4,203338_at
3881.0949798001425,0.14815223925810336,0.04019373279653851,3.685953728359916,2.278477498414115e-4,8.934719180096657e-4,200772_x_at
206.2103447863948,0.2660482844162316,0.07218353246458807,3.6857199326834,2.2805703860472428e-4,8.939590965042649e-4,218195_at
578.2191727538338,0.2438155624622475,0.06616074182634166,3.68519994987682,2.2852316289946007e-4,8.955858540654903e-4,205263_at
85.10843492307471,0.5619214017035563,0.15249029684068013,3.6849649672506337,2.2873409982809362e-4,8.962788459861044e-4,226926_at
390.52764876015135,-0.23558741428973445,0.06393724162942795,-3.6846665305827377,2.2900226099364219e-4,8.97262717084908e-4,228588_s_at
195.26101996102255,-0.39133441872488756,0.10623847267467583,-3.683547107489341,2.300107533641296e-4,0.00090060982955583865,225431_x_at
22.260403977540324,-0.5951789009765526,0.16159825605156883,-3.683077500456568,2.304350638740847e-4,9.021295425843715e-4,221091_at
147.76237359543464,0.3422223145460872,0.09293872655542598,3.6822358905681334,2.3119733379512909e-4,9.04784025636251e-4,202208_s_at
82.59655088822902,-0.42170920959180924,0.11458089381990438,-3.680449641583719,2.3282303819083196e-4,9.103327095514458e-4,203030_s_at
351.965654153751,0.1906365860244262,0.05179739711711612,3.680427910178359,2.328428823080418e-4,9.103425708091674e-4,206809_s_at
740.6782810948233,0.43789120061986647,0.11900300471888531,3.679665077821139,2.3354047222827899e-4,9.128661939371495e-4,208727_s_at
183.01877374040342,0.2451392483251011,0.06662552640407664,3.6793592719756982,2.3382067386107432e-4,9.13825514545616e-4,226505_x_at
89.92782757991533,0.42668702906646255,0.11599238602662472,3.6785779108684036,2.3453804741823173e-4,9.161522628227852e-4,219935_at
445.23459957372637,0.20270132010152858,0.055109612297785895,3.6781481786920933,2.3493346755894292e-4,9.17628647647171e-4,212622_at
293.9250393385735,0.2757920062426839,0.07500218437951665,3.677119653571098,2.3588241176217322e-4,9.208560591107748e-4,209213_at
797.8954884448318,-0.3061129470273362,0.08325125036580774,-3.6769771707003738,2.3601415346533996e-4,9.212334983078934e-4,224690_at
408.3051043495261,-0.11979394644571614,0.03259306837266107,-3.6754424307653957,2.374375797591681e-4,9.265142980890496e-4,201632_at
183.7607581948643,0.3078120689850915,0.08376733065573368,3.674607589564184,2.3821524908706067e-4,9.291349414072575e-4,214404_x_at
1056.0306201875244,0.17761121802664254,0.04836413147875359,3.6723748074472775,2.403068842253533e-4,9.365285868431011e-4,202567_at
12026.929839736506,0.08994619119427248,0.024492777372443344,3.6723557245684324,2.4032483480022215e-4,9.36529094475076e-4,213867_x_at
478.39599871226375,0.19077214509437626,0.05195073291912486,3.6721742769512775,2.4049557888015653e-4,9.371249835002408e-4,212987_at
139.6057751967574,0.30869730575673376,0.08411983876905531,3.66973249442666,2.4280442055942705e-4,9.456309113739536e-4,45297_at
317.6916752471327,0.18072479723557416,0.049256302805358615,3.6690694782701603,2.4343491965062174e-4,9.478757329272264e-4,205273_s_at
250.8053810460114,0.31362474388366585,0.08548060149830303,3.6689580838980405,2.4354100136383787e-4,9.482185350181609e-4,212944_at
122.20340800693359,-0.45960365647606777,0.1253156449167099,-3.6675680580947403,2.448683855929522e-4,9.527513982714155e-4,236083_at
199.9825583019073,-0.22109385268917614,0.060300391421521694,-3.6665409208316677,2.458535918473309e-4,9.562307331220122e-4,205004_at
1544.9339982081103,0.40956096803035685,0.11175039591482638,3.664962120962103,2.473751928835497e-4,9.615084599365485e-4,203060_s_at
488.74717691324213,-0.25772180393050514,0.07033221348668309,-3.6643493948800994,2.4796809611238465e-4,9.635279351637902e-4,209471_s_at
209.3261210302723,0.32272022903931974,0.08807105804189858,3.664316475973186,2.479999877288012e-4,9.635806117920611e-4,202770_s_at
277.3266854333035,0.18905377223912015,0.05160819305478575,3.663251143833426,2.4903415365128e-4,9.673127059120006e-4,202757_at
118.52350832997892,0.37020179815484106,0.10107404088925159,3.6626793081368634,2.4959092724258073e-4,9.692604441222632e-4,208978_at
1273.1080333825162,0.14077737369069848,0.038453642209144843,3.660963321108229,2.512687319559299e-4,9.752715612416499e-4,201227_s_at
92.69299973212317,-0.44568005430635893,0.1217405909422757,-3.6608993833263206,2.513314510039989e-4,9.753709257173355e-4,203231_s_at
213.36116856233087,0.40216117981919,0.10986941355749104,3.6603561154784203,2.518649561900557e-4,9.772970250747333e-4,225283_at
205.0125605606231,0.2838044945822565,0.0775421908647903,3.6600009803324243,2.5221428334861866e-4,9.785080058396063e-4,224862_at
1102.1731542824666,0.14236141724069193,0.03889888207337839,3.659781712290421,2.524301922433959e-4,9.79273368506638e-4,208620_at
77.38367201250787,-0.7298503917304024,0.1994897071729059,-3.6585867114327417,2.536099357156776e-4,9.834144884233542e-4,226303_at
1106.2312377366284,0.18177511010809175,0.04969029181763625,3.6581614528489346,2.540310107192646e-4,9.848292813027612e-4,200595_s_at
1078.6625127446491,0.20974882989491378,0.057353159261243965,3.65714517903899,2.5503994376289865e-4,9.8844905638019e-4,224709_s_at
138.73195916817346,-0.42271488041153954,0.11559208698551926,-3.656953442362321,2.552307163489767e-4,9.891154831505142e-4,211162_x_at
95.03554760780743,-0.5092544083401331,0.13936404110691836,-3.654130608550878,2.5805488929469937e-4,9.99176059234777e-4,216693_x_at
215.66308434495937,0.19909814638354909,0.05450433542189099,3.6528864143086826,2.593089547356663e-4,0.0010035141978776295,226159_at
414.02508916611566,-0.2316760208494523,0.06346789502104468,-3.650286822536547,2.6194763635393846e-4,0.0010129053109370085,208615_s_at
270.8269639388871,0.2444607978414101,0.06697686655996643,3.6499288545028734,2.623129528413663e-4,0.001013944904650277,227861_at
65.24602388595963,-0.4689280226537495,0.12852259052811318,-3.6486038814411823,2.636692854466031e-4,0.0010186632086569712,203413_at
1130.2024055989182,0.17028175262877465,0.046713689092028526,3.6452216885142654,2.671614007347523e-4,0.0010308663916456808,202252_at
113.89861085463133,-0.4984432873438538,0.1367398372212029,-3.6451943886515403,2.6718976343125217e-4,0.0010309001414995982,1552519_at
282.91792245751316,0.3078013010168887,0.08446539885602793,3.6441111411968694,0.00026831746445761697,0.001034795334784296,212884_x_at
3574.520670387659,0.13277548759202676,0.03643961042890422,3.6437131470183903,2.687329108259826e-4,0.0010363214995266134,200627_at
206.4464638761661,0.21759700842338858,0.05972226409771008,3.64348223750164,2.6897422212894816e-4,0.001037175968138876,219481_at
1018.7179739717442,0.29357415692775163,0.08057665427277363,3.643414579288986,2.690449666096908e-4,0.001037372646750234,214211_at
315.4093385859467,0.21765904995563612,0.05974704990337314,3.6430091579023345,2.6946924704376564e-4,0.001038856133299447,223114_at
165.23718959675844,0.3626264405522387,0.09954565568439204,3.6428153299018917,2.6967231289308177e-4,0.0010394864846547615,226905_at
96.46019905723803,-0.4072007806041352,0.11185114480973647,-3.6405597930785687,2.720459190444365e-4,0.0010480209081851133,228613_at
92.45103297170795,-0.33029088665486855,0.09073045293919157,-3.640353111388441,2.7226439637060104e-4,0.001048780632804988,206093_x_at
1518.4815017167984,-0.2201620113129247,0.06047849504691272,-3.6403354802752066,2.7228304132875244e-4,0.001048780632804988,211967_at
148.10576145989185,0.34409951563265,0.09453100615780932,3.6400703813330093,2.7256352861442873e-4,0.0010497071436906557,218209_s_at
1196.3940831269035,0.13492756629345015,0.037080559877121416,3.6387683125761003,2.7394511521725126e-4,0.001054796071882733,201726_at
482.1202441903714,0.31432473263565247,0.08638618826881718,3.638599398060422,2.741248256060417e-4,0.00105541070219047,208712_at
278.11769779881456,0.24621790967946178,0.06767131199339205,3.638438541039435,2.7429606622496994e-4,0.0010559775992414222,227798_at
799.7851389514503,0.18758765997235163,0.0515692721732383,3.637585951226584,2.7520536734213793e-4,0.001059105365795161,216274_s_at
518.9333417412059,0.36931948076615967,0.10154062377477897,3.6371598581600657,2.756608606311574e-4,0.0010607806157728525,205780_at
376.31975981753766,0.2609655146004692,0.07175468144149984,3.6369127331884146,2.759253607276748e-4,0.001061720706375913,228220_at
306.8211029649667,0.1664965304287782,0.0457832782303775,3.6366231703850924,2.762355850363433e-4,0.0010627587800878468,212802_s_at
2334.295007734313,-0.3448250825072621,0.0948731436659283,-3.634591088511583,2.7842187767354923e-4,0.0010704648005893413,202431_s_at
381.1741254119639,0.19844133736562858,0.05460514295254582,3.634114419187264,2.7893706320048943e-4,0.0010720534166621706,209482_at
364.11813503232105,0.658755023722637,0.18142266437695354,3.6310514233982327,2.822689301980786e-4,0.001083670199257055,203914_x_at
344.32697032739617,-0.2597824561687636,0.0715516526775259,-3.6306981942062153,2.826555551731388e-4,0.0010847582917021422,218930_s_at
371.9324856792287,0.34207301184164174,0.09422556006544527,3.6303632645330164,2.8302260876852226e-4,0.0010858497723186538,213549_at
87.49620316960922,-0.8154444966171708,0.22464004167327808,-3.630005098570864,2.834156214406101e-4,0.0010872782370384571,232481_s_at
159.39614151886715,-0.27698285048566523,0.07631119451284812,-3.6296489951946835,2.838068777495296e-4,0.0010886997557115897,204278_s_at
919.9265347775996,0.27240651228264534,0.07506764513199791,3.628813875853565,2.847264223167692e-4,0.0010921066444357413,210046_s_at
2274.1854575268294,0.17385665504502704,0.047914578820948815,3.6284709022426984,2.8510487637997196e-4,0.0010930406823222239,210466_s_at
232.1829522249819,0.34031661577029,0.09380219020209307,3.6280241968454194,2.8559849993776287e-4,0.0010948532763680203,218326_s_at
1716.8248526959055,0.11018643563352253,0.03037602744903115,3.627414276551062,2.862737742307496e-4,0.001097121850136572,208738_x_at
239.6713950144624,0.18336539007258906,0.050555361054786876,3.627021669845773,2.8670924046184646e-4,0.0010985504099760776,203635_at
1075.9026455845608,0.4220263616784873,0.11638347009450482,3.626170978883828,2.876549285124954e-4,0.0011020935418127639,200800_s_at
1126.5205408754814,0.23142419222795949,0.06383769815378716,3.6251963795820275,2.8874195336484407e-4,0.0011059357639484012,225053_at
1330.4078950500034,-0.284800541636571,0.0785706008284268,-3.624772352937516,2.8921609424049905e-4,0.0011075903677559707,218258_at
303.12387866801254,-0.4221064433922732,0.11652703715182836,-3.6223905945732713,2.9189292747910066e-4,0.0011171903656497456,227384_s_at
1124.5486021425577,0.16669604184606215,0.046020360257633196,3.622223748637713,2.9208131105144385e-4,0.001117829975312961,208833_s_at
753.0507516213672,0.1411152075342719,0.038976160176218494,3.620551816707026,2.9397536675264255e-4,0.0011246692454188235,201086_x_at
229.15890186788212,-0.3245744136785488,0.08964925005842422,-3.6204922346480792,2.940430763926831e-4,0.0011248463995298492,203387_s_at
121.22681097475683,0.45984331528351696,0.127082087259068,3.618474682006804,2.9634448400079987e-4,0.001133072972875812,216321_s_at
161.85554287253706,-0.35470248377217933,0.09804535701194271,-3.617738713817664,2.9718818912698126e-4,0.001136133563059531,221586_s_at
293.7006054969012,0.1816720511277172,0.050219002173151804,3.617595795737318,2.9735228934962935e-4,0.0011366782233401527,200739_s_at
671.8965579993819,0.21623605716282865,0.05977771640940352,3.617335524861451,2.976513534633828e-4,0.0011377386886256907,208908_s_at
223.4189546155795,0.2074371059096523,0.057357541738447246,3.6165620007840307,2.9854183453672086e-4,0.0011409472758327553,202386_s_at
264.2045114837644,0.34800198630646,0.09623067802198558,3.6163310231166914,2.9880821944699634e-4,0.001141828485771646,219371_s_at
855.4305238025212,0.1683782673753033,0.04663764123497206,3.610351272419023,3.0578260088740244e-4,0.001165682489992496,225414_at
293.07320479672654,0.1917982559596236,0.05313102212829431,3.6099109009514736,3.0630220095100914e-4,0.001167409229732347,203376_at
236.43239235562663,-0.32816654521543975,0.09091048755184078,-3.60977654011927,3.0646089958985637e-4,0.0011678446898009797,227948_at
1058.3619585549166,0.23138592410409206,0.06410593018691528,3.609430881502449,3.068695238862184e-4,0.0011690627733465981,200866_s_at
196.75718104842858,0.25616264424608826,0.0710088270070728,3.6074760708351556,3.091900430516528e-4,0.0011764533393090473,227158_at
160.2313090416972,0.24914558110935933,0.06906526931601628,3.6073931742648297,3.0928881022953164e-4,0.0011766587616043728,212291_at
172.45424323626997,-0.27409571052568926,0.07598369133465505,-3.607296588401967,3.094039247850966e-4,0.0011769263074085095,220073_s_at
90.79458826526505,-0.45940170323926893,0.12736572353095874,-3.606949267850721,3.098182056700059e-4,0.0011781610695210918,237269_at
527.4821574522982,-0.20653373665343136,0.05726529418034511,-3.6066126894065436,3.102201689370582e-4,0.001179604280321117,224615_x_at
202.79795642749957,0.21621020426495424,0.059968566995245796,3.6053922095903177,3.1168184229041023e-4,0.0011843910007035589,203105_s_at
250.53676251343163,-0.294389648737507,0.08167031703739093,-3.604610088665718,3.126219147463818e-4,0.0011876197851367174,203386_at
39.22485986556778,-0.592431290596204,0.16435587942995314,-3.604564026860338,3.1267736155116756e-4,0.001187744565157937,204105_s_at
137.31383987808763,0.35216611436110146,0.09771481661592384,3.6040196006847096,3.133334113416845e-4,0.0011900646165824158,234970_at
433.28079470051404,0.12157612493229622,0.033738656199780746,3.603466724115891,3.1400096278936683e-4,0.0011922553716084375,35685_at
706.4017256948067,0.1653840620474935,0.04590593475990008,3.6026727897491893,3.1496190012618355e-4,0.0011955585192655435,218117_at
367.2444031672994,0.15175068652022233,0.04212245425906495,3.6026079009288705,3.150405597943384e-4,0.001195770733744884,217840_at
188.5281445367587,0.26383118729644167,0.07323378581560769,3.6025884003966593,3.1506420236590717e-4,0.0011957741092755026,208933_s_at
722.5499776071895,0.20639574178456171,0.057303615153017844,3.601792683296214,3.1603035286053736e-4,0.0011990945898659071,201189_s_at
199.0306851704317,0.3181537172373012,0.08833664691426554,3.601605090875623,3.1625852906134777e-4,0.0011997871028867444,209610_s_at
355.5777850758387,-0.21856232255257088,0.060718504325331914,-3.5995999074928813,3.187071678445615e-4,0.0012084658368616945,218594_at
729.8658241256296,0.16147787912545275,0.04486326034518569,3.59933446394698,3.1903264235050706e-4,0.0012096126892784467,226465_s_at
235.21492643179465,0.25788706075000034,0.07167136016267248,3.5981884558165786,3.2044139866770733e-4,0.0012144283021261046,209451_at
680.3869161234296,-0.17883046991898513,0.04971415723397825,-3.5971739212499303,3.216933951007699e-4,0.001218997381651587,233864_s_at
143.756779574794,0.5123464884697735,0.14244076112852472,3.5969092302692887,3.220207919191593e-4,0.0012199740987975415,204237_at
304.5515655890835,0.2365000151526239,0.06575505620400979,3.5966818189443197,3.223023265073915e-4,0.0012207766823257263,217826_s_at
349.068978019552,-0.3018450271038392,0.083934636839568,-3.5961914945886213,3.229101307467241e-4,0.0012226382572956295,214722_at
361.19771578292017,0.4010057850605911,0.11152361783989173,3.5957028011438155,3.2351698065389775e-4,0.0012247595016053122,212012_at
276.454541733378,0.36242341570722425,0.10080624871594551,3.5952475201063225,3.240832999843061e-4,0.0012265500322177173,204033_at
913.7764234198154,-0.7575877875587715,0.21074954475446153,-3.5947303631968275,3.2472771157785336e-4,0.00122872346131921,205097_at
305.1731249352865,-0.3757737364117492,0.10453652740288022,-3.594664427330076,3.2480995815721374e-4,0.0012289461872566027,202729_s_at
444.55536554955114,-0.18357051420676015,0.05107577843423495,-3.5940815751467228,3.2553784024546786e-4,0.00123152286612873,209111_at
1593.22647999215,-0.19560477807524906,0.054426535272065604,-3.5939230211415483,3.2573611088054213e-4,0.001232184234594113,202591_s_at
335.41117245257686,0.1942126714816046,0.054066666842451344,3.5920962549353104,3.2802863571057664e-4,0.0012399638150854956,203152_at
369.9587458140041,0.20810737412721395,0.0579397979982505,3.591786325066197,3.284190814084964e-4,0.0012413504318427877,226996_at
1020.7989170361543,0.2667973074075756,0.0743245497182673,3.5896256138636633,3.311532269977289e-4,0.001250875202446535,200598_s_at
488.4112639623215,0.16225881030590633,0.04520472847674595,3.5894211905149462,3.314130025251194e-4,0.0012517664894857786,222182_s_at
614.0070185357578,0.4271410616606935,0.11900839079651328,3.5891676108035226,3.317355095852787e-4,0.0012528945720980767,211366_x_at
1179.0514503184343,0.3305956000265903,0.09211713192658214,3.588861193486536,3.321256082670363e-4,0.0012541876278555598,202503_s_at
572.3271126096492,0.23607551696766957,0.06580532778584255,3.587483337761888,3.338850617324484e-4,0.0012599264403164423,231835_at
214.15516529315437,-0.4773103005797041,0.1330643677074423,-3.587063229647828,3.3442325154006615e-4,0.001261685539227325,221558_s_at
787.7173218409758,0.1483675245445727,0.04136328142284059,3.586937966257312,3.345838803112876e-4,0.0012622009364639587,38703_at
433.9812517078088,0.2958628228717437,0.08251635184044,3.5855053728483655,3.364260763945513e-4,0.0012683494887371692,207181_s_at
565.9726424951273,-0.27265268111670243,0.07604384861944058,-3.585466623095124,3.364760369295663e-4,0.0012683494887371692,212774_at
135.2334465545043,0.3742270005756595,0.10437498325692991,3.585408963893778,3.365503904992393e-4,0.0012685268035786434,208983_s_at
308.3514473048251,-0.30175836934973504,0.08419322228229678,-3.584117119759953,3.382203050801723e-4,0.0012744554322207914,203637_s_at
243.31814775150357,-0.315857319351821,0.08814144609520908,-3.5835277652540056,3.3898471204842626e-4,0.0012769695761589129,238604_at
301.70156252803235,-0.19776452335019395,0.055188294778459455,-3.5834505150788503,3.390850271154831e-4,0.0012771643743300436,214100_x_at
1186.9139102295906,-0.17321741490563752,0.04834057313442229,-3.5832718495903206,3.3931714387965147e-4,0.0012779470531353878,201527_at
157.88280146576585,-0.4744496124611124,0.1324098368172782,-3.5831900700537784,3.3942343895131127e-4,0.001278010688894048,217897_at
143.57264742418567,0.3986465823591319,0.11126307249364652,3.5829190532366066,3.39775922814016e-4,0.0012788191226021505,214696_at
1017.8478950958211,0.21083019710026007,0.058865027413389316,3.5815866629887116,3.415138124773191e-4,0.0012848390651394536,200975_at
659.532146307356,0.22885154016310147,0.06391341597207342,3.580649487786676,3.4274118532854426e-4,0.0012888108367026558,210980_s_at
298.9633426470307,-0.2357353549010458,0.0658383619028341,-3.5805167092241743,3.429154123325113e-4,0.0012892814837403633,210059_s_at
430.5002598714187,0.1698712797321998,0.04744299128968797,3.5805347663464544,3.428917135935076e-4,0.0012892814837403633,218118_s_at
791.8915762507493,-0.25163165706660184,0.0703035507076135,-3.5792169034693075,3.446253491422651e-4,0.0012950618948031891,223040_at
123.10466610004872,0.609568530125682,0.17035475476292533,3.57823021126701,3.459286968514174e-4,0.0012993093720932954,215446_s_at
1201.636089665761,0.13722439823940225,0.038360908793364346,3.5771936212089757,3.4730292154467094e-4,0.0013038186826815226,211271_x_at
260.18670835524966,0.22250043251064308,0.06220346781401806,3.5769779456009814,3.4758948731145e-4,0.001304801279726139,222692_s_at
279.7496026126493,-0.3848644433797922,0.10760245112233244,-3.5767256169865744,3.479250342619124e-4,0.0013058743215683861,214753_at
73.07285966026218,-0.5674044303321962,0.15865652881711056,-3.5763068470145654,3.4848258394107394e-4,0.0013077801854069694,237206_at
6396.039226760239,-0.14496639658588859,0.04053998385657114,-3.5758868848782464,3.4904256007859026e-4,0.0013095076172451622,213187_x_at
72.20715723461147,-0.5343406438472013,0.14944134730730343,-3.575587703638745,3.4944200061673945e-4,0.0013108190507075035,206515_at
95.07953545162579,-0.4441535780116842,0.1242562858340706,-3.5744958496892316,3.5090337855154554e-4,0.0013161130571223182,226433_at
393.18683726459057,0.32615770920482884,0.09124916863445676,3.574363625288613,3.510807401264006e-4,0.0013166843086136343,226039_at
173.89043260014725,0.8140801464178101,0.22791021563048744,3.5719335535958794,3.5435532845733527e-4,0.0013282069703834819,204457_s_at
229.93347197451882,-0.2938328408145504,0.08231846090997819,-3.569464705321448,3.577114047786692e-4,0.001339162641881905,1554464_a_at
97.93693993738363,0.3978517440771863,0.11146216080098986,3.569388402468985,3.5781560052327714e-4,0.0013394573025073229,203688_at
166.50452540780265,-0.37160313954975,0.1041179841211985,-3.569058147698917,3.5826690894743873e-4,0.0013409557106205893,238808_at
386.39091542060186,-0.18172353315426032,0.05092631515351521,-3.568362105258597,3.592198269092167e-4,0.001344426633199471,218229_s_at
41.90682566465424,-0.6623252828900347,0.18561465810871056,-3.5682811348989736,3.5933083326894396e-4,0.001344746322838146,211766_s_at
144.56166411086457,0.2651659740188415,0.07432289704376974,3.567756163523628,3.600513216279176e-4,0.0013469823166226168,212822_at
18.219427584759963,-0.7616458647610546,0.21351694942162833,-3.5671447481063683,3.608921515084176e-4,0.0013499164505603829,214603_at
1299.3698516620534,0.1665282368687399,0.046690264771582696,3.56665865322089,3.6156194806079647e-4,0.001352133111676304,212137_at
708.3513256814715,0.1251726859165503,0.03510180549449305,3.56598995844211,3.6248525095047623e-4,0.0013552002474533206,207812_s_at
10529.335558880246,-0.11296973472099557,0.0316921353437431,-3.56459839312465,3.6441373230944275e-4,0.0013615613398279107,200012_x_at
285.90290736849636,0.23878584885846685,0.06700554067601402,3.5636731895508014,3.6570121754807847e-4,0.0013657661872528222,37950_at
248.4691499083897,-0.21192420315057045,0.05947371302404508,-3.5633255832688637,3.661860340691578e-4,0.0013673824665674662,201383_s_at
256.0479917267174,0.36221434451923784,0.10166268123178038,3.562903713836021,3.6677523477291683e-4,0.0013693880142267598,213069_at
650.3109256475753,-0.2107622502561354,0.059195008269117604,-3.560473364543668,3.701868613031026e-4,0.0013816348490109547,224581_s_at
1160.5503033748516,0.23619568326465978,0.06634227227353158,3.560259170665974,3.7048895630517956e-4,0.001382664153505355,202949_s_at
665.4855784640636,0.21950312844003,0.061656165971222754,3.5601164130523517,3.706904269247298e-4,0.0013833178084642654,208614_s_at
862.2839550236998,0.2437019381098346,0.06846863881859307,3.5593220825598753,3.7181331949118494e-4,0.001386917254066274,209340_at
184.20692777070704,0.57582126363951,0.16180526659192876,3.558730044873789,3.7265231145438866e-4,0.001389750892433575,202627_s_at
332.1030140886568,-0.1783150629073358,0.0501151048472272,-3.558110143656653,3.735326860269793e-4,0.0013929352715150692,223186_at
273.42251177118294,0.25520230658542564,0.07173179061172631,3.55772948659261,3.740742526898846e-4,0.0013947568837079955,221538_s_at
461.965339676418,0.30324191472359247,0.08525635892925004,3.5568245997373364,3.753645968558869e-4,0.0013992701818104896,212014_x_at
224.99592989719395,0.3948916640537096,0.11109605028675573,3.5545067807040343,3.7868874669485516e-4,0.0014108612217355323,201963_at
678.4177359065853,0.26175285787381164,0.07367425594136151,3.552840195388533,3.810958990516098e-4,0.0014193263325602936,223249_at
585.2861804329455,-0.39088216595893854,0.11002925124336226,-3.5525295459330803,3.8154616761016264e-4,0.0014209025859257716,209122_at
436.2504623662333,0.20395384337324518,0.057411238524612655,3.552507289767117,3.815784457257361e-4,0.0014209221027896503,209157_at
321.0852991133114,-0.29318470880972197,0.08253893979553655,-3.552077474413798,3.8220230769289416e-4,0.0014228419691501282,226779_at
116.4636465470084,0.40649682700671785,0.11444511867369253,3.551893097037429,3.824702170821576e-4,0.0014236376364144565,208964_s_at
363.8479388696748,0.2251268662375255,0.06338730003207912,3.551608384070516,3.828842638127094e-4,0.0014250778753833663,225002_s_at
416.96361716728165,0.19157536966933408,0.05395241004102291,3.550821353924117,3.8403099101873896e-4,0.0014290423211781355,200956_s_at
79.99021994052089,0.6182043409680623,0.1741254914927103,3.5503379526365513,3.847369119487215e-4,0.0014315678044854935,205157_s_at
348.0730696034071,0.2298156496121367,0.06474410529564438,3.54959958999692,3.858174994304179e-4,0.0014350805340127527,211042_x_at
272.35996451864673,0.18231856954036027,0.051380648685835015,3.548389796616623,3.8759415473060095e-4,0.00144066929823269,226488_at
198.56217643524332,-0.22478426789708553,0.0633849182304305,-3.5463367970264055,3.906266163922388e-4,0.0014506070659890981,211563_s_at
34.55167761440731,-0.4194558325089734,0.11832437381277862,-3.5449655805714784,3.926643575642384e-4,0.001457556338990746,1553602_at
322.52935664949945,0.24162397176818556,0.06816759824713456,3.544557502117104,3.9327271114494036e-4,0.0014595052652716049,201456_s_at
208.65545332676754,0.3622057882216195,0.10226304118775283,3.5419031549884883,3.9725129308602663e-4,0.0014731261965031783,203373_at
666.9919018808092,0.16912911180154172,0.04775840252061714,3.541347760292637,3.980885137380855e-4,0.0014759184304050331,211285_s_at
152.26856552898298,0.2741537030440197,0.07743114540117456,3.5406127808598975,3.9919898089060574e-4,0.0014797223333139296,1554572_a_at
242.119853073973,0.8105291835999346,0.22892689526100005,3.540559018527939,3.992803229113741e-4,0.0014799194647213735,224009_x_at
475.9780172967588,0.22327962246734148,0.06309232389324497,3.5389348289839595,4.01745022675993e-4,0.00148800535074453,203261_at
86.53473695422218,-0.7373208700414523,0.20836782877490811,-3.5385542690371468,4.02324572256586e-4,0.0014898369201220845,205295_at
91.55270275168364,0.35948154959988254,0.10159885695163622,3.5382440352749778,4.027976008213879e-4,0.0014909941729481192,209325_s_at
545.5722795531601,0.2142071716248162,0.060548177312829535,3.5377971911208617,4.0347983909918867e-4,0.0014930629111405973,208899_x_at
196.85933768561137,0.25183412540819083,0.07118656006381016,3.537663923954914,4.036835192888252e-4,0.0014935011385219935,208802_at
915.369978987737,0.1565750861040436,0.04427211043877723,3.5366528623153686,4.052319168654819e-4,0.0014988076683051966,223064_at
158.6587261745436,0.48737759128998764,0.13783397644071774,3.535975699718772,4.0627206270790495e-4,0.0015021262124350105,203570_at
912.8451126200932,0.23517528034727528,0.0665398906799638,3.53435026634467,4.087789729251391e-4,0.0015101202125058176,200990_at
592.3624318953888,-0.20892121898534532,0.059115055081660865,-3.534145721369014,4.090954647421075e-4,0.0015111831766399604,201887_at
225.74032508382342,0.1839447607881278,0.0520552950957572,3.5336416871666207,4.0987633250597674e-4,0.0015135357489122472,208072_s_at
2312.432864572735,0.2881726333056013,0.0816393194697127,3.5298264999931828,4.158322648578358e-4,0.001533804663625681,200790_at
4868.384659689948,0.13308098977894003,0.03770508930257238,3.5295232617274497,4.1630910458849283e-4,0.0015354557290015896,201134_x_at
374.57519196679874,-0.2023271799900872,0.05733647375123829,-3.5287691543067305,4.174971474103849e-4,0.0015395134075922936,221522_at
577.5297265881261,-0.15915057333322513,0.04513525180942502,-3.526081431985979,4.2175726552014567e-4,0.0015542410302325036,201705_at
209.56638620623923,-0.40153166629660636,0.11390176209174907,-3.525245430120461,4.230906074372307e-4,0.0015587174050652802,226535_at
3043.3971399311845,0.1675655254359578,0.04755736665816559,3.5234399465468895,4.259836196540463e-4,0.0015680139953600171,200871_s_at
1562.2409974989384,0.24596598235685735,0.06980998998069533,3.5233636679345564,4.261062502277735e-4,0.0015682882466888724,208636_at
1079.2551872265378,-0.19725730091380453,0.05600494968813232,-3.5221404895861226,4.280772210177084e-4,0.0015751011883613137,208731_at
294.6715123530308,0.23610770852015292,0.06706040932873068,3.5208211653279804,4.3021265698076056e-4,0.001582515291871414,218889_at
879.4845380255603,0.1884074734537675,0.053564621706023184,3.5173864288223213,4.3581880563303964e-4,0.0016017918393760938,1555837_s_at
202.29309526439283,0.2646837987011101,0.07526129157226982,3.5168649537052774,4.3667589230720217e-4,0.0016047174913861061,209780_at
168.90820874438182,-0.3424807928300955,0.09738473801954581,-3.5167809637826126,4.3681408359813216e-4,0.0016050008634144052,228303_at
248.8123038593806,0.2135844279412717,0.06073663730841707,3.5165665635504735,4.3716702826021716e-4,0.0016060731215090844,203489_at
297.0541627074621,0.21217252895666508,0.06034478229176898,3.516004547515045,4.3809348041553756e-4,0.0016092517487773929,225591_at
177.98948954265424,-0.39054801788126275,0.11114168098855826,-3.5139653675156186,4.41470366587333e-4,0.0016206366055902975,213158_at
847.125719877888,-0.22261608805208588,0.06336347573266043,-3.5133187609741454,4.425462117485331e-4,0.0016240741349768674,212294_at
950.1324483207624,0.696403415477609,0.19831241706611213,3.51164806410204,4.453373129429518e-4,0.0016330070572428055,228241_at
869.7395966318355,0.22843387090371767,0.06506855672281511,3.510664480800163,4.469881826642628e-4,0.001638374735091203,202467_s_at
128.69162848213384,0.35058201595284333,0.09986296014374062,3.510631123373702,4.470442705787775e-4,0.0016384660433779953,209082_s_at
1213.7533750403888,0.2037770350875661,0.05808350207738287,3.5083462222384623,4.5090182638588656e-4,0.0016514526854752164,200964_at
615.8174200178582,0.22899304922475391,0.06528190171347698,3.5077570232222564,4.519015861466541e-4,0.0016547683917468828,201296_s_at
459.07065522181745,0.3477431635134966,0.09914513347410975,3.507415354928182,4.524822801295187e-4,0.001656548502258915,209607_x_at
272.0787725633657,-0.19659322821966418,0.056053357428028534,-3.5072516123960322,4.527608210901524e-4,0.0016573373400830165,222148_s_at
2669.6325283047454,0.1459323236902768,0.0416183610870455,3.506440904413725,4.5414226813753284e-4,0.0016619311161966367,202077_at
427.446425808516,-0.30350378528472866,0.0865590886293365,-3.5063190947445526,4.543501714900529e-4,0.0016625761671416406,225324_at
1252.1456357240922,0.16090666139404508,0.04589270283867413,3.506149157518084,4.546403668000652e-4,0.001663433551847597,201216_at
231.35397232991863,0.30455050397036126,0.08686192952946281,3.506144816493633,4.546477820668053e-4,0.001663433551847597,221781_s_at
9.813498846944652,-0.40561487612910985,0.11569402144827602,-3.505927713909144,4.550187771402801e-4,0.001664675030548575,216351_x_at
1353.1501178511319,-0.1680655206808925,0.047941242382200655,-3.505656347848234,4.554828974314137e-4,0.0016662570090220322,218059_at
179.96946622043316,0.568048536123613,0.1621172330102902,3.503936784361208,4.584341695488089e-4,0.001676353280438916,226695_at
280.416308057943,0.20598782840770466,0.05884442288378586,3.5005497260890475,4.6429960767049085e-4,0.0016955463589830148,218474_s_at
599.352537647432,0.2532408864030977,0.07235264708466993,3.500091518514108,4.6509845040392656e-4,0.0016980996242852077,206245_s_at
607.791648040739,-0.21591265982030694,0.061703426432041956,-3.4992004869957385,4.666555545010731e-4,0.0017030983341145413,212287_at
271.2206487622748,-0.21104634361371236,0.06032099423250863,-3.498721237919744,4.674950666342921e-4,0.0017058068271817392,213064_at
12995.924938449249,-0.05325270005933646,0.01522287811327259,-3.4982018290553256,4.684065185754889e-4,0.0017084208603800571,212284_x_at
263.1472377937119,-0.38040267969889546,0.10874213941983801,-3.4982085300916745,4.683947491350299e-4,0.0017084208603800571,224559_at
319.30456502390393,0.17810024191107995,0.05091510534481474,3.4979843546413854,4.687886320107286e-4,0.001709695889430384,226191_at
205.84773325545996,0.31403064984038226,0.08982658245199526,3.4959656848595477,4.723494399173553e-4,0.001721129616960181,226282_at
177.7151865916217,0.24984460266588046,0.0714943992382594,3.494603847684044,4.7476587089018753e-4,0.0017293350137761933,221041_s_at
438.11755844677043,0.15602563058379612,0.04466430857769196,3.493295554153607,4.770981503747255e-4,0.0017374690731614803,208289_s_at
120.66895180581638,0.33161566694697975,0.09493578125054652,3.493052488521768,4.775326360948044e-4,0.001738689909749643,222040_at
279.13931587434655,0.25345229877476577,0.07257179039840717,3.4924355232708804,4.786371343702266e-4,0.001742228560721214,214686_at
404.00975748179115,-0.17978591992469606,0.051490786294038464,-3.4916134101745393,4.801125939147617e-4,0.0017471151683005391,205963_s_at
82.11926548609273,-0.6338155668061044,0.18154818960998317,-3.491169855054569,4.80910410182479e-4,0.0017496549461218417,230130_at
109.46626037546083,0.4410056077508484,0.12636748493771838,3.489866146882665,4.832625357230855e-4,0.001757725745891829,225651_at
297.04538853479215,-0.8063516808028517,0.23106650735801185,-3.489695196515432,4.8357175561122937e-4,0.0017586070198873814,206224_at
612.853387676377,0.26211881403318404,0.07512445547166842,3.489127640093665,4.8459969164412603e-4,0.0017618576405856383,223103_at
210.8501277262981,0.21544355193375647,0.06177332326450105,3.4876471031236274,4.872907822974853e-4,0.0017705392542078293,209317_at
478.7038501880661,-0.21766884418139495,0.06241854040654081,-3.487246621976209,4.8802110601475594e-4,0.0017728251334415903,201138_s_at
4395.126190372445,0.14199931638379693,0.04073316831997259,3.486085719341669,4.901439185898602e-4,0.0017797984866697652,211921_x_at
3647.0219522486386,0.12165400108164094,0.03490066540709576,3.4857215374726667,4.908116295047093e-4,0.0017820999293208853,208724_s_at
219.07915690343202,0.2672915493734787,0.07669200054501005,3.4852598377141955,4.916593543981903e-4,0.0017850546259787561,203856_at
1466.104293112799,0.16314957657962553,0.04681888654376148,3.4846957846195274,4.926968627359514e-4,0.001788574354094439,201077_s_at
296.6728026510699,0.2683467595926379,0.07701186270162269,3.484486028241252,4.930832050529259e-4,0.0017898532088929042,210609_s_at
38.29219309210158,-0.7029382611311012,0.2017750882403252,-3.483771298337202,4.944017612238257e-4,0.0017937272284515298,204940_at
157.07495098079235,-0.31155025056291247,0.08942932137675605,-3.4837595294991113,4.944235002349747e-4,0.0017937272284515298,211603_s_at
323.86559835959036,0.3933154457031524,0.11293531558709718,3.4826612354026887,4.964561603897425e-4,0.0018002316327276984,205542_at
1691.8825982508945,-0.15926416205398838,0.04573685798395161,-3.4821841524372275,4.973415435757587e-4,0.0018033177508679746,228332_s_at
297.56000499507957,0.1481210834998645,0.0425587764488235,3.480388673250008,5.006868550940438e-4,0.0018143209668766724,225110_at
700.1175801569126,-0.18531813578573517,0.05324694187433212,-3.480352659934982,5.007541687192139e-4,0.0018144397809479844,1554078_s_at
1077.8395039267489,-0.1918638049268371,0.05514257940164988,-3.4794129510941323,5.025135935757212e-4,0.0018202374104189585,1555226_s_at
430.2862151373426,0.18360224838678807,0.052768279945816364,3.4794055931956644,5.025273925442149e-4,0.0018202374104189585,222512_at
780.0164940255337,-0.2369457256033792,0.06810766026556556,-3.4789878947460515,5.033113217952168e-4,0.0018227000555144585,201816_s_at
6569.591663314149,0.08914854017382115,0.025626845057911667,3.478716945935516,5.038204433459572e-4,0.0018242923783659524,213356_x_at
464.6075710902391,0.15192419081049519,0.04368028064603196,3.478095574559831,5.049898338798846e-4,0.0018280228495470075,206174_s_at
409.33794044372587,-0.3845160219129113,0.11055595285282596,-3.4780218702902936,5.051287094591885e-4,0.001828147799526079,203037_s_at
306.9577318528481,0.21765613988865645,0.06258031285684941,3.478028951158144,5.051153659505076e-4,0.001828147799526079,227456_s_at
249.09687834429184,0.19253094055304446,0.05539132887957483,3.475831767308238,5.092716452195744e-4,0.001842507369053388,217821_s_at
164.07648063386378,0.2769272154211559,0.0796830197984248,3.475360448458183,5.101673534330437e-4,0.0018453668588560934,225997_at
105.08281229619246,0.3471474857911957,0.09990637680860734,3.4747280091663533,5.113715671904976e-4,0.0018493408575646444,233337_s_at
470.6296230876696,0.24188367731617752,0.06961800820199553,3.4744412194953345,5.119185098319607e-4,0.0018511914515728937,225019_at
414.9511753606904,0.2136265367761578,0.06151300823650236,3.4728676567859664,5.149292013133151e-4,0.0018610542085014759,207305_s_at
685.6905897285586,0.20636531066620223,0.059441094333755155,3.4717616319020626,5.170552228225687e-4,0.0018682241443944499,225258_at
33.59856372647835,0.3809281581405003,0.10975522470089925,3.470706375742851,5.190912800921396e-4,0.001875194056500021,210215_at
467.4713001074052,0.2057939504091341,0.059331365502015926,3.468552403401903,5.232704629864645e-4,0.001888992712720886,222477_s_at
281.99629246245746,0.2529434465582669,0.0729256583808203,3.4685109764438122,5.233511469400884e-4,0.0018891542122597296,205172_x_at
2796.5384732423454,-0.1981158597106206,0.057149151811334356,-3.4666456706944233,5.26996090167417e-4,0.001901397262299769,200647_x_at
780.8070715279106,0.21080240831332506,0.060824712635372445,3.4657361979994543,5.28781832507845e-4,0.0019071855346659314,200692_s_at
345.9111176479021,-0.2128361916501893,0.0614194234092642,-3.465291268398429,5.29657500810562e-4,0.0019100816782816356,218448_at
443.2254527874038,-0.11549471010488044,0.03333322483801206,-3.464852580755231,5.305222071300708e-4,0.0019124826071980946,214585_s_at
140.42050689639166,0.5985175096183869,0.17276061592018083,3.4644325990069116,5.313512742554381e-4,0.0019152698811536553,232458_at
377.17172299334936,0.1224664055935709,0.03535522007183008,3.4638846921263613,5.324346876099314e-4,0.0019186486953272307,224732_at
276.1159679556207,0.5010345324912517,0.14467005633922855,3.4632911963233393,5.336105692844496e-4,0.001922358778322934,200986_at
154.61453778653964,0.3970167293406083,0.11464899863154905,3.462888765531332,5.34409273775828e-4,0.0019249722394801142,226625_at
216.92835244710795,0.3070201084030477,0.08867484315282916,3.4623135208021205,5.355528964711957e-4,0.0019285628971596012,222036_s_at
236.6896151994215,0.1858418398432504,0.053719460716864675,3.459488188512422,5.412030131557434e-4,0.0019476126660436966,218092_s_at
166.7494583867735,0.26960095473193524,0.07793378585484484,3.4593591441082956,5.414623984154247e-4,0.0019483748638359625,203242_s_at
175.2795909305572,0.269947551488523,0.07810201448716533,3.4563455662578852,5.475528647021526e-4,0.0019693466501202388,221870_at
238.7147039744946,0.1777442902660382,0.05142687160062103,3.456253214202743,5.477405129433988e-4,0.00196964747247801,208984_x_at
140.0541073701846,-0.38791971045921486,0.11230893253482199,-3.454041470289447,5.522524469273145e-4,0.0019843480853150614,232304_at
167.17387723943563,-0.2881488292501577,0.0834295051066217,-3.4538000540924663,5.527470235256139e-4,0.0019856681242000113,218330_s_at
298.3284307572072,0.3365730499854344,0.09745502763083884,3.4536242836067768,5.531073747406571e-4,0.00198674082237171,227163_at
78.59902695989466,-0.4731458570883703,0.13700794581594183,-3.4534191011373916,5.535283009667796e-4,0.0019879810243291283,222271_at
253.39166712433078,-0.2190765269671414,0.06349398265973477,-3.450351006349308,5.59858108145556e-4,0.002008653185105141,204808_s_at
201.7639986136915,0.6697969197520858,0.19415685503973198,3.4497721938018593,5.610597934000259e-4,0.002012279832276323,201849_at
311.2719015270068,-0.1836556987762271,0.053249485798689815,-3.448966614824023,5.627362720372528e-4,0.0020173289250099446,224298_s_at
113.29585013991213,-0.47192495972257537,0.1368612126061777,-3.448200923665303,5.643340642480327e-4,0.0020222291294484597,227819_at
167.40578422431352,0.27873025726214906,0.08086040660584334,3.447054856165004,5.667334961595367e-4,0.0020298583900475904,224994_at
168.9556172360418,-0.2455468933167892,0.07123656363641102,-3.446922209359397,5.670118210106691e-4,0.0020306150755390624,204766_s_at
46.433425593564124,-0.7067120238500726,0.20502726174867972,-3.446917340760044,5.670220389225509e-4,0.0020306150755390624,204938_s_at
795.5174884195608,-0.11727521024422422,0.03402564389483866,-3.4466712990555233,5.675386392239262e-4,0.002032188161461758,39854_r_at
267.4761599938335,-0.2442789736927172,0.0708745992594272,-3.4466364007021184,5.676119488697613e-4,0.0020323121924581983,225469_at
661.2098599890458,0.1477779379799131,0.04287802512810794,3.446472582130184,5.679561941936758e-4,0.0020331292030280252,224592_x_at
220.52115086035533,0.1867386454646037,0.054200511112003205,3.4453299726033153,5.703626653317215e-4,0.0020409096148868585,225583_at
102.5254248068678,-0.48952457707164015,0.1420862329177373,-3.445263957100311,5.705019915320519e-4,0.0020412691764008345,209524_at
290.7652861095996,0.24943913116852043,0.07240395897424903,3.4451034819413007,5.708408076941017e-4,0.0020423424200119696,203236_s_at
927.9722877735328,0.23084686891404188,0.06702846772868443,3.4440123239644396,5.731495764777939e-4,0.00204962594190351,217755_at
132.35794276959933,-0.30618781310056536,0.0889394281953081,-3.4426555163834296,5.760325582312992e-4,0.002058814952753516,201668_x_at
205.3446843530822,-0.24675357111391108,0.07168435215103663,-3.4422236333252925,5.769530644443004e-4,0.002061964729602568,225216_at
347.76979946127085,0.1947275714556061,0.05657732738496773,3.4417951581669106,5.778676604391015e-4,0.0020649525414235767,209444_at
283.97260290789393,-0.234569303310258,0.06815427790782709,-3.441739983328606,5.779855312195797e-4,0.0020650929096276967,219061_s_at
125.42970390014912,0.34269491274645003,0.09957478802197936,3.441583151257186,5.783206960324905e-4,0.002066009507123344,218574_s_at
221.69361989484,0.33684398157295375,0.09791319877785508,3.440230589720427,5.812187658526972e-4,0.0020752341205667944,205490_x_at
683.1553766875771,-0.21420915926318665,0.062289326719895566,-3.438938427227646,5.840000452876351e-4,0.002084881351813489,201833_at
3115.0984118701053,-0.15113078675652603,0.043962904440778126,-3.437688857889551,5.867014266031658e-4,0.0020936719476948988,200640_at
361.31941009346707,-0.27955653561384525,0.08133313864125469,-3.437178747606397,5.878075485255996e-4,0.0020974767724887535,201634_s_at
679.771149777907,0.16029006962332382,0.046640623175601054,3.436705144779794,5.88836245398756e-4,0.00210057697805364,202217_at
158.78180343022302,0.3834181933568747,0.11160944593543136,3.4353561219064828,5.917756058436988e-4,0.0021102032290344513,204661_at
360.3571756007244,0.1606225864373897,0.04677023002717735,3.434291136563895,5.941057235659971e-4,0.0021180810118911477,203517_at
147.182868860956,0.3437529335811465,0.10012308339218313,3.4333035093881676,5.962742162972386e-4,0.0021250912222490898,205768_s_at
250.0303086769666,0.7696315254944577,0.2241700529230985,3.4332486229036117,5.96394944141312e-4,0.0021253773577271655,223952_x_at
615.0304853377189,0.18212651518857725,0.0530551162460773,3.4327794956446454,5.974277611752593e-4,0.0021283363991868613,218740_s_at
481.89295187431827,-0.22805057273120008,0.06643750359126867,-3.43255782357799,5.979163669597291e-4,0.0021299326746561107,211992_at
241.10629730707655,0.17347854384307734,0.05056027582584808,3.431123367297561,6.010871728919431e-4,0.002140792578216534,215631_s_at
1175.9501714007943,0.18265064336800155,0.0532449357337438,3.4303852723452026,6.027247925646058e-4,0.00214575252326516,201619_at
172.1967600397082,0.2982683446050217,0.08695240208498708,3.430248474487167,6.030287632770564e-4,0.002146398484609714,212561_at
581.5161413298684,0.20234685358310836,0.058994006801298515,3.429956101551904,6.036789068854488e-4,0.0021479851910939656,224641_at
148.15673183629906,-0.39359826423948335,0.11475606052077461,-3.4298690845023314,6.038725308214138e-4,0.0021485286700147982,230492_s_at
350.54325062978324,0.22540448848754072,0.06571997188036281,3.4297715296937272,6.040896713238554e-4,0.0021491557396936026,206414_s_at
374.97556577486455,0.20043271843029253,0.05844273806184018,3.429557291073668,6.04566785298938e-4,0.002150561989616921,202230_s_at
200.55184215098924,-0.20763088690933873,0.0605503604621,-3.429061120772355,6.056731141139717e-4,0.0021534770880959116,211464_x_at
1140.618264621874,0.13117418819490406,0.03825954468599209,3.4285350040490856,6.068482735051884e-4,0.002157363469241133,208549_x_at
303.43039748740034,0.1778126482082696,0.05186251780630183,3.428538677438903,6.06840061095525e-4,0.002157363469241133,224921_at
138.29839720524853,-0.29902203519713644,0.08726523126375954,-3.426588469047209,6.112146206422488e-4,0.002170976829767014,213725_x_at
158.70361017884224,-0.4422033786411902,0.12907632568232313,-3.425906155165288,6.127520523826153e-4,0.0021757024093585543,211653_x_at
150.03175914686452,-0.33744896152004333,0.09849875444886023,-3.425921103350034,6.127183316891045e-4,0.0021757024093585543,214110_s_at
873.0252632722238,0.17131563659041696,0.050034481333995864,3.423951483514565,6.171763836964034e-4,0.0021902280821649526,210024_s_at
406.1990918491651,0.21338574680106484,0.06234232192208735,3.42280717532056,6.197802613824618e-4,0.0021988747624852424,218398_at
329.1904362547562,0.22006965909917356,0.06432988810805199,3.420955104562479,6.240163253595179e-4,0.0022121115657972416,225479_at
1113.5678687313305,-0.21639678499474868,0.06326213171563437,-3.420636945455146,6.247467257356838e-4,0.0022145514248154007,200636_s_at
277.7306685054714,-0.2797037216031093,0.08177184016667267,-3.420538427813279,6.249730546936257e-4,0.002215204283831443,226806_s_at
848.3708656530107,-0.16365747372455644,0.04784641457546373,-3.420475184539369,6.251183864789499e-4,0.0022155699813201195,201778_s_at
242.62483659811744,0.2443389986317307,0.0714579097263875,3.4193415336007624,6.277288329032524e-4,0.00222452198815897,225553_at
201.33160482643765,-0.2073111601499734,0.060629650989927474,-3.4193032083330714,6.278172610745039e-4,0.0022246853441109486,208114_s_at
148.43457836889124,0.32723543300922453,0.09571939551237438,3.4186951480164782,6.292217945529333e-4,0.002229211419100368,212985_at
984.8968598243051,-0.23588419549787493,0.06905373686277252,-3.4159512028528924,6.355963551270165e-4,0.002250174769309448,202185_at
554.0207278926903,-0.36195167852312593,0.10598122386930338,-3.4152434300012113,6.372503269607162e-4,0.002255526244820412,231832_at
172.86075509221723,-0.4808415185128936,0.14081218450332988,-3.4147720966684014,6.38353990670678e-4,0.0022585199694161043,201149_s_at
149.8758002887417,-0.27136754311365013,0.07954018835531083,-3.411703551686789,6.455828075654624e-4,0.00228185561297457,213786_at
574.662452479644,0.32944729183030735,0.09658505676708859,3.410955098621081,6.473575113210494e-4,0.002287141287392701,227961_at
1186.3780640165548,-0.2956800053887547,0.08672128699221045,-3.409543557803905,6.507168577988522e-4,0.0022985464272590995,202295_s_at
170.75182727528477,0.2401700836771585,0.07046668651524456,3.408278373145881,6.537416601039784e-4,0.002308610348414493,209403_at
123.39874168485879,0.39489324140668686,0.11589922741222167,3.40721202568642,6.563012318983633e-4,0.002316559536650318,212263_at
296.01254252659345,0.1501426524406309,0.044069286732112765,3.4069680626626466,6.568881289007331e-4,0.0023183197049391666,218942_at
305.09648315271073,0.19682548096866262,0.057814069004258443,3.404456464639514,6.629586710295236e-4,0.0023370760663593763,202777_at
522.7683037240929,-0.18698587299659827,0.05492895765252234,-3.4041402019579716,6.637267661178401e-4,0.0023396268338961006,226000_at
256.67284264534663,0.3280277147274714,0.09636210265420385,3.4041153699665663,6.637871096477842e-4,0.002339682613040218,232591_s_at
464.7089422815276,0.1741971736661163,0.05117765235990617,3.4037742185021886,6.646166489194629e-4,0.002342449424405704,223157_at
921.8867604151172,-0.14269357384268594,0.04192895002085565,-3.4032231613648687,6.659586282230322e-4,0.002346707103904602,201253_s_at
909.1551603104573,-0.20252857256408432,0.05951662473144395,-3.402890763344716,6.667693287623771e-4,0.0023490913255867782,218203_at
161.29878009816346,-0.2982496135472563,0.08768465480972579,-3.401388922548112,6.704436878447723e-4,0.002360770356515522,202611_s_at
302.73267897043087,0.34197418064082147,0.10054300020125748,3.401272887782241,6.707283570495147e-4,0.0023616145033083344,205769_at
1217.3914667489946,-0.3145732764509525,0.09249243911840206,-3.4010701788095217,6.712259345694691e-4,0.002363208130593145,212099_at
389.50096676651924,-0.2437787567088266,0.07169088441830002,-3.4004149716780305,6.728365803777552e-4,0.0023679269835379727,218708_at
218.8587258837101,0.21398676753244328,0.06293340053808764,3.4002098361574675,6.73341587513508e-4,0.0023695455865933375,202178_at
253.26947573691973,-0.42084506702835567,0.1238343855114225,-3.3984508041955506,6.77686499970185e-4,0.002383399338782915,202075_s_at
229.05382779899278,0.3014284269818416,0.08871716652694658,3.397633612321094,6.797138660156586e-4,0.0023899832604400836,201811_x_at
94.84028970785535,0.6533984634404361,0.19231320967218452,3.397574532473425,6.798606551491295e-4,0.0023902459774356,204885_s_at
61.462664690658244,-0.5247438794328232,0.15449260726654904,-3.3965630376570224,6.823783795131061e-4,0.00239845594950052,203178_at
327.0709623302873,0.5725869001552747,0.1686153429781381,3.3958173084492893,6.84240130782924e-4,0.002404517274033152,202311_s_at
79.97956044432817,0.7958798477030492,0.23437515053861968,3.395751835781355,6.84403811923453e-4,0.0024048196690011365,203820_s_at
136.34326937160918,-0.3439438039954718,0.10128812456593203,-3.395697229753589,6.845403543866217e-4,0.0024050898371730522,201615_x_at
421.10947752746637,0.2605406528655599,0.076766313755144,3.3939450798248263,6.889350729821968e-4,0.0024193981841300616,202174_s_at
10027.815570408546,-0.08873524645841566,0.026146651583645267,-3.393751822276148,6.894214013437363e-4,0.0024204574298090785,201293_x_at
192.8798675393228,0.36361804148307303,0.10714395173122715,3.3937337162550856,6.89466981090724e-4,0.0024204574298090785,228600_x_at
205.47993350418207,0.23188726638039953,0.06833687814960446,3.39329616247244,6.905693225748206e-4,0.002423841593441336,226752_at
338.72549611123077,0.22969231167101292,0.067704598456186,3.3925658952051068,6.924127544509875e-4,0.0024301495857764924,218558_s_at
304.5153016595605,-0.5716140028400056,0.16851366529807624,-3.392092871690277,6.936092591120054e-4,0.0024338613209168945,209309_at
208.5445791173849,-0.27083719390764355,0.07988465376189649,-3.390353229982051,6.980262008289752e-4,0.002448052649874272,218445_at
289.0158974995811,0.19760201440232925,0.05829609137559634,3.3896271557761515,6.998774198372719e-4,0.002454053771158793,202562_s_at
628.4768908975537,-0.1671970457156936,0.04932988997398095,-3.3893658754130946,7.005447031152111e-4,0.0024562296569161923,202138_x_at
1327.6365159010484,0.18961755825964083,0.055947868047386766,3.3891829104022055,7.010123289243532e-4,0.0024576047836294217,208956_x_at
75.01219928066907,-0.5232878694448186,0.15442651886008174,-3.3885881343925393,7.025344748619676e-4,0.0024627132331840875,227236_at
449.55034297812864,0.22501646361504274,0.0664047998571784,3.3885572142224945,7.026136894334638e-4,0.002462826641398403,202771_at
712.0240727565166,0.1602288493673027,0.04728683414708898,3.388445267215389,7.029005565818882e-4,0.0024635035578929347,225010_at
376.64497075159875,-0.15168677763132363,0.04476921725894416,-3.388193649979866,7.03545729649948e-4,0.002465107158878816,212231_at
445.5426033073412,0.3303086238071569,0.09750001609671546,3.387780197692544,7.04607059974478e-4,0.002468332184368665,203362_s_at
1157.3070438757793,0.13302706446454876,0.039276063776312604,3.3869754673526473,7.066770667483123e-4,0.0024749238015387715,212015_x_at
667.4783575450347,0.1742865123955994,0.05146564520110564,3.386463177806526,7.079977706612497e-4,0.002478888397024072,200852_x_at
117.94741589237162,-0.37498966736006556,0.11075541889833657,-3.3857455561995757,7.098516861819049e-4,0.002485048329043687,238571_at
262.08873624350656,0.1858384393442027,0.054895162781667436,3.385333605500566,7.109179633229489e-4,0.0024881181835691435,218647_s_at
980.1770187690495,0.25456836686151174,0.07525185301164652,3.38288502772301,7.172865397329689e-4,0.0025079021228877948,213275_x_at
1532.2060138443348,-0.23668893964133086,0.06998591195762947,-3.381951210189644,7.197292640008502e-4,0.0025157733116262506,217744_s_at
2252.3513673674543,0.3397352650384311,0.10045721661962871,3.3818900868496584,7.198894225218877e-4,0.002516165782868801,202411_at
215.16300497234135,-0.3559130578645974,0.1052428714288261,-3.3818258000048504,7.20057905946185e-4,0.0025162526224546716,210103_s_at
653.9095415396755,-0.15534510990778475,0.045935040462545845,-3.3818433236049685,7.20011976337644e-4,0.0025162526224546716,216221_s_at
146.351100896904,-0.2826567811398875,0.0835843530791651,-3.3816949073252416,7.204010636559725e-4,0.0025170664377438057,209681_at
3892.2371781978127,0.12535138185610942,0.03707092400293783,3.3813935106169857,7.211918048388854e-4,0.002519042543633044,200089_s_at
231.4311251374476,0.3058098546739467,0.09046281322260663,3.3805034773948965,7.235315954017162e-4,0.002526039956469926,228415_at
130.9220816465459,0.41031658509601693,0.12138641691221236,3.380251230191276,7.241960044526662e-4,0.002528191631327582,207522_s_at
343.13069967046243,-0.28063446652345675,0.08302448404585736,-3.3801410481328906,7.244863974114088e-4,0.002528869429434058,225017_at
425.32097106304894,-0.31141910326767874,0.09215119325050482,-3.379436470465593,7.263459230162567e-4,0.0025348551456402385,209589_s_at
647.240435235363,-0.14320029417582736,0.04239500596547958,-3.3777632745807176,7.307796125667847e-4,0.0025493124300587323,200711_s_at
663.1775225571254,0.1719453070538271,0.05092165946944412,3.3766634639431583,7.337076061287721e-4,0.002558507699057228,221493_at
273.81699229239155,-0.19384092095742197,0.05740925992032027,-3.376474826995829,7.34210902195521e-4,0.002559753201139937,226993_at
511.4129156571721,-0.1851722710278277,0.05484267468205341,-3.376426698758787,7.343393629061634e-4,0.00255988431158359,225808_at
66.9572316338364,0.4418669387924855,0.1308762663100131,3.376219013964025,7.348939408984978e-4,0.00256145484613209,219562_at
683.1422803916366,-0.24071441617390246,0.07130065203422392,-3.376047894461903,7.353511713545273e-4,0.0025628785369962086,203041_s_at
182.62282657010005,-0.41456742730332796,0.1228052469347864,-3.375812008451698,7.359818907797151e-4,0.0025645722035492467,223940_x_at
125.7720704939871,-0.3636847432131348,0.10775480241694069,-3.3751140093590677,7.378511671699955e-4,0.002570398398478851,226316_at
367.8396010922613,-0.21252561190016753,0.0629814755337054,-3.3744146211123867,7.397285858429104e-4,0.0025762555401185093,231716_at
190.48333947546394,0.2222881904889451,0.06589073637261696,3.3735878930217,7.419535538856612e-4,0.002582977415931839,219073_s_at
64.76726464942459,0.5584622005242851,0.1655578101764777,3.3732156757146505,7.429573277391208e-4,0.0025857867153643546,219529_at
18.575330331946674,-0.4114808413922397,0.12200244839304368,-3.3727260953535216,7.442795198800701e-4,0.002590045417016104,203924_at
544.4270389779688,0.15103679115782478,0.04478993982636752,3.372114178838671,7.459351735179458e-4,0.002595119628562301,201376_s_at
268.4056730797412,0.195463980555127,0.05796464574759295,3.3721241290126214,7.459082241413357e-4,0.002595119628562301,222423_at
334.3158262093699,0.18383269919109071,0.05456188698968078,3.3692511262643605,7.537272320837195e-4,0.0026206669503756395,217828_at
264.26505385658487,0.1567524854903498,0.04652976343876554,3.368864870689498,7.547842293013481e-4,0.00262364775360163,225773_at
242.13527222278765,0.23420267848195284,0.06954726633610579,3.3675324828743904,7.584409114174546e-4,0.002634964213567324,207198_s_at
1701.851384429429,0.253332850102179,0.07523887807641852,3.3670471514058757,7.597769654131673e-4,0.0026390825274503365,204806_x_at
369.65084062460807,0.16853778678931183,0.05007201250400755,3.365907986538843,7.629215264171414e-4,0.002649830011190698,219286_s_at
195.58908527327213,0.22326301286894185,0.06635251914322456,3.3648008508466685,7.659892491168e-4,0.002659079133237619,218501_at
2270.259790240317,0.1377567583098147,0.04095520600078855,3.3635957857753747,7.693413355060572e-4,0.002670010205783882,201676_x_at
217.44574863632306,0.22419607461488314,0.06665865082974486,3.3633455196612068,7.700391974853481e-4,0.002671902811609995,208838_at
289.24025350436864,-0.1475110492216984,0.043884911280199376,-3.36131588098378,7.757205516398108e-4,0.002689130466416795,202261_at
1242.6923105419228,0.1587732879277618,0.04725151171194179,3.3601737209105056,7.789347659587125e-4,0.0026993826370058805,200812_at
1504.3897280026647,-0.12729332500327145,0.03788970578511348,-3.359575440495604,7.806233490454494e-4,0.0027048776610888474,222980_at
178.05576984315445,-0.26370645966972084,0.07855641974422473,-3.35690527302968,7.882011195255288e-4,0.0027280770307919282,212239_at
324.4146860606297,0.1189973402752312,0.035452631632147256,3.3565164219664982,7.893103330797412e-4,0.0027310168704110026,49077_at
732.6301644555398,0.16016773575164867,0.04773354496437506,3.3554544476255956,7.923470441674726e-4,0.0027408021167101533,213166_x_at
196.019047747984,0.2715797303460275,0.0809591992697184,3.354525894472476,7.950111197318079e-4,0.0027478470494169964,217894_at
115.5890592571977,0.3497906309155849,0.10428269608541066,3.354253812435918,7.957933130651258e-4,0.0027501888455858897,231779_at
135.50181552817273,0.29886621703666344,0.08911264355547079,3.3538026155696454,7.970920079935053e-4,0.0027541336875799263,226934_at
574.1274805467866,0.1391312244591545,0.04148839920601199,3.3534970527133114,7.979726365028257e-4,0.0027568139586359127,221495_s_at
270.6590396903982,0.19576805044005954,0.05838185220916685,3.3532346616663347,7.98729564858393e-4,0.0027588110727840218,212760_at
233.70630841602758,0.3431887801021675,0.102421160056889,3.3507605255744624,8.058996238672365e-4,0.002781639881302952,213359_at
361.21650649911345,0.27703844099457053,0.08268249787875197,3.350629795931272,8.06280135329735e-4,0.00278277048874492,203126_at
279.1212244985448,-0.25173940160924774,0.07514917954911576,-3.34986227553844,8.085175022622696e-4,0.0027899427980230674,219363_s_at
34.90089187407882,-0.6373983885301134,0.19031148826863173,-3.3492375806047083,8.10342775833324e-4,0.0027951400788359484,1563692_at
438.7515311574717,0.1520905318795841,0.04541550514127471,3.3488680001790962,8.114244389574872e-4,0.002797952887932011,221267_s_at
1708.4050617536075,-0.4076707264381141,0.12173350693287258,-3.348878519230664,8.113936339912123e-4,0.002797952887932011,234989_at
184.41320116601352,0.24294931971566455,0.07255217270965512,3.3486153569503405,8.121646289272254e-4,0.0027997704105373173,222024_s_at
58.034045862853084,-0.4705535696169132,0.14053826085002483,-3.3482239410879266,8.133126299870503e-4,0.0028031762825511176,227006_at
321.5832367810483,0.1946306076488351,0.05813084792527478,3.348146717196111,8.135393011437706e-4,0.0028035897988399816,218248_at
11882.357410003651,-0.043069634735902015,0.012877473057803913,-3.3445719158232885,8.240966124366943e-4,0.0028349527636314744,207783_x_at
317.62610288171396,-0.18430580815170317,0.05511408360288862,-3.344078248305364,8.255644875787319e-4,0.0028396306093469914,227085_at
201.2221324178666,0.32774076384989737,0.09801354620846633,3.343831302183691,8.262996690472806e-4,0.0028417873704018578,218810_at
308.28962360323135,0.41844608528022365,0.1251601270417652,3.3432858784218924,8.279255987667855e-4,0.0028467251191729463,203726_s_at
840.2897934970829,0.15413811822404608,0.04610368295790523,3.3432929504738533,8.27904497722221e-4,0.0028467251191729463,217907_at
981.5080742416548,-0.9393414447349266,0.28096505186150883,-3.343267920730368,8.27979181787126e-4,0.0028467251191729463,223597_at
204.31482676401194,-0.2848985429284833,0.08526520180401537,-3.341322566541638,8.338029111759034e-4,0.002863844075154462,226860_at
392.2167554732966,-0.22225305621776106,0.06653219010072987,-3.340534196774065,8.361738237012094e-4,0.0028708616404777786,223190_s_at
615.6240892292975,-0.34925095865618083,0.10455728583544806,-3.340283327608857,8.369295884529389e-4,0.0028732687216851153,225665_at
634.5367568852612,0.18350077194668313,0.05493920442420572,3.3400696983124556,8.375736643874609e-4,0.0028749164886825566,203137_at
761.2363473111667,0.16087436257963078,0.04816963121408072,3.3397466105699545,8.385486226528934e-4,0.0028776991194266787,214170_x_at
1600.4427928045795,0.130243412575102,0.0390069611978734,3.3389786995815167,8.408701173673103e-4,0.002884159257807181,201305_x_at
573.4724832391704,0.21054957148345307,0.06305856248231838,3.3389529224122603,8.409481484131227e-4,0.0028842386602951934,232520_s_at
156.28504218980615,0.22855600072039675,0.068462976088557,3.3383883345176097,8.426589192905515e-4,0.002889351917817945,213043_s_at
2257.2052598616833,0.15471223526468889,0.0463479987996076,3.338056426850489,8.436661464630311e-4,0.002891842144245668,200818_at
246.3078593427952,-0.40683047643163267,0.12187704420320203,-3.338040228095261,8.437153327571417e-4,0.002891842144245668,223519_at
555.6420828425262,-0.20148861933263348,0.06036226300252921,-3.3379898186420047,8.438684142635835e-4,0.0028921782081132363,223361_at
419.8715925507646,-0.15005583487117372,0.0449888918315694,-3.335397445061699,8.51775651640747e-4,0.002916045703623726,225356_at
337.4682222207728,-0.1802276075901422,0.05404246813270849,-3.334925546841592,8.532224035283826e-4,0.002920065196495424,225527_at
337.92810901965834,-0.21274423436331844,0.0638001100835586,-3.3345433743717474,8.543957427812906e-4,0.0029233016839927046,204094_s_at
333.07811324917066,-0.13798494716474183,0.041384790595286686,-3.334194644456095,8.554677128005039e-4,0.0029265883464729644,232644_x_at
616.4148029348801,0.1311188751521106,0.039328212883039206,3.3339647428692922,8.561750953306879e-4,0.002928436443866513,222445_at
795.7661232800397,-0.7544845682608635,0.22648198403642772,-3.3313226721800135,8.643434931715761e-4,0.0029527241250740387,206268_at
2265.7125330944464,0.13606924972137477,0.04085190031046756,3.3307936396415196,8.659877433890559e-4,0.0029574197423370536,211746_x_at
232.021466188938,0.191303906502376,0.05744588672050062,3.3301584747599637,8.679656876521507e-4,0.0029639420889454923,201179_s_at
342.1182685956624,0.1445634302928499,0.04341250875430701,3.329994843444923,8.684759242206265e-4,0.002965491762815334,217836_s_at
360.5906519246011,0.2137788395972174,0.06420279470264405,3.329743519535816,8.692601462270183e-4,0.0029675911215288242,208626_s_at
90.07702618006076,0.3607922198808453,0.10838634310219417,3.328760889558432,8.723326154940172e-4,0.0029769200178358813,226333_at
311.7569250862362,0.43475238491078466,0.13066958502715548,3.327112310186302,8.775099895635328e-4,0.0029932277530682096,202219_at
509.28786083880317,0.16671687639036875,0.05012025777614188,3.326337169593108,8.799541570664985e-4,0.003000591147837579,218447_at
750.1692846027497,-0.15031460410712677,0.04520107472368587,-3.325465268823802,8.827109695825933e-4,0.003009210709356747,224752_at
3261.345361602084,0.15947370574782843,0.04797764200575681,3.323917122244008,8.876257035132261e-4,0.0030249841918445035,202233_s_at
59.37298051225378,0.5376040168802263,0.1617783199940849,3.323090614984027,8.902599011993092e-4,0.0030325848358587304,1552309_a_at
1405.5980299467362,-0.21385477338161565,0.06438199485765621,-3.321654972860543,8.948527317854412e-4,0.0030472423032626237,201795_at
348.639195920012,-0.1791529331235454,0.05395490452849084,-3.320419796664525,8.988218086392781e-4,0.0030599651053461567,224890_s_at
513.4408570122627,-0.15932793646438662,0.047986928704612436,-3.3202361719197135,8.994132539517942e-4,0.0030613963378484208,210111_s_at
1310.4157759558445,-0.21068574639769583,0.06349702536462185,-3.318041202526662,9.065111132203905e-4,0.003081794971994391,238701_x_at
2612.78095660871,0.1502534745839346,0.045298362592140505,3.3169736384688733,9.099820208711366e-4,0.0030929501438922333,217982_s_at
1549.5331559451333,0.19559624360036304,0.05898120546547173,3.316246964719419,9.123516525541966e-4,0.003099601056844867,200675_at
252.63746141247478,-0.23748151340950083,0.0716228576167379,-3.315722400805223,9.14065770843852e-4,0.0031050231091026954,226426_at
364.09037999938624,0.1714749088178018,0.05171983602011822,3.315457317983389,9.149331170482585e-4,0.003107567700727343,209150_s_at
463.3566218570588,-0.2280726473812908,0.06879786695596568,-3.3151121898484077,9.160635129772428e-4,0.0031108798083106545,225556_at
10012.525279906356,-0.08541920612241032,0.025767677963177853,-3.3149749171995557,9.165134808287124e-4,0.0031121308697727047,211765_x_at
203.28246432055187,-0.26283550515738546,0.07930361414575261,-3.3142941590823143,9.187479748973253e-4,0.0031183080000486973,210651_s_at
76.562106745342,0.5577522380936755,0.16829657320195673,3.3141033562481987,9.19375163847758e-4,0.003120033731167188,211549_s_at
345.9397739522532,0.15816868908717252,0.04772659580062532,3.3140576325181814,9.195255214670393e-4,0.0031203424972673067,208988_at
736.0977931624137,-0.12214211484451598,0.036858483291485354,-3.3138128305114476,9.20330914453288e-4,0.003122873894510466,201758_at
265.5930516130469,0.15001668937459242,0.045285401824040644,3.312694231078968,9.240194052010034e-4,0.0031345801588518935,217990_at
266.19943003519586,0.14524983661441662,0.043853746826059144,3.3121419975933515,9.258453961583805e-4,0.0031403691073775353,224057_s_at
755.8779159788664,0.18752007887668243,0.0566230429412386,3.3117273310670385,9.272187114734871e-4,0.003144621332135883,200969_at
738.4026804012451,0.2769154035846202,0.08361856860661467,3.311649651495167,9.274761847437029e-4,0.003145291566949768,201798_s_at
119.6496959425821,0.40527612026441323,0.12240837829688064,3.3108527855951584,9.301212692216189e-4,0.0031538546475690663,214456_x_at
230.8707047604968,0.3030071193432816,0.09152668131250062,3.3105878526144834,9.310022240316651e-4,0.0031566381214038794,207564_x_at
378.3310813704525,-0.2571387418614672,0.07771867556891987,-3.308583683125686,9.376915717581187e-4,0.0031770642036088046,200607_s_at
241.68886254357312,0.24828333943777312,0.07504814094806467,3.308320983055288,9.385716831661017e-4,0.003179841170520327,226184_at
352.5368718941378,-0.2724427170820003,0.0823776892357032,-3.3072391276049693,9.422042428270233e-4,0.003190913892095076,200727_s_at
146.8155421785646,-0.3301649333406787,0.09983837223872724,-3.3069943543471347,9.43027925776424e-4,0.0031934976229946637,203196_at
353.5499126623828,-0.34914596148100174,0.10557910764014221,-3.3069607168023936,9.431411711104154e-4,0.0031936753290294313,208579_x_at
438.4074146420771,0.43913437863175636,0.13285077061451023,3.30547106803002,9.481689255445636e-4,0.003209252895798866,217764_s_at
256.156598081979,0.44329476874838625,0.13411290972186574,3.3053847662221854,9.484609646213392e-4,0.0032099818628499787,211367_s_at
258.94383202611823,0.22325388726969025,0.0675427555139971,3.3053713247370347,9.485064571335639e-4,0.0032099818628499787,225589_at
168.43321987543567,0.2538700522125393,0.0768199969204325,3.304739161542653,9.506482886509753e-4,0.003216816055744212,230252_at
88.1054899808987,-0.5738272380275213,0.1737425451110916,-3.302744515804198,9.574357498011739e-4,0.0032376988864970657,242093_at
186.05975031139923,-0.2665976652653458,0.08075581164427618,-3.3012814785354423,9.624427375611025e-4,0.0032531653993945315,212230_at
257.93971906421166,0.16649202641593816,0.050437739519467235,3.3009414775949257,9.636097985153935e-4,0.0032564818565480025,224756_s_at
244.03193216547456,0.24094808675540988,0.07301398471652665,3.300026531778528,9.667568831337731e-4,0.0032664871567578955,213279_at
143.42550411714504,-0.31632471545491564,0.09587578219917721,-3.299318224051269,9.691997409633082e-4,0.0032741096089596773,227988_s_at
467.8132994523785,0.2084306954620325,0.06321589783735013,3.2971246568119525,9.7680137072634e-4,0.0032970339908254386,212515_s_at
578.3962950790664,0.18203199047558863,0.05522004544855464,3.2964838945157595,9.790322775619286e-4,0.003303715314947322,217945_at
478.47075448245266,-0.19578952077788295,0.059405705570775354,-3.295803305368056,9.814070137171389e-4,0.0033106659091655766,222550_at
1737.4303993564301,-0.27912729222725485,0.08473170789192845,-3.294248389083215,9.868525103460684e-4,0.0033277540473998896,224917_at
79.39471851841462,-0.48314045078250817,0.14666693226388014,-3.294133471839799,9.872560719844808e-4,0.0033284741857244294,212865_s_at
144.92514138855225,0.42859609445684216,0.13011318605622507,3.2940250519392813,9.876369566048655e-4,0.003329544718545904,213125_at
267.4202689225798,0.22222774724627473,0.06749172622308734,3.292666519029644,9.924210992182658e-4,0.0033439570717648743,212919_at
270.97970537017375,-0.16822970748014485,0.051103028013683306,-3.291971415766201,9.94877229779341e-4,0.0033520180749983006,218496_at
1053.9972662501916,-0.20520454566897536,0.06236315794233912,-3.2904771413068463,0.0010001762767781084,0.0033667412514737445,202119_s_at
1371.7827343830377,0.14930070373985513,0.045377947165233634,3.290159935975289,0.0010013045179594836,0.003369784684736341,218357_s_at
205.31155901940937,0.2032511761727978,0.061782136920310975,3.2898048902866397,0.0010025687477066589,0.003373607245932626,1554462_a_at
1734.2413547760762,0.12581051669138504,0.038258254566765626,3.2884541680235135,0.0010073918512139696,0.0033872342513562993,208374_s_at
484.05996154759976,0.17125658872960114,0.05208741710764152,3.2878687068642694,0.0010094890568544135,0.003393417416779253,225621_at
320.26941561807286,0.2067631987526468,0.06289426519678806,3.287473001007506,0.0010109088199714972,0.003397755316243417,221918_at
540.4299183488658,-0.1854317357153738,0.05640993321604733,-3.2872177849454136,0.0010118254964220938,0.0034006188616081553,212922_s_at
284.82263042311877,0.45193102193083723,0.1374881084061468,3.287055347330914,0.001012409335008908,0.003402363485871476,203535_at
939.5495484109516,-0.351637722396259,0.10704695976720995,-3.28489219274372,0.001020214000081751,0.0034258336639220004,209806_at
541.7753005133883,-0.18893138757261052,0.057518625255641775,-3.2846992905846437,0.0010209126889419776,0.003427652555718181,219119_at
1267.8278255859655,-0.16776895416848434,0.05108849982876931,-3.2838888346846526,0.0010238529903595982,0.003436299781800252,218320_s_at
574.6503878285354,0.22468409345799328,0.06842475946064715,3.2836665445234767,0.001024660818670861,0.003438698893003093,211985_s_at
247.22255424402329,0.2280131306546241,0.06944648276012971,3.2832927110533228,0.0010260207033515561,0.003442603080121157,218113_at
76.94647321752157,0.48294108954024856,0.1471354727085097,3.2822886327147214,0.001029681486443397,0.0034537835613062473,219454_at
196.45409396013375,0.2477544008249751,0.0754928626025676,3.2818254903020287,0.0010313741342473952,0.0034587988163638315,200769_s_at
579.7228742904957,0.16989263660318324,0.05176768416845032,3.281828023257874,0.0010313648700480899,0.0034587988163638315,206095_s_at
255.21678069774336,0.32643048403493674,0.09946922087447095,3.281723543877843,0.001031747063735659,0.0034598286873126485,211340_s_at
217.45601543432423,0.19452885084541582,0.05928635046743985,3.2811743227853323,0.0010337583134919085,0.0034650254740260064,225712_at
2186.28606158482,0.21382464825691003,0.06519129742750913,3.2799569374221607,0.0010382293243080755,0.0034775249082438,217901_at
666.2717867969986,0.46634625089814635,0.14218206885291734,3.2799230919938727,0.0010383538814533815,0.0034775458759814565,202237_at
824.7193155012399,-0.1980231334109027,0.06037522203653577,-3.2798742055320305,0.001038533816666402,0.0034779268591783653,225365_at
647.4510044465308,-0.21371165847692378,0.06517941156292349,-3.278821538157166,0.0010424153506975163,0.0034893691936660684,208319_s_at
481.6760387157239,0.22324192788108643,0.06810964530026181,3.277684487959421,0.0010466231105548355,0.0035024576958464777,203420_at
492.37934645592327,0.26890173127612715,0.08205785643192719,3.276977281257648,0.001049248116010819,0.0035097820309867344,209835_x_at
1541.7623156707543,0.162775473749139,0.049678865619164535,3.276553756218326,0.0010508230686867633,0.003514379251098648,201113_at
1868.6766044088954,-0.1991479375765842,0.060803489588445725,-3.2752715168904976,0.001055604647636104,0.003528349974678357,AFFX-BioDn-3_at
786.2047036307782,-0.24040802704652414,0.07341026817034076,-3.2748555895298295,0.0010571599946952897,0.0035328746255383603,201478_s_at
328.3953767500039,-0.2631957498652697,0.08039598548703372,-3.2737424421237797,0.0010613330101684423,0.003546143748260685,201448_at
375.58088224019343,0.19399854429671276,0.05926289188009538,3.2735247663786557,0.0010621508217796172,0.0035481994843507506,202399_s_at
343.3058062642812,-0.24768676084468608,0.07568159520917248,-3.2727476232512984,0.0010650753206960378,0.0035575167410613687,211922_s_at
970.9517902201402,0.19598612248042752,0.05988569829529409,3.2726699038229032,0.0010653681992036181,0.00355826884912278,201584_s_at
269.63416449802105,0.20495512488752332,0.06264335323542268,3.2717776795452287,0.0010687358056248918,0.0035686092845041337,200069_at
280.6209311759074,0.23567943075312056,0.0720427733299978,3.271381984055107,0.0010702324662312116,0.0035729257419841887,218331_s_at
143.97462455525726,0.3690837830736993,0.11283962150924406,3.2708704454796775,0.001072170159822776,0.0035780308978490077,205016_at
499.3790558143362,-0.3457996669920818,0.10572458071379379,-3.2707594076744884,0.0010725911963192873,0.0035792086946068846,203131_at
126.91461442001415,0.3129951418252511,0.09573268230250154,3.2694700941965817,0.0010774912651135065,0.003594418937842784,1557360_at
278.7043631811208,0.1786654353400647,0.054652641506995774,3.26910887403667,0.0010788678001082202,0.0035987825050388706,208159_x_at
216.47368769871343,0.1830908358054444,0.05604126417518786,3.267071835372826,0.0010866610303150795,0.003622708943617019,223295_s_at
602.4009289901556,-0.4270188599614224,0.1308257869609716,-3.264026686793882,0.0010984081886352495,0.0036579268706379126,240304_s_at
83.48962852050528,-0.3675318886399114,0.11263864939661804,-3.262928760320758,0.0011026723450185108,0.003670499266538055,220988_s_at
194.96651896704662,0.23753657457827776,0.07280331780569844,3.26271633955239,0.0011034991158202342,0.003672088427329614,212285_s_at
123.7452960442357,0.3003995036805466,0.09209785498057298,3.2617426729852994,0.0011072961005663708,0.003683557366069442,210150_s_at
1478.019718808993,0.15256083737934892,0.046774535123718604,3.2616216703346304,0.0011077688148192794,0.0036846705359194327,201239_s_at
526.4022611974855,0.17709184332566444,0.05430453727133361,3.2610874196537543,0.0011098581735605355,0.0036904452042581704,202324_s_at
112.59226802471399,0.3345448629811751,0.1026096719593087,3.2603638291899375,0.0011126938163167263,0.003698704036857004,202897_at
125.18583507956185,0.7375737942112865,0.2262559802179298,3.2599085049635166,0.0011144815962105961,0.0037038611899917777,232321_at
321.8700428036266,0.15109159217030843,0.04635774012062697,3.2592527542791054,0.0011170609955090222,0.003711108385990338,217734_s_at
219.6408644685583,0.1704625696868291,0.05230853178522906,3.258790944213894,0.0011188808393908765,0.003716919319427821,218260_at
163.16649855654214,0.3080741042904375,0.09459529621093526,3.2567592325465333,0.001126919760953235,0.0037401695980746105,213089_at
235.06215976859278,0.21732441156194796,0.06673054919801434,3.2567454362928387,0.001126974530982134,0.0037401695980746105,225401_at
119.08997777262996,-0.4072280006324753,0.12505666180076394,-3.2563479207629675,0.0011285536933792605,0.0037445552624441984,218312_s_at
239.07134813323316,0.19312192103425,0.059327382905278205,3.255190294548935,0.0011331641170827236,0.003759140702510129,219649_at
582.3224681537098,0.1754878950005473,0.05392005917523288,3.2545938874109064,0.0011355461899920977,0.003765854386877308,223100_s_at
123.68675181324733,-0.39381538535641375,0.12100569394010166,-3.254519457169958,0.0011358437918915745,0.0037663659940103352,226382_at
2350.2522710304115,0.34709012254523586,0.10667874604768292,3.2536014473782306,0.001139520295990193,0.003776888851883742,201105_at
288.4665664791422,-0.18234089575822213,0.05604751820870788,-3.253326848108192,0.0011406221641123478,0.0037798257905769803,213373_s_at
993.8977171909916,0.1525702562663313,0.046900138185325575,3.2530875636965284,0.0011415831293529895,0.0037827717389670246,222401_s_at
248.21670441248847,-0.21376755006886017,0.06574429815585124,-3.2514994617800914,0.0011479799297422271,0.0038032488953963946,1553114_a_at
252.12433648905107,-0.3444506754875942,0.10595973118662556,-3.250769623800928,0.0011509307804823147,0.003812304061355576,210652_s_at
3368.37885341079,0.40203888388523373,0.12374975984997726,3.2488053663508394,0.0011589074451906203,0.0038365494094203378,204351_at
205.0746530833665,0.2940075130369735,0.09050787050081797,3.2484192966877545,0.0011604812332562451,0.0038412754760060908,58916_at
440.9792769195529,0.2310987819765671,0.07114849339563593,3.2481191230781863,0.0011617062362147654,0.003844845993956218,202769_at
232.00948008256074,0.2868047660002737,0.08833433388244184,3.2468096310316064,0.001167064240010705,0.0038594194607049206,202177_at
252.89067470977903,0.2216819158975874,0.06828864583568196,3.246248526160624,0.001169367075228728,0.0038663049557452387,228785_at
477.8676128615885,0.15159040543078267,0.046719331383106834,3.244704085932103,0.0011757273283806164,0.003885378483035585,200970_s_at
171.2406982512885,0.25350414571865654,0.07814685327869558,3.2439456623363094,0.0011788623278168224,0.003894514129751401,225114_at
274.7929987750665,-0.16341419549295177,0.05039221055979374,-3.242846338305597,0.001183420178047047,0.003908588740389927,217370_x_at
51.52198650526087,0.3121878038147238,0.09631559414583402,3.241300711305709,0.0011898559651928001,0.003928363512673855,217187_at
2142.059542402148,-0.21547919876253183,0.06650971682287025,-3.239815309038219,0.0011960714412115755,0.0039469005727384866,201136_at
77.36817819471153,-0.4808070209684364,0.14843450335339056,-3.239186375850489,0.0011987121595577572,0.003955117957897939,204776_at
345.005479699177,0.15556651648377234,0.04802834703624097,3.239056225824008,0.0011992592960867118,0.003956599644209861,225199_at
344.0308814852811,-0.24426907486984226,0.07543956724615436,-3.237943744730246,0.0012039454682476036,0.003970388752991167,213263_s_at
183.37191675042743,-0.23353772018364385,0.07212571262301998,-3.2379260001807855,0.0012040203515701986,0.003970388752991167,224882_at
405.8051824559197,0.25127027170666727,0.0776133830758571,3.2374606253290477,0.0012059858049626986,0.003976371039212602,203432_at
682.5060035910973,0.4226083594644665,0.1305539854778552,3.2370391291972473,0.0012077684993736038,0.003981249809702088,201739_at
332.69413387666765,-0.16512286272178958,0.05102132218704691,-3.236350130567771,0.0012106878232874029,0.003989871942374501,223671_x_at
349.3580824766446,0.1457920816277533,0.04505158169721295,3.2361146076425666,0.0012116872404088301,0.003992915176350994,203511_s_at
1917.145925555317,0.1626810412676867,0.050275355714624506,3.2358008999698575,0.0012130196099509028,0.003996303446675009,202228_s_at
591.8020708661679,-0.17456614272191673,0.05395274797106512,-3.235537563638772,0.00121413908853444,0.003999239464671824,224599_at
503.6139150230905,-0.16763965622194216,0.051827351729252284,-3.234578859010528,0.0012182227386401435,0.004011182119321728,224644_at
197.44355448898492,-0.2266397901113849,0.07009288141167173,-3.233420934435223,0.0012231718895682972,0.004025964519594933,204937_s_at
81.93034654887701,-0.7294102234429278,0.2257392449116349,-3.231206978336681,0.0012326864195759957,0.0040542338127790775,206784_at
143.9020483499693,-0.3788038186416623,0.11725101195685905,-3.230708309630949,0.0012348388702802646,0.004060302072940028,219961_s_at
405.28429828346236,0.2675253209118092,0.08281075114081834,3.2305626651892907,0.0012354681837085664,0.004062111794708458,202502_at
312.72276538099675,-0.25878354349934285,0.08011916676779168,-3.229982960873417,0.0012379759582663474,0.00406984789883208,225890_at
71.1535321465817,0.4871762501786811,0.15084443435593967,3.2296600949102103,0.0012393746990614354,0.004073936573334668,202746_at
266.48801177751596,0.20623128450469003,0.06387763097597324,3.22853683447123,0.0012442523392601555,0.004088435503156072,213305_s_at
350.70417132815805,-0.25185456262348865,0.078020326489474,-3.228063428540859,0.0012463133594334836,0.0040944397256777705,203689_s_at
357.63679389301205,0.17939366394412276,0.055576190308447716,3.227887031271636,0.001247082128452473,0.004096078714880857,217823_s_at
425.2490780841261,0.17860932486395736,0.05533419903481026,3.2278288649591875,0.0012473357230259323,0.004096518034489742,218256_s_at
425.82738626347134,0.4148366491079783,0.128554692298649,3.2269273232303313,0.0012512723750222137,0.004108676563381282,233565_s_at
767.1856052285631,-0.5738304509651759,0.17785022707230172,-3.226481407481677,0.0012532237382596437,0.004114312864848658,202291_s_at
558.9936065366697,0.20602195283874122,0.06385898198433972,3.226201646767004,0.0012544494277078788,0.004117050847671258,201555_at
625.0540696854497,-0.19766384325863318,0.061293862635001195,-3.224855389449047,0.0012603631526528914,0.004134910114521509,212973_at
1277.7751114192608,-0.17172360996534647,0.053252839922149714,-3.2246845467094163,0.0012611154538308218,0.0041368617165361094,200837_at
249.16708687690894,0.2577998906456286,0.07994872776092485,3.22456526658613,0.0012616409462381096,0.004137810677021818,224866_at
309.305405924075,-0.34230133855421746,0.10618772199883876,-3.223549127063492,0.001266125785211397,0.004150706413573686,65588_at
219.12817154555825,-0.4726892397065377,0.14665356320357675,-3.22316914353029,0.0012678066603344993,0.004155439143521222,206994_at
2412.617918911766,-0.17583560180590818,0.0545608537789268,-3.2227428573308305,0.0012696948093239002,0.004160849348956055,224731_at
860.6333038922062,-0.19905550005859882,0.061781900341356215,-3.221906399103638,0.001273407279600047,0.004170414792303912,201593_s_at
8854.102481214253,-0.08617584439029931,0.026749305463100857,-3.2216105389791885,0.0012747227991139862,0.004174202877726739,211378_x_at
506.60944898146397,0.31779353061860605,0.0986499513712658,3.221426125417951,0.0012755434145645473,0.004176629819876961,218885_s_at
12.895966337438855,-0.18401994547341788,0.057144616981990345,-3.2202498711543286,0.0012807890731468272,0.004191455816063164,206226_at
176.28341171038346,0.33013564199530154,0.10253814410328246,3.2196373835552308,0.0012835284186049271,0.0041998974230348885,228729_at
251.18850478559094,-0.6500261740786828,0.20189748935476243,-3.2195852269192655,0.0012837619384049065,0.004200400006906454,220645_at
276.3537611256537,0.6805201627115243,0.2113750365008093,3.219491639018209,0.001284181055851168,0.004201509755911242,217109_at
774.6214298887436,0.11568324905758988,0.035932566769397684,3.2194540902130218,0.0012843492472689503,0.004201798452500773,208842_s_at
336.6937766062449,0.34991183630557876,0.10869715212421864,3.219144471289377,0.001285736890815093,0.004205814549974878,222608_s_at
353.87146159176547,0.163609503255522,0.05082451955153128,3.2191057524830584,0.0012859105172590062,0.004206120702310936,225194_at
6923.222902297167,0.07757187665270845,0.02410326474717019,3.2183140942272424,0.001289465292756056,0.004216435975329876,200016_x_at
219.75452903271506,0.2137670400619833,0.06642865102254066,3.2179945967809522,0.0012909024963434607,0.004220872879539241,226921_at
523.4647576896818,-0.30702659117418873,0.09541798492438323,-3.2177014785787073,0.0012922223378153603,0.004224662689987462,225864_at
269.33032635944244,-0.1661650455683013,0.05164562070835278,-3.217408238864036,0.0012935439726214418,0.004228720448939242,203150_at
1582.696587147218,0.12705870220736448,0.03949366324423507,3.217192120710944,0.001294518818109147,0.004231380891087704,202243_s_at
101.32512947486188,0.6816718157293127,0.21189693330643714,3.2169970801016987,0.0012953991710503358,0.0042337318429962285,219795_at
6301.1866964454475,0.1552672919932303,0.04826861460031644,3.216733964272768,0.0012965876700068257,0.004236035584330394,217728_at
3083.880422849088,-0.14379982852244372,0.04471293698171366,-3.216067613300684,0.0012996020926590455,0.004243856027721853,217769_s_at
644.287192665945,0.1765110901632437,0.0548875154379593,3.2158695607703085,0.001300499284102485,0.004245490443913282,201234_at
188.96912153156666,0.22001831550194847,0.06841822824511863,3.215785049471022,0.0013008823000189736,0.00424637070777622,209566_at
1000.8679991641225,0.14074481592062002,0.04379267532053652,3.2138894207867206,0.0013095009343590946,0.00427128033406958,212971_at
549.7719861075651,0.4135335772990679,0.12867554848508136,3.2137696879295836,0.0013100470751494435,0.0042723061735900625,217996_at
311.0769376625029,-0.18084857318976838,0.05632227197608018,-3.2109601911402645,0.0013229225989301566,0.004310550825480529,218845_at
760.5298959272575,0.17935324314477494,0.05586555670196948,3.210444032654776,0.0013253007387309186,0.00431749659206947,202615_at
123.30729083528615,-0.3156191646487724,0.0983208042504878,-3.210095432546327,0.0013269091039329055,0.004321729408331846,1553962_s_at
253.64902264729128,-0.16540924373613827,0.051543503902003004,-3.2091191171369005,0.0013314232014753097,0.004335023538215317,212541_at
1586.0447098141171,-0.17937582362406768,0.05591677638264556,-3.207907093867076,0.0013370468317298932,0.004353064006612117,201552_at
264.530357922216,0.15993281752659674,0.04987481597499103,3.2066848648984014,0.0013427400003590342,0.004369704500518217,226007_at
167.95545393249992,0.22740152150835619,0.07092123009355521,3.2063956195962926,0.0013440905796994551,0.004373558066096537,211686_s_at
113.74942175768588,-0.4352695748589654,0.13576019034554723,-3.2061650307876257,0.0013451681706856229,0.004376522506172985,1559538_at
191.13835555830173,-0.3465883017181968,0.10810259229254353,-3.206105370537937,0.0013454471055879267,0.004377159043399028,209006_s_at
836.8591327713189,-0.15198792562406035,0.04741773335205704,-3.205297151080861,0.0013492311078159712,0.004387839829217856,234339_s_at
184.96520580352603,0.2561679631822925,0.07993283571839031,3.2047901326157433,0.0013516099259853736,0.004394216396550283,224856_at
91.28992886912536,0.33266013900849584,0.10385326825788137,3.203174484431793,0.0013592160205768884,0.004418124613149294,208300_at
288.8061564397443,-0.30177391575353413,0.09424740367237562,-3.2019334644226976,0.0013650852430670197,0.0044357881548270205,219032_x_at
479.8885239907845,0.2691842033875301,0.08408404576861496,3.201370734803596,0.0013677542859796227,0.004443130099231863,201655_s_at
10244.332001617373,-0.07838344953921814,0.02449467737977645,-3.200019674638944,0.001374182066635644,0.004462631423714369,211978_x_at
298.51455885761095,0.19079914246340257,0.05963729110731638,3.1993261082241724,0.0013774925775395625,0.0044722208383586965,212458_at
244.00171369828817,-0.3630374678573702,0.11349637620173922,-3.198670125044988,0.0013806304640420772,0.004481357137129722,226047_at
530.1678844579152,0.1873098460414658,0.058573183221956475,3.1978771809562794,0.001384432301237994,0.004493142417048202,226243_at
12367.75920264619,0.07024970589001829,0.021967793951391125,3.1978498180318957,0.001384563667250825,0.0044932912787884315,203107_x_at
108.98528885725443,0.4227037234183628,0.13219410480563334,3.197598894745491,0.0013857688550471827,0.004496924755057094,219232_s_at
468.72824233464024,-0.2115040238301527,0.06616737621930097,-3.1965000868276405,0.0013910578463520499,0.004513251886478925,223592_s_at
549.7042993196417,-0.17730472476398568,0.055478739198480405,-3.195904004408993,0.0013939348057430245,0.004521469558142138,223328_at
84.0991987641728,0.5127317937962155,0.16044366549608355,3.1957122907337925,0.0013948612668499747,0.0045241954587442795,239673_at
688.0352679467493,0.16469114722658768,0.05154013332578299,3.1953962203702875,0.001396389924570852,0.004528594637204354,202418_at
211.6395509326803,0.1830522160993967,0.05732789792926455,3.193073925809389,0.0014076690405806635,0.004561233045112287,223331_s_at
308.7354249527425,0.3141131147889587,0.0983809474464528,3.192824657029508,0.0014088846892687005,0.00456460920780638,223922_x_at
509.54573018717224,0.5416896970187385,0.16972705915472963,3.191534100198564,0.0014151940461361483,0.0045842029031459034,227140_at
123.90227088098834,0.27218611471081,0.08530652589220997,3.1906833839973023,0.0014193673165767663,0.0045963047603287555,226725_at
10.104876804910235,-0.35054723050779885,0.10988591424580417,-3.190101596858525,0.0014222278590855023,0.004604433124276442,216922_x_at
330.2257621223095,0.32946799488724365,0.1033032369581844,3.1893288592748292,0.0014260354884092182,0.004615907185135382,208621_s_at
372.20847197088926,-0.2337464118614059,0.07329757739146822,-3.1890059696381425,0.0014276292944166574,0.0046202124477352675,223538_at
121.99423688684602,-0.35171601836720473,0.11030573659205739,-3.188556001107654,0.0014298531096322785,0.004626839500253357,234985_at
567.4659680826353,-0.1662564691964992,0.05214377056271474,-3.188424377491804,0.0014305042176432164,0.004628661412019554,222669_s_at
1959.0914316682995,0.1788290355522494,0.0561039803339885,3.187457190874433,0.0014352970294034396,0.0046433117933683205,209094_at
428.7624312868272,-0.18182227627605968,0.057048530307162844,-3.1871509274136485,0.0014368177751159777,0.004647659343475417,217940_s_at
300.81415271814905,0.37634507080833823,0.11809106946295857,3.1869054325601294,0.0014380378476902542,0.004650747141385453,223217_s_at
337.9374448570506,0.15201410624553482,0.04770244399995984,3.1867152602424897,0.0014389836319088126,0.004653519524419158,201729_s_at
564.2458880330513,0.3105099884354056,0.0974406747169218,3.1866567974562847,0.0014392745001609861,0.004654173768241476,217867_x_at
237.4871245319391,-0.17854746077870318,0.0560409868274349,-3.186015644736919,0.0014424679673749388,0.0046630658520897175,226434_at
464.78195811168484,0.15398590377341162,0.04834395273890499,3.185215420945314,0.0014464629017725392,0.004672531276646016,221597_s_at
767.010869227618,0.1792669257289768,0.05629453976731999,3.1844460665267666,0.0014503133408405474,0.004684105660922697,201623_s_at
435.19393399685686,0.21530787018563272,0.06762313759532222,3.183937892295114,0.0014528618124975408,0.0046917598435538745,224960_at
494.94640133225215,0.19823821124265897,0.062287345051806074,3.182640247032184,0.0014593881845179682,0.004709652235134007,201637_s_at
512.4990197814968,0.1869774164362958,0.05875685301347711,3.1822231254183855,0.001461491785887697,0.004714993205373974,204117_at
99.35923117680547,0.6623365965856495,0.208158679809129,3.181883153721856,0.0014632083762372038,0.004719951694375768,230030_at
609.3687815704241,0.19492309403080701,0.06126408578699921,3.181686162893358,0.0014642038754243507,0.004722873041738865,220547_s_at
1257.2221265162088,0.12495046284707151,0.039274104995009454,3.1814973979152144,0.00146515839060821,0.0047253718355338365,201336_at
233.85657898585083,-0.23068327999684884,0.07250879708451217,-3.1814523102345413,0.0014653864672810799,0.00472552742231637,228151_at
1904.9510161868482,0.13224628315294473,0.04158509639492807,3.1801365060458093,0.0014720569089816575,0.004745290976790899,200833_s_at
336.31702925380665,-0.1439986272771613,0.0452995840972592,-3.178806828954392,0.0014788260938725737,0.004763897666873804,218684_at
105.01697582340208,0.3512917589947302,0.11051164352662748,3.1787759894285474,0.0014789834330261036,0.00476411249397817,224964_s_at
788.3164386559213,-0.2428977279551081,0.07641281800662114,-3.178756317219725,0.0014790838060733797,0.004764143806348394,225177_at
1271.7904041051202,0.1382313971319487,0.04349068820489829,3.1784136521523223,0.0014808331851816053,0.00476890172277922,228690_s_at
317.6608697638162,-0.20177828932856617,0.06348542148998405,-3.1783405480012488,0.0014812066443154787,0.004769812131455617,208117_s_at
200.191836142426,-0.2158337408635955,0.06791160262784883,-3.178157082322889,0.0014821442774750663,0.004772246682908016,204391_x_at
1059.791071402302,-0.22230265590167517,0.069949909649537,-3.1780263479317674,0.0014828127519239118,0.004773521676239465,201479_at
1458.0845701748224,0.17241324712218284,0.054315095456805795,3.1743154582006556,0.0015019036180179827,0.004829654453975222,200873_s_at
580.921746659252,0.12881066404295938,0.04060082118014728,3.172612284648675,0.0015107412755558658,0.004856290720873629,201331_s_at
257.36675283139897,-0.1635960127775971,0.05157442999119944,-3.172037244144294,0.001513735924610297,0.0048647268257793405,218862_at
411.1449064242775,-0.21614987499771124,0.06814267309260558,-3.172019311657536,0.0015138293998139126,0.004864729746717645,225029_at
425.4092648681455,-0.1697776081852786,0.0535521816939199,-3.170321036697455,0.0015227059934544455,0.004890264652896903,202548_s_at
26.236414561752785,-0.1996730974007746,0.06299880746003836,-3.169474240086719,0.001527149944854203,0.00490363769792068,206697_s_at
29.759052412872293,0.6516695344400816,0.2057416863759198,3.1674161222212747,0.0015380007034726472,0.004934559766196673,222943_at
176.44990063148643,-0.19937160594081568,0.06294896058350591,-3.167194566721022,0.0015391730065039235,0.004937718116457527,55616_at
871.2920040402275,0.1480623574521328,0.04675115020591402,3.167031330780027,0.0015400372532953653,0.004940189086839079,201966_at
166.44104723492183,-0.28115340064701355,0.08879294848887763,-3.16639333901871,0.0015434193663032534,0.004948923817980548,222387_s_at
327.0236450850632,0.2036497621405994,0.06432342930136996,3.166027749958009,0.0015453605035466041,0.004953938996180812,201323_at
491.4882559733379,0.389054042055878,0.12291444196014706,3.1652427155957983,0.0015495363336088578,0.004966416568669873,202998_s_at
924.7877259765812,0.16288544204307057,0.05147040474162508,3.1646427274223874,0.0015527348513974229,0.004975757767093913,227792_at
510.39622512493537,-0.16359884526942278,0.05169627248641248,-3.1646158881652844,0.0015528780725893266,0.004975913311801687,225823_at
564.0471020300816,-0.24713572985655408,0.07810180184507289,-3.1642769311108387,0.0015546878820458083,0.004980754111773686,202930_s_at
425.425207348791,-0.9900902280818363,0.3129065138578679,-3.164172633784054,0.0015552451523595278,0.004981638310322122,220834_at
463.3058804959672,0.20331843977071007,0.0642571067651643,3.1641393459211127,0.001555423051224944,0.004981638310322122,222391_at
60.90939379288792,-0.42475706773404204,0.13437150550166624,-3.16106503494355,0.001571933971019848,0.0050286960015203976,207051_at
1261.5196062462276,0.1589356651254286,0.050280117679151186,3.1610042390837876,0.0015722621029095013,0.005029439561525712,200686_s_at
453.5487028393746,-0.1820433085655492,0.05759403322292837,-3.1608015340915068,0.00157335661295445,0.005032328125933185,212086_x_at
305.4484970096653,0.23956248884619205,0.07581167637532917,3.1599682304895067,0.0015778634277455476,0.005044593903257058,209259_s_at
156.15965154337235,-0.3180110724686926,0.10063731835927389,-3.159971645243937,0.0015778449352592495,0.005044593903257058,219477_s_at
214.82911130362257,0.4599995413050835,0.14561482214853208,3.159015919655956,0.001583028429219179,0.005059260281512086,208798_x_at
451.9715678767031,0.1721912095993787,0.054508615345583475,3.158972366252381,0.0015832650194788907,0.0050597087159436685,201267_s_at
1304.3006866452938,0.19953720055636437,0.06317102801643416,3.158682181085514,0.0015848421909461156,0.00506351732646253,208796_s_at
251.91512919277412,-0.15560096866767475,0.0492850086409747,-3.157166305908097,0.0015931045898420792,0.005088059472170199,204211_x_at
644.9501261693556,0.19324984761934108,0.061218846465770284,3.156705145161371,0.0015956260390351015,0.00509456445051341,200757_s_at
247.3386804548113,-0.15727114911220105,0.04982667830428375,-3.1563643105360284,0.0015974919517722302,0.005099282800864783,1553987_at
132.30768975688045,-0.3796341911711972,0.12031916936704071,-3.1552261636140515,0.0016037373446571757,0.005117042827461187,235521_at
156.6407556418919,-0.6444426722498704,0.20425198591232946,-3.1551354047861393,0.001604236335021005,0.005118013497887082,204939_s_at
668.2409629217183,0.28609102736400877,0.09069153147825762,3.15455062562921,0.001607454868504989,0.005126414415887566,207714_s_at
670.1142252006855,0.18608650886946893,0.05898984291834037,3.154551693366406,0.0016074489864331316,0.005126414415887566,214011_s_at
1614.6506905234037,0.16390632961772525,0.05197898103142382,3.1533194065238774,0.001614250746626067,0.005146525948688809,200700_s_at
285.9587995801654,0.13898711910881123,0.04410406196974798,3.1513450893513113,0.0016252034759696968,0.005179559943972798,203229_s_at
723.7299277992125,0.26064031255369124,0.08273381697644029,3.150347972315994,0.0016307610419402216,0.005194751836472688,201563_at
217.73039408267528,0.20596926138337987,0.065380622355822815,3.1503105042718547,0.001630970215677489,0.005195103261695542,227369_at
1110.0955598689873,-0.14469982463410683,0.04594319818335398,-3.1495374800993736,0.0016352913096748401,0.0052072891110428714,224677_x_at
6158.776263242262,0.11908869486158712,0.03782546630947266,3.1483734764100886,0.001641817802068933,0.005226488144038446,201154_x_at
973.1186250818796,-0.14915719150343534,0.04739913314167149,-3.1468337418243224,0.0016504878179354377,0.005252815162828013,231045_x_at
175.47842407435078,-0.2850483698737275,0.09058767416947455,-3.146657340384401,0.001651483793271221,0.005255666662926956,203987_at
241.34922677105075,0.4345861397836604,0.13813283045133581,3.1461466355513874,0.0016543703888469193,0.00526294076364776,202207_at
70.34560391043689,0.5457809496024321,0.17349500967333342,3.145802006813109,0.001656320915068285,0.0052685080117721005,236044_at
159.21581591190974,-0.2344448246114039,0.07456168008569493,-3.1443071607554005,0.0016648059483135602,0.005292294447596833,212864_at
482.5512821828205,0.16305246896826261,0.051860733596109695,3.1440447842121135,0.001666299367220668,0.005296401170008164,211926_s_at
275.8420716643938,-0.18096378764717586,0.05757132725700019,-3.143297128435964,0.0016705617058904662,0.005308022968039151,232909_s_at
1758.345774113544,-0.1314341017890257,0.04182264655255387,-3.142653863950649,0.0016742369416595192,0.0053184144240796885,218200_s_at
245.93059376906984,0.16303776056048605,0.05188335602973258,3.1423904125834627,0.0016757442941048668,0.005322237603939516,226689_at
868.7038080393072,0.7514778459007977,0.239215143596846,3.141430908601999,0.0016812447124552844,0.005338094164957408,209301_at
167.30855514003386,-0.40856243826998606,0.13009520736918015,-3.1404880051467248,0.001686666142995289,0.005353043811762451,211708_s_at
337.8290564845292,0.1602244335963898,0.051038540415983553,3.139283221865273,0.0016936167106314914,0.005373480597109841,201861_s_at
634.6201443986716,0.19303052107126806,0.06155864456663698,3.1357175329341973,0.0017143423507345102,0.00543300656699641,212175_s_at
21.79149803930612,-0.29292261573546563,0.09342447851676483,-3.1353947101016066,0.0017162302340393539,0.005438333658106976,214063_s_at
226.45389988918842,0.26223601173418903,0.08365649039503331,3.1346762277007736,0.0017204388184746833,0.00545002662243029,210916_s_at
937.99983600697,-0.6423274179186947,0.20494580548029778,-3.1341330280626023,0.0017236269642315087,0.0054591388825542516,202274_at
308.6615996408806,-0.1905709091522349,0.060811717757877234,-3.133785990242799,0.0017256666410110778,0.005464611029868413,201825_s_at
911.7933252057361,0.13030189089728694,0.041580855317141216,3.1336991484052406,0.0017261773914988832,0.005465240474295578,201226_at
548.4445729275714,-0.18754738584405342,0.05985580482187316,-3.133319924478199,0.001728409383721097,0.005471318320207116,203166_at
49.606309970018444,0.5718994583051333,0.18256949571054923,3.132502809844196,0.0017332276851786666,0.005484258400077045,1553296_at
921.8528297194028,-0.18383991409997044,0.058719937694753546,-3.1307920498082544,0.0017433555946327428,0.005513317482267972,201652_at
201.06583317449935,0.30094663530531895,0.09612978265556829,3.1306284794547667,0.0017443267959241064,0.00551605694885345,241937_s_at
6336.75841126488,-0.08922321969440634,0.02851025729577278,-3.1295129598018567,0.0017509634861568976,0.0055350457173828325,208980_s_at
235.46821884319175,0.36805276592122554,0.11761339139710612,3.1293440444935716,0.0017519704550651967,0.005537456380036363,208078_s_at
185.71167579105634,0.2371621292720436,0.07578848017399609,3.1292635599442553,0.0017524504415838958,0.005538080607757069,203253_s_at
185.27773867410826,-0.3135309528313968,0.10020718952661462,-3.1288269266161217,0.0017550565039932992,0.0055449825364232205,1554576_a_at
143.99078016970896,0.4378156232083031,0.13993096202813926,3.128797350226614,0.0017552331605728147,0.005545207305124359,205289_at
343.01529288250964,-0.15867406424531016,0.05073737761613592,-3.1273603741563365,0.0017638357818158814,0.00557071067773749,224196_x_at
249.21449768695928,0.15177885463802174,0.04854498609548516,3.1265608839496126,0.0017686387868762077,0.005584202030969794,200684_s_at
234.7679860273104,-0.29085047039878376,0.09309189274603286,-3.124337273840406,0.0017820606078156667,0.005621850842376166,226950_at
446.2304044653542,-0.22398883106901207,0.07169345448742709,-3.1242577536599674,0.0017825423250460177,0.0056230329742177915,200821_at
549.4390698663096,-0.22216535668007442,0.0711320769458618,-3.123279485416448,0.0017884782787843663,0.005640065254319447,223139_s_at
182.47636658824618,0.4294431504743849,0.13753069312684194,3.122525893753169,0.0017930633191560142,0.0056528284148125475,213106_at
455.432633748787,-0.23982496807304401,0.07683430264239223,-3.1213268009895883,0.00180038117693233,0.005673856582663809,212771_at
98.59624327878954,-0.38849364950840204,0.12446646140659189,-3.12127174756996,0.0018007178166688604,0.005674577210362492,212915_at
328.8251074356639,0.2201980767691947,0.07059421662803504,3.1192084463438547,0.0018133762490142248,0.005710700826383843,204175_at
35.005755964039196,-0.667611800834107,0.2140624916203159,-3.1187705785386006,0.0018160730816271405,0.005718273022138601,212094_at
224.0957208247363,0.32262196345012567,0.10349878763528975,3.1171569331515725,0.0018260433920210064,0.0057478368725606115,205798_at
342.9149814899384,0.2583114744209136,0.08288197479200032,3.11661824020445,0.00182938302320165,0.005758004156515513,204825_at
154.11633826961733,-0.24182890424264256,0.07760498251646221,-3.1161517779009076,0.0018322793930431026,0.005766429799508187,204835_at
7534.254738453617,-0.09407264640853978,0.030192811560060553,-3.1157299220513903,0.0018349024192407973,0.005773993278293567,213941_x_at
212.86657130088605,0.1855743903559864,0.0595727852252138,3.1150866902466605,0.0018389085645309463,0.00578556038675523,213227_at
682.855972194139,-0.3053149054448959,0.09804060970988952,-3.1141677550593436,0.0018446457753952396,0.005802568628725769,210052_s_at
1233.7480224325022,0.12784212775473833,0.041063002340058566,3.1133166224921487,0.0018499743383925463,0.00581758924005995,200754_x_at
152.34918099481104,-0.28639813483040877,0.0919930608117127,-3.1132580251525246,0.0018503417101299593,0.005818396352191102,225041_at
310.98668580034155,0.1852363983861518,0.059513381473498,3.1125167785775996,0.0018549946915864949,0.005831980798135718,223272_s_at
3246.723757539891,0.1821664196828241,0.05853268931359641,3.1122168111368347,0.0018568807121455732,0.005836862787612803,201201_at
833.8860885450123,0.12486416045102006,0.040120564685598166,3.1122234053660214,0.0018568392325420042,0.005836862787612803,209124_at
304.9534336979411,0.30865202444465417,0.09919587446440477,3.1115409396931137,0.0018611366563026177,0.0058495410463087,207165_at
191.3766624555201,-0.24081404380607258,0.07739705477508411,-3.1114109510481804,0.0018619562180583083,0.005851766958727206,215945_s_at
186.71499039981146,-0.4403441085298322,0.14153478965192942,-3.1112075667950756,0.0018632391949473378,0.0058548997101733604,222731_at
246.3367518137636,0.5079175580528966,0.16328574273870275,3.110605675265166,0.0018670407721051588,0.005864940868930933,210511_s_at
1707.2503452153937,0.13739053050485758,0.044177797886726204,3.1099452004632027,0.0018712205626174908,0.005876665797047903,200005_at
1012.3268855869176,0.31533502321234924,0.10139762027979657,3.1098858369872375,0.0018715966628995058,0.005877495728833022,227850_x_at
358.57511261018334,0.11649904055708239,0.03746644390079257,3.109423484800434,0.001874528295822351,0.005885647034212441,214114_x_at
185.87130112753005,-0.4435854449576372,0.1426848939765561,-3.1088465821092504,0.0018781921734422394,0.005896094109257718,209291_at
270.9949812188752,0.5933800376672561,0.1908725850402815,3.10877561354361,0.00187864334503943,0.005896481176412127,219799_s_at
240.26097358562657,-0.16907449301919242,0.05440944050192609,-3.107447741779429,0.0018871034615500803,0.005921178795322898,212209_at
544.6091911799247,0.13060878500197237,0.04203449870264701,3.107180745175573,0.0018888087660854135,0.005925882388684426,218571_s_at
1226.0339648420234,-0.3223478941029614,0.10374759005690276,-3.1070398254664253,0.001889709389368542,0.0059283540621343335,229777_at
2023.164263972762,0.13735195401320927,0.04421208861039789,3.106660606414024,0.0018921349521683305,0.005935043831975846,209492_x_at
2390.6176252772743,0.21905860418550593,0.07051609769566934,3.1065049165214815,0.0018931316043743999,0.005936963738888424,221875_x_at
337.6303691234943,0.2294997871164254,0.0739080623856924,3.1052063835576003,0.0019014629919023621,0.00596024609784306,202113_s_at
159.73162274229,-0.26589519296789765,0.08566853727763418,-3.103767163739306,0.0019107363612538139,0.0059875283960010095,231913_s_at
566.9511654506954,0.2372858269413931,0.07646853768803695,3.1030517140190463,0.001915361679058501,0.006000591217957703,218350_s_at
303.4103141818713,-0.23449964004648732,0.07558616666897146,-3.102414772182788,0.0019194880996520323,0.006012443532549344,211465_x_at
266.93549693892027,-0.32562594661371824,0.1049968704965796,-3.1012919249276663,0.0019267823391935933,0.006033133880718547,218723_s_at
335.00709465626153,-0.20784673640454873,0.06702808314628397,-3.100890352942634,0.0019293972039736175,0.00604024189299038,209523_at
351.5455584208895,0.22153905164541993,0.07144695484008938,3.100748690287257,0.0019303204277461793,0.006042772203941667,212665_at
114.74265454494737,-0.4223807792529771,0.13624693404056898,-3.1001121766689352,0.0019344736320999212,0.006053970538997157,238320_at
133.37646800383104,0.26485485726903124,0.08544460774933414,3.099725825250748,0.0019369985464963557,0.006061150438378653,216971_s_at
178.9334525341576,0.39014596349602926,0.12593820105979955,3.097915963646132,0.0019488668350217781,0.006094659187606934,203868_s_at
113.96857439689907,0.315517033557685,0.1018802942081472,3.096938775157695,0.0019553025335985446,0.006113330320110531,224763_at
1147.0190575502777,0.33781367901061116,0.10911456014466267,3.0959541839580544,0.001961806714092877,0.006132936175863247,200897_s_at
10806.38497532504,-0.07477084029391867,0.02415587143965373,-3.09534849449383,0.0019658177421868115,0.006144676619355902,212661_x_at
117.96548788335953,-0.3797952337421939,0.12275266715732902,-3.093987630064444,0.001974857202637885,0.006169697148224434,242013_at
222.1765659003743,-0.33749610177719963,0.10910356109364677,-3.0933555091526013,0.0019790689920327555,0.006180687057934199,201130_s_at
498.2529857872295,0.22101141843106864,0.07145017960218422,3.093224113103732,0.001979945511610861,0.006182653381889317,201435_s_at
525.8998962487215,-0.2280147158149219,0.07373052083491193,-3.092541775548604,0.001984502996190907,0.0061946763163350516,202393_s_at
106.15155441187076,-0.3914465615063752,0.12661971473233935,-3.0915135319476255,0.00199138905498155,0.006214694797832564,218182_s_at
302.58950057989847,0.18348170069482725,0.059364256754582435,3.0907773587288103,0.0019963326074756613,0.006229752618803866,201904_s_at
243.52567031273333,-0.23101367899802328,0.07474789122704842,-3.0905711881063502,0.00199771910253222,0.006232979324301429,226797_at
323.89830301962985,0.17544110779019703,0.05676902098959722,3.0904374380940296,0.0019986190424075992,0.006235406658040307,223028_s_at
163.5107139184986,-0.19842241939618868,0.06421458660033422,-3.0899898278743407,0.002001633504423352,0.006244069994151175,225775_at
127.93893638452504,-0.2946489773242422,0.09535983966219275,-3.089864437356657,0.0020024787034197125,0.0062457021894370005,225173_at
118.04725587061733,-0.31444097827190204,0.10179289665440623,-3.089026725896704,0.002008133734567778,0.00626248874237331,229256_at
409.019610010643,-0.2904035668617111,0.09401714748088066,-3.0888361819397634,0.0020094220594193296,0.00626576284031823,221648_s_at
394.7480356842201,-0.2780876877412072,0.0900397163200442,-3.0885002652912696,0.0020116951401215354,0.006271362343928531,212226_s_at
412.305237868914,0.14591950475809357,0.047250581974880246,3.0882054497374978,0.00201369204198523,0.006276842916636524,212532_s_at
306.62234636625817,0.444669706698131,0.14400854435232985,3.0878008572200173,0.0020164354676951387,0.006283530955781223,213317_at
209.4876274023747,0.3130456140454546,0.10141049036817763,3.08691549472763,0.0020224508254796294,0.006298914346465357,202129_s_at
1520.957758435752,0.17963732947066363,0.0581947217608234,3.086832001860265,0.0020230189441748157,0.006300310375831898,201106_at
167.65543594676262,-0.24240935152644735,0.07853261388872762,-3.08673479110113,0.002023680589372653,0.006301997493119839,36830_at
601.7720531757158,0.1660089581297222,0.05378413692427185,3.0865784527408717,0.00202474509100591,0.00630493888207173,208932_at
94.09258796504852,-0.38268001824005654,0.12399043775978462,-3.0863671840682536,0.002026184427281007,0.006308673285818238,203705_s_at
64.3357564463446,0.44681861022892494,0.14478281190966188,3.086130213493299,0.0020277999832150674,0.006312955412468731,211776_s_at
347.12909732427016,0.23834147950608212,0.07724623313882444,3.085477049447091,0.002032259074911941,0.006325338668813867,206284_x_at
242.6239813074439,0.17572279545676942,0.05696813423664401,3.084580490679613,0.0020383944518666385,0.006342932205778869,210594_x_at
13397.302773581572,-0.04887198395890338,0.015844462137557257,-3.084483621760731,0.002039058366541571,0.006344622462713187,212869_x_at
441.98045290211275,-0.16222263089559621,0.05259882467700692,-3.08414934918708,0.002041350908768642,0.006350251903600521,218088_s_at
1435.1684246434781,-0.1987670851476105,0.06446947932475068,-3.083119132176723,0.0020484313321616097,0.006370645398145359,AFFX-r2-Ec-bioD-5_at
54.536428631978204,-0.6768778932962243,0.21955467502319811,-3.082958234547752,0.0020495391733129417,0.0063734604564667655,232176_at
371.2760102934335,0.2603664785092601,0.08445827581001088,3.0827823089232274,0.0020507511169953908,0.006376851914240327,211676_s_at
368.69795967070746,0.14753757535223724,0.04787901644199544,3.081466293923902,0.002059837961107025,0.006401320099817786,210137_s_at
379.7744149013923,0.32823324377569046,0.10654202058980335,3.0807867352114418,0.0020645446381436353,0.0064148089696701325,222904_s_at
175.5038150386738,0.2107886525966212,0.06842168055565014,3.080728957324838,0.0020649452670553304,0.006415674464370431,1554806_a_at
921.1805121275836,0.17256986081283368,0.05604746685923468,3.0789948321170226,0.002077002846087588,0.006448942902829204,200052_s_at
501.69621025755885,0.2505421673491529,0.08140659635050992,3.0776642014413804,0.002086298632901708,0.006474363056009233,1554168_a_at
228.43004412561822,-0.2059013062459118,0.06692007776710722,-3.0768240730753766,0.002092187407057929,0.0064914876012824654,1554006_a_at
283.7343369345417,0.15271479908120783,0.04964032760526997,3.0764260924215807,0.0020949823205324105,0.0064994181940250684,238538_at
525.1529312944978,0.18295558431094977,0.05948451923144934,3.0756840044228104,0.0021002029571086074,0.006513665754375082,213671_s_at
76.54900374261648,0.46703055954599415,0.15186989625218633,3.075201676377459,0.0021036025608277284,0.006523054577633965,204529_s_at
822.523020500368,0.15100066480765711,0.049112209909254134,3.074605379938407,0.002107812426933159,0.006534181223679894,209787_s_at
368.4596965879007,0.1742134697123512,0.056664595098870826,3.074467741424359,0.0021087852548288453,0.006536811388597094,202181_at
7481.838855610785,0.12808055443265315,0.04168015339406205,3.0729386531216583,0.0021196205703386275,0.006568074260234448,AFFX-HSAC07/X00351_M_at
524.3237939772284,0.25124960846371497,0.08179270179781659,3.0717851708185284,0.0021278280508160666,0.0065903981248578245,202644_s_at
687.442520142643,0.19337466962442734,0.0629562039409679,3.0715744838387784,0.0021293303154204268,0.006594067821162944,217811_at
297.79625044714163,0.21570832408384225,0.07026277148395499,3.070022994084439,0.002140422912159819,0.00662355212422111,225252_at
1514.5803269214873,0.10868285151283981,0.03542096474585577,3.0683199142834083,0.002152660307996221,0.006657892527450176,200618_at
769.9124270538903,0.151690970623158,0.04943813050882932,3.068299085380403,0.002152810369303057,0.0066579648177692505,224628_at
1046.3155783078735,-0.1658332325506862,0.05408417964264012,-3.066205933905722,0.002167939427752852,0.006701993452124905,202720_at
7032.795791677776,0.11369761826317519,0.03708313258662452,3.0660197866936594,0.0021692895868656156,0.006704984117399021,200869_at
1198.001744392879,-0.15593325487947846,0.05086312826020782,-3.065742517482375,0.002171302099425056,0.0067102493448365835,208248_x_at
242.5260643711102,0.18714605404833182,0.0610495696154534,3.065477041478762,0.00217323061672002,0.006715585454877634,202193_at
282.71605522054494,0.18893481992475264,0.061636914917672266,3.065286771362758,0.002174613776074264,0.006719290983238478,212558_at
341.67789494186036,0.17934550727467805,0.05851720435955768,3.0648338251549667,0.0021779096942122693,0.0067268801686530474,224437_s_at
361.74583152145743,0.15423414911173752,0.050347742772071546,3.063377633630339,0.002188536898863057,0.006757321437215739,225634_at
4352.666020766963,-0.169793029387197,0.055442013272781095,-3.0625336160105827,0.002194718230275648,0.006774019021196125,222392_x_at
341.3967077674587,0.22990875248386541,0.07508291784149083,3.062064702509707,0.0021981593226513105,0.0067830465059372305,203669_s_at
389.22554965436484,-0.20799347124238646,0.06793354233885128,-3.061719793808466,0.0022006935691840693,0.006788873552177716,208682_s_at
4901.6078907552865,0.06697180700663283,0.021876247978838907,3.061393666382611,0.002203092281505221,0.0067950766924247535,200773_x_at
477.0160510414471,-0.17654371678124484,0.05769083944624815,-3.0601689709461515,0.0022121214971152392,0.006820524092660269,208310_s_at
145.4006475642711,0.24866059406554772,0.08126133174783141,3.0600113081728275,0.002213286345842705,0.006823402956530981,213523_at
375.4937261268309,0.19299455021488418,0.06309064153590802,3.0590044024998764,0.0022207388645672835,0.006843480138880557,201196_s_at
371.8241338323178,-0.2234052831083876,0.0730554885884862,-3.058021887538194,0.002228033018717989,0.006864347946166326,204881_s_at
263.73697136667937,0.20341472415096626,0.06652481283953832,3.057727116671704,0.002230225664146474,0.00687029774639823,203118_at
1214.2901095971763,-0.17481308829089834,0.057173623322662154,-3.0575828175928623,0.0022312997498460984,0.006872397998793404,201092_at
916.2748298538451,0.1653298714013565,0.054071907625712595,3.057592725334844,0.002231225986724002,0.006872397998793404,201153_s_at
173.4880674166602,-0.21474538734094462,0.07026380334363172,-3.0562733174393104,0.0022410686649845476,0.006898847388683102,1555486_a_at
315.01703185665303,0.16484539652549576,0.0539536862497026,3.055312954198832,0.002248257899577701,0.006918952137635797,225918_at
302.78849177874287,-0.22080938821864257,0.07227442688005667,-3.0551523927694055,0.002249461914714561,0.006921036324917103,201549_x_at
652.3769477782582,-0.14816963641888697,0.04851714456158496,-3.05396448529259,0.0022583881446302054,0.006945247267417393,209971_x_at
925.1691009286826,0.10612113998921086,0.03476317527816744,3.0526883444924793,0.0022680135299913634,0.006970880585243875,203529_at
358.37297375595017,0.6777910899436582,0.22209385496193382,3.0518227983382498,0.002274563350003415,0.006987675522280226,37892_at
203.9781757637694,0.48101037747669884,0.15761645295331017,3.0517777076177817,0.0022749050379917207,0.006987857952472993,202628_s_at
420.60502812644427,0.11898850500312666,0.039000638928847184,3.0509373249040723,0.0022812818924587467,0.007004585684521908,201184_s_at
361.6067677397862,0.1623406312490838,0.05321078608361536,3.050897068011398,0.0022815877738121696,0.007005115608162924,40446_at
635.0114803266346,0.17657341208718624,0.0578925255585307,3.050020885833809,0.002288254526997987,0.007023122607711978,208676_s_at
2763.3623612989936,-0.17034894435084819,0.05585208502471093,-3.0500015223331376,0.00228840206261815,0.007023165265056894,208405_s_at
199.0889532397968,-0.19535721050843013,0.06405828465021138,-3.0496790785949575,0.002290860127531759,0.007029888073239756,210564_x_at
2293.0174585845075,-0.13236190732933048,0.04340324641309374,-3.0495854174032475,0.0022915745821163293,0.007031669912333834,201812_s_at
177.68532420219555,0.309257880830654,0.10142817843717258,3.04903317397361,0.0022957912874951225,0.007042963943903955,226726_at
402.25036582953913,0.18417617935536118,0.06042717980748814,3.047902946027245,0.0023044434124141304,0.007066619156028253,224413_s_at
1100.5454297053625,-0.4685680765617655,0.15379441608433198,-3.0467170947534914,0.002313553443493371,0.007090995558426745,224823_at
560.1847463282336,0.11969050901224891,0.03928668915079326,3.046591901721303,0.0023145171327739493,0.007092130686012601,208630_at
164.4023755027876,-0.35851025328371217,0.1176842776108458,-3.0463734031594365,0.0023161999340326014,0.007096459589176781,224568_x_at
187.16362144840028,0.19952181778455236,0.0655054035793829,3.045883345222983,0.002319978268577479,0.0071072071073635,238058_at
135.92155497791543,-0.24995813659718294,0.08207513765754033,-3.0454793464999934,0.0023230973326822833,0.007115932693465332,226004_at
209.40592844833512,-0.509429556242755,0.1673379391507294,-3.0443159442993206,0.0023321008219751834,0.007138518643956188,221584_s_at
432.99356930342,-0.18695804043750458,0.06143670015226453,-3.043100296307392,0.002341542768284285,0.007165750809084745,202829_s_at
163.34365101765243,-0.21379878434148575,0.07028078745515083,-3.0420658629916444,0.002349604772212656,0.007187492968501975,58994_at
1116.2826260151687,0.1468479100794769,0.048298914054638493,3.0403977595304554,0.0023626589307768815,0.007224061987901339,200740_s_at
191.57112269568182,0.21059631224195477,0.06927684480984266,3.0399235533895714,0.00236638205231503,0.007233860765028815,220368_s_at
221.1932698522705,0.16389165750072887,0.053935552526125176,3.038657246003801,0.002376350516264763,0.007260433988243611,219133_at
145.69680351038593,0.374352545108142,0.12323057672568816,3.0378219030935196,0.002382947426162198,0.007276359248999369,203323_at
455.1985486743003,-0.32261147579239186,0.10620548396948504,-3.0376159849248894,0.002384576186702278,0.007280063722316226,218507_at
335.2540295269535,-0.20448025690965174,0.06733035059934668,-3.036970030446208,0.002389692138275645,0.007293140571134626,218533_s_at
1710.801430148175,-0.16809240414032536,0.05535530919179687,-3.0366085312235067,0.0023925595908057193,0.007301467785564356,209389_x_at
1374.462008801624,0.13181435538616446,0.04341216117457461,3.0363463098760617,0.0023946415306838873,0.0073065484790734445,201210_at
191.17387274514232,0.203793404472421,0.06712903459323451,3.0358459004706138,0.002398619197926243,0.0073165612239721265,220690_s_at
325.53006258696047,0.15594666575425684,0.05137332323465961,3.035557288009852,0.0024009160773128288,0.007322717400446777,202754_at
560.9389063338316,0.16136170802035604,0.053167911846174934,3.034945372449584,0.0024057925773459986,0.007336738995522637,226214_at
1508.0980992223137,0.17999620952971368,0.05931198694675068,3.034735789433446,0.002407464877314892,0.0073409868965713275,200736_s_at
173.97262959614827,0.24425648918543688,0.08051741080033414,3.0335859878944746,0.0024166582933720718,0.007366882827719018,204695_at
224.38022911102908,0.18152269231800428,0.05984188946845706,3.033371672090764,0.0024183754372981126,0.007370407256539376,226215_s_at
526.9193211735869,0.17867243095774019,0.05890950324628111,3.0329984316922514,0.002421368585151928,0.007378245760078531,203647_s_at
296.4888381843395,-0.1672798294722259,0.05519835548034318,-3.030521978717216,0.0024413141804724126,0.007429545743271016,218528_s_at
566.7870943381727,0.2977218187131054,0.09825550055927461,3.030077878779913,0.002444906864296935,0.007440048369789294,200696_s_at
160.6179723145743,-0.22646647869023623,0.07477442870066243,-3.0286621058226815,0.0024563925205625323,0.007469809774658219,218494_s_at
204.36101754865177,0.2077545877380527,0.06860446450584466,3.0282954503690256,0.00245937510273799,0.007477581669036294,227012_at
260.9293894538436,-0.4230074316668221,0.1396889966971496,-3.0282086754758235,0.002460081463415433,0.007478863957212626,202994_s_at
203.86759219922118,-0.18491842479441103,0.0610698404722991,-3.0279827712713425,0.002461921228413833,0.0074831583712007274,222414_at
258.2621258843864,0.13041694311730795,0.043070118626199985,3.028014486079776,0.0024616628669068908,0.0074831583712007274,226515_at
331.055118490454,-0.28354276336438744,0.09365726383147276,-3.0274508539411893,0.002466258139128639,0.007495907133408507,228221_at
182.39097901665525,-0.3226875623428997,0.10659180978504185,-3.027320419773779,0.0024673226819073436,0.007498709011390154,205935_at
7124.4962758647125,-0.08766794681654508,0.0289625480256242,-3.0269417849210685,0.002470415305012291,0.007506805778526507,214351_x_at
631.1779839609486,0.17531592882003838,0.057921983794674184,3.0267597436149685,0.0024719034487087808,0.007510459261342502,208846_s_at
125.83369741137169,0.4341792046893427,0.14345509549236413,3.0265861466904345,0.0024733233256196844,0.00751347017656745,225481_at
219.0202275987339,-0.16419120487870725,0.05425190038152461,-3.026459971430278,0.002474355801446559,0.007515303403411112,221270_s_at
916.949127832353,0.5327043718484087,0.17601470154540316,3.0264765793498056,0.0024742198784563313,0.007515303403411112,225681_at
122.96595406168336,0.29573167212782836,0.09772588671025392,3.0261344469008393,0.002477021347946778,0.007522095222465906,224995_at
2098.290791403353,0.11546463268699837,0.03817021656758237,3.0249928627615246,0.0024863899467852924,0.0075474924775229164,222985_at
1298.2613130755472,0.4120070938902116,0.1362074240414936,3.024850493940034,0.0024875605908721865,0.0075501737968638105,203186_s_at
377.83744113531424,0.18228533005138736,0.060272360202244614,3.0243602447245603,0.00249159558067153,0.007560674065858975,1554365_a_at
206.17268274311988,0.20598307868442078,0.0681748804950634,3.0213925890099094,0.0025161489310411883,0.0076312148500657095,222754_at
175.75363376935516,0.2761619403510352,0.09140761582011185,3.021213690711677,0.0025176361230807866,0.0076352847142009145,209900_s_at
357.5712674043775,-0.18409609431935092,0.060953971719626986,-3.020247723415742,0.002525680167061714,0.007655703973916329,228992_at
132.15379480615766,-0.2462829119806895,0.08157284439069919,-3.019177691059775,0.0025346182469075033,0.007680581638008241,212923_s_at
9.60155825839524,-0.42690037823666793,0.14139794360089827,-3.0191413493368224,0.0025349223200571945,0.00768106017114194,216238_s_at
728.3645194693378,0.24709671659337404,0.08185261519865228,3.0188005110610385,0.0025377757565309012,0.007688819734159171,201847_at
189.5521896960451,0.21362615594237225,0.07077914109406278,3.018207803037215,0.0025427447982053633,0.007702542516853113,35148_at
366.4305256788996,-0.28380910375659985,0.09405264589428104,-3.017555764200538,0.0025482215253526007,0.007716908726713183,227867_at
156.0596397625209,0.30342634793512313,0.10056050997864313,3.017350926318535,0.0025499442638302655,0.007721235932319416,1557938_s_at
324.7909094531997,0.2736544375045372,0.09070724242097264,3.016897330364272,0.0025537629122649895,0.007731907828734547,1568618_a_at
288.46862880446986,0.44820570340870236,0.1486376205921657,3.015425715394734,0.002566187904007913,0.007765500034964695,213905_x_at
248.37285527475436,-0.16801376468048557,0.05573901449875901,-3.0142937795254037,0.0025757825385025234,0.007790854875195018,224474_x_at
295.2586101391471,-0.1794141493535459,0.059550609227609165,-3.012801240501247,0.0025884838987227524,0.007825759812085114,201423_s_at
176.7292065471221,-0.23952947979808537,0.07951942314131168,-3.0122134987375904,0.002593501219650709,0.007839214006153176,222768_s_at
622.0669951989217,-0.18947524695087928,0.06291777449774942,-3.011474078086739,0.0025998259936563387,0.007857338275381863,211615_s_at
673.319310769823,-0.2114117996869101,0.0702095332846602,-3.0111551778838077,0.002602558116751663,0.007864690889987171,212410_at
188.5384979896916,-0.28988267097599496,0.096271192558964,-3.0111050177180276,0.002602988094257618,0.007865537966054211,230083_at
301.1737624125703,0.33015083492251285,0.109699756168359,3.0095858592048463,0.002616041269842122,0.007902709254198016,218729_at
356.6087883548736,0.16081048349050112,0.05343337520288138,3.0095512941100804,0.0026163389610603938,0.007903154256786293,201591_s_at
217.72773006200373,0.2724576125207868,0.09055108725392264,3.0088828393276312,0.0026221021091800347,0.007919197416576491,212573_at
598.8593828977303,0.1574668736184784,0.052372946202702,3.0066453204489467,0.002641477637312077,0.00797221706491121,201832_s_at
2139.7387385374695,0.1302225386069819,0.04331496343278591,3.006409985986829,0.002643523075719082,0.007976283668194263,200944_s_at
165.5641655665402,0.2053832317458372,0.06831526993961644,3.0064029890736657,0.0026435839124064327,0.007976283668194263,210734_x_at
528.0037150509969,-0.16985372421885686,0.05650564249045067,-3.005960409131916,0.0026474346534799066,0.007986526650535734,54970_at
405.6448485982915,0.1832655721110709,0.06101460198341051,3.003634640784835,0.0026677547852859184,0.008042748106121853,212623_at
256.32091921994873,0.2805964767729844,0.09344867379849876,3.002680138383003,0.0026761354057930294,0.008065700528533972,221521_s_at
550.2981118669339,-0.14684690270019726,0.04890784539585443,-3.0025224278770706,0.0026775224326915045,0.008069418163073135,226006_at
232.206018022362,0.6004366633212255,0.19999954404414372,3.002190160937055,0.002680446792848421,0.0080773050889538945,204320_at
234.91720164378987,-0.8117856487766415,0.2704696470714965,-3.0013927905265185,0.002687476549956927,0.008096167532613148,206209_s_at
1704.3492720810987,-0.1604066252837802,0.05345162668504368,-3.000968075844615,0.002691227781952003,0.008106538938081364,204559_s_at
207.61639926379243,0.1897232106383611,0.06331733601476651,2.996386496647852,0.0027319992255398014,0.00821683958391239,204949_at
108.04538289244402,0.3708445788501541,0.12381310125195667,2.995196591477782,0.002742680098029626,0.008245455630218463,204731_at
2702.0889900673765,-0.15460922861002338,0.05162142624249377,-2.995059219862314,0.0027439156315081223,0.008248226396972936,211070_x_at
400.88323401628054,0.18135476246079718,0.06055751650489715,2.994752310328503,0.0027466778424743324,0.008255585206370951,200816_s_at
146.16996690196558,-0.283290087184171,0.09461061562981564,-2.994273795792687,0.002750989580595541,0.008266653691955976,213552_at
108.10608230893538,0.28651130391428653,0.09570244286333149,2.993772105937159,0.0027555167827684563,0.00827741806239574,221524_s_at
136.52625814988951,0.3288292819676295,0.10983870260206531,2.9937469596572464,0.0027557438794475813,0.008277627105652045,209081_s_at
13.769184007932607,-0.39707559470901627,0.1326635003024855,-2.9931035575244573,0.002761560278349994,0.008293676145402913,203400_s_at
224.0288457459881,-0.18169795712740244,0.0607369043456096,-2.991557753643343,0.00277558031405786,0.008332448750428241,224881_at
162.33351982995666,0.2545528976905351,0.08512384145291486,2.990383109429309,0.0027862774670137287,0.008361218866067464,203203_s_at
3931.4603208547205,-0.24671712897720097,0.08255279881918468,-2.9885979943282757,0.002802606113130727,0.008406954026590883,211600_at
21.950071207531032,0.34232587923832625,0.11456061568885301,2.9881637522626834,0.0028065913658232708,0.00841737160528883,205969_at
206.00420127035517,0.5140443303069749,0.1720646190055168,2.98750744504013,0.002812624441925588,0.008434984302725254,210164_at
479.60441018888304,0.20822085935771487,0.0697092814168091,2.986989036835865,0.002817398256472246,0.008447372659210544,1598_g_at
1137.8421244647036,-0.7851439163066146,0.2628562553280521,-2.986970636581323,0.002817567832972224,0.008447399161048677,206143_at
932.7589802730986,-0.17490995855898905,0.05858177402261459,-2.985740214891201,0.00282892855544862,0.008476624169168525,200980_s_at
246.41564682674547,-0.17272274985071448,0.057864931827665056,-2.9849296351911754,0.002836435632836983,0.008495243531550397,212379_at
398.03946233104193,-0.18748870207423213,0.06282380590355399,-2.9843575914846916,0.0028417444837127532,0.00851017377611488,201421_s_at
133.7672871195372,0.4584519455679368,0.15365134253341764,2.983715846597488,0.0028477109931078193,0.008526098304095502,217967_s_at
1111.367164783203,0.19621778770961334,0.06578588949591216,2.982672868196242,0.0028574323039033326,0.008554229410386542,202483_s_at
313.44953603399557,0.13031919657357383,0.04369251915557809,2.9826432325758074,0.0028577089714062628,0.00855457036245641,224768_at
147.70668360552617,-0.3127147709566685,0.10489699144393407,-2.9811605333200624,0.002871582179120466,0.008591695407998689,229158_at
544.4084197843944,0.14394637111810674,0.04829016621031455,2.980863028948541,0.002874373240582649,0.008598088182911976,211960_s_at
1470.8092379224113,-0.38416537015391994,0.12889978516420153,-2.980341430860752,0.002879272633263881,0.008612253498494593,209498_at
2200.658991200999,0.12861242555118155,0.04316440842937904,2.979594305377852,0.0028863036950905105,0.008631319243870872,200726_at
358.4741038005925,0.24593542454899361,0.08255571246996286,2.979023706427038,0.002891684049664322,0.0086454410937569,1557905_s_at
206.3575879497199,-0.24074065407027384,0.08081778512544811,-2.978807866320365,0.0028937216583719933,0.008650056767765299,218967_s_at
7579.027496552403,-0.10143347939752756,0.034051960345108254,-2.978785314252811,0.002893934633654123,0.008650201384203093,200949_x_at
385.89108111101285,0.1444924945665545,0.04850853467045377,2.978702522106155,0.0028947166217152165,0.008652046712029886,208911_s_at
1056.752324114608,0.31152478165704833,0.1045889875977851,2.9785619768600338,0.0028960445407592602,0.008655523475606356,204404_at
434.41545189044996,-0.20007219289377795,0.06718620319385225,-2.977876161814204,0.0029025323334785635,0.008672940883194931,201629_s_at
589.5984782933018,-0.1328740770349971,0.044625310874379716,-2.977549611005237,0.002905626155476188,0.008681198236207822,201628_s_at
379.73825579263,0.13524497443908262,0.04545007115851861,2.9756823475013183,0.0029233749520771756,0.008728035660594996,209517_s_at
2117.9479311301475,-0.20378018729712113,0.06850094278882525,-2.9748523013082435,0.002931296466483642,0.008749934936929531,212501_at
419.7416359379532,0.17495610863028002,0.05883762531887895,2.973541295762368,0.002943847909307786,0.00878390864848472,222552_at
261.7924388803659,-0.16761291243391288,0.05638090355374366,-2.972866730916083,0.002950325220950584,0.008800737408436655,224479_s_at
406.6404934945921,-0.20465575170456082,0.06885643054700726,-2.972209713439116,0.0029566465385442533,0.00881709142522015,217833_at
298.7390561603545,-0.18620191325911778,0.06265010750763254,-2.9720924778370597,0.002957775787969988,0.008819458085729063,218244_at
383.5926691586009,-0.24609364309207157,0.08280656908381884,-2.9719096662846827,0.0029595374704834048,0.00882421038373907,218984_at
1256.9052772924003,0.3793275511355789,0.12769185159019417,2.9706480594624614,0.0029717212018741035,0.00885902978293106,221841_s_at
114.1673570002593,-0.37911357107443483,0.1276266672740816,-2.9704886852547716,0.0029732635798609347,0.008862119678766536,205258_at
386.8477947703508,0.17283529609196255,0.058197364134605765,2.969813129203044,0.0029798095310688394,0.008878609258180735,213720_s_at
200.95915085472183,0.20487139380675662,0.06899375171048892,2.9694195304298927,0.002983629453715499,0.008886967938708022,220974_x_at
59.12125904484657,0.565972991358867,0.19065358339203303,2.9685935154708334,0.0029916605567800753,0.008906346167847962,206207_at
1247.8549391716406,0.21406501216461502,0.07214627538790981,2.967097206524507,0.003006258972120644,0.008945245952940115,1555832_s_at
150.93564584010446,0.2865653053725428,0.09659396239059174,2.96669997047822,0.003010145420627849,0.008955289127408773,215243_s_at
528.7320635079711,0.4122741900103241,0.13899347069655554,2.9661406967121717,0.003015624970990472,0.008968544775362642,217763_s_at
157.6309537580884,-0.30863940104876453,0.10406882074914527,-2.96572401634809,0.003019713358935494,0.008978163377771893,203799_at
5017.391532255786,0.10799452304219699,0.03641718977692013,2.9654820622825744,0.003022089685581178,0.00898472033354264,200019_s_at
323.5327265070686,-0.2238115030658836,0.07551182608366154,-2.9639265089142057,0.0030374081711681327,0.00902719838418651,209360_s_at
634.7563887369353,0.14433816721885764,0.048701080353117376,2.96375698798268,0.0030390818198971913,0.009031661726016568,218462_at
212.0382234326564,-0.3011878865898362,0.1016530872742146,-2.9628995504815894,0.0030475600351439268,0.009055321427429973,203052_at
1043.0140780850822,-0.22977221404988007,0.07755112175642728,-2.9628483617754635,0.0030480668632026824,0.009056235693508014,205480_s_at
252.57741545729283,-0.17489470395032605,0.059035757004660995,-2.9625215771607327,0.0030513042253661727,0.009064379520315346,225503_at
138.46486423532812,-0.36669748169347094,0.12377954178205196,-2.9625047597860967,0.0030514709151238553,0.009064379520315346,235391_at
1581.486751044148,0.18501149363954156,0.062453413562749166,2.9623920148680734,0.003052588630022538,0.00906718718488693,200844_s_at
206.80876157349036,0.23548957676316662,0.0794975899083566,2.9622228426627117,0.003054266446392414,0.009071145454857696,202946_s_at
923.613213403007,-0.19446981257509355,0.06565448838704314,-2.962018551247625,0.0030562936891636496,0.009076653398525454,218027_at
902.9939419417541,0.20406200493929424,0.06890376933675808,2.961550680079171,0.003060941134322454,0.009088401151027246,201656_at
521.67537979056,0.2526389380377742,0.08538104331817437,2.958958197504211,0.0030868097082184867,0.00915550550669648,1553105_s_at
191.961485078349,0.24385024650946516,0.08242479135372195,2.958457552691808,0.003091828200145511,0.009169230812620461,32137_at
385.21881300474627,0.11537075444410001,0.03902845419757661,2.9560677412446354,0.0031158864762552167,0.009232243213233167,212047_s_at
172.20941941346683,0.3551223504572778,0.12021034255666178,2.95417468168256,0.0031350649545825583,0.009283834091572197,220892_s_at
282.57230970617013,0.1879927965194546,0.0636384332080635,2.9540764447298553,0.003136063118444224,0.009286266685075375,218809_at
560.1654609698637,-0.22021193736548247,0.07456410037174896,-2.953323868558561,0.00314371949423765,0.00930579217642027,203640_at
86.97926825096238,-0.27295731471728013,0.09243716085224668,-2.952895915459588,0.0031480808950669036,0.009318177604018364,216333_x_at
196.91118299709882,0.17237971947245453,0.05837717685040528,2.952861525218786,0.003148431615838624,0.00931869087287582,226405_s_at
456.98496480831284,0.11858253953774571,0.040162117140442904,2.952596824591553,0.003151132295205042,0.009325108769762136,214626_s_at
127.13599177752334,0.42289597075641505,0.14324181050800594,2.9523221554978805,0.0031539369128811287,0.009332882912137096,227340_s_at
322.76830596422343,0.13093470612918665,0.04437611455065043,2.9505671565666063,0.003171910807119472,0.009381315806030544,202621_at
7468.301150444201,0.10992639648986614,0.03725819549600197,2.950395074867808,0.0031736782054699814,0.009384958609625783,211710_x_at
162.41824410751025,-0.4969515528573401,0.16846266729924592,-2.9499209577074326,0.0031785523617753842,0.009396728403034457,232707_at
294.7904500083042,0.18316594282875381,0.06209510335877839,2.9497646822558936,0.0031801604442973867,0.009400953537496055,222631_at
264.6208923674087,-0.24284280238825456,0.082351873035530307,-2.9488437049085845,0.00318965241969332,0.009427952377084518,226068_at
316.3909928041013,0.11434895463463349,0.03877975760007895,2.9486763639389197,0.0031913798747353647,0.009432527863272165,219053_s_at
413.7543100573032,-0.22886977680038084,0.07762941108212547,-2.9482353866919797,0.0031959361522937014,0.009445463308269215,226403_at
235.2266119795399,-0.32971226199047676,0.111845949674246,-2.9479141886744364,0.0031992585742223363,0.009454750891845057,1554966_a_at
144.85128040312907,-0.32189429272760306,0.1092211565289889,-2.9471789436890607,0.003206875685479645,0.009476195938976513,210036_s_at
864.9493738779006,-0.1650871404300902,0.05604229262357348,-2.945759937748307,0.0032216232812816415,0.009516563988785082,224331_s_at
122.40107241523447,0.49918599368401756,0.1695676237257646,2.9438756215121145,0.0032413023230422775,0.009567704015118169,211470_s_at
2708.4214678546696,-0.09498979488214487,0.03227629796648854,-2.9430201375873337,0.0032502727517996098,0.009591489370434988,223034_s_at
1041.7109196579556,-0.4438824070897042,0.15083830427570033,-2.9427698038714465,0.0032529019742447945,0.009598709172064061,209160_at
93.38427774652502,-0.47179084269706284,0.16037248706883905,-2.94184402399739,0.003262642162273801,0.009624208363052163,213456_at
346.17581763602055,0.18535595857596274,0.06301457891693278,2.941477381294622,0.003266506972798106,0.009634527300955868,212247_at
199.29001477502032,0.23688999034195615,0.08056785725485444,2.9402543199407587,0.0032794295435031435,0.009666132374047348,226017_at
304.06651962007754,-0.31977688304973284,0.10877538413439526,-2.9397908873816423,0.003284338214005217,0.009679514944977017,201860_s_at
513.2066601041392,0.24530528003550986,0.08345984979594882,2.939201072554735,0.003290595203042366,0.00969469336812919,202284_s_at
2495.612244342397,0.11372142295524994,0.03869096571186418,2.9392242055198547,0.003290349594956293,0.00969469336812919,216384_x_at
408.0361896401942,0.11773821777074397,0.040069160207155945,2.938374978712859,0.0032993769882341023,0.009715119802759693,210076_x_at
357.1073052902449,-0.22329971511523514,0.07604086236666667,-2.936575259213801,0.0033185828539331707,0.009765106568062926,202732_at
454.45943784427106,0.14103576069091034,0.04803203833837532,2.936285145705121,0.003321688338498107,0.009772603086907547,223012_at
2643.278604932022,0.11283091360132726,0.03843846923358393,2.935364384977802,0.0033315620477738623,0.00979836095241522,207168_s_at
222.83329598971326,-0.2857769684613039,0.09737902361680328,-2.9346871415128004,0.003338841470105562,0.009818121901294075,218858_at
616.6687712068286,-0.15041791313705533,0.051265100281272166,-2.9341191631688863,0.0033449576096891824,0.009835006278371115,201493_s_at
768.2221741630206,0.204159864473316,0.06958835776787474,2.9338221366615693,0.003348160130243848,0.009843321072098635,200737_at
447.30164647218265,-0.17010593923791825,0.0579850188089389,-2.933618764502236,0.0033503544858220816,0.0098484000854173,217814_at
694.5607318119564,-0.1651965990163837,0.056316608700250556,-2.9333548810734538,0.0033532037011922795,0.009854841030782857,208990_s_at
601.8503687019908,0.23229492223271345,0.07919217220944365,2.9333066103850642,0.0033537251305502495,0.009855285150696173,210983_s_at
205.8853563783448,-0.19255283702733583,0.06568581955299191,-2.931421703157623,0.0033741440905455506,0.00991028718127373,227973_at
234.66488068545925,-0.207689265432808,0.0708699529325558,-2.930568694330274,0.003383421778250169,0.00993365073375192,227040_at
168.99789052282304,0.4188377296056556,0.1429263852761342,2.9304437301514334,0.003384782890844351,0.00993709178512005,205366_s_at
356.8263766989197,0.2155022109805667,0.07359189027314564,2.9283418346872585,0.003407751623118984,0.009996847056084127,218124_at
300.82885914014633,0.16873528434482624,0.05762432762849811,2.928195282948138,0.0034093583655781246,0.010000860657769187,201995_at
335.28647805457933,-0.20444746829353747,0.06982132964263309,-2.9281520323368535,0.0034098326820728615,0.010001693741901945,218185_s_at
782.7996137799433,-0.19925481610047147,0.06805962979200096,-2.927650601530158,0.0034153361107344747,0.010016718230009464,225009_at
2458.8001181550903,0.33710193990871606,0.11518184939473954,2.9266932392571205,0.0034258660555048434,0.010044798297310954,200665_s_at
172.25310282299733,-0.4244876486017442,0.14510169887687788,-2.9254491979582657,0.003439593309754797,0.01008223474822096,225728_at
510.08342243641704,-0.1572664184386302,0.053761169165931766,-2.9252789862741544,0.003441475383046347,0.010086626361085146,201074_at
922.7469027012386,0.154486533789126,0.0528141034966136,2.9250999933953543,0.0034434555633510327,0.010091867258328696,201386_s_at
3360.374845685012,0.1086417388371026,0.037146427977072384,2.924688718499629,0.00344800938608183,0.01010239645850167,213101_s_at
335.3571196250571,0.16298654063305704,0.055749026713502806,2.923576432475736,0.0034603525950971394,0.010133476556488078,224871_at
1017.2287345641828,-0.13519648956703037,0.04624971993699386,-2.9231850430923467,0.0034647054596940114,0.010144527869450056,201260_s_at
266.8797455961766,-0.1795320355180648,0.06143617411345638,-2.922252860123037,0.003475092874928538,0.010171541684711466,213670_x_at
500.10543816005105,-0.22419488985415248,0.07673352426783765,-2.9217332579643065,0.0034808951520809953,0.010185688408823198,227034_at
437.3054163197909,0.22742724073202747,0.07784439003499456,2.921562371158521,0.003482805331287786,0.010190278422447144,203725_at
3521.042363060087,-0.6784167780029411,0.23226997873707367,-2.9208112976619303,0.0034912121747798907,0.010212466026571434,212768_s_at
168.1809630577115,-0.5237276926413353,0.17934301624172075,-2.920256966880989,0.0034974286963732264,0.010229074198093789,204268_at
289.63259022500694,0.3039707506682002,0.10411327663107575,2.9196156388902943,0.003504633412159102,0.010246022715988509,226275_at
254.97258639461316,0.20138454927384908,0.06899262221055213,2.9189287610965473,0.0035123648132425155,0.010266341512522089,223451_s_at
499.28694390851683,0.17902297127381253,0.06133662287641148,2.9186962515776242,0.003514985421909703,0.010273429946223376,210293_s_at
320.72580132504015,0.2424028389087107,0.08308479168214146,2.917535616338479,0.003528093537136058,0.01030543729161007,223307_at
1642.3791594551278,-0.15449164106438287,0.05295452468945253,-2.9174398593960844,0.003529176991509517,0.010308029100860955,204386_s_at
578.0148656606789,0.12527422216215892,0.04294040989492094,2.917396980343603,0.003529662250247059,0.010308873507807265,200643_at
855.3984351482878,0.19275051389499073,0.06609523176133315,2.9162544522274163,0.0035426145279611634,0.010343828207259901,212251_at
208.08579852796643,0.17641225809151379,0.0604954225940548,2.9161257253346426,0.0035440765484645274,0.010347522162666932,209018_s_at
483.19843480143663,0.16012865460577214,0.05493522396599133,2.9148630522541015,0.0035584465330197883,0.010384285584781052,219007_at
941.5380395405365,-0.568650330012873,0.19512780353307502,-2.91424553403782,0.0035654935469472153,0.010402539713887967,224959_at
192.01691802738932,-0.24387605521148764,0.08369546521962676,-2.91385028533539,0.003570010719602215,0.010413984422622936,203232_s_at
257.6295817409429,-0.1963774301616028,0.06740060572053211,-2.9135855392139414,0.003573039330205495,0.010421662168921056,226031_at
600.9034272645836,-0.13580682557678198,0.04661288679826225,-2.9135038592341576,0.003573974194610683,0.010422653561043773,201857_at
740.6299240196714,-0.16492401210739255,0.056629219856891136,-2.9123482987082534,0.0035872239713454993,0.01045955218542451,221749_at
2203.413917901926,0.5394224219570695,0.18523472929339915,2.9121019800917636,0.003590054056841706,0.010467223351082331,215176_x_at
993.1949455072305,-0.13588162283320765,0.046685348228253,-2.9105838981613275,0.0036075409815080044,0.010511210774639445,200942_s_at
5746.794861077274,0.14948186189187065,0.051370297084698605,2.9098889898457685,0.003615571512360651,0.010531689682995326,214459_x_at
331.7491418827196,-0.20940017150077259,0.07196118155113453,-2.9099045761495175,0.003615391215116306,0.010531689682995326,221484_at
375.51012062288385,0.401492873459175,0.13798270222199063,2.909733372326927,0.003617372093187552,0.010536350550650036,226989_at
507.4310458041412,0.3986278576793393,0.137067980520518,2.908249294733483,0.0036345847117456318,0.01058236467236942,213629_x_at
121.14351316466733,-0.3295517041189818,0.11338422210290565,-2.9065040797288897,0.0036549213282783947,0.010634521951408635,244414_at
435.82542108485524,0.17452602879974155,0.060079983386974414,2.904894757969915,0.0036737660525591287,0.010684620980973572,201407_s_at
140.70242487593376,0.2413021854198293,0.08310770895503808,2.903487395499925,0.003690318252149883,0.010729198131416517,225140_at
146.10955406873458,0.2190277918242345,0.07545766789881692,2.902657846753684,0.00370010643094598,0.010754086570729734,218983_at
205.69944680890117,0.2080669440091467,0.07172715125836591,2.9008114829442464,0.003721977203179769,0.010809283263478646,224247_s_at
116.22305615944936,0.6885046437729053,0.23735841214016434,2.9006961984828714,0.0037233466746544957,0.01081206548457246,217546_at
221.53220227948538,0.1951054619394004,0.06729431771534614,2.8992858321960155,0.003740137624549241,0.010856624839578062,220688_s_at
214.37221904186947,0.1779191107012596,0.06138798104604588,2.8982727183649533,0.0037522415787024505,0.01088574683561295,209797_at
250.2549415816994,0.20385672042441338,0.07034389504463057,2.8980016004953084,0.0037554867328179233,0.010894560043967385,202468_s_at
107.86871078390664,-0.36080724627854566,0.12451893612237544,-2.8976094521394677,0.0037601850786096003,0.010906985683919249,204222_s_at
444.5195522257783,-0.14314858228099736,0.049425730205214104,-2.8962360634157327,0.003776681854838164,0.010950606245471164,213233_s_at
517.2255921347491,0.16800011588451655,0.058040610352881127,2.8945270365541056,0.003797302067391014,0.01100493067440539,208794_s_at
5529.628449441507,0.3004966194894358,0.10383963690073099,2.8938527565991556,0.0038054656783980986,0.011026157418818705,215076_s_at
213.97701970000784,0.168011024773545,0.058065062730914746,2.8934959659329413,0.003809791846877709,0.011038083726821276,224446_at
1211.6679736226906,-0.17442621816924753,0.060285252473696885,-2.8933480579740722,0.0038115865746745346,0.011042066084860013,200090_at
195.35189166756126,0.1727844250411824,0.05971880605999835,2.8933000580686286,0.0038121691747159793,0.011043145122259046,1557458_s_at
2545.698686212753,-0.19701897162168552,0.06812510320696015,-2.892017220482635,0.0038277696583851072,0.011083449400924018,225547_at
386.85206244659975,0.14485886114189753,0.05010446536969462,2.891136749450569,0.0038385105401112607,0.011112713211315331,212428_at
363.6750278727991,0.2022491943956309,0.06996236149176387,2.890828583872775,0.0038422763220116824,0.011122389965684492,204076_at
166.19680195296024,0.20788929982868334,0.07191681956085004,2.8906909551636204,0.0038439592282060106,0.01112664867146611,201043_s_at
138.2575642311562,0.24577536682818468,0.08503219923485338,2.8903799859317902,0.003847764186376709,0.011136175205249831,219399_at
313.0519757280225,0.22809808537584694,0.07893144418998584,2.889825312543643,0.003854559556599706,0.011153032149839837,211672_s_at
335.9865670919745,-0.2061885430115467,0.0713567947520268,-2.8895432274960777,0.0038580195950233434,0.011161644754197498,203690_at
439.4352962497701,-0.2839322991974323,0.09826242679085372,-2.8895307033457143,0.003858173280906339,0.011161644754197498,234675_x_at
170.46071958110497,0.21225787080518854,0.07349844565783227,2.8879232602188987,0.0038779447061546334,0.011210203855184302,216609_at
283.4831912304144,0.17480108943347997,0.06054096171035239,2.8873193371090653,0.003885396667494634,0.011227422690026558,203983_at
372.3283020305843,-0.21674079776783822,0.07509433141797052,-2.886247119792199,0.0038986590857012973,0.011261411981419478,228454_at
170.67367565796312,0.21607843053748127,0.07491714826021137,2.884231922269269,0.003923696689225045,0.01132813029750772,226326_at
410.01624675766027,0.1457738236718214,0.05055343611184532,2.8835591580621505,0.003932087833941853,0.01134861574084135,201736_s_at
2512.614784654575,0.3098122763451788,0.10744385312926077,2.8834806954703858,0.003933067529939799,0.0113503387950795,201426_s_at
176.67162225771304,-0.192584232628394,0.06679199641957953,-2.8833429595157227,0.003934787858420923,0.011354537728500614,1558953_s_at
328.4203572687202,-0.2008048207926249,0.06966280111610086,-2.8825257895955287,0.00394500841047831,0.011380495903706739,210296_s_at
58.01500037512992,0.5690069374235144,0.19742690435513027,2.882114468046302,0.003950162030080597,0.01139452304346318,202436_s_at
161.5973951916376,0.24351843397906142,0.08453804353358112,2.8805780663983356,0.003969466363087266,0.011445810119921438,224767_at
178.7728945191264,0.3493121350505894,0.12126838265673305,2.880488115681115,0.003970599211453739,0.011448448508187842,219505_at
208.8247986236209,0.24108495184663903,0.08370781707772833,2.8800769182975525,0.00397578161192883,0.011462522847919638,227212_s_at
171.95054413008953,-0.2711760085638469,0.0941678047615408,-2.879710419612524,0.003980405841830422,0.011471688983359252,232017_at
293.8488044062764,0.1757134770083048,0.06102662287272143,2.8792921635984507,0.003985689076702192,0.011486285574523305,210266_s_at
336.3047563259686,0.24674164223994793,0.08570315643327227,2.8790263102159934,0.003989050534257507,0.011495240246697276,224747_at
133.45291484619838,0.38724489453456024,0.1345138393350273,2.878847979129252,0.003991306799674209,0.011500583230992838,213139_at
117.47324840891957,0.27885208826896274,0.09687322644839477,2.878525868213027,0.0039953851208334515,0.01150745158731946,1555579_s_at
300.4305623205454,0.16637499066358397,0.057809368509815176,2.877993566654096,0.0040021330077177775,0.011524195829686048,201188_s_at
448.1406621954573,-0.24934695138496046,0.0866628006290937,-2.8772085551693074,0.004012103333397365,0.011549108757373343,204362_at
1180.5217824814451,0.24344632833419125,0.08464710812069631,2.8760147126003037,0.004027309396958237,0.011587802794839484,200632_s_at
603.6523837309446,0.14699770152895827,0.05111444159763285,2.8758545908827036,0.0040293528537010265,0.011593047732037872,210101_x_at
354.4815507635067,-0.16982791855588186,0.059067752885386585,-2.875137621798669,0.004038514286590313,0.011617498484726438,222420_s_at
162.56676844766102,0.5926698596833186,0.20618264008528628,2.8744896245298057,0.004046810660758212,0.011638816147621467,1552767_a_at
184.267566209536,-0.217850711393058,0.07579998094593991,-2.874020661673092,0.004052824485657399,0.01165547433617374,216942_s_at
9010.88972921058,-0.07694503191178,0.02677793244382227,-2.8734493252309097,0.004060162076690618,0.011674231301232671,216438_s_at
767.1339716149587,-0.19177650859564557,0.06674586320291033,-2.8732343757790146,0.004062925761484089,0.011680050351131491,217853_at
185.3748773959519,0.3735490939966982,0.1300216809145718,2.8729754250918456,0.004066257453972701,0.011688988854396747,213258_at
337.4580630654521,0.2519283346968794,0.08774730642865539,2.871066303348178,0.0040908970913347735,0.011753059003441932,211864_s_at
265.5004148625202,-0.23705088364836074,0.08259595581484737,-2.8700059380600895,0.004104640906483485,0.011790298327466827,227520_at
413.0128286948727,0.15334245366738397,0.053447339024641896,2.86903813109733,0.004117221598071612,0.011821266601019204,201475_x_at
3322.409944450181,0.10529496718650601,0.03671301169111744,2.868055829153937,0.0041300264837084,0.011854145921617217,222229_x_at
496.1106429391745,0.1406872624355028,0.04906502198677107,2.8673636888094123,0.004139070631590888,0.011877509990860954,201608_s_at
766.3258097853079,0.15454405134757257,0.05392542035906017,2.8658849633168813,0.004158453267976311,0.011927269172364079,209091_s_at
283.4282671485992,0.1902209414713629,0.06639559441576309,2.8649633028392953,0.004170575705564123,0.011959427927659569,223090_x_at
1550.9823683618013,0.1219324420280029,0.042565853573628055,2.8645600121019754,0.004175890193976089,0.011974014254376877,216988_s_at
345.581444847175,-0.1456241688526868,0.05083775817641314,-2.864488405396505,0.004176834455511526,0.011976068414804558,212329_at
1150.7730627438737,0.12017631438613165,0.04195533390003716,2.8643870329447005,0.0041781715624819625,0.011979248679469562,223026_s_at
325.6917779211874,0.11265759790493769,0.039359362330541575,2.8622820908233844,0.00420602373077965,0.012053842902573548,31846_at
405.2265108688043,0.14269866428927938,0.04985643602260041,2.862191437522583,0.0042072270110088605,0.012055976463280244,212066_s_at
188.598159536035,0.2283278751241668,0.07979603995587589,2.861393563520486,0.00421783101190484,0.012082409844088463,224720_at
679.6410719851917,0.11213811989711965,0.039197010920979374,2.8608844721141757,0.004224609662574857,0.012099189984030466,214080_x_at
205.188443208016,0.3463636134439637,0.12108477143844279,2.8605051595612783,0.004229666705037117,0.012112422888973268,205990_s_at
1983.656925616406,0.35147785111469243,0.12287497665151915,2.860451010391683,0.004230389076232613,0.012113761647269043,201438_at
146.6194258760115,-0.22727677848317485,0.07945868340962349,-2.8603139232942367,0.004232218372237906,0.012117019194519007,1553113_s_at
252.2184679353983,-0.1652845419780048,0.057800083660289416,-2.8595900128698393,0.004241890166443731,0.012141402745345234,202451_at
578.1607133910034,-0.15865294105369376,0.055511163586227964,-2.8580366687369305,0.004262711287369915,0.012195020631270467,200050_at
480.04491476266924,0.14070768757113863,0.04924012169191869,2.8575820435925454,0.004268822619487173,0.01220918116704919,219176_at
202.78270689213224,0.2622634878000845,0.091785177756551,2.8573620949529177,0.004271782146348226,0.012215651263422824,215009_s_at
29.754252452400525,-0.44962466616028984,0.15737652907562064,-2.856999508130223,0.004276665008608877,0.012228283616019093,204260_at
295.81132944808223,0.16709565705752666,0.05850405355049945,2.8561381120932627,0.004288285506022417,0.0122561755755657,218014_at
297.86630478384933,0.17665078599290246,0.06185041733171966,2.856096912741574,0.004288842014734093,0.012257099529193296,212117_at
408.60541965467866,0.2837665741642436,0.099452141835976,2.8532977663995704,0.004326805785456717,0.012356189276144776,201627_s_at
191.10160387269335,0.2938066140526576,0.10297320048636707,2.853233779905244,0.00432767716111249,0.012358006168501728,202052_s_at
204.75642832285035,-0.21160768033210534,0.07416701064541485,-2.8531240303560397,0.004329172113955286,0.012361603438022608,201918_at
158.55394688179067,-0.21523113304522756,0.07544586733895255,-2.852788901985413,0.004333739961221293,0.012373302000435913,238761_at
430.80457867875356,0.1435031019756487,0.05030454196934002,2.8526867824999185,0.004335132732664755,0.012376606129534088,221518_s_at
1169.1060996584883,-0.20058118600084313,0.07032359704945372,-2.8522600438056127,0.004340957262515708,0.012391888537438922,201432_at
165.49050167431687,-0.2551140822972363,0.08948496770816028,-2.8509155093987038,0.004359355149623768,0.012439002635103023,220056_at
651.7576739613185,-0.18665220858904405,0.06548354557341138,-2.850368087961801,0.0043668659975169815,0.012459757621668248,209507_at
222.7262671023939,0.22093812999754842,0.07759294108259829,2.8473998654382497,0.0044077958578860425,0.012565714450324474,225203_at
513.4838988379263,0.1987431669164332,0.06980210631009046,2.8472373889912728,0.004410046307494681,0.012571358952271395,202536_at
376.68660767234456,0.1639546871567929,0.05760177452243476,2.846347851539466,0.004422385694980178,0.012601065810777936,200649_at
233.29359203148238,-0.18990245772106437,0.06673192028466925,-2.8457514321626958,0.004430676553648273,0.012621268122956872,212870_at
3941.7163034947616,0.3694039666764058,0.12981691163134773,2.845576605037671,0.004433109503450856,0.012626145504246494,202404_s_at
314.53877082539987,0.21008406527858775,0.07383980090828202,2.8451331489847544,0.004439286210087707,0.012641682334594928,218695_at
217.06415839519303,0.2128255355168498,0.07480887412249881,2.844923653955145,0.004442206886892279,0.012649314083969269,222808_at
1642.389535902234,0.2040673390981696,0.07175527639338632,2.84393495997987,0.004456014287858374,0.012685881629691712,208647_at
159.21662127030933,0.2122428263217572,0.07470481261684385,2.84108638904346,0.004496013121525718,0.012789176782475861,233898_s_at
265.38893455712355,-0.3808079589383395,0.1340430026503121,-2.840938739128229,0.004498095220470974,0.01279320793465914,239332_at
954.0347392631866,-0.1541809784342608,0.05427382507318783,-2.840798086855845,0.0045000794539329795,0.01279815875436949,218069_at
723.1674838078085,-0.22443947716626453,0.0790065305283806,-2.8407712079654193,0.0045004587345919694,0.012798544823471123,201329_s_at
101.03030997623688,-0.29963393241726927,0.10553686034536734,-2.8391401017305515,0.004523529104475061,0.01285580513500878,1556821_x_at
426.7549917968901,0.1530372811701318,0.05390250371711526,2.839149772583551,0.004523392004767197,0.01285580513500878,201913_s_at
5333.12545031028,0.10298207670389173,0.03627494864334412,2.8389310131466527,0.0045264941880540695,0.012862840681247625,200094_s_at
435.5002701082975,0.14675259568775176,0.051695443977529586,2.8387916689822914,0.004528471204122141,0.012867762944657204,224810_s_at
207.9211902710774,-0.16517476544543847,0.05819812086992219,-2.838146025618564,0.004537641809984921,0.012891730332033061,225039_at
135.08329448021468,-0.278277982525053,0.09805987122411958,-2.8378375277389263,0.004542029596912565,0.012903498753237631,212594_at
360.3665041482762,-0.19251640035594317,0.067843278004125665,-2.837663597921019,0.004544505106825708,0.012909135797206544,201624_at
133.19762671504674,-0.40954400211005654,0.14434080517022352,-2.837340429319862,0.004549107949159994,0.012920813876676988,231786_at
250.23802429346424,0.1511295935609421,0.05327529886729017,2.83676669627718,0.004557289948105598,0.012942654197932536,226917_s_at
223.066711131747,0.17882044596676536,0.06305200076263703,2.8360788524371405,0.004567116848311948,0.012965071338275866,213246_at
654.3245976686542,0.15202521432299962,0.053604068329077485,2.836076049110878,0.004567156937350175,0.012965071338275866,222416_at
246.15993219468177,0.2998584768268194,0.10575819494548379,2.835321432834499,0.004577959944298148,0.012991527993554991,213036_x_at
225.6333073900164,-0.2526598342005346,0.08912848466368267,-2.8347821143141942,0.004585694946714,0.013010668478626981,226756_at
158.90962535482788,-0.2561310285799564,0.0903577604923616,-2.834632323602226,0.004587845371100231,0.013015364406628965,227804_at
434.4803087447043,0.19592304427244903,0.06913362079545587,2.833976320322094,0.004597273843292503,0.013040704353667307,218139_s_at
260.97687462422834,0.1565098183808462,0.055247639504532375,2.8328779253637895,0.004613099929982115,0.013080626756045977,210541_s_at
194.92373416557464,0.22280382047023167,0.07864887162383408,2.8328927786258573,0.004612885589941959,0.013080626756045977,222559_s_at
148.7492299990139,-0.2761394866883936,0.09748224947165873,-2.8327155783235836,0.004615443267502339,0.013084475427787136,230229_at
432.7614500742089,-0.276205321387706,0.09752511445133899,-2.8321455754406837,0.004623679299502279,0.013106410027294648,201310_s_at
238.43413009962558,-0.17101580769595695,0.06039036112522383,-2.831839460958731,0.004628107870770444,0.013118255813627631,218686_s_at
134.7245543828458,0.25838059464889745,0.09133859014718303,2.8288217962697138,0.004671970562114375,0.013231165647537796,235341_at
339.5215116594499,0.15353735505278368,0.054298404378032725,2.827658691106946,0.004688976901438959,0.013273605821611799,218106_s_at
265.3834499566635,0.2112457175482913,0.0747085358158724,2.8275981484757,0.004689863657964695,0.013275400984631938,210649_s_at
387.1127413288969,-0.17721552064881124,0.06268276202667883,-2.8271811087932814,0.004695976085630591,0.013288408744574097,234983_at
344.74565964318924,0.1673118499368672,0.05918795052181575,2.826789041718866,0.004701729073317756,0.013302539419603843,37152_at
416.67249331400063,0.1757583389264298,0.06219302105191031,2.8260138509710044,0.004713122600233549,0.013331118711249292,202043_s_at
751.3229993977084,-0.4554547951019478,0.16119160708395056,-2.825549067605867,0.004719965829245447,0.0133469509922069,202555_s_at
765.7324817300539,0.14075213130934303,0.04982726050225637,2.824801722803308,0.004730988206085785,0.013374521472976457,202302_s_at
180.11256154914392,0.22930779787043112,0.08117610848342015,2.824818806351948,0.004730735985676928,0.013374521472976457,209473_at
1296.8760807653928,-0.11545742368810093,0.0408768624322966,-2.824517754495722,0.004735182478946561,0.013385658651958345,224656_s_at
305.1951338524231,-0.3067562224056084,0.1086130655343035,-2.824303143425456,0.004738354563257293,0.013393134690646648,204401_at
6774.695100085838,0.13853245196160682,0.04905041403565709,2.82428710715675,0.004738591666436118,0.013393134690646648,208812_x_at
192.9170458394521,-0.19026486812574867,0.06739257009053895,-2.8232321140169634,0.004754213809654555,0.013433676678992715,228544_s_at
322.8518995476412,0.14899158544711713,0.05277589679823075,2.823099075260279,0.004756187129163369,0.01343780755798353,209265_s_at
282.327517174621,0.2070531020625892,0.07334237074875527,2.8231034795954315,0.00475612178926617,0.01343780755798353,209545_s_at
209.8505060634488,0.18266020895503784,0.06472429675329239,2.822127363566083,0.004770622700291061,0.0134735224307339,201571_s_at
469.790437862717,0.14798144087988455,0.05245771022409678,2.8209664556023326,0.004787920914340906,0.01351601750692938,1568629_s_at
110.72132294647362,0.4085969026737327,0.14488088513851866,2.820226438312264,0.004798977212101053,0.013542686377316154,215672_s_at
551.1236774679124,0.12353791425422625,0.04381082133898322,2.8198036576023107,0.004805304172254072,0.013559084857376672,208757_at
543.6217259687279,0.13709301533421608,0.048620030874664405,2.81968178275375,0.0048071294439207286,0.013563506968528401,213408_s_at
432.0950656105149,-0.15059853629892345,0.053429463236711154,-2.8186421344290773,0.0048227253690654726,0.013598750351210798,202919_at
238.2528989550624,0.1818173062705947,0.06456040022922595,2.816235736225928,0.004858999891417326,0.013692218782495774,227274_at
654.0147624895873,0.14777747296881918,0.05248701631950977,2.815505306478801,0.004870059266151395,0.013719704887339609,221532_s_at
64.35836592153541,0.5256280981582587,0.1867270863932427,2.8149536755010396,0.00487842655145884,0.013741803558201636,228462_at
349.5621171418815,0.12071466158396404,0.04289098118826949,2.814453254265468,0.004886028321625667,0.013761003880745727,211779_x_at
2498.4257845039047,-0.10486554977426404,0.037264831992837005,-2.814062057073574,0.004891978358251754,0.013774070754865399,211509_s_at
226.61848935837153,0.20680808155833988,0.07349449936028957,2.8139259857327783,0.0048940495140111185,0.013777615895343764,203087_s_at
214.88543899380076,0.19822388131556637,0.07044365549721156,2.8139351928352565,0.004893909346748789,0.013777615895343764,226660_at
263.4677194397597,0.22102840109726343,0.07855472514056396,2.8136869004602905,0.004897690576716893,0.013784246268343575,212514_x_at
315.21931281488446,0.4004718741422501,0.14235892520663113,2.8131139200508377,0.004906426549770127,0.01380735426487921,202238_s_at
302.1009074946339,0.1568680080288813,0.05579618347542575,2.811446917296243,0.0049319228003652845,0.013873161208071357,212140_at
251.41682748430065,0.1917751547187075,0.06821432700710006,2.8113618228432666,0.004933227500502494,0.013876088528227791,219960_s_at
306.1247166906247,-0.1731940346405413,0.06160586726290608,-2.8113236991117616,0.004933812129134916,0.01387699024000837,212482_at
107.45719423245471,-0.3836818733826551,0.1364900459066221,-2.811061208413294,0.004937839133670333,0.013886830300792566,218876_at
338.7812091525136,-0.11144567172635719,0.03965431277234078,-2.8104300373625817,0.004947534423550288,0.01391260763525399,232209_x_at
200.62237259221746,0.31617150140727035,0.1125056695524857,2.810271719326743,0.004949969013928292,0.01391870901861891,210425_x_at
197.14747001257717,-0.35335661137046664,0.125764904016871,-2.8096599296339853,0.00495938720812826,0.013941462173627846,224989_at
481.145315045522,0.17630228778061305,0.0627652697898371,2.8089146811754766,0.004970881825703024,0.013970038688128168,226616_s_at
294.04238123687367,0.28550433314498286,0.10171178784559812,2.8069935569158213,0.00500062418843947,0.014046114569708602,202687_s_at
742.6154802329298,-0.18567396964788924,0.06622413053032936,-2.8037207610125465,0.005051663555271588,0.014173569296019593,225132_at
949.7712831831385,0.19877027843292303,0.07090730909244106,2.803241033639966,0.00505918436727304,0.014190882538304191,209181_s_at
377.83305609632157,0.11096521301978882,0.039597179289126185,2.8023514556316154,0.005073157308379726,0.01422855743326866,221711_s_at
1016.3321627263936,0.16558864144112184,0.05913457738371226,2.8001999636634043,0.005107095941527988,0.014316104123696494,201079_at
434.56747589425504,0.13750625278842635,0.04911468090647661,2.799697570065935,0.00511505042749365,0.01433457900957187,224366_s_at
2817.8300680450584,-0.12958850436039468,0.04630391760318446,-2.7986509796199726,0.005131657250146403,0.014373453878601186,202428_x_at
1989.899138669111,0.14644149253706218,0.052329082530329536,2.7984723877431983,0.0051344959271288244,0.014379105773970384,200803_s_at
701.7957788697898,0.24260972789525193,0.08672635262434766,2.7974164778508324,0.005151308392060251,0.014416969924184387,201288_at
303.0090064038734,0.2447550167271628,0.08753062120330775,2.7962216349255566,0.005170392971476015,0.01446652995916257,207431_s_at
316.73283237119864,-0.1454935247717946,0.05203894253893198,-2.7958585949925157,0.005176204254397627,0.014481247718158794,202853_s_at
231.33686647758222,0.39076061082211144,0.13985429758322968,2.794055081429036,0.0052051611894406505,0.014552188591864237,227265_at
183.37814869393117,-0.4901088677930498,0.17547674947997133,-2.793013144165804,0.0052219570010761055,0.014596039157246764,227719_at
253.17264619887345,0.33039426554518003,0.11831120511245458,2.7925864268827363,0.005228849716176574,0.014610642704378118,202260_s_at
324.94137593996885,0.22268193787444254,0.0797433764297689,2.7924819319703826,0.005230538862831376,0.014613031704706826,225777_at
271.096533153932,0.18373810417878053,0.06580706288885019,2.7920727063768047,0.005237158687991336,0.014629193031184049,227864_s_at
390.15532096244596,-0.1817259772247885,0.06512563099471934,-2.7903910403497454,0.0052644416396539166,0.014690567935558431,1553993_s_at
73.4871796346675,0.3865006257801159,0.1385202014109276,2.7902112604755827,0.005267365929263565,0.014697947809627132,225288_at
207.21958690117646,-0.1699982968748577,0.06093149027993932,-2.7899907928368335,0.0052709540468388666,0.014706398331788587,211703_s_at
608.29675667932,-0.15942471938608033,0.057152657605541723,-2.7894541752791904,0.005279696742912394,0.014728445386008704,201393_s_at
372.79923400956915,-0.19525885991305866,0.07002755842894176,-2.788314547781805,0.0052983072767255855,0.014772520591067772,205173_x_at
449.99203542549856,0.17779859947530668,0.06378334520576226,2.787539582656511,0.005310996564878851,0.014803973346273636,201662_s_at
175.44746557048757,-0.1967041350817564,0.07059297068039616,-2.7864549853315865,0.0053288018640021036,0.014849666109590463,200917_s_at
268.1728590697109,-0.16894035745245406,0.0606551802999771,-2.785258515710287,0.00534850623818444,0.0148982560471482,212215_at
256.93153903810713,0.3049156151793234,0.10951443907676743,2.784250348628309,0.005365160555824097,0.014941478875034688,214440_at
256.2647744186068,-0.25857339704973403,0.09289029130211443,-2.7836428697241926,0.0053752183395885346,0.014964730869244894,218252_at
705.5868013422279,0.1666033765057963,0.05986855773767862,2.782819276118013,0.005388881435201146,0.014999721421911326,224944_at
509.9266815086991,-0.22484455235182135,0.08082559926008892,-2.781848256123576,0.005405030552291174,0.015038976927194516,215245_x_at
683.4509601547418,0.20303479696971075,0.07299492978340572,2.7814917771983065,0.00541097014025547,0.015053897551666806,238002_at
317.8489771793413,-0.20341460302090994,0.07315293703628971,-2.7806758178417366,0.005424587696156582,0.01508858800591791,218645_at
601.6276253102387,0.2955350037189754,0.10629746546884912,2.780263879439186,0.005431474287484382,0.015106144141852997,229964_at
223.8932235290521,-0.3180951250200113,0.11445796873888156,-2.779143545223111,0.005450243444943563,0.015152732053407607,228291_s_at
299.3920306155083,0.11947232064028453,0.04298919451158365,2.7791244287699346,0.00545056421369233,0.015152822243249403,217841_s_at
327.6283570100615,0.3954661405760518,0.14242924213324215,2.7765796872393262,0.00549341670551879,0.015257426357775843,202133_at
345.234967240487,0.12175199444578523,0.04387111932869928,2.7752196959820536,0.005516442916280601,0.015314904438574257,212159_x_at
93.79263210815898,0.20727183564843468,0.07468996734170316,2.7750960808454446,0.00551854017474945,0.015319108406073452,205695_at
546.4705544776372,0.22920385461158707,0.08263443722635168,2.7737086655985017,0.005542128518489867,0.015378901851244334,201968_s_at
167.44887514275703,-0.3770560679877949,0.13596780349537935,-2.773127595612064,0.0055520346695766415,0.015402324220066026,235845_at
367.39459073347564,0.38698569255025134,0.13955015153580014,2.77309403315821,0.005552607334133424,0.015403099806706148,213746_s_at
224.23369442224458,0.1678969035797824,0.06055289949172278,2.7727310333460236,0.00555880448124228,0.015418663150219392,205434_s_at
31.235498828136357,0.27041165623753494,0.0975347004906372,2.7724661569396316,0.005563330399598577,0.015427145727126617,205500_at
286.6987257722338,0.17029881305492747,0.061430653980826325,2.7722122754558494,0.005567671569434864,0.015436740261676593,225101_s_at
229.23891841798505,0.1496047690782926,0.05398235550172313,2.7713642298087042,0.005582194637007557,0.015473741070377928,212111_at
66.15284171536084,0.5446573311860228,0.19653511296040369,2.771297825522689,0.005583333274560818,0.01547608106072095,204714_s_at
96.52464554656157,0.24719307674006696,0.08921322396873571,2.770812058386035,0.005591669123253229,0.01549333014233245,219733_s_at
229.9515221537433,-0.21547669634077984,0.0777823347939167,-2.770252357578139,0.005601287608043868,0.01551275658479856,219913_s_at
562.454189220835,-0.17516291331594552,0.06325359480988714,-2.769216735308234,0.005619124198101309,0.015559695089678919,202593_s_at
977.2459825449246,0.54814729127472,0.19794790369895401,2.76914926115288,0.005620288086015115,0.015560458332759371,209374_s_at
211.6048735601849,0.1979095897465985,0.07147592975577631,2.768898430881964,0.005624616662076882,0.015571622191370618,213918_s_at
164.92198324940802,0.2469701811918261,0.08919543638828693,2.768865663896881,0.005625182343739584,0.015572367935782244,226003_at
6804.601066419265,0.4464418459543257,0.1612399149811825,2.7688047714886705,0.0056262337125288515,0.015574458073649789,214677_x_at
296.9662650151651,0.23190460261913418,0.08377058442796155,2.768329768769375,0.00563444120024926,0.015595534989092516,204244_s_at
328.3584921344815,-0.1799102723042109,0.06500935126841566,-2.7674522017822234,0.005649632940855195,0.01563511372162738,202166_s_at
258.80774175140226,-0.1822799596813902,0.06588096379716646,-2.7668077267750912,0.005660813099815413,0.015661930594772267,214177_s_at
2961.530178563192,-0.15157066928785168,0.054782259617557984,-2.766783815526889,0.005661228288671312,0.015662254763257114,203113_s_at
454.6874430520911,-0.16230221064052403,0.058710474633077596,-2.7644506649769554,0.005701872872832184,0.015755937999980745,218167_at
741.9639867122767,-0.17090219720241337,0.06183009685654776,-2.7640616122424038,0.005708675899342069,0.01577061525015033,208407_s_at
380.00972280159016,-0.14573691645141276,0.05273659786611871,-2.7634872621360977,0.0057187324408638305,0.01579473747620127,213357_at
487.0589533493848,0.20086084292779552,0.07268957941668039,2.763268745529474,0.00572256273530959,0.01580365538578351,203593_at
96.30990240029136,-0.3597246396861392,0.130190848259936,-2.763056270805775,0.0057262893423183844,0.015813115973737604,230214_at
243.99079422496408,0.17234105747699507,0.062497782872585485,2.7575547412353423,0.0058235461700446335,0.016053852571366222,221531_at
631.644902437383,0.39716311319589387,0.1440427346326613,2.757258907981314,0.005828817899285065,0.01606754240120783,215867_x_at
331.94624708967933,0.18622617542222064,0.06754992323747852,2.7568673137869286,0.005835802698701819,0.016082578659023357,222531_s_at
358.86811831130865,0.2106027716204325,0.07640875604837347,2.7562648904675586,0.00584656275509743,0.016107163924899894,202540_s_at
470.40450366297154,0.14742939301560246,0.05351555104964138,2.7548888150071735,0.0058712083487807406,0.016162353127747265,209694_at
166.9026032091458,-0.21210012394934363,0.07699286124184389,-2.7548024651676664,0.005872757997612347,0.016164925564684404,229292_at
312.1470506936651,0.14405303758124743,0.052296587262981496,2.7545399254611853,0.005877471844400373,0.016176206091155654,202024_at
690.6027895237746,0.22297747564820566,0.0809865447319105,2.7532656984728425,0.005900398809519985,0.016229957031064238,200862_at
436.09271059205423,-0.16863215843508994,0.061255060632206225,-2.752950641051652,0.0059060800027652925,0.016243883633312077,230656_s_at
652.2149079909124,0.1474429721615804,0.05357068935111028,2.7523067921567557,0.005917705379968538,0.01627245126302148,202462_s_at
140.53528535988656,-0.30733790672498645,0.11166892563787027,-2.752224085343568,0.005919200233320306,0.016275710200487382,206042_x_at
1502.3910461826924,-0.21869321859898716,0.07948105346680798,-2.7515138395883927,0.005932051320798449,0.01630592735567978,202241_at
329.89145472900185,-0.09256990732541694,0.033646043199115495,-2.7512865859914983,0.005936168522182665,0.016313576945506947,214879_x_at
51.04299632689761,0.4180845490499943,0.15196918638958248,2.7511139526549053,0.005939297877762111,0.016319871414195858,225987_at
158.04856116292777,-0.33841292159333963,0.12302677321747212,-2.7507258196159747,0.005946339064617022,0.016338364782866262,210159_s_at
767.0936604757867,-0.1677113820221451,0.06097282340701021,-2.7505923565754196,0.005948761977610272,0.016344167553917308,206323_x_at
60.96117883761155,0.5872399200677977,0.21349977060933856,2.7505412225586325,0.005949690509811778,0.016345864135744063,209278_s_at
453.16234665519954,0.12814846908235483,0.0465912860103749,2.7504814753088995,0.005950775613413836,0.016347990673672284,64486_at
82.02567413143659,0.32118532278713785,0.11677977306370181,2.750350633169458,0.005953152534456144,0.016353665688976435,225033_at
8818.806576488825,0.08236529636429679,0.029962130402063854,2.748979971017792,0.005978103904907443,0.01641019966667567,213801_x_at
208.34800811837255,0.21991463518203233,0.08009401845251934,2.745706101790863,0.006038082785250826,0.016557484411215993,219545_at
435.1587612029199,-0.1880700641400656,0.06851084313221618,-2.7451138468273864,0.006048990911109295,0.016581403522972975,222691_at
123.95763553514739,0.27359281951471087,0.09971553157562738,2.7437332498920646,0.006074487638496249,0.01664782140975865,220617_s_at
136.37067630214906,0.2955634173140018,0.10773641136641651,2.7433939330759496,0.0060807689093180725,0.01666329801127865,204589_at
860.8150631320041,0.2026697207121521,0.07388722583992798,2.7429602127873,0.0060888062502762585,0.016682713293207783,224838_at
569.7404747747453,0.21702834127850004,0.07913385152230763,2.7425474320218104,0.006096464443209005,0.01670282516673997,564_at
328.01612290437475,0.14414923208419075,0.05256465654466253,2.742322342802938,0.006100644107613058,0.016713405120757786,203053_at
991.1980948748643,-0.18275107132753876,0.06664163730041579,-2.742295638741735,0.006101140144496094,0.016713892783248942,201830_s_at
3848.6903066009168,0.1371638628113742,0.05002738621475586,2.74177551916388,0.006110808786882788,0.016736889982584845,200738_s_at
153.13493101053692,0.2239218053362469,0.08167694896288973,2.7415544799302767,0.006114921921379597,0.016746409935184125,225327_at
564.3125852260785,0.14632496942361,0.05337769437360259,2.741313036105463,0.006119417597060456,0.01675697542704852,201924_at
852.0671527085963,-0.13031063881857627,0.04753957078016361,-2.7410983456533384,0.006123417625908608,0.01676530814858041,201285_at
542.1970957852088,-0.691377698205837,0.2523396377186127,-2.7398695839327534,0.006146356776561991,0.016823730939345777,224646_x_at
99.29448961241422,0.35161760337749615,0.12835850220819914,2.739340186497096,0.00615626366885071,0.01684909284724405,200951_s_at
437.5990532398405,0.10090495798698519,0.03684295015151338,2.7387860519318474,0.006166648881148396,0.016875702523386573,226011_at
648.7693090068625,0.295584852619584,0.10792613120093704,2.7387700210365518,0.006166949555916564,0.016875702523386573,230323_s_at
725.125914252254,0.24606491308203093,0.08990992111117786,2.7367937824988195,0.006204117081879118,0.01697034138974003,222446_s_at
186.79752953312695,-0.19747193961309514,0.07215657912748394,-2.7367142677898855,0.006205616743317039,0.016972676675945025,35147_at
259.73374525441164,-0.20754166214968472,0.07584772607406425,-2.736293794055516,0.0062135523797307805,0.01698996002936376,215785_s_at
6848.035635000458,0.4435778256064268,0.162118341078608,2.7361359773065073,0.006216533226012319,0.0169972263232845,209138_x_at
228.4654059703293,0.18094754611806546,0.06615365566080711,2.73526148042138,0.006233074088254711,0.017037134011241385,225334_at
46.41065884615193,0.2530306103286119,0.09251153410709968,2.7351250065281687,0.006235659024774757,0.017043313105263812,1552362_a_at
406.6706967802721,0.16401485398647467,0.05996950146978073,2.7349711097585745,0.006238575123773941,0.017046850572184042,233268_s_at
707.0236712497505,-0.17818867398500765,0.06516482671735184,-2.734430258794201,0.00624883313075149,0.01707310508726352,201772_at
2770.049743242312,0.09432079003416852,0.034499297814404105,2.7339915885125006,0.006257164285533869,0.017091424732949428,200007_at
663.2395951108663,0.20326860287829415,0.0743862796218754,2.7326088078549,0.00628349130837927,0.01715620335726123,230772_at
294.1691788094605,-0.13067675982506008,0.047826088351078266,-2.732332171215794,0.006288770199458378,0.017167049089047145,214941_s_at
346.96213331789704,0.1638923121299891,0.0599843810467134,2.7322497835287556,0.006290343125575038,0.01716777589434309,222870_s_at
81.15266713677678,-0.3371846057850802,0.12341591116022156,-2.732099958710663,0.006293204452916066,0.017174532844120134,204223_at
256.00095445578677,-0.1582615377503216,0.05792736135595408,-2.7320688193931457,0.006293799293011182,0.017174532844120134,224600_at
447.43360041188805,-0.15921726314975515,0.058303330947715504,-2.7308433422532223,0.006317249244824697,0.017228682761417598,201379_s_at
9847.826136041234,-0.06609753754670813,0.024210589475288355,-2.730108559073855,0.0063313472709382555,0.0172627059957875,200781_s_at
184.36193396362552,-0.19228262966179993,0.07043042341478362,-2.7301075350547883,0.006331366938174147,0.0172627059957875,226317_at
310.95666283308105,0.15806522691918412,0.057916116928412684,2.7292096794845713,0.006348632260989469,0.01730708682664387,225811_at
266.68517963676936,-0.14728437019438093,0.05397178570657544,-2.7289141588738857,0.006354324238757471,0.01731990851323376,233588_x_at
266.06194314810307,-0.31121937888104134,0.1140827309899526,-2.7280148027702,0.006371674867073512,0.017364499116582728,206698_at
213.49905380745156,-0.17232312535102956,0.06319081820227651,-2.7270279172429115,0.006390763186054209,0.017407492924219597,223591_at
429.7530208037112,0.21070227497550645,0.07726996466705771,2.72683281121435,0.006394543009113762,0.017415080753534987,226016_at
1593.993106550431,0.13791587172786188,0.050578326663759866,2.726778065330514,0.0063956039720051115,0.017417067631089057,203606_at
617.1637909530983,0.5068235562541012,0.18590861510783546,2.726197255356458,0.006406869696584474,0.017444131697974326,1555778_a_at
11697.594116479557,-0.07683740600850447,0.02818528403499378,-2.7261533328209877,0.006407722369127021,0.01744554946832624,200717_x_at
266.48692388523875,0.2583919240099105,0.09479069775058156,2.7259206878063647,0.006412240432842196,0.01745513745507038,211385_x_at
594.945255494311,0.1913515370404661,0.07020959581287205,2.7254328247447934,0.006421724247033503,0.017477332785012883,213044_at
178.45600734747333,0.27239524021348505,0.09995443479614627,2.7251941424012456,0.006426368708522794,0.01748725630962082,219476_at
196.1578844736758,0.21400782687931183,0.0785304288734205,2.7251580049850608,0.006427072161053494,0.017487791219317164,204518_s_at
324.6937322439023,0.10025300226826615,0.03679757692240697,2.724445755753542,0.006440950982398281,0.017521493758939865,215158_s_at
72.8416578677252,-0.4364970907937258,0.1602516314260173,-2.723823070688934,0.0064531066493538,0.01755183556827138,222288_at
151.3303514048748,0.22998669494484988,0.08445828368737955,2.723080376534059,0.006467632044021209,0.01758406282677137,225725_at
111.310781870575,0.3000785203088387,0.1103168046478016,2.7201523944323083,0.006525183637505929,0.017724028369107223,227354_at
239.20320549405656,0.20884185112303694,0.07678088228926822,2.7199720151200593,0.006528744138918041,0.01773278306251996,212811_x_at
1247.5197110497215,0.12532070900967032,0.046075702363950935,2.7198871114272958,0.006530420654904528,0.017735503441571626,212296_at
263.7528927060186,0.2616787336190207,0.09621376093272054,2.719764107360952,0.0065328501911488005,0.01774026812099592,209515_s_at
420.33663261689395,0.13672684897177276,0.0502786810729793,2.719380183686885,0.006540438555947564,0.017755370002028426,228019_s_at
406.34244126044206,0.4862162691100535,0.1788138557883424,2.719119650803659,0.006545592579560212,0.017767526079552055,216560_x_at
316.9609458972972,0.16567229791901483,0.060939701974008983,2.718626651467293,0.006555355396054558,0.017791269752336875,225861_at
57.189932256378896,-0.37855263700278124,0.1392588346689485,-2.7183383941327044,0.006561069792370455,0.017803101087785878,206227_at
336.1032532030428,0.17326269160910196,0.06376519045026381,2.7171986845118115,0.006583707225443877,0.01785807223359884,218936_s_at
206.62413864660724,-0.18701129502452873,0.0688388033434952,-2.7166552284671583,0.006594526308354745,0.017885572359460974,222574_s_at
913.2574120236411,0.1219414851896137,0.044895880822231435,2.716095173017098,0.006605692575951367,0.01791299575220592,217827_s_at
1177.9569207791537,0.13627689923639277,0.05018053651018546,2.7157322084177355,0.006612938364438371,0.017928107444142076,208705_s_at
408.41254920008197,-0.2371814475681989,0.08737781724451557,-2.714435483144162,0.006638883037045458,0.017989165203861148,225439_at
300.45553523568054,-0.1911659801132777,0.0704275179076235,-2.714364864654484,0.006640298584712861,0.01799207320174261,222603_at
63.06242707073642,-0.38858514929739907,0.14329291907505526,-2.7118238068265077,0.006691414998889626,0.018119364378176288,1552834_at
572.0199328849976,0.11965939447156508,0.044171033750322525,2.709001449862861,0.006748604484491421,0.01825440887847747,201395_at
667.8243309076713,-0.17724408326360058,0.06543214436377337,-2.7088227810203342,0.0067522395977992495,0.018261700508912754,218050_at
893.209829125768,0.28943849628314505,0.1068537965807369,2.7087338545285125,0.0067540495107595595,0.018265441156201198,223631_s_at
250.85521146652064,0.13947428878167345,0.05149723335054987,2.7083841151669206,0.0067611719552111435,0.018282821246934214,35626_at
324.34129303406587,0.13119765914901096,0.048458694017219264,2.707412195268641,0.006781000569865284,0.018328894920984422,212116_at
712.8350028462961,-0.09689106927790028,0.0357937150046617,-2.706929673694988,0.006790864129355308,0.018353660064318697,217978_s_at
1205.1984055215107,0.21560564554585682,0.07965115270902756,2.706874140710588,0.006792000144711849,0.018353906602487993,204427_s_at
5278.722644710904,0.13759433447054742,0.050840049395152055,2.7064162231846294,0.006801374086838986,0.01837545824386881,210338_s_at
3281.366337407117,0.06529073303758684,0.024126102411127063,2.7062279652545316,0.006805231250108421,0.018383989057170657,216515_x_at
184.9502640941836,0.20451707835778418,0.07561868305587967,2.7045839743949642,0.00683899813697967,0.018463033683353718,218649_x_at
264.2118509685514,-0.17298538602485417,0.0639948494830445,-2.7031141946929154,0.006869314181224076,0.018534240552420686,200635_s_at
294.39909552489513,-0.2098209804175202,0.07763167103672737,-2.7027755246728407,0.0068763167668883735,0.01855122953629628,1568619_s_at
425.92195848836684,-0.23951253784421972,0.08862272671438469,-2.702608537606004,0.006879771872112674,0.01855959811955287,201018_at
193.46592678876584,-0.2549194723154412,0.09433905749846866,-2.7021625938925578,0.0068890064745911,0.01857878823141893,1554260_a_at
547.801596484971,0.5405469510062908,0.20013897315944057,2.7008580211694424,0.006916085541051033,0.01864320678725872,211645_x_at
1250.4200835571967,-0.15858931728737902,0.058724349908062655,-2.7005716970160147,0.006922041563395406,0.018654793055699198,202824_s_at
569.0364850564632,-0.31633803938148225,0.11715586991431369,-2.7001467328341966,0.0069308900252058395,0.018675065690607236,211883_x_at
948.2491299404688,0.1645855749405772,0.06098478084296633,2.6987975141597915,0.006959050381836506,0.018739799844590885,200751_s_at
229.24210038364066,0.1422409454547123,0.05270522435053931,2.698801631289457,0.006958964294648483,0.018739799844590885,219933_at
387.8972025407374,0.21064450447841152,0.07805238788942716,2.6987579774858506,0.006959877123246265,0.01874106585720573,203625_x_at
2208.1978682191066,0.08535384120632425,0.03163013861656469,2.698497222570643,0.0069653319133856735,0.01875460502405105,208672_s_at
437.9498184921088,0.2737656953527169,0.10145168367187185,2.6984835090383053,0.006965618896077414,0.01875460502405105,214088_s_at
401.65986045945834,0.15474939274252142,0.057354975959950795,2.698098816231361,0.00697367368006156,0.018774368453560536,201197_at
919.5042590765968,0.2955628002497267,0.10959476590194435,2.696869670894411,0.006999465897046332,0.018835121902374446,201785_at
529.1232186423512,0.1596606204676188,0.05923313574789485,2.695461222028806,0.007029125898647919,0.018904287522518947,208706_s_at
123.12725098748959,-0.3811218234168991,0.1414628479419269,-2.694147820163755,0.007056885986150764,0.01896632842979274,207259_at
1266.2653285058466,0.11761673573321285,0.043669268617354366,2.6933525441841595,0.007073742766808995,0.019004182556284045,210759_s_at
637.3574729625027,0.1757398512807683,0.06525693607414589,2.6930447834861586,0.007080275802225654,0.019019465063901404,202413_s_at
209.22317834044975,-0.1847335596635648,0.06859738778177672,-2.693011580138337,0.007080980954831406,0.019020387073867096,213264_at
363.06335382153367,-0.2023680057598315,0.07514779096140627,-2.69293352699831,0.007082638848527525,0.019023868038715912,226123_at
110.71724233758069,-0.42047794209793876,0.15616552659652252,-2.6925144829454437,0.007091545545495739,0.019044871204352963,227506_at
489.78383913238906,-0.164532156991404,0.061121096367818165,-2.691904543093805,0.007104527665956701,0.01907778585441155,235141_at
265.1423060856412,0.26521717820708307,0.09856840173790767,2.6906916773622114,0.007130406035903385,0.019138475935182152,224361_s_at
310.0758563659674,0.16510156386611402,0.06136365213526973,2.6905433122227627,0.007133577438010544,0.01914601035070763,223199_at
265.29263584123623,0.15833155780067004,0.05885313260285859,2.690282586469826,0.007139153689897663,0.019158041412320352,231876_at
406.3624279678419,0.4684147038045152,0.1742021951329692,2.6889138994314767,0.007168490615230059,0.019228912606819137,211643_x_at
448.75777795401984,-0.16358219499034465,0.06084012329175547,-2.6887222796360097,0.007172606486222015,0.01923700746501208,223294_at
116.34944162813905,0.2627246355026676,0.09771675483655924,2.688634471561198,0.007174493256293595,0.01923912228754228,210869_s_at
936.7857589951536,0.19743914817197794,0.0734346618001669,2.688636991469459,0.0071744391037267775,0.01923912228754228,37005_at
1865.176794451353,-0.09945735568531745,0.03699901065371413,-2.6881085177160937,0.007185803982920527,0.01926447630667835,208736_at
1320.8327604510885,0.12852864314123552,0.04781406904245802,2.6880925575922943,0.007186147458159651,0.01926447630667835,208778_s_at
216.2126228014966,-0.5004337312700022,0.1861741531762523,-2.6879871493022898,0.007188416302973042,0.019268592797431667,1553828_at
342.2140929494374,-0.1883921582183407,0.07008770828595041,-2.687948612183476,0.007189245949853169,0.01926983381693188,201420_s_at
169.28430881276066,-0.20701298025883533,0.07705997895064617,-2.6863877083514236,0.007222922212951936,0.019355162858427293,230131_x_at
836.6998712925463,0.16169566102578867,0.06019391441489669,2.686245986783217,0.007225986833914171,0.01936207306565576,201955_at
226.49230915013752,0.1820582567887574,0.06777904093677749,2.6860553686290216,0.007230110646660941,0.01937047486361231,227527_at
78.1473425050325,0.35449577546592903,0.1320070896657936,2.6854298232270466,0.007243658471625658,0.01940380382882995,223744_s_at
360.779547077811,0.11256498250567332,0.041922875345662004,2.6850491903895866,0.0072519132176421365,0.019421956237066954,223448_x_at
243.6714797912747,-0.1914010685319892,0.07130506723816205,-2.684256195884386,0.007269137929025842,0.019462136365684654,221593_s_at
110.1677742040682,-0.38635533382096837,0.14395273471317857,-2.6839040924840334,0.007276797764099497,0.019478675174170273,205776_at
200.78257353149715,-0.18908491361959273,0.07046077155052725,-2.683548724470046,0.007284535962330786,0.01949541696615227,231807_at
150.42376700766727,-0.21731305900695275,0.08099203900476043,-2.683140981228783,0.0072934237357251235,0.0195172152862823,224410_s_at
572.4303947001242,-0.1575482502245811,0.0587195471778798,-2.6830630990276267,0.007295122477447319,0.019520767142554296,221689_s_at
379.97507825572126,0.20412659017299215,0.07608903306040649,2.68273339747842,0.007302317755746324,0.019539025881344756,215706_x_at
625.4916447938092,-0.1401716883532125,0.052264483200450414,-2.681968322840022,0.007319038985010659,0.019577786675739308,222983_s_at
130.7863857844341,-0.25423021101766274,0.09483806500610346,-2.680676909649109,0.007347341650463773,0.01964649400114344,204567_s_at
1734.1252961334144,0.38325769585640196,0.14296902596579023,2.680704392209458,0.007346738320423222,0.01964649400114344,209114_at
588.5254979944948,0.13569641990449485,0.05063227076256398,2.6800382021346123,0.007361375848453042,0.019681016754316587,218057_x_at
183.37266572709152,-0.19898389738004163,0.07425604361564374,-2.6796996943440856,0.007368823561367695,0.0196999264138833,202199_s_at
373.9848078842286,-0.28466537897118727,0.106273352660623,-2.678614834710706,0.007392737775452156,0.019753810303595312,204135_at
345.4353330075816,0.13396860131325153,0.050020361659102355,2.678281341232023,0.007400103150023945,0.01977148047515803,201658_at
1682.9918942869335,0.14490580768253816,0.05411255837898797,2.6778591148409907,0.007409437678477289,0.019793082161382234,222982_x_at
395.2203861296052,0.1738384157442454,0.06493374066065934,2.677166200122626,0.007424779440982509,0.019827330220599328,225684_at
520.3330233545519,0.16325296977371373,0.0610137740782836,2.6756740136129316,0.007457914592702691,0.019905700533514332,224876_at
403.70944550372406,0.0918098151458598,0.03431731392231374,2.675320549670509,0.0074657829342234085,0.019920745688141873,212465_at
158.8770060789041,0.6442930430231155,0.24094940763676062,2.673976455648354,0.007495771383391302,0.019992527876712674,217428_s_at
358.01828048163924,0.12134147300693358,0.04539354962725018,2.673099460238975,0.007515396456638211,0.020039786157702806,1554149_at
117.85616051932581,-0.554245103762728,0.20741121961978706,-2.672204062917785,0.007535480842437843,0.020086207151221263,220639_at
190.17464481558923,0.17528327323598733,0.06559802734712239,2.6720814683717244,0.007538234466013175,0.02009252797722049,223279_s_at
181.79323301861464,0.19667304079989104,0.07361305291315241,2.6717142275286827,0.007546488545057738,0.020111468508973853,240592_at
1255.4211098124388,-0.10933206978637189,0.04092246338475311,-2.6716883770762156,0.007547069863154936,0.020111997849411516,217868_s_at
137.70054657217196,-0.2892097393071527,0.10831259438249186,-2.6701395249184605,0.007581973393699906,0.020195794715281542,228124_at
344.62486009502936,0.26889790586891155,0.10077721054006934,2.668241206795428,0.007624949510455617,0.020299979562942477,212022_s_at
884.8115529653377,0.13994218552844104,0.05245686325984679,2.6677574073621755,0.007635937128236214,0.020326142928497493,223480_s_at
1555.9572543950553,0.11868252466328214,0.044488257929219774,2.6677269506058083,0.007636629309327048,0.020326955871270952,214141_x_at
1549.1194778665902,0.19096720044504017,0.07161686506180764,2.6665115860660666,0.007664296458842405,0.020392336780984396,212063_at
651.9599555289398,0.22778699463248328,0.08543479218786883,2.666208798537085,0.0076712032259291345,0.02040658100503542,203011_at
2261.749111254704,-0.10713671833970048,0.0401895997866042,-2.665782165250891,0.007680944457639586,0.020426290609593705,200609_s_at
1755.0334800617968,0.1407456163933327,0.05280116970630816,2.665577622166158,0.007685618679242004,0.02043561872344469,200797_s_at
1374.3501846509334,-0.14645992771467203,0.05495710220238445,-2.664986359275644,0.007699144566622112,0.020467441122679876,201200_at
613.644598363541,0.1123095480214763,0.04214588838786852,2.6647806539962278,0.007703855335168674,0.020477220552813088,213571_s_at
37.67813195444988,0.6046375783933204,0.22691292030313295,2.664623845947534,0.007707448064060194,0.020483298384759516,237974_at
152.51460265350394,0.2596622555255031,0.09744964532908464,2.664578764228758,0.0077084812378418145,0.020485008240975867,206242_at
172.8807574893328,0.3581315384834658,0.13442720667370375,2.664129883712911,0.007718775364007149,0.020509253272664528,226997_at
424.11569013942636,0.1911105813387815,0.07173619628480976,2.6640746406462235,0.0077200430980126356,0.020511584680129227,212887_at
442.8048009789552,-0.11961544482120244,0.04491246186394217,-2.663301895664627,0.007737795845479908,0.020554595777565257,210638_s_at
9682.871621346823,0.07132956983342262,0.026783507589990953,2.6631900095146093,0.007740369304677447,0.02055831447101726,212433_x_at
500.890279108386,-0.18269846906348444,0.06864159756485984,-2.6616290346513516,0.007776352889282312,0.020644496349936484,225866_at
553.1586542756356,0.11512916570305863,0.04329394697403107,2.6592439301530155,0.007831623823402415,0.02077129237522536,218606_at
131.35731244441914,0.28713656601233817,0.10797822090792272,2.6592081588118663,0.007832455438237546,0.020772449692225272,203238_s_at
224.15570433694782,0.2103525232854471,0.07918190083191275,2.656573296111989,0.007893928877237855,0.02092175794111444,201562_s_at
326.0944888108058,-0.2070790363665241,0.07795965787755216,-2.6562332622312703,0.00790189354115534,0.020941811052036192,206453_s_at
289.3183490253436,0.15174461110327714,0.05713047314766883,2.6561063254465447,0.007904868644776518,0.02094863934030483,225308_s_at
219.8343237052933,-0.2293044763817239,0.08633664403664298,-2.655934556413874,0.007908896109610578,0.020957198918190607,204984_at
215.83775211594434,0.15093687209407167,0.05684782035994836,2.6551039448543734,0.00792839738414604,0.020999615183203577,212984_at
1188.716664864883,-0.15719193186846878,0.05920690161862117,-2.654959600504248,0.00793179072032441,0.02100621495242537,212314_at
521.4525311848444,0.17764830129518686,0.06693025353017912,2.654230216162031,0.007948957438666282,0.02104637559734333,201735_s_at
169.94964843610612,-0.6561257052630687,0.24723439090556057,-2.653860989402958,0.007957660202257598,0.02106729506168182,224997_x_at
4029.7627815583796,-0.12494739686947645,0.04709100170456057,-2.6533178812668115,0.00797047689858884,0.021094850326254612,208905_at
208.29095232223307,-0.33046160016338727,0.12455700034318923,-2.6530953639929793,0.007975733373864383,0.021107699251186864,220442_at
273.4674680805853,-0.19055049605242372,0.07182313713941511,-2.653051699517778,0.007976765214169962,0.02110830408184734,222122_s_at
574.7832029282406,0.10137913386861386,0.03821298498212497,2.653002216812854,0.007977934690234745,0.021110335819475193,208678_at
398.73278530577943,0.19820574149362835,0.07472322975435491,2.652531778206185,0.007989060724559096,0.02113551962338176,217973_at
275.10564259480867,0.15998898562550937,0.0603436283793718,2.651298735629243,0.008018288568026118,0.021201103713224218,202272_s_at
161.53688064251355,0.20726859485706414,0.07819267580141147,2.6507418083948306,0.008031521242063666,0.021233955496298113,208070_s_at
317.85380600459945,0.15672741260795253,0.05912714953628811,2.6506843951908117,0.008032886499469037,0.021235428425206024,225103_at
754.4965960390945,0.29797447634495555,0.1124156070918747,2.65065042171082,0.008033694469761848,0.021236496110047992,200907_s_at
6737.692606249484,0.08529434602562377,0.03218124639670433,2.650436374470528,0.008038786696693265,0.021248888243537763,207243_s_at
2127.0368076192044,-0.45210133314914797,0.17060128545015324,-2.650046463344171,0.00804807018831417,0.02126914817845031,213953_at
547.1678631184606,-0.2094197235039462,0.07905698538615054,-2.648971782582454,0.008073707238326934,0.021329463494577674,208661_s_at
135.70819340894502,-0.22002080728482018,0.08306432411803914,-2.648800307724867,0.008077804613911731,0.02133699958180122,238807_at
318.49451304943506,0.16132009649519174,0.06092590370213083,2.6478080207704777,0.00810155179315861,0.021393274692877984,208810_at
176.96064807640022,-0.1669123855230804,0.06305259231430242,-2.64719307163552,0.008116299959039116,0.021427912591547357,214760_at
160.75440911012151,-0.20064560042358145,0.07582691785812364,-2.6460999087289885,0.008142576344555598,0.021488649051510236,219377_at
598.705090353846,-0.21771325228664828,0.08229518741822081,-2.6455162095960527,0.008156637896442522,0.021522515841223094,212548_s_at
307.09494221608463,0.15702144764645967,0.05937138099335081,2.6447329507805284,0.008175541072685184,0.021563733276481666,218890_x_at
274.76955655061755,-0.32164591851959295,0.12161956586060284,-2.644688921914547,0.008176604828793642,0.021565456698405153,226189_at
246.33942762109226,-0.20081912901629057,0.07593790168620311,-2.644517751440276,0.008180741557202198,0.02157311916288847,218111_s_at
1010.0159144679986,0.15545982393917493,0.05880811775649408,2.6435096015635997,0.00820514384438851,0.02163095709044363,201921_at
313.08366665211173,-0.1434878620073079,0.05430418337394152,-2.6422984951130335,0.00823454481687253,0.021698669690429145,203581_at
106.65009778526647,-0.3048741650788048,0.1153852980202646,-2.6422271321365494,0.008236280170927274,0.021702154329551866,229899_s_at
198.92934745861626,-0.32541653418686045,0.12317982945415092,-2.6418004930586836,0.008246661704445735,0.02172188548593831,214428_x_at
146.59801820207034,-0.2935772723432962,0.11117011236750912,-2.640793160060688,0.008271219908071,0.021778931361729714,204128_s_at
765.1164072035757,0.26912908199219804,0.10194528524740598,2.6399365241762967,0.008292155664606081,0.021829682352237038,217771_at
150.60097748989458,0.36910418926526223,0.1398345814519259,2.6395773165177854,0.008300948621406259,0.021849546922237027,225464_at
204.38463881033468,-0.22507889139061157,0.08533806154961289,-2.6374971179742315,0.008352033524785203,0.02197410612573525,225330_at
894.3649247081268,-0.17276820442077587,0.0655191939063289,-2.63690979879542,0.008366507556250805,0.022008881675403182,209112_at
362.1164533719121,0.20459142149029805,0.07760214464929759,2.636414527135751,0.008378730580990519,0.022033315334169412,222728_s_at
441.0421413210302,0.24228710285726676,0.09195015184807673,2.6349831728128303,0.008414145433521219,0.022114272810225752,209892_at
179.4948927257009,0.20125837886559342,0.07641131692485859,2.6338818249069966,0.008441486278294623,0.022179475545920188,218305_at
335.15588127515724,0.09418294710307235,0.035758893871082484,2.633832786959785,0.008442705485633346,0.022181569969103376,217796_s_at
323.41106754216315,0.25994391952043555,0.09873857382354921,2.6326481075670425,0.008472207508422603,0.02225240608714286,1555758_a_at
516.7689859158161,-0.16571290028795155,0.062948286301633,-2.632524410496186,0.00847529324085109,0.022258285991688977,201281_at
202.90095178799635,-0.21421761591070088,0.08145161246318104,-2.6299984669736856,0.008538525322085341,0.02240419690333382,213140_s_at
258.3014263481711,0.17714239404616378,0.06735611230119938,2.6299379223971258,0.008540046100307508,0.022407068534975573,209682_at
198.9091355238047,0.19773889665270686,0.07518912267056664,2.6298870053196306,0.008541325239367455,0.022409305907329504,1552477_a_at
923.6278029579673,0.13892299461031973,0.052828067214180374,2.6297194263626085,0.008545536368451229,0.022416997020444536,201760_s_at
705.7180451831687,0.12714450661943774,0.04835828575474365,2.6292186465060055,0.008558131641628452,0.022445555958386147,209860_s_at
88.79562352780044,-0.3152148019839266,0.11990044288116349,-2.628971123120407,0.008564363307988664,0.022457534645371594,225990_at
673.9955635343397,0.15019372449561688,0.05714037181742449,2.628504500732292,0.008576122059806198,0.022484527871429506,201132_at
1759.4970155202943,-0.13085362944361495,0.0497827586725724,-2.628492934757917,0.008576413702300032,0.022484527871429506,217947_at
215.48234543940293,-0.15725426391127556,0.059835162744230314,-2.6281246126708164,0.008585705787349254,0.0225066431538484,220202_s_at
152.3921573509367,-0.191530611775653,0.07288499812545354,-2.6278468368206624,0.008592719510469653,0.022523905489212535,222834_s_at
5687.798573680451,0.1457498745044445,0.0554687406643936,2.627603813583675,0.008598859945145492,0.022536629042348703,211969_at
111.07894301320931,0.3333491056810194,0.12689534277601608,2.6269609143135884,0.008615122911089271,0.02257137292334541,219722_s_at
1043.493864012532,0.13415354180596986,0.05109116820486098,2.625767750466235,0.008645378409913173,0.022641611449373444,224788_at
456.3461805158364,-0.14482898729976973,0.05517031074976549,-2.6251254584493227,0.00866170453951715,0.022678717635003204,213842_x_at
283.5478051739477,0.12590986023632225,0.0479727170938646,2.624613902730669,0.00867472725012176,0.022707158235936595,225764_at
121.14973307384639,-0.2767719495806393,0.10546207588002783,-2.6243741863709484,0.008680835745922637,0.022719753077251905,229733_s_at
172.41274556343387,-0.24574084381736913,0.09363925395913096,-2.624335771882839,0.008681814988195286,0.0227211844474685,222444_at
247.08048413314063,-0.15120305845233628,0.05765299440471872,-2.6226401596923954,0.00872513713282826,0.022826605778507383,227026_at
463.7819497073764,-0.1378326853716398,0.05256451676780544,-2.6221621323085986,0.008737385379980844,0.0228575116361946,210616_s_at
359.1878067931305,-0.16431402530020675,0.0626993437223585,-2.620665792417419,0.008775824702010205,0.02295007421324862,219217_at
444.974784936552,-0.10216981757134375,0.03898764620427873,-2.620569013990156,0.008778316027697295,0.02295420531981444,212114_at
15031.270297881787,-0.049771686552313295,0.019003323683135374,-2.6191042883979034,0.008816099067780995,0.023033620204233777,224373_s_at
141.3100723389634,0.30115128729670143,0.11498981100988752,2.6189388838182075,0.008820374845851396,0.02304135498801443,208711_s_at
340.09965972136706,0.18043056478709307,0.06891101945755021,2.6183122265117538,0.008836591012317542,0.023077980622240032,218816_at
289.8408708351565,-0.19569059691080584,0.07477865846874734,-2.6169310993001016,0.008872424855680447,0.023163507991327877,220615_s_at
419.6865283662805,0.2244042066304234,0.08576421681532627,2.616524874396356,0.00888298918286198,0.023189936591134493,218086_at
103.46346805467664,0.28296584507585104,0.10815221320115707,2.616366662322022,0.008887106701871058,0.023199533360328414,207469_s_at
211.75392142628522,0.1422421166604108,0.054373359426004214,2.6160259024271935,0.00889598087613378,0.02322039231967491,203718_at
246.53332965771355,-0.19466527241861836,0.07442541116667631,-2.6155753709262544,0.008907725906579608,0.023249894576329012,221778_at
329.77605067613075,0.1485178107523344,0.0567832272608309,2.615522539254863,0.008909104096970417,0.02325118223728377,201768_s_at
513.9002994387756,0.19540500753009762,0.07472023797187428,2.615155048136366,0.008918695904274755,0.02327043712408179,40562_at
185.73717435303743,-0.2147612991799267,0.08212815441582857,-2.6149534311042024,0.008923962184831852,0.023283021827019468,1557954_at
254.97180305693902,0.29005345007419997,0.11096235020971651,2.6139807738931724,0.008949407241353728,0.023341297675538653,203650_at
792.9330577635325,-0.16105658025644723,0.06165773216822197,-2.6121067803310294,0.0089986143273299,0.02345155050004591,1555864_s_at
564.6465742309911,-0.13647885119162542,0.0522567355276925,-2.6116987564081753,0.009009360143218735,0.02347669144023787,228009_x_at
158.46315139948766,0.19559292801622385,0.0748929384528513,2.6116337809252737,0.009011072410369489,0.023478824960563117,227049_at
251.7670619356827,-0.1971280568012046,0.07552558192820816,-2.6100832561421012,0.00905201893141407,0.023573816749533412,227750_at
358.22056036451755,-0.15282066757568669,0.05856069715707026,-2.6096114799623087,0.009064510597848746,0.023594756263436677,201517_at
326.4412721228088,-0.13596380760135726,0.052113521945624144,-2.608992877956387,0.009080913231531238,0.023632678714959526,202564_x_at
216.57023702902114,0.15780335995375133,0.0605083169815943,2.6079614807622677,0.009108320327810455,0.023698136863594763,224450_s_at
1248.7688782984665,-0.23792103574466394,0.09124438423938999,-2.607514289541931,0.009120226376282903,0.023723241782774285,203903_s_at
260.10064160198107,0.14228137709305727,0.0545675273928857,2.6074367648845924,0.009122291810298274,0.023723917448456824,209247_s_at
481.4915719572086,-0.27316137238612104,0.10476681185095556,-2.6073273354421502,0.009125207971378637,0.023727978809946707,232914_s_at
474.9960224545183,-0.15959930741980166,0.06121709055152755,-2.607103767622932,0.009131168367862902,0.023741128105905455,222408_s_at
182.6824128771923,-0.17938365460196995,0.06882214013530429,-2.6064817840494614,0.009147768956185846,0.023778407840705854,222649_at
79.06255117921155,-0.3273882077797266,0.12561210628328762,-2.6063427918435025,0.009151482304588393,0.02378570727177737,205673_s_at
76.98328691496812,0.3754492964232553,0.14412116078121046,2.6050948687071904,0.009184882430485673,0.023864256254103135,231899_at
577.027445119914,-0.1206689734871528,0.04633261321889143,-2.6044068120455557,0.00920334446588189,0.02390867845081349,202004_x_at
373.04548777502015,0.14595588635912285,0.05604278208875609,2.6043654672241208,0.009204454890234446,0.023910381212069648,218917_s_at
362.21961813270826,0.18328675990262022,0.0704362058323941,2.6021668506500584,0.009263677066768656,0.024044018400185697,208795_s_at
7175.838482163118,0.06617350899472872,0.025431840933269063,2.601994451300724,0.009268335179540246,0.024054920589933235,211956_s_at
51.73159737647263,0.4752394855945149,0.18271340011205497,2.6010105734065414,0.009294958912037979,0.024113301938159932,205680_at
242.8866379564453,0.16141620309364257,0.06207372775254242,2.600394868133746,0.009311654588864883,0.024150653667433502,216602_s_at
226.83622009384763,0.15191514859673513,0.05844396409536232,2.599329989814808,0.009340593364455925,0.024216148373322317,221215_s_at
270.4235651628218,0.13782377322768102,0.05305673495467888,2.5976678238005078,0.009385924217526001,0.02431807638177191,202713_s_at
307.1109877974581,0.12747301610973083,0.04908582065878255,2.5969417318262367,0.009405787827481724,0.024356332765975586,212832_s_at
160.23303190738494,-0.2730200295730217,0.10513134092463744,-2.5969423311049926,0.009405771417635263,0.024356332765975586,226959_at
266.54026333824766,-0.140215010950988,0.05399461191343485,-2.5968333872976674,0.009408755008590895,0.02436161554522766,222029_x_at
6596.559378215797,0.3942116061433989,0.15180590333589772,2.596813414239466,0.009409302092568463,0.02436183181460454,215121_x_at
550.6425630323188,-0.15331567316172728,0.059060768589511745,-2.595897019683447,0.009434433683355534,0.024420884982271917,219485_s_at
860.4804485149583,0.2060391624365828,0.07938796784126839,2.595344962709539,0.009449602409378319,0.02445412669994427,208637_x_at
299.43458559270135,0.139956512767664,0.053934104768207605,2.5949538491304263,0.009460362096386503,0.02447714994158607,204690_at
310.5194769555394,0.1662297047291073,0.0641013300773831,2.5932333155713754,0.00950782452053797,0.024586636316112406,225581_s_at
1079.7508832602107,-0.1082931125428639,0.041780800866466926,-2.5919348192719647,0.009543785165939008,0.02467451443099285,224664_at
274.3272754994944,-0.18616780955563986,0.07186397042020795,-2.5905583627938538,0.009582037223719255,0.024762705756065193,235242_at
231.47014186890735,-0.15770417997159505,0.060896145329596973,-2.589723522203746,0.009605304189076229,0.02481307296267755,212213_x_at
95.81367918695852,0.3064487933494938,0.11836642456246582,2.588984118446281,0.009625953383385753,0.024857862223500313,209324_s_at
1038.6335805179096,-0.30063812917046545,0.11617288754376441,-2.587851051366952,0.009657673136697124,0.02493127557425749,201481_s_at
64.97833317457157,-0.3570548772753851,0.1379779522337074,-2.5877676215298853,0.009660012400047052,0.02493601314760414,1555175_a_at
1238.8929067622048,0.13151619892051242,0.05083048894481457,2.5873486887622974,0.009671766363909578,0.0249626760381546,200601_at
329.6273137509778,-0.16793413516420247,0.06491654165449563,-2.5869236235349056,0.009683705414363796,0.02498612796280808,218005_at
2930.227270398132,0.3880731500563299,0.15001539782289922,2.5868887840064922,0.009684684554416482,0.024987427565064745,215379_x_at
478.89740370952904,0.12700765084526955,0.04910811873296489,2.586286221549206,0.009701633109802264,0.025025013568889178,57163_at
202.1452827032479,0.16822767474455633,0.06506694036300562,2.585455437216219,0.009725044322245729,0.025081708755523482,223197_s_at
268.6528624075062,-0.16389285142291593,0.06340895147362714,-2.5846958136672824,0.009746494303459785,0.025129630654173847,218277_s_at
155.95149872604733,0.34443246739741706,0.13329494896545363,2.583987390900194,0.009766536483436963,0.025175130388000105,208151_x_at
280.1151117459939,-0.1598514347463511,0.06187590567047303,-2.583419717485148,0.009782623185557218,0.025208048201922788,223886_s_at
179.50591971106968,0.2279201594180063,0.08826304224187836,2.5822830669421966,0.009814904526771787,0.025287405260317895,229720_at
7303.958900398637,-0.09580604967398954,0.03711037264099524,-2.5816515129291404,0.009832881913367954,0.025322549913026876,AFFX-r2-P1-cre-3_at
183.2682232364099,0.2635621957501927,0.10217336170389042,2.5795588141067998,0.009892661126233738,0.02545778634943139,224458_at
1314.2873289932775,0.16222005323131378,0.06289704578527375,2.5791362886123785,0.00990477003666481,0.025483955963325294,206445_s_at
263.8040807956945,-0.22963699740177063,0.08908164177732517,-2.577826281825695,0.009942396731932368,0.02557075060438356,219756_s_at
199.98974591643722,-0.4582458493233358,0.17787294712708496,-2.576253762726114,0.009987731567084556,0.025669759623266907,208131_s_at
105.99177614047036,0.27030735615500606,0.10494906038008565,2.575605300095641,0.010006479933952235,0.02571040121486877,202747_s_at
374.5348337549227,-0.14109117990290612,0.05478151992526228,-2.5755251058275674,0.010008800689113887,0.025715106889058485,218102_at
399.637219270516,-0.19292458366763712,0.0749281817558183,-2.57479334406318,0.01002999941878252,0.02576201502637684,1568763_s_at
215.66537805875362,-0.1453639542890598,0.05647767595397979,-2.5738303114226584,0.010057958875246926,0.02582499368427433,223309_x_at
855.9507765184143,0.1288119693168536,0.05007890979676533,2.5721799823440596,0.010106033838677891,0.025937027023386135,208777_s_at
488.004865512571,0.10425109074815683,0.04056178242101922,2.5701802170836965,0.010164562180502372,0.026070740609679868,225515_s_at
3018.459736479238,-0.09037126531077576,0.03516556595882582,-2.569879450158386,0.010173390967443447,0.026089512950911185,208679_s_at
331.3026572070104,-0.14031401082356737,0.05461827049558191,-2.5689940298442333,0.010199421461872783,0.02614861190825222,221664_s_at
654.0562753145009,0.15069555576323698,0.05866681585886045,2.5686677137170286,0.010209029780771059,0.026169477027149984,201458_s_at
427.48290992915344,0.15523818839303782,0.06043531322578255,2.5686668953477194,0.01020905388763232,0.026169477027149984,212365_at
147.84196014215667,-0.2659106832311589,0.10354838980201737,-2.567984724239317,0.010229166368110807,0.02621591774649836,209644_x_at
777.1458826513798,-0.13236600471100257,0.051548894548763,-2.5677758149748513,0.010235332699880938,0.02623044203001623,201384_s_at
506.56754139752235,-0.18979713474074578,0.07392651878628054,-2.5673755217588954,0.010247157317494706,0.026255624087739102,225060_at
688.6035541169675,-0.2185200868200689,0.08514911772788833,-2.566322384201269,0.010278324985310457,0.026326498258992383,221884_at
283.7562058215519,0.20791063870382584,0.08105758987183188,2.564974347652993,0.010318343319559418,0.026410978707194895,201363_s_at
497.87025798248357,0.13642457011909195,0.05320768366499846,2.564001300602303,0.010347315683400818,0.026479978010588556,206562_s_at
271.0078001978394,0.24783906437731654,0.09666941726690167,2.5637794390860917,0.010353931711010443,0.026495618987215412,225912_at
1777.4427176832548,-0.11894824044154842,0.0464122271341799,-2.5628643093912205,0.010381261167820684,0.026557795814323527,223416_at
138.67995407236646,0.45785056859413525,0.17867449796829418,2.5624841474320577,0.010392633193485634,0.026583006173972745,206023_at
317.1352795891,-0.30578763863669906,0.1193747642802614,-2.5615769001125557,0.010419817061981572,0.026646054492500588,201291_s_at
667.036623443542,0.14915191265615171,0.058238173955554265,2.5610678104361626,0.010435098620657732,0.02667994030211853,218188_s_at
258.11460813397355,0.4497357635123217,0.17563795952257485,2.56058408293292,0.010449637344147838,0.026714512865901905,209395_at
53.43628460197412,0.19727306618330517,0.07708626240028878,2.559120912607201,0.0104937235770218,0.02681417556604287,206463_s_at
389.8657772665851,-0.1550386396479929,0.06058329734334729,-2.5590987358996538,0.0104943930460538,0.026814582465106547,208629_s_at
313.9361756047989,-0.10068491870331434,0.03935222721023552,-2.5585570586745896,0.010510756966025448,0.026849867379210683,208101_s_at
5988.77247600843,-0.14144061657333004,0.05530757597126089,-2.5573461517609433,0.010547420243925739,0.026935668569866043,201839_s_at
622.4495905761358,0.18061608817440247,0.07068342847279334,2.5552819391595185,0.010610181817871236,0.02707358201866406,211727_s_at
162.83714080787874,0.18598965854881713,0.07278765882631923,2.5552361698102217,0.010611577172877721,0.027075827875099084,226187_at
394.74092799979826,-0.20111230321831014,0.07884488530712365,-2.5507336643958514,0.01074964383042111,0.02738960033039814,1565717_s_at
615.0754312912076,-0.1310398310969893,0.0514025090623769,-2.549288614257576,0.010794292745937652,0.027487317616532968,201576_s_at
378.19166808292505,0.12444186510449004,0.0488280727593502,2.548572124027983,0.010816491815190362,0.027534507670405148,213153_at
177.9471080438791,0.20287787048936687,0.0796244002797435,2.5479359314054277,0.010836237023175677,0.027571416146984967,227211_at
468.40625339100944,-0.20627068428006431,0.0809890860049165,-2.546894828119711,0.01086861837247747,0.02764928561716235,202118_s_at
383.31301067768914,0.3140558428201855,0.12336463704494084,2.545752578235019,0.010904244593926445,0.027732368872880872,227609_at
309.57251775140327,-0.32026265861752434,0.12581981738232975,-2.545407116943585,0.010915039786413519,0.02775579430663261,210117_at
55.95578044410598,-0.36354160830489235,0.14284500393210695,-2.545007513722221,0.010927538686570619,0.02778220057733212,209170_s_at
392.4001551674752,-0.1425687711462552,0.056038210541481316,-2.544134970918123,0.010954874539355878,0.027846310836339,1566303_s_at
337.2375897807593,0.1455982174516596,0.0572424125336845,2.543537405345762,0.010973630685162331,0.027887243086461372,1552426_a_at
155.95658811643636,0.23749992395624914,0.09345717855060179,2.5412699980842706,0.011045058960827803,0.02805112978433984,235190_at
201.7470642795789,-0.19881710729470767,0.07825754694368785,-2.5405486762544633,0.011067868618750469,0.028104984895139743,218829_s_at
69.95808799331081,0.3359501324040545,0.13224118343897226,2.5404350117532903,0.011071466734777791,0.028111405100952364,228245_s_at
1154.1827945331372,0.09447207377346818,0.03720081269651548,2.5395163956274853,0.011100584220506424,0.028174447171085415,200028_s_at
287.10323518348446,-0.15493205663415602,0.06103529467041526,-2.538401059104806,0.011136028599271913,0.028254856708643656,213460_x_at
318.8501076608774,0.1130539164582513,0.04455175463195031,2.5375861712340875,0.011161988511854074,0.028315255309744606,206050_s_at
366.7623688264755,-0.13488841281391328,0.053191903364336386,-2.535882423495904,0.011216438602408639,0.028439654282384503,220081_x_at
262.1924005866277,0.34500404593092465,0.13609788000270556,2.534970022487243,0.011245694914998841,0.02850630507832021,201261_x_at
382.5768711209474,0.13338643329453026,0.05261872885443557,2.5349611478363614,0.011245979814834512,0.02850630507832021,218028_at
205.1785137089323,-0.15434930143178927,0.06089677071659081,-2.534605687879901,0.011257396293298933,0.028531115200522383,203449_s_at
337.4029714187971,0.11298937675577503,0.04459026248176448,2.5339473343980172,0.011278568133819857,0.028579260834366866,201783_s_at
88.45445535711505,-0.450647292597221,0.17785852808199262,-2.533740144242468,0.011285238425618094,0.028594784254372178,203548_s_at
355.94973295138385,0.18461940307415298,0.0728890698392983,2.5328818639226895,0.011312907276155417,0.02865798365907027,202102_s_at
607.8893766880758,-0.21270032140856132,0.08400108294378661,-2.532114038945189,0.011337711095735205,0.028713896627886266,208694_at
222.8402104815851,0.17264672437938397,0.06821676800606127,2.530854647995692,0.011378499018373652,0.02879915418087117,225679_at
312.6435402042317,0.10318649621857848,0.04077719483879815,2.530495210043236,0.01139016401302003,0.028825901932979615,226481_at
935.2596273700851,-0.1550859727026047,0.061300791181207515,-2.529917962137953,0.011408919903418191,0.028867808213973983,200658_s_at
803.3625594900006,0.12105205139574496,0.04787748653144409,2.528371060503409,0.011459316944756298,0.028975795935080952,222981_s_at
15389.135795143262,0.04667731423121436,0.01846324087162123,2.5281213929759936,0.011467469442176855,0.028990830722732463,204892_x_at
355.12631284346793,-0.09390163401839323,0.03714453050623912,-2.5280070238771946,0.01147120570271974,0.02899888135555983,224782_at
214.17135345899192,0.5522095619665406,0.21848731420594344,2.5274216215868472,0.01149034680859028,0.029037492122458815,205941_s_at
336.9878661923841,-0.14853331652430354,0.05877767290330389,-2.527036359004177,0.011502959336905556,0.029060980914899268,201075_s_at
525.5778447213887,-0.19808683890086964,0.07839300248975396,-2.526843373893732,0.011509281801814524,0.02907276115417258,212338_at
427.3076455250776,0.09775205685474883,0.03868700542288046,2.526741364089551,0.011512625032931932,0.02907980851584662,201788_at
3179.482911406508,0.08106609422626346,0.03210115394914107,2.525332714041968,0.011558879805188962,0.02918682406581947,200065_s_at
201.48980819390715,-0.24090594860124345,0.09540709850308363,-2.5250317049884625,0.011568785169048532,0.02920902886255953,228478_at
380.55302176115214,0.2411213160042995,0.09553775359849376,2.5238327982635442,0.011608312613644653,0.029290594649335866,201060_x_at
822.2460433145068,0.1887794774342044,0.07481164685580728,2.523396895647276,0.011622713814605895,0.02931983400435838,200670_at
652.4682506556414,0.14391480469016318,0.05705849273415591,2.5222328490288706,0.011661248902027384,0.029408574058119256,218003_s_at
800.678941631251,-0.15142159583917758,0.060035906468320625,-2.522183885389967,0.011662872296131504,0.029411256749083257,200993_at
228.81297306507352,-0.17613115844171384,0.06984989712864047,-2.5215664686998513,0.011683360015937517,0.029458681681023856,225674_at
176.2030622086514,0.271301963417055,0.10759882769739335,2.5214211829524187,0.011688185666563058,0.02946943530610991,207275_s_at
353.656141732408,-0.1282773322601618,0.05091542145885454,-2.519420022160172,0.011754834145244733,0.02962042355529304,225395_s_at
103.18315101124276,-0.24934512371913753,0.09898515142661182,-2.5190154293394547,0.011768349965760618,0.02965021641021063,205392_s_at
322.88161737257127,-0.149670812194842,0.05942532272271249,-2.518636926773264,0.011781006693037718,0.02967783653273436,218728_s_at
45.4610630129095,-0.5027153378529875,0.1996313480518401,-2.518218419896873,0.011795015175471546,0.029710277393200327,209735_at
261.013834314308,0.14309845974966573,0.0568359650290415,2.517744876444812,0.011810883684534182,0.029745971206067447,224872_at
674.1620013742269,0.12736308061878443,0.050605393233217326,2.5167886757015343,0.011842983834861476,0.029816813857301432,224578_at
342.68418961094375,0.10063920324622021,0.03999561512873852,2.5162559176119967,0.011860902339024057,0.02985906598606391,214784_x_at
380.0634859686404,-0.10406818135190106,0.04136921843698559,-2.515594572095186,0.0118831791271967,0.029909415510090777,209313_at
7559.903492150083,-0.0688035389250539,0.027354072359986808,-2.5152941770271418,0.011893309893561832,0.029926607353232586,208692_at
405.131127258158,0.13754993509463737,0.054685252107021506,2.5153022029677388,0.011893039120704517,0.029926607353232586,222497_x_at
156.63942215471593,0.20146035550058533,0.08013768719239116,2.51392774808846,0.011939489159889516,0.030031009539046312,204531_s_at
279.61327092697996,0.11209625964061788,0.044590656698298876,2.5138956889346358,0.011940574523804934,0.030032302154776,201174_s_at
401.0014460617192,0.15267844218050666,0.0607749469816059,2.5121937535661893,0.01199831934897254,0.03015300665005274,227322_s_at
177.9707504003408,0.24665139074117085,0.09820419895328403,2.5116175618774053,0.012017924926677151,0.030196501558452427,206082_at
738.1203664695847,0.14986227202689922,0.05967164360248902,2.511448704601262,0.012023675865714017,0.030206618932393254,212552_at
644.7388849911582,-0.12193441412570197,0.04855264755694189,-2.511385480734061,0.012025829771022551,0.030210585936248528,201405_s_at
2329.3688168499143,0.18193655890728008,0.07245846095823548,2.510908408779852,0.01204209364837905,0.030245659988382363,201315_x_at
1299.1812914590494,0.08299401779771029,0.03305542011442328,2.5107536830698756,0.012047372593649108,0.030257472845239438,213513_x_at
674.7729422349379,0.3367430415990345,0.13412180351568198,2.510725570131939,0.012048331973498388,0.030258436324918012,215946_x_at
682.8593182428408,0.14671682655334792,0.05845294601613805,2.509998837575123,0.012073155903423704,0.030313536636975266,1554510_s_at
737.9121968505742,0.13621259470922584,0.054270753463491875,2.509871081868368,0.01207752449996226,0.030321608110209553,224624_at
256.62280152986875,-0.25279533635795226,0.10073916165603312,-2.5094048054628884,0.012093480676440697,0.03035731674960185,40284_at
117.91958941499641,0.35685087481019406,0.14225014241207753,2.5086152376315383,0.012120542631999454,0.030417983739176705,235146_at
1730.805018996977,0.10111838616160035,0.040323322688534606,2.5076898286051215,0.01215232876425088,0.030489019233133182,217883_at
335.90793925261045,0.20935086986729545,0.08349320027042173,2.507400233662621,0.012162290993042965,0.03051255684783177,231897_at
344.71086980537325,0.17210791250263666,0.06865420743184121,2.506880771633736,0.012180178913906905,0.03055597511296308,200615_s_at
151.060753890109,-0.24322069307261154,0.0970254008387158,-2.5067733909897933,0.01218387952358496,0.030562340913678775,209355_s_at
179.75460039726264,-0.21808840467650087,0.08705239103750037,-2.5052546182511275,0.012236327090131947,0.030670479033471375,201710_at
144.41308807360085,0.34377699759680763,0.13724897400366579,2.504769161972939,0.012253133420831877,0.03070674616367357,206011_at
1895.906551958672,0.10172015370034754,0.04061587698382156,2.5044431206265845,0.012264432338186762,0.030729200338549083,206790_s_at
281.544861271628,-0.2062781620657156,0.08236822455951258,-2.5043414881023174,0.012267956285817427,0.03073509913928822,227133_at
569.1723836231629,-0.19579335709564344,0.07818644585668885,-2.5041854115548507,0.012273369740786244,0.030745730175760533,222760_at
7856.526730036228,-0.08043895031038342,0.03213228256043527,-2.5033686965465853,0.012301731712749581,0.03080209673790278,213588_x_at
286.0287158337821,-0.18511836502382928,0.0739527484242493,-2.503197906342159,0.012307670060502965,0.030814029458323705,208835_s_at
780.0961195332812,-0.1403562249519447,0.05607205507474213,-2.503140374734877,0.012309670996888284,0.030817570958958977,201023_at
404.71699520341286,0.25619480746738177,0.10241108321855033,2.501631653681949,0.012362246950022339,0.030931514293061988,224391_s_at
161.49096194054016,-0.19643146293325342,0.07852323191317476,-2.5015712948551703,0.01236435446786425,0.03093319556636288,219303_at
933.7214632340056,0.22427533617896941,0.08969883859442193,2.5003148278545977,0.012408298199479839,0.03102901139966994,218313_s_at
176.30708953694864,-0.15718375173000879,0.0628791865410891,-2.4997739375539685,0.012427257872301105,0.03107050952525748,225690_at
113.17312742819182,-0.35693110722043214,0.14292953398442582,-2.4972522981801983,0.01251598721566238,0.03127598269848893,214701_s_at
230.94853444916916,-0.23412404889100988,0.09375374522779749,-2.4972234263511144,0.012517006373385691,0.03127704226639937,205011_at
473.0353118803722,0.13840623262261625,0.05544723525209334,2.4961791511036777,0.012553918074466933,0.03135585810966852,218095_s_at
17.466358911215572,0.4315406075923397,0.17294106829607525,2.495304393827045,0.012584912016478038,0.03141535487170412,205064_at
244.25810863176935,0.17215603737807197,0.06900540437916222,2.494819629374688,0.01260211709469427,0.03145232757726944,218866_s_at
110.69893057465049,0.2986847688979204,0.11973737947756914,2.4944989626558023,0.01261350951778176,0.03147627631517107,226597_at
793.3939691658209,0.11143970686067012,0.044675368168709276,2.494432870476549,0.01261585872746554,0.03148064382333336,207335_x_at
274.7334035539624,0.2527206632061692,0.10132647270418002,2.4941227742524954,0.012626886097751977,0.03150367318558951,222773_s_at
621.1633187558002,-0.12921882465624318,0.05182615535687444,-2.4933129568736776,0.01265572436293458,0.031563293179470174,226190_at
815.6636853204058,-0.16031315133502197,0.06431511893737854,-2.492619993303806,0.012680447641647656,0.03161329437187623,201259_s_at
1126.4451723426173,0.10792233539601354,0.0433043872871718,2.492180172884786,0.012696161548503466,0.03164946750877769,201359_at
185.6252917785029,0.17547394230896698,0.07049753990209548,2.489078945912993,0.012807452286795175,0.03188606032878079,212527_at
486.40420247672415,-0.1483712276948165,0.05963779575168325,-2.48787242762286,0.012850982157490833,0.0319853429459992,224562_at
551.5829378539265,-0.15155771135186769,0.060956572948321866,-2.486322705188105,0.012907086495358905,0.03211585737782737,221452_s_at
363.68011766116905,-0.18121532367399926,0.07288859697132016,-2.486195800219655,0.012911690399369184,0.032124271043338926,226460_at
632.3514605585684,0.10049448920063846,0.04042503099411801,2.4859471156685267,0.012920716480086124,0.032143183225792064,202038_at
220.42697236707582,0.2912506199592092,0.11718451218844701,2.4854019914410075,0.012940521460209777,0.03218533671651039,219866_at
295.28730538567913,-0.13779310513010173,0.05545804399787391,-2.484636947083534,0.012968361679382867,0.03224084770794679,220933_s_at
403.96285921995377,0.11842191029739756,0.04766409412539952,2.4845098280026305,0.012972992714839553,0.03224930983092937,218391_at
418.0291541198889,0.13708605067968624,0.05518303742228998,2.4842063264954195,0.012984055399645266,0.03227223077340888,210156_s_at
420.2890364749891,0.17408687365996767,0.07008447406064024,2.4839577665852195,0.012993121668047976,0.03229018376803298,221718_s_at
624.1161572377584,0.34784821802403876,0.1400463857365949,2.483807177132627,0.012998617169623633,0.03229925894715841,214164_x_at
874.6965613943718,0.15125487140906693,0.06089820808037966,2.4837327103192486,0.01300133546681043,0.03230448603483312,219356_s_at
144.41118333158545,-0.2158218374241302,0.08692896095420177,-2.4827380317801704,0.013037692930631402,0.032377984797108156,227620_at
338.0693006525743,-0.1274057382682137,0.05133837650818584,-2.4816861563181494,0.01307623885802181,0.03245683922658472,210966_x_at
422.0074819350797,-0.13245853640451188,0.05337686851965678,-2.48157188831211,0.013080432266856009,0.03246418122089023,201980_s_at
5622.932395204007,-0.11920361269490981,0.048050951174471064,-2.4807752974979893,0.01310969862657463,0.03252606465966401,AFFX-CreX-3_at
336.2016442089853,0.14626525557357356,0.05896170503284362,2.480682257951987,0.013113120628176224,0.032533019000763504,215714_s_at
243.0710717053952,-0.139287081975789,0.0561496908090268,-2.480638449987632,0.013114732161961773,0.032535481214111546,214919_s_at
132.77112747668795,-0.3285074018853664,0.13245502933180592,-2.4801429099565584,0.013132973455087484,0.032571509530847934,213348_at
212.08813151734674,-0.25649953021671973,0.10343319133730615,-2.4798570642594666,0.01314350590375809,0.03259455498613169,1556035_s_at
591.0134445678932,0.1197391324682707,0.048345155010146565,2.476755580639676,0.01325826618678233,0.03285434369955482,227363_s_at
332.4148601819902,0.18747720875262908,0.0757162403738022,2.4760501555158587,0.013284491466094804,0.03291777851426971,204023_at
239.3964005817794,-0.18736116070943937,0.07569242358353483,-2.4752960975369738,0.013312575446299421,0.03297648425739158,202967_at
880.264929486749,0.3953539124969987,0.15975595441787085,2.474736631492798,0.013333445985318564,0.03302351290411574,212354_at
175.71132642501627,0.23861176936369433,0.09643663508931685,2.474285515485883,0.013350295648921045,0.0330556216682556,209709_s_at
218.79706413542615,0.22414021951432156,0.0905883626173003,2.474271672855205,0.013350812983415027,0.0330556216682556,238513_at
122.36226193452468,-0.20186161506976547,0.08160075064982798,-2.473771545754659,0.013369515900513787,0.033094133042984385,225949_at
289.0766700414259,0.1685556595726895,0.06814169046753384,2.473605489036084,0.013375730930941796,0.03310795795707965,218319_at
297.99490530576173,-0.14462626640116302,0.058472196462255696,-2.473419422417636,0.013382697908491802,0.03312272064937865,224784_at
2642.630415204507,0.15765672986060406,0.06375569744242768,2.4728257424047535,0.013404948788172388,0.033169343124140105,211968_s_at
2050.3667422450767,-0.08963033258291055,0.03625771144450451,-2.47203502405543,0.01343463535404129,0.033239669808214585,200015_s_at
301.0591025208661,0.21952095691951426,0.08883026418489144,2.4712406175287627,0.01346451887983201,0.03330106476590387,1558080_s_at
220.87658923535315,0.1698713030385836,0.06875993386219038,2.4704983483410854,0.01349249420080529,0.03335926515944304,204908_s_at
769.531100594626,-0.12292328532602595,0.04975880540221069,-2.470382565104039,0.013496862572902734,0.03336535658574393,202939_at
3667.2193775690084,0.10156417353857995,0.04112302210889789,2.4697643395377855,0.013520208690105414,0.033412068442575,200715_x_at
251.01577680843909,0.15591066783267318,0.06314131515006083,2.4692337728813207,0.013540272977964372,0.033456932910994386,223177_at
318.8036591858239,0.1270357955293841,0.05146069593549816,2.468598475399813,0.013564332447988244,0.03351011192063446,225480_at
405.3374159385484,0.13243624232474777,0.05364872602836452,2.4685813089900335,0.013564983084057874,0.03351011192063446,225852_at
221.0201104083055,0.15032257986933778,0.06090728700141646,2.468055749484325,0.013584916030151255,0.03354673794984349,223145_s_at
112.462332202276,-0.27312848913922494,0.11066518973730426,-2.468061454442668,0.013584699518800081,0.03354673794984349,226675_s_at
357.89856628738363,0.10522951920418791,0.042649006665884406,2.4673381030551087,0.013612176065035512,0.03360615873170838,201871_s_at
1191.4555833285358,0.1620154801699849,0.0656666197817892,2.467242576340367,0.013615808320454902,0.03361354709099901,202446_s_at
4226.581615562906,0.0972845282658023,0.03943973782911284,2.4666626509365575,0.013637877468139747,0.03366012363032998,200925_at
287.9724368622636,0.16664065447084295,0.06757358632011178,2.466062015436438,0.013660768046624888,0.03370870522689099,218465_at
669.0189452395585,0.11654555572428478,0.04726809009130716,2.465628619628067,0.013677306092540586,0.03373844966650281,201993_x_at
61.48815866832104,-0.20081173032509014,0.0814791297842451,-2.464578731471913,0.013717442335254163,0.03382314274593916,209660_at
280.27687227988736,0.16606656427146013,0.06739495206192227,2.4640801601710276,0.013736538652481967,0.03386387336253576,227139_s_at
678.9955568101454,0.17678671612908448,0.07179336793571814,2.462437982953726,0.013799603580671251,0.03400020471535851,1555764_s_at
480.9560607791478,0.09674575814031731,0.03930310133978122,2.4615298753127823,0.013834587527928426,0.03406883055820958,202529_at
450.6323038770728,-0.16620764154475162,0.06756540934847494,-2.459951669759301,0.013895572675502328,0.03420779119300868,223165_s_at
264.7175040141996,0.42956778565387305,0.1747244667701156,2.4585439783831418,0.013950168939402123,0.03432290161242225,215214_at
462.88263508885666,0.16821246610777257,0.0684436731215176,2.457677363532514,0.013983874047976715,0.034397777520120215,211160_x_at
349.2810204965627,0.15489615052642292,0.06302807316583382,2.4575739467534414,0.013987901016806505,0.03440285239784954,224913_s_at
1842.8394084110098,-0.04914152068171859,0.020006455900566572,-2.4562831580943296,0.014038249511171668,0.034512146924737606,211445_x_at
262.3604176501767,-0.3414370677078702,0.13903542800938365,-2.4557558645040185,0.01405886309518287,0.03455635803303122,219739_at
406.45657293183143,0.15310694309594536,0.062353922376082206,2.455450070526346,0.014070829789285698,0.03457930272369046,213766_x_at
290.61282724681666,0.10699369764188207,0.0435853769014424,2.4548072139842216,0.014096016134753428,0.0346331010727364,223212_at
458.3762852054881,0.15416454790716075,0.06281959451139031,2.454083779213315,0.014124407009827823,0.03469636748595361,218450_at
12922.427058633482,0.04112870491834849,0.016761413189834814,2.4537731068697446,0.014136614687423311,0.03472148657675584,206559_x_at
194.2220008627451,0.15012202453737356,0.06119964211589719,2.4529886016829816,0.014167482783210153,0.03479079903690605,213441_x_at
190.18301462349066,-0.33923290257569694,0.1383676648759438,-2.4516775857989854,0.01421920036539939,0.03490964477264316,206797_at
181.21911074150674,0.1664218896911809,0.06789109782127124,2.4513065045626434,0.014233869169324884,0.03494076137721052,1555480_a_at
553.0914965966434,-0.19115829234041842,0.07798861772239837,-2.4511050192074073,0.014241839456405407,0.03495804778458916,226223_at
251.74572218780108,-0.11940240584891329,0.04871727084732639,-2.4509255911133643,0.014248940524285528,0.034971572015514964,222119_s_at
282.7455343654421,0.1577696218680655,0.06437704814219639,2.4507122712365295,0.014257386961732028,0.0349886861726297,219150_s_at
152.6234015113003,-0.2477747969116648,0.10115841424226527,-2.4493740710314666,0.014310474069649035,0.03510093597761296,229574_at
110.66319606593643,-0.29679955684135495,0.12120710219442356,-2.44869773691372,0.014337370875127192,0.03516034479568056,228150_at
133.77252578975254,0.3247672304657026,0.132687981312566,2.447600960185427,0.014381082854472624,0.035264251042084464,229030_at
424.6292835254193,0.11986479868700668,0.048982034225266154,2.4471176132815127,0.01440038390604732,0.03530828477178365,212199_at
259.89337712503453,-0.1387121367811067,0.0566981005323564,-2.4465041241010645,0.014424914710201258,0.03535688483186031,201070_x_at
280.8454129184931,0.16786910047185669,0.06862262009825885,2.44626480643685,0.014434493985977709,0.03537624928617901,202330_s_at
676.185388726659,0.14931858770673653,0.061044040845770524,2.446079676867954,0.014441908098554014,0.03539028435192612,219402_s_at
1336.0388285422152,-0.12978128244831547,0.05306101545286089,-2.4458876510498078,0.014449601941913477,0.035404754140988405,211452_x_at
315.2866945826153,0.09690229865725297,0.03962381577925865,2.4455569649598745,0.014462859919095251,0.035428411493806836,201460_at
491.16782228980657,0.16386972064510405,0.06704159603002711,2.4442992164403248,0.014513384036942715,0.035542236005474716,224893_at
133.89773956250022,-0.2618662474733234,0.10714071152180835,-2.44413392214612,0.014520035513180188,0.03555686810305538,1568609_s_at
396.3904992033001,0.12241541857219375,0.05009004461058812,2.4439071580766245,0.014529164918824873,0.0355759089197187,225267_at
570.9779905567716,0.12542606913008433,0.05132568410825566,2.443729125276476,0.014536335974673126,0.03559015144714519,212165_at
652.8850566173907,-0.40663184431491867,0.1664190728008527,-2.4434209220809646,0.014548757594762705,0.03561392736667563,202718_at
183.4127734078552,0.4020769930428208,0.16456279082448577,2.4433044130349946,0.014553455736264483,0.035623768642927045,209955_s_at
836.156830295108,0.1328218490974243,0.05438122706006152,2.4424209654322215,0.014589123657972554,0.035699436826423125,211530_x_at
32.58869772449315,0.5405427887724634,0.22133988641067015,2.4421390899674984,0.014600520179228922,0.03572210548065663,205044_at
786.3795641709285,0.15620578561042775,0.06396818972129827,2.441929125882687,0.014609014347614207,0.035739788661415,212041_at
313.60461794062945,-0.2229432353895002,0.09134179865274737,-2.4407581050276868,0.014656468345651543,0.035844201099975395,1555847_a_at
114.51210724505961,-0.3063038034962332,0.1255144050667881,-2.44038764581041,0.014671508958407336,0.03587248826268106,206390_x_at
655.5106392952309,-0.13079580822966105,0.053651511810941854,-2.4378774020490166,0.01477378355870498,0.03608912434434236,218034_at
1139.837253868426,0.1433920854498509,0.05882645968606624,2.4375440272128945,0.014787413369949197,0.03612074005318662,213702_x_at
233.16888183169067,-0.12072771438991212,0.04954291159382071,-2.43683123389482,0.014816592638634406,0.03617856291087639,223099_s_at
172.70921983688237,0.15651485982707242,0.06423892445452081,2.4364489467422534,0.014832263033377379,0.036211778846795266,226519_s_at
308.1727369308479,-0.15150994603817647,0.06220597835420341,-2.4356171230918124,0.0148664109226223,0.03628334926055321,1553703_at
171.83782433272088,0.18207095810911145,0.07476315594824043,2.4353032693692294,0.014879313182877536,0.03630978013618806,201774_s_at
428.898065999209,-0.1571352029194703,0.06454877747192113,-2.434363733500987,0.014917995699647326,0.03639234767670545,226495_at
272.64479287677847,0.12139225408616772,0.049874118637104996,2.4339729182874255,0.014934112396528944,0.03642828233405348,203094_at
40.16963902955292,0.12397192670760587,0.05094581821090912,2.43340731508871,0.014957464281109481,0.036478471290056505,206287_s_at
331.30078784842357,-0.1570526389970628,0.0645492237292456,-2.4330678190000645,0.014971496395225532,0.0365059166498716,1552610_a_at
56.907996832406134,0.337998562864813,0.13894651705285424,2.4325803196365174,0.014991666089710034,0.036546619337536924,205991_s_at
216.56901056063725,-0.2001092090603259,0.0822806039622605,-2.4320337895442483,0.015014306565630962,0.036595022133854446,220987_s_at
364.42677927998216,-0.15747840523093162,0.06475221526973275,-2.432015716758683,0.015015055760388628,0.036595150973030836,218151_x_at
988.4714513699954,0.13474460475602862,0.055421768876245996,2.4312577438101353,0.015046506668830428,0.03666160283155057,217942_at
127.70452354940926,-0.24464679623394936,0.10065101124162154,-2.430644195383724,0.01507200738691025,0.036710120786563535,217948_at
1340.5724753371403,0.17389028437373308,0.07154331674411783,2.4305594468826475,0.015075532752351148,0.03671700566628336,211762_s_at
397.91398092822953,-0.16818881480826364,0.06921090259510533,-2.430091336796959,0.01509501826856118,0.03675424342503541,225129_at
509.9310419470176,0.13493511754267115,0.05555867967029836,2.4286955403443002,0.015153251330659683,0.03688236246903895,209786_at
694.0549424613474,0.11143961975629572,0.04588857137244636,2.4284830933570807,0.015162132010449123,0.03690055967755595,201717_at
179.37054535499664,0.1559758601340958,0.06423870540032843,2.428066679769956,0.015179552170977629,0.03693440366653818,218212_s_at
542.3739807845511,0.14578473825726865,0.060047981479795516,2.4278041436966733,0.01519054410765046,0.03695943773303066,213892_s_at
951.143017866554,0.1580506036112148,0.06510595976139817,2.4275904109307707,0.015199497908326996,0.03697951081312054,203832_at
1503.119733872148,0.23026298265438555,0.09493185450991298,2.42556077560184,0.015284756282870158,0.037164573040157224,202345_s_at
265.4377237904622,0.1450602257326234,0.05981532347586956,2.4251348534651487,0.015302701241610572,0.03719787978962081,209853_s_at
75.90575622989455,0.40910564865085,0.16875601789955694,2.4242433173218654,0.015340323513296618,0.03727898649393279,226103_at
334.54873354575705,0.0912164965253638,0.037631385597594276,2.42394732686099,0.01535283211853961,0.0373076589058922,217844_at
434.7009348848421,0.13550295972032625,0.05592225568832888,2.42305962183507,0.015390400537344936,0.03738857809086238,209100_at
346.87577961355794,-0.12047332125418067,0.04972953424399508,-2.4225708743437107,0.015411119260903093,0.03743025980393295,201027_s_at
1727.9778832014172,-0.09414615686209643,0.03886427917116498,-2.4224341444095887,0.015416919836443244,0.03744156122354512,204050_s_at
383.40760613100645,0.13073275957380978,0.05399604306415207,2.4211544430855367,0.015471302595134823,0.03755907412161472,218648_at
191.7907019745524,-0.18124021665039303,0.07487688444311145,-2.420509587148919,0.015498770599416286,0.03761880611868296,227947_at
223.222811775057,-0.13173011363134032,0.0544573568284411,-2.4189590039475157,0.015564994305800984,0.03776384796394742,205313_at
1090.992617723305,0.14307265009597336,0.0591824880078094,2.4174828553523176,0.015628270205774935,0.03789732523606966,211951_at
251.42361571024378,-0.2115532979494899,0.0875408608013152,-2.4166234603248444,0.015665212774042495,0.03797193820059173,222757_s_at
141.42125812148444,-0.35094626915567384,0.14527488332051347,-2.415739466686728,0.01570329288937072,0.038057221789623646,205771_s_at
248.37065539987435,0.17915458214680383,0.0741959009442978,2.414615630603411,0.01575182233753981,0.038146938811321786,226925_at
132.47990645401256,0.3150158804633341,0.13048456286393162,2.4142003739693747,0.015769787283377346,0.038184915264034884,202206_at
243.29629854529523,-0.11836459764456912,0.04904012550004144,-2.4136275435198282,0.01579459880648256,0.03823794664068014,203244_at
11115.198283222971,-0.05172448740230852,0.021432273864534748,-2.4133924253319705,0.015804792627465893,0.03825910049487989,214003_x_at
304.07887763850664,-0.20087899532640643,0.08334864762096926,-2.4101050354159352,0.01594792845713584,0.038573611567393085,223494_at
136.5682925298676,0.21443450801635214,0.08897441145934921,2.4100694177035757,0.01594948550476093,0.038575602246638405,229551_x_at
183.74905914537626,0.23345606870578314,0.09687378402176204,2.4098993454548943,0.015956922148468087,0.03859181254443589,209087_x_at
158.56953764682785,0.2441996121375753,0.10136110035427336,2.409204431325808,0.015987339915371067,0.03866004057941431,204686_at
247.50792992335505,0.13156740125813463,0.054611979717543384,2.409130779338335,0.015990566794644803,0.03866428559124743,225472_at
202.5202084110388,0.3753493246776465,0.15581547066821244,2.408934896310143,0.015999151710855322,0.03868326366453306,234884_x_at
581.9771617058393,-0.1593166258029186,0.06615632101411742,-2.408184484275074,0.016032077338322695,0.0387534117927915,213729_at
2099.2847451306743,0.0876177972911501,0.03638529289173896,2.4080552972831266,0.016037751647648566,0.038764107992941305,201358_s_at
329.33996825743725,0.19643782575429944,0.08162034429539121,2.4067262574067767,0.016096229955874265,0.03888399306371023,200998_s_at
473.39941835412503,0.12717374045157756,0.05289937218187195,2.404068993755632,0.01621371292231011,0.03913362124180607,218403_at
154.4716952519091,-0.22194930643383826,0.09239330529449413,-2.4022228204348544,0.016295778979681846,0.03930642410951899,222906_at
393.3893117786432,0.08356115673066865,0.034788631621303835,2.4019673334750404,0.01630716458255494,0.03933027661641084,208709_s_at
580.485660199774,-0.15656625423877774,0.06518446702692096,-2.40189513514188,0.01631038331869825,0.03933442937458094,228363_at
393.4162096469795,0.33568804162734517,0.13977155225364055,2.40169073187496,0.016319499024600084,0.039354607063682503,212814_at
102.90984160480129,0.3301936058316839,0.1375190008265788,2.4010762428973824,0.016346930151510147,0.03941171516572457,204606_at
619.7895141353788,0.3139799799981327,0.1308357290698755,2.3998030372150505,0.016403895712647186,0.03953092146379586,209373_at
327.26039038932663,0.10013886094412058,0.041733241115466294,2.399498775258297,0.01641753474161736,0.03955472061664873,228059_x_at
252.753006659771,0.1523677413734249,0.06350071574342679,2.399464944443513,0.016419051877268245,0.0395565624075344,208839_s_at
874.351771321441,0.3293687981471022,0.1372980093700929,2.39893352903081,0.016442899254724985,0.03960329369277282,221729_at
227.31592584034937,-0.15059937946996094,0.06278055605155854,-2.398822007028437,0.016447907688662836,0.039613369720452166,31845_at
398.2191566719088,-0.10687646494385145,0.044556358419017894,-2.3986804293735458,0.01645426784725097,0.039625055787216576,215088_s_at
414.23651379803,0.16829837590870508,0.07018250662416511,2.3980103305509024,0.01648440032706167,0.039692164152313705,203138_at
183.40588699100834,0.27406639038430547,0.11430054607399187,2.397769737748147,0.01649523093549972,0.03971278421293931,204115_at
112.14810389368452,-0.2314040873780192,0.0965357204548728,-2.39708251295636,0.016526201715336537,0.039774592642782394,208130_s_at
845.4463341350651,-0.12866602683750963,0.053690395349665215,-2.3964440194481065,0.01655502210638351,0.039834835024901746,208734_x_at
446.6906041463036,-0.21491211175986896,0.08971152162455835,-2.3955909772579,0.016593595697414205,0.039916685507479566,202600_s_at
167.3028450500228,-0.3837550339746554,0.16022822251743904,-2.395052681389435,0.016617977418650978,0.03996631862082246,202995_s_at
544.4018017901186,-0.2688932753820201,0.11229330218718922,-2.394562009885362,0.01664022943112767,0.04000689041234657,224558_s_at
307.07898165265715,0.1502061805701322,0.06273731850919952,2.3942078517127987,0.016656306801272443,0.04003638618889828,211763_s_at
3373.0367729214063,0.13682529565132448,0.05714968598402943,2.3941565608875,0.016658636330785563,0.040038254797917894,211528_x_at
201.26524834634986,0.19463123129272458,0.08129386774077542,2.3941686710411165,0.016658086285367513,0.040038254797917894,212520_s_at
1110.914074798376,-0.07194664231120183,0.030051137305121038,-2.39414041407815,0.01665936974666192,0.040038254797917894,214150_x_at
2806.7456119647773,-0.1376589486677334,0.057506484316910175,-2.3937987220556596,0.016674896636300666,0.040068872507204645,215230_x_at
603.9597133744877,-0.11514902476300744,0.04811565905038741,-2.393171517040258,0.016703430645514952,0.040123964445762536,210131_x_at
1124.5129926177433,-0.16577953554719732,0.06931833513879591,-2.391568337803518,0.016776560462599836,0.04027202112782496,212442_s_at
720.1847303359399,0.1017916529591045,0.04256574473324204,2.3913983790728683,0.0167843296686125,0.040283311019969,226845_s_at
1292.504809391481,0.13693264652854012,0.05726491186146034,2.3912137830547624,0.016792771556938015,0.04029805097732057,200701_at
280.6114719073268,-0.15187822221614478,0.06354686338106387,-2.390019178529628,0.01684749300942145,0.040421984460241735,218788_s_at
464.15901243529163,0.13420284125599172,0.0561788045780767,2.3888518501577947,0.016901116157930916,0.040539537132081305,201388_at
185.55611504238442,0.2217904282251624,0.09285972295576603,2.3884459393747366,0.01691979740700933,0.04057693862042385,204962_s_at
235.160171463462,0.14922121403337316,0.06250277696183433,2.38743334755336,0.016966478977960792,0.040664766553005494,225780_at
254.86936500977464,0.4005208518464104,0.16778443679907057,2.3871156317439155,0.016981149295316193,0.04069436024012983,241994_at
240.45065391763933,0.24647493133830048,0.10326362455297894,2.3868514436257042,0.016993356482293612,0.04071804388685809,206429_at
133.43455516625633,-0.22516658991587393,0.09435900381205277,-2.3862756156727536,0.01701999011740786,0.04077256635200349,223513_at
280.53903045587987,0.10977479745857663,0.04606550927928337,2.383014953618339,0.017171496794106764,0.04109055835158396,219083_at
426.52393108203137,0.1702039204937752,0.07148569739046168,2.380950689535911,0.017268023282459244,0.041303579411266535,218085_at
485.2820363711421,0.12685575632480517,0.053348399034610874,2.3778737248048416,0.01741278776645942,0.04160733146669584,200927_s_at
439.0797549562368,0.09935636314514606,0.04178883832502887,2.377581362093952,0.01742659799782133,0.04163654442523651,226935_s_at
912.6593291754916,-0.2081508122472435,0.08757210921495011,-2.3769076034965306,0.017458460662959772,0.04170698403023718,212098_at
457.81390900402624,-0.10121315605398029,0.04261174407818247,-2.375240869471996,0.017537501616161782,0.04187486869312886,214494_s_at
553.0537344125468,0.1340504702058772,0.05645649506071881,2.374402981653507,0.01757735484462657,0.0419629126788393,213897_s_at
145.09293588906326,0.25680431699541817,0.10819187928222186,2.373600668544967,0.017615590381975032,0.04204795098943161,227176_at
133.7186778031795,-0.33030889579449574,0.13919779128618684,-2.3729463861634823,0.017646825222222686,0.042109119720699736,209283_at
822.0506161896882,0.1334858320808076,0.05629287911806865,2.3712738479912265,0.017726891406659014,0.042256046218785225,208972_s_at
255.0509708355359,-0.36758621859431023,0.1550467483667846,-2.3708089493417432,0.01774920306763716,0.04229963803811915,1555229_a_at
2325.921865266264,0.10908440862858033,0.046035322762399626,2.369580619464614,0.01780827216981265,0.04242694299888182,209036_s_at
354.1049639755184,0.12480489415369836,0.052700097602434846,2.3682099243006363,0.017874390757500327,0.042553600537697495,203885_at
392.6915206065892,0.08709249731655157,0.03677967155674159,2.367952013442812,0.017886855685434057,0.04258134687861485,224318_s_at
331.49011331245646,0.2463865620032102,0.1040527860904034,2.367899709952447,0.01788938446123087,0.042583508967095174,219255_x_at
1667.5019960932989,0.1778685126669173,0.07512935635854913,2.367496825316237,0.01790887367931101,0.04262217857723534,201202_at
1582.8509813952157,-0.35909967573719365,0.1517390231552453,-2.366561140767304,0.017954208441311435,0.04271653177711446,200799_at
145.44490285626156,0.21139400989144347,0.08934892884755906,2.3659378194909224,0.017984464682969423,0.04277689780261485,235103_at
383.06741501393896,0.1463108481688074,0.061858627905357906,2.365245611213026,0.018018117055078657,0.042845306715198574,218159_at
736.8320591306759,0.09533383919323228,0.04031383103714437,2.364792348943308,0.01804018270767586,0.04289583576233812,201803_at
476.1910052960134,-0.12187255011234614,0.05155267332122506,-2.364039384591318,0.01807689073449817,0.04297339827479155,210438_x_at
276.75377546012714,-0.14307678017078213,0.060523983932547064,-2.363968312631877,0.018080358964671122,0.042977754987983445,218321_x_at
685.6880734813514,-0.24062472274924357,0.10179912147798502,-2.363721015031361,0.018092431346296883,0.04300061672274269,216623_x_at
5996.247265172862,-0.048259629633043574,0.020417069564854978,-2.3636903170529195,0.01809393042873544,0.04300223487323124,214327_x_at
7187.614427575926,-0.05851084835146324,0.02475745790286312,-2.363362530233633,0.018109944111765277,0.04303445482228759,211942_x_at
193.71918392867468,0.17491078407206456,0.07403324927884981,2.3625976946284584,0.018147357632974457,0.04310813242803828,214109_at
345.04529702215353,0.1611362241595366,0.0682049270340955,2.362530555585595,0.018150645107870247,0.04311362725419268,58696_at
1145.8351812317346,-0.16643809471028645,0.0704631740030122,-2.362057870160255,0.01817380499595536,0.043158886026093,202505_at
432.775512655093,-0.2278903430052861,0.09649352470614406,-2.361716433297369,0.018190550268646175,0.043192797127295485,204127_at
3216.02851819067,0.10399318063255171,0.044035266163190714,2.3615885560260357,0.018196825299387074,0.043205744862383134,200840_at
498.59871917200223,0.2876909792256237,0.12183477052336077,2.3613208117009705,0.018209969847273563,0.04323260664405166,212097_at
313.3169474766311,0.10600647088763285,0.04492547175705786,2.359607294963554,0.018294289675056127,0.04340652206174717,212121_at
421.3070010131677,-0.115896111300266,0.04912029827624644,-2.359434192530361,0.018302826789824936,0.04342015795208142,207525_s_at
120.3252767903662,-0.2768827461108902,0.11736778069459337,-2.35910353311848,0.01831914403872635,0.043452983201445416,225786_at
455.6562057600589,0.20583876895999817,0.08728160439140742,2.3583293455162737,0.018357398162483385,0.04352996900379695,200731_s_at
619.8388721890398,0.14948297522242796,0.06346131839065201,2.3554974748908952,0.018497922757709364,0.043803894588773845,212248_at
994.6882206348478,0.5177583668165089,0.2199116525223869,2.3543925975627933,0.018553004340477176,0.043920477031956645,208250_s_at
788.786295405116,0.08929094399864904,0.03794317668876598,2.353280663110262,0.018608582592141567,0.04404014453514401,221743_at
140.62241593469048,-0.23079280942315805,0.09808176087241365,-2.353065517689646,0.018619353093418063,0.044061666177570825,213668_s_at
269.7931964631403,0.13050456948765934,0.055515253866808965,2.350787583548896,0.018733724900839542,0.04430837886762922,226233_at
696.637710506372,-0.14063604685850675,0.05983832855658697,-2.35026696518624,0.018759950519086587,0.044358428848199245,205573_s_at
678.2974538386613,0.22660038342042,0.0964207805568832,2.3501197782436294,0.01876737073166744,0.04437198134929146,201508_at
326.9642195368201,0.08255925892521875,0.03514089140182351,2.349378619374881,0.01880477418750686,0.04445241555641577,40359_at
362.60692953214834,0.41324074564865976,0.17592634416834188,2.3489418119962435,0.018826848710561346,0.04449420591341619,211637_x_at
357.5467584722152,-0.15232489516804104,0.06485155953191421,-2.348823933726377,0.018832809695678007,0.04450467560351913,209510_at
1303.2295552809176,0.11693027556382507,0.04978849072566839,2.3485402722509487,0.018847160936276083,0.04453658704339268,212519_at
302.4444936923265,0.13935802005206754,0.05934647338100659,2.348210636837404,0.018863850143997895,0.04456800847274165,229322_at
343.70445006193773,-0.14600908273516516,0.062179929923597964,-2.3481705900050094,0.01886587856700689,0.044570797132410876,223016_x_at
470.0772216453483,0.12099072505655843,0.05154225744529418,2.3474083413008313,0.01890452382030202,0.044648047135185706,221568_s_at
477.5905743596486,0.1411836854577787,0.06015663377495008,2.3469346038536028,0.018928576706272172,0.04470083671346399,1553715_s_at
4795.384884984036,0.08945398631792582,0.03811838563513344,2.3467412070955267,0.018938403654167598,0.044720928706510586,212082_s_at
215.6011197874348,0.14405845091383973,0.06140067455582108,2.346203066268794,0.01896577134752655,0.04477660141050809,222522_x_at
444.34327854175973,-0.16729623020169307,0.07131156665458417,-2.3459901114223896,0.01897661092707586,0.04479615553436395,204119_s_at
242.3265336675281,-0.1711228459492395,0.07294358402970509,-2.3459615842231236,0.018978063396705633,0.04479757203334836,213301_x_at
568.7600306312115,0.12880369269453718,0.05490571202215389,2.3459069730771582,0.018980844208308353,0.04479809972261361,211375_s_at
295.9777438263543,0.19213092295326037,0.08192180881800891,2.3452963957385684,0.0190119592093843,0.04486347736024348,225093_at
410.18348686472126,0.09433166528549594,0.04023303736414452,2.3446319608363413,0.019045869452979557,0.0449313921637513,225770_at
56.07572236348103,-0.29412192858052216,0.12546529731202916,-2.3442492456623127,0.01906542577957872,0.04497349012163832,221900_at
816.7332134406107,0.1435199749500509,0.061230161930178745,2.3439424366329114,0.019081116061090614,0.04500242218168811,217730_at
465.80230608170086,0.13076532092669052,0.05580245911129687,2.3433612605831895,0.019110868480083285,0.04506450316786902,1555948_s_at
168.73220395201997,-0.22268104684379986,0.09502933117526954,-2.3432875312264687,0.01911464583906487,0.04506893370865465,243768_at
995.1155636670064,0.15517931219357367,0.06623474277471542,2.3428687980473617,0.019136111080519973,0.04510783501797025,200885_at
289.3431443426686,-0.112160593849497,0.047876485361805575,-2.342707343738631,0.019144393232737103,0.045123309949915494,212747_at
789.8914594304695,0.1335415202493632,0.05700929022724316,2.3424519006824505,0.019157503143999693,0.04515218495962687,225850_at
164.09086050842188,-0.22779075007735813,0.0972703004776901,-2.341832491096336,0.019189325225323024,0.04521501963287421,207011_s_at
115.40758023528659,0.32642443589492537,0.13942632088535725,2.341196653703045,0.019222039330511007,0.04528195145347956,227692_at
697.2493931156612,-0.14854980901517728,0.06345211183429363,-2.341132623026289,0.01922533643616473,0.0452876885282923,221675_s_at
248.1636094420533,0.14974550498012607,0.06396952586134273,2.340888148908704,0.019237929589619545,0.04531532211253935,202883_s_at
204.69515990533628,-0.14913240402748362,0.06371678497464267,-2.340551301934549,0.019255292789143782,0.04535140006878104,1553704_x_at
407.49098170674625,-0.1058448137112602,0.04523373830741614,-2.3399528244143992,0.01928617584929924,0.04541236735574367,218283_at
182.90695675687002,0.1520242802744523,0.06497582437156359,2.3397052941583785,0.01929896172967628,0.04543228737351922,226901_at
155.35278046799468,-0.1916192265371835,0.08190462339642583,-2.339541024561324,0.019307450968588342,0.04544852540549995,233893_s_at
276.88245150616746,0.1427645997164484,0.061031781165196995,2.3391845525534007,0.019325884203129508,0.04548784120437424,217986_s_at
413.3885768789313,0.1644309706815589,0.0703103380320982,2.338645713899037,0.01935377684396691,0.04554737308037423,212842_x_at
130.30196489003862,-0.43008700944978323,0.1839410091722606,-2.338179024814456,0.019377963129221402,0.04559816756036096,220376_at
122.28270247989744,0.2192937112887527,0.09379182185388268,2.33808989903606,0.019382585098570316,0.04560495958409135,224794_s_at
229.09489209435253,0.20769261187458243,0.08884383726240037,2.337726715485758,0.019401429378201582,0.04564112441996446,221750_at
197.03786852688376,0.15944005729168217,0.06820713706097198,2.3375861260553266,0.019408728351411303,0.04565216442644541,225158_at
756.7734932572945,0.12026932432796557,0.05146131254761207,2.3370823318331073,0.019434903513287215,0.04570350453003832,231870_s_at
284.739735997899,-0.24408313966016623,0.10448387572806209,-2.3360842805586204,0.01948684940907417,0.04580516521354701,230875_s_at
163.47895914821004,-0.2350336265835005,0.1006433554964505,-2.3353119083136065,0.019527132531400673,0.04588753903842027,204579_at
2599.9386253517346,-0.17009358961926938,0.07283703842533355,-2.3352622964432457,0.019529722526152617,0.04589157333509612,208921_s_at
385.97494357474017,-0.14705126553044282,0.06298799255364576,-2.334592032048042,0.019564743199485684,0.04595948123126097,220094_s_at
818.0344152094958,-0.1515431345853717,0.06492109234905519,-2.334266555013952,0.019581768840575504,0.045995116391740254,225032_at
331.5855833507586,0.14418121174073745,0.06179202758937046,2.3333303237574885,0.019630815091372916,0.04610232622718796,200987_x_at
891.2425174571906,0.3886091209736071,0.1666159262488557,2.332364796827314,0.01968150840111132,0.04620091462236039,217378_x_at
143.84966256339314,-0.1919626678802265,0.08230393025329447,-2.332363318367079,0.019681586112672764,0.04620091462236039,219443_at
360.0346564385948,0.15549285610063207,0.06670027639880727,2.331217567539384,0.019741890267316976,0.04632385145816745,227960_s_at
385.24564828693684,-0.1570236542639804,0.06738064656978611,-2.3303969649705136,0.01978518004067451,0.04641506793400625,216591_s_at
237.85063496398772,0.15654999775741013,0.06720648596943872,2.3293882353646524,0.019838507750119087,0.046527464863303745,223021_x_at
666.6688554877356,0.29737982279215913,0.12776843187879836,2.3274905891797655,0.01993916929105646,0.04674084940997284,227099_s_at
189.8040416297306,0.1728800281205184,0.07427960277841444,2.3274226255119004,0.019942782711391275,0.046747234728566324,225223_at
274.9990601703107,0.137355647980012,0.059019834018372325,2.32727946908923,0.019950395770676754,0.04675830888690907,218989_x_at
130.59935324140852,-0.21776303553158632,0.09367925576093786,-2.3245598373166048,0.02009550846782449,0.047061153781830053,235705_at
261.54997018682934,0.11272033991665095,0.048494931618170686,2.324373623292532,0.020105477988865823,0.04708240309361262,203646_at
9489.16348709155,0.0668147496391841,0.028758096417989838,2.32333700631825,0.020161055289886806,0.047199933165748005,200003_s_at
1566.4311395653144,-0.14216715736913602,0.061204148650434734,-2.3228353061672102,0.020188001608336927,0.04725459809925792,214953_s_at
535.8107260241916,0.3902920403800332,0.1680757588995793,2.3221197568009915,0.020226488141456462,0.047327820916567356,212353_at
246.91866497920833,0.151216607588704,0.06514971232131003,2.321063320171286,0.020283426660339048,0.04743781784110446,223206_s_at
137.32420113105462,0.19438034222162345,0.08374813902158647,2.3210108844510686,0.02028625641516887,0.047440213573745595,219165_at
891.5479222910802,-0.13011372221978187,0.056076837207422486,-2.320275691343014,0.020325968252311016,0.047514052821455086,202268_s_at
224.54707751828857,-0.13577803339710298,0.05853230054862705,-2.3197112043170467,0.020356505320821183,0.04757697147693838,223402_at
407.22080934463906,0.11304045795456864,0.048753438470456475,2.3186150864634647,0.02041591635748017,0.04769461540945114,1560339_s_at
2441.097708053205,-0.10780538345576851,0.046500116085220825,-2.318389555376452,0.020428159183790828,0.047721095156907284,200085_s_at
452.7094214930048,-0.14188763819951308,0.06120603123791544,-2.3181970032982244,0.020438616830391956,0.04773703697188653,212312_at
230.12959682877724,-0.17420602715700714,0.0751918422641179,-2.316820840020029,0.02051349331351331,0.04789702006390521,211744_s_at
1897.61711137864,0.175766002419211,0.07586930920319263,2.316694382289363,0.0205203858133708,0.04791098476324532,210987_x_at
729.7328942130802,-0.09805222210830153,0.04234579725877365,-2.3155124818906563,0.020584902266378782,0.048040275043619636,223067_at
224.9173889322051,0.12538950781195796,0.05419739678090639,2.31357067423084,0.02069128386059314,0.048264968131807,213361_at
1239.6170060503275,0.21705431786771656,0.09381914917782856,2.313539610728116,0.02069298955709544,0.04826680454412116,204034_at
1040.6615753659717,0.114663746296685,0.049574048034589945,2.312979287402134,0.020723777958764508,0.048332183671115206,215438_x_at
164.45394034989272,-0.5015382806802947,0.21693080099499257,-2.311973580422412,0.020779139283332398,0.04844839777711849,204051_s_at
241.3647748053781,0.1726728525383563,0.07470097116791843,2.311520852255178,0.020804102738481437,0.0484979957114156,212815_at
247.61023888475353,0.11683373866538767,0.05055066752525873,2.311220491935327,0.02082067904391052,0.04852802760660251,203720_s_at
219.20950427366634,0.13960747664938092,0.0604274472310061,2.3103321925164253,0.020869769959922638,0.04863813261524498,213149_at
11501.817485318632,-0.053346529578534155,0.023102705393399627,-2.309103140525486,0.020937858538442655,0.04877734906819076,200061_s_at
150.9365895046244,0.18922128823588943,0.0819517303704545,2.308935850170994,0.020947141253639074,0.04879248565923889,229538_s_at
703.6698127479958,0.3216441831424461,0.13937974698819286,2.3076823576792203,0.02101681004068231,0.04891357490270661,201289_at
139.80987901109276,-0.1845317857552621,0.07997900094757775,-2.307252948510991,0.021040722877785065,0.04896055568382184,242320_at
141.62956669231073,0.18440256412356187,0.07995166264147155,2.30642563307884,0.021086861069166293,0.04905054205413028,237563_s_at
628.4240693449681,-0.16297476783459638,0.07067742413393857,-2.305895692035239,0.021116461412459153,0.04911070111388142,221816_s_at
107.80518260730152,-0.21445568778927768,0.09304402876297191,-2.3048839419410774,0.02117307418392776,0.04922711646886124,202575_at
254.8191569682847,-0.31639292159957183,0.13727396707192951,-2.3048282813432985,0.021176192522328493,0.04922783305252584,1569110_x_at
583.9302523861348,0.16092152493685646,0.06988470388783882,2.302671628903613,0.02129732563628879,0.049463481151207404,218024_at
240.9822747028231,-0.18510800200169256,0.08040772030928621,-2.3021172754267805,0.02132855944509946,0.049522890919755994,213016_at
52.3413934135068,-0.4634145052235054,0.20134675541322558,-2.3015742382957005,0.021359194332018595,0.049569931504743,204052_s_at
190.28797567647302,0.1466813889784592,0.06377404478532722,2.300017028435475,0.021447255331974693,0.04972818568413474,208927_at
150.156829826538,-0.22605743298058883,0.09833275115752832,-2.298902759452408,0.021510461684803653,0.049861538610760904,219559_at
335.6650013278462,-0.17770664645052453,0.07730791740860829,-2.2986862459541144,0.02152276210551748,0.04988785073406103,204565_at
1342.9415299113496,-0.12224989293245017,0.05318294384553445,-2.298667281140267,0.021523839813529844,0.04988814843257684,223015_at
523.5039679620706,0.12203649291142836,0.0531122503259062,2.2977089496790435,0.021578359846706505,0.0499990795548615,212361_s_at
