probe_id,log2FoldChange,logCPM,PValue,padj
1007_s_at,-0.16272972993607732,6.9313301860545655,0.0019801651637507446,0.004140837282697976
1053_at,0.30539567022515435,4.601771180427693,9.899569708638102e-7,3.69140585759276e-6
1405_i_at,1.4266851982620916,4.395732910714208,2.993728548698311e-28,1.50571896442277e-26
1487_at,-0.16732691592965843,5.444690621479187,0.002682479893201437,0.005453018424263187
1552256_a_at,-0.3712106176516585,5.512215167545735,3.009534548322053e-6,1.0417170796825253e-5
1552257_a_at,0.3412416738438898,5.872959153366198,1.8796820912000417e-9,1.0406736042907518e-8
1552281_at,-0.6052042410253392,5.0351474204182995,1.1090130811161185e-9,6.3772716790107225e-9
1552309_a_at,0.45707683354674555,2.9810531316483564,0.003161984885129917,0.00633520554972822
1552348_at,-1.5670567161102305,4.294508365214779,3.8002862789545306e-11,2.648826734316193e-10
1552349_a_at,-1.2595154363213488,2.482305745976165,3.1564280038168113e-9,1.6941289180806365e-8
1552519_at,-0.5673454258831873,3.90462336531605,8.315619560967317e-5,2.2553223381428574e-4
1552610_a_at,-0.21438537043349365,5.414697152256969,7.191577437297394e-4,0.001636435197233793
1552612_at,0.4289498432097937,4.234293992175669,5.597139539970819e-5,1.5623281889449553e-4
1552613_s_at,0.4760878479110292,4.100180814566025,4.245531664483742e-8,1.9304915416644454e-7
1552617_a_at,-0.3306600811245201,5.099890099827909,1.0034547113082977e-11,7.62976372293222e-11
1552621_at,-0.5520704976821054,4.677418624356554,1.1038733441992082e-8,5.474905155743573e-8
1552622_s_at,-0.6093225173827178,4.0657034743805065,4.183225702072293e-9,2.2130813306815048e-8
1552628_a_at,-0.5318238509699709,5.161227195972261,6.793390579371042e-19,1.2440614235350765e-17
1552701_a_at,0.4179188064634292,4.6175312769624615,6.932295274828362e-6,2.2559440850314775e-5
1552703_s_at,0.352623786181677,4.474517287250591,7.715639439416888e-4,0.001743464360144972
1552767_a_at,0.5471807260902888,4.367956994789605,0.0041470112761873585,0.008126382257507805
1552834_at,-0.45688643188693795,3.0899746472209015,0.0028116277717796226,0.005696098396194231
1553101_a_at,0.5972309778463059,4.714843777570905,8.319541403471705e-25,3.0839877873838194e-23
1553105_s_at,0.19016996116449814,6.063030758936333,0.01895717026196641,0.032128200043346704
1553113_s_at,-0.2845746225490912,4.23560672145896,1.8523916491331143e-4,4.7264516129303513e-4
1553114_a_at,-0.29948149401338114,5.023041649199768,3.1735839829492666e-5,9.284163082833286e-5
1553117_a_at,-0.5829374803468577,5.028974798853928,8.559495865004027e-20,1.739997707813817e-18
1553132_a_at,0.6326911607446749,4.235466174537401,7.156274492237596e-10,4.2450259488007404e-9
1553185_at,-0.4882781318866137,5.159393016078705,2.6718846846691934e-6,9.317675985306338e-6
1553186_x_at,-0.45273083749395876,4.516449517034329,1.5558858530744146e-5,4.77735888334371e-5
1553296_at,0.4743205161275852,2.7164341502223355,0.0058424189098242475,0.011085694966515614
1553535_a_at,0.22749602448126918,4.5199929510082075,3.0897902807858153e-4,7.528069883570262e-4
1553538_s_at,-0.07079959316823935,11.070808675158284,0.02431871357951356,0.040167495926199316
1553551_s_at,-0.25249285454804926,10.79862733002822,3.01334462393879e-11,2.1336391907637978e-10
1553567_s_at,-0.1602018031434966,11.106399060605622,1.206131678465346e-7,5.150223822970707e-7
1553569_at,-0.1001159472066863,10.98606600292826,7.982240581103871e-5,2.173157391241824e-4
1553570_x_at,-0.08893545201643399,11.102562369679006,3.071218982274903e-4,7.487931032569648e-4
1553581_s_at,0.29182014955407304,4.825070540523309,2.4589293553829224e-7,9.978223554627744e-7
1553588_at,-0.13545261775228465,11.070000747948479,1.4528008916816496e-8,7.071265766735807e-8
1553602_at,-0.6332376255939983,2.367118877985982,1.0007771183144786e-5,3.191820562221795e-5
1553703_at,-0.228247653639335,5.319141703157025,3.427377784198958e-4,8.292573551888716e-4
1553704_x_at,-0.22432630011176807,4.732945072270822,6.009962843680429e-4,0.0013882003437763787
1553705_a_at,-0.766061960629511,4.025625014113681,2.677002375356895e-13,2.505151951298351e-12
1553828_at,-0.5830642540967951,4.81265937128867,0.0028715660541455703,0.005806853951079559
1553906_s_at,0.19584878597789107,5.316659338580776,1.2945595253819944e-4,3.4000039704381723e-4
1553954_at,-0.14736493048120106,4.934806379851684,0.01723386753929341,0.029464797789411152
1553962_s_at,-0.3927973797828352,4.014356296729068,1.323035008595318e-4,3.465445977281575e-4
1553970_s_at,-1.4716458704253563,5.930875508464752,8.52263791959459e-7,3.1946473069495046e-6
1553976_a_at,0.26050819059615204,4.536765073373997,8.642589097382028e-5,2.3369019939488555e-4
1553984_s_at,0.20898038676496394,5.44629012020593,0.0010035919926507102,0.0022154298407721118
1553986_at,-0.2671837368985082,5.31751718151453,0.028199771768699908,0.04591248555593953
1553987_at,-0.2186823150635161,4.998175592777692,7.555512720541936e-6,2.448342642926974e-5
1553993_s_at,-0.2596899647161384,5.660669574495775,1.2857093857034454e-4,3.379245497802014e-4
1553997_a_at,0.32231813177681606,3.7140856135713864,5.880676075950568e-4,0.0013618608474201997
1554006_a_at,-0.2811362884447705,4.899984779132689,9.24392179110376e-5,2.4888196569010953e-4
1554021_a_at,-0.7395933175145357,4.731137906797203,3.592253901907094e-21,8.726488900483151e-20
1554078_s_at,-0.25662379181460054,6.495553324520623,1.8931614645687614e-6,6.767246836811859e-6
1554089_s_at,-0.30920253909212586,5.979511653255259,5.963968448319933e-8,2.6577368546943196e-7
1554241_at,-0.8476633917423975,5.664027961786719,1.4677044530354434e-24,5.330006035718206e-23
1554260_a_at,-0.3111265598129241,4.644822452660925,0.001087051489753613,0.0023849237374012813
1554327_a_at,0.2715044178384312,4.416646567777513,3.7059908322314457e-4,8.901856454191811e-4
1554334_a_at,0.4950862723577593,4.125928249951081,4.181779278766466e-12,3.343238911449638e-11
1554365_a_at,0.12194251722106024,5.600532101198708,0.030694275525685297,0.04949989066787093
1554390_s_at,-0.2040580873531458,5.3987442734749065,0.00810568442649642,0.014896537625317972
1554408_a_at,0.5126475156754149,5.481309407271393,2.0642928936192675e-10,1.322653694338709e-9
1554411_at,1.6062026962286904,4.210417274237159,4.5348584290896374e-43,8.833079700152234e-41
1554423_a_at,0.17709488761243694,6.05683147750931,7.911654445373015e-6,2.5581372403825792e-5
1554433_a_at,-0.32398711190272406,4.506545906525596,5.584996804961485e-6,1.8421204055280907e-5
1554436_a_at,1.4374958474937518,7.729010099760521,4.572584491540812e-9,2.4059969380096624e-8
1554452_a_at,-0.549975215171998,5.854671943330458,2.1639247465020503e-6,7.658449226718357e-6
1554462_a_at,0.14082119316184796,4.731486925906309,0.019006780593792544,0.03219282853775487
1554464_a_at,-0.3594072043198692,4.895560566353878,1.7200409141672366e-5,5.251296185087947e-5
1554480_a_at,-0.1965478664577078,5.486246932374096,9.6933993043603e-4,0.0021468965629028716
1554482_a_at,0.2110376252840717,4.620126614055827,0.001089727449130797,0.0023893266808305827
1554572_a_at,0.22470164390684003,4.287798621760207,0.0014899802959304237,0.003182248586583459
1554576_a_at,-0.3845751521521759,4.587930774192324,1.8830694733553254e-4,4.794040700583555e-4
1554577_a_at,-0.3415081269258024,5.751933250661428,2.9528702880849037e-8,1.3712223405398168e-7
1554600_s_at,0.24571831168907424,5.878269372026184,2.5001925984462914e-4,6.201565942846751e-4
1554679_a_at,-1.1326315492413317,6.188635128965456,1.4401974361521786e-15,1.7795657593423632e-14
1554696_s_at,1.0839483829006635,4.749940066028627,2.0267413178688264e-39,2.714059967291092e-37
1554747_a_at,-0.17157651249229794,5.503477438850379,0.00669647082339466,0.012539642008569654
1554899_s_at,1.1160843841687997,4.3057871968375325,6.3861082219468086e-18,1.0525288827956334e-16
1554930_a_at,0.73018343081568,3.9791439127042825,1.2748576679272726e-18,2.2500082696054152e-17
1554943_at,-0.7753774584157568,4.350187914442491,1.0266511802961425e-20,2.3252672504254913e-19
1554966_a_at,-0.39670371471302013,4.930222442804193,5.858983047780731e-4,0.0013574239920171923
1554997_a_at,1.3092759021567058,2.8000499181020198,2.940649541676644e-15,3.4695130550640846e-14
1555019_at,-1.375643419702866,3.0904794387885945,1.9471450820049207e-12,1.6271267756254848e-11
1555041_a_at,0.28036016567758354,5.157348940037917,6.141613514220062e-8,2.732354882800645e-7
1555175_a_at,-0.4339025659795563,3.126963643224965,0.003029616584812862,0.006095076520769989
1555226_s_at,-0.2536348161949952,7.117765193067759,6.317929100361597e-6,2.0703690082085606e-5
1555229_a_at,-0.43643380935088677,5.049947820967436,0.007041560380028875,0.01312162747456068
1555326_a_at,0.33149832827923176,4.239421031699502,5.286313862662583e-4,0.0012354336913329897
1555349_a_at,0.7368260334652638,4.268805152018915,4.1662835257120876e-11,2.883294277193385e-10
1555383_a_at,-0.5052459191291758,5.156207187756128,2.9785360032529682e-5,8.742207178862754e-5
1555486_a_at,-0.27850445222895653,4.501260240343836,1.6370820258047262e-4,4.2219691243249957e-4
1555575_a_at,0.15664037523239002,7.827580799746289,3.9732867166439306e-4,9.492823504773958e-4
1555653_at,-0.1711945768216009,9.459366597601086,0.010794904166912853,0.019354947002533453
1555725_a_at,-0.8159637590036769,4.5025871080954065,2.821360147662198e-10,1.772740836475374e-9
1555728_a_at,0.6667643391860073,3.424272207581649,1.244170263064276e-7,5.299720090738604e-7
1555730_a_at,-0.1316205785322396,8.809463797474619,0.005981282262376676,0.011331118811112526
1555742_at,0.8503995485082104,3.076504608551895,4.475697715520379e-17,6.72484566989759e-16
1555745_a_at,0.9787149257140617,6.770500540747505,2.1178765247897994e-6,7.517830089487449e-6
1555758_a_at,0.21295222637255865,5.365622151518026,0.020470327630220674,0.03446465816478926
1555759_a_at,1.0537021383478131,5.083169102539467,1.3937817570792718e-19,2.7857432767892235e-18
1555765_a_at,-1.447408713529162,3.3843206232271035,2.597629020970184e-21,6.471720860849671e-20
1555778_a_at,0.4545526259250499,6.307235677168836,0.009475876404654164,0.017214696273199943
1555780_a_at,-0.3507462190151488,6.071515046280375,4.367370673576523e-10,2.6751081775886387e-9
1555786_s_at,0.20390584540386614,4.738104047376,0.0037601760040150934,0.00742950304887748
1555790_a_at,-0.5361159022758771,5.217064934588942,1.6202805580107464e-13,1.5539897598898053e-12
1555837_s_at,0.13024626224050964,6.807925069731231,0.005219872680283924,0.009998300737329104
1555844_s_at,0.18306946630055412,7.3764599290982815,8.137880306463299e-7,3.0568412245140716e-6
1555847_a_at,-0.29367059798926076,5.345455246708768,0.0017355914538851843,0.003665166813615608
1555851_s_at,-0.12983871729525362,8.017754708073396,0.028961769819800563,0.04703872651296595
1555864_s_at,-0.22880382837905783,6.676799246226465,2.935025142768046e-4,7.183670174657088e-4
1555867_at,-2.2523765306607135,2.794649279173124,6.847245522877688e-27,3.108243274855452e-25
1555889_a_at,-0.3954406224797491,7.1829700660570035,3.1869006450972323e-12,2.5923512992351292e-11
1555935_s_at,-0.9645672615709457,4.575760538169722,1.7591154169514716e-11,1.2820002354966744e-10
1555945_s_at,0.1385725458683325,5.509276226953183,0.003312906199636363,0.006610386313411131
1555950_a_at,0.9257897442938448,7.118973307314391,5.34051356717922e-16,7.028614477296191e-15
1555989_at,-1.4779620649228336,4.080221271067952,3.4975154978150214e-20,7.478819067483498e-19
1556034_s_at,-0.4668917347216646,5.020983906152367,3.934542289987177e-7,1.5536583690612838e-6
1556035_s_at,-0.3214373963069817,4.775704771960149,0.0021777671745868915,0.004507422670276154
1556151_at,-0.11346798819936689,5.622185865833574,0.00906199361479506,0.016509563897199254
1556499_s_at,0.28903115604496815,9.259562636395781,7.963500435858909e-4,0.001792666109883515
1556821_x_at,-0.3598544489190718,3.726222381633043,9.652691698008669e-4,0.0021387649671306486
1557270_at,-0.8480409369151077,4.482792184144899,1.769922427784559e-12,1.493006218020156e-11
1557360_at,0.23932230434176469,4.038312198967145,0.00901401936808345,0.01643417111815487
1557411_s_at,-0.40538263495433335,4.609034504164258,6.890657978763786e-7,2.6232984693140173e-6
1557522_x_at,-0.47141336290624,4.182426067258199,4.026431979915658e-6,1.3663340450059057e-5
1557820_at,0.28457864771834906,6.885746328917783,4.012175288954275e-6,1.3619275624387564e-5
1557905_s_at,0.1755522062115544,5.528957221776212,0.02727297700450043,0.04454433203660854
1557915_s_at,0.23303277868025665,7.041278426753882,1.869283006508462e-5,5.6739320361879725e-5
1557938_s_at,0.22518962177232368,4.358548631157643,0.02653410260523429,0.04347145453584263
1557953_at,-0.5408361490016138,4.995113065470885,1.4007745043185287e-9,7.931552465520295e-9
1557954_at,-0.2764419691158496,4.580440122963983,6.072126768458825e-4,0.0014004455128202237
1557987_at,-0.5937854200200166,5.137258017468535,4.0477378442812397e-7,1.5954163180936322e-6
1558015_s_at,-0.23784212802255666,4.702780880222007,0.018134839897369807,0.030877072444456886
1558028_x_at,-0.2452579105818341,4.441855961069541,0.02104241399684139,0.035289195546049125
1558048_x_at,-0.7980087910644345,2.6994821211724345,6.0929234556735206e-5,1.690147306593227e-4
1558097_at,0.19794078203198046,5.575171118746349,1.2349064618277909e-7,5.262351999029882e-7
1558249_s_at,-1.0740857916096929,4.903241167686931,1.818441342793333e-33,1.487096343919464e-31
1558290_a_at,-0.26109640546442386,4.852978586219285,0.008017851818344824,0.014743434007883298
1558426_x_at,-0.4815586118046557,4.935485632979379,4.872491207309823e-16,6.436374636733679e-15
1558511_s_at,0.4164612271735428,5.033312176894969,6.941094875922558e-14,6.897954490330089e-13
1558515_at,-1.2433317541342257,3.55976862061578,8.838807911842362e-24,2.8868947914502206e-22
1558688_at,-0.13713208064969568,5.642849408345655,0.011136926430885657,0.019918179107525552
1558828_s_at,-0.6958740365909091,3.767553594537296,2.574697338595754e-4,6.367205121970525e-4
1558953_s_at,-0.27078129525894057,4.526502996886146,1.1102030057149196e-4,2.9432330611788997e-4
1559410_at,-1.2525444861000108,4.0020909628358075,1.4068779216356495e-17,2.246182291279093e-16
1559436_x_at,-0.3878928412224707,5.238240249399534,1.27991434990945e-8,6.284015779367524e-8
1559538_at,-0.5126041589337064,3.9073843916216386,3.463059679959683e-4,8.368995793234398e-4
1559881_s_at,-0.8023721667583813,4.676378863040172,3.4534169644685885e-25,1.3404513021866665e-23
1559946_s_at,0.2076570067020318,6.9440500686602435,4.085753902030189e-4,9.735471875544798e-4
1559954_s_at,-0.18060355223154104,4.515814398265001,0.012502521898482414,0.022109527418032703
1560049_at,-0.5706906277231094,3.8425520852697588,7.609391724536388e-7,2.877494300916284e-6
1560060_s_at,0.09571417027052397,5.913285954214188,0.018171083853447012,0.030928951592306617
1560089_at,-0.2226180805082593,4.952379257356739,0.01106202269940389,0.019794128808871533
1560587_s_at,-0.622735493224898,8.082071165878492,7.028158939825675e-13,6.248354084842528e-12
1560622_at,-0.7816229918758053,4.155394107946935,1.4098221464852505e-14,1.541165781152703e-13
1561421_a_at,-0.7268358128770898,4.327901246317736,2.4154567350599243e-8,1.1379414249207112e-7
1562836_at,-0.6361430625602864,4.707951959253693,9.525012601284029e-9,4.763840336020346e-8
1563692_at,-0.49433825761410094,2.3120640006772297,0.015560704058958125,0.026857068242890025
1563792_at,0.5552547719020903,3.7701679956801066,2.7714636672695964e-8,1.2914610816641665e-7
1564494_s_at,0.35828584096348004,6.34477743086433,4.157008690773093e-7,1.633676966406902e-6
1564520_s_at,0.6045083779698289,5.170566906850796,6.147715394127283e-20,1.2788441750929241e-18
1565717_s_at,-0.26101122033510765,5.671531696175319,0.0010902879290413709,0.0023895774516817115
1566303_s_at,-0.21345925270763003,5.673523445972449,4.0419140076554085e-4,9.641733414387083e-4
1566342_at,0.7397208615959734,5.076724351676027,7.724759061132373e-21,1.7912412082664741e-19
1566766_a_at,-0.8247561247171722,4.424457634773676,1.4999919129668591e-15,1.842822633441968e-14
1566887_x_at,-0.4470823218731436,4.928125339614237,1.6320178940538618e-10,1.058982901211328e-9
1567628_at,0.9370338421616504,4.820184168832234,4.249531085574815e-14,4.3274930151865963e-13
1568513_x_at,-0.4856440561077997,6.073783261948088,1.6502209175617896e-10,1.0701462887312016e-9
1568592_at,0.6363227332805966,4.568496330474509,2.3334782758048185e-15,2.802528337297872e-14
1568604_a_at,-0.7426733924152095,4.141131577875147,1.610818591388526e-5,4.9403663239465445e-5
1568609_s_at,-0.3196014384193623,4.114249656104593,0.0031197040771142924,0.00626337889395154
1568618_a_at,0.21265003194206858,5.384894936294445,0.014145961726733535,0.02467367111339895
1568619_s_at,-0.28065865414259417,5.2595557312261265,5.38434728505214e-4,0.0012561522749295203
1568763_s_at,-0.25602640770298446,5.6838663424237454,5.825877222595588e-4,0.001350922568953821
1569003_at,-1.2074981937213558,5.883894586012224,1.6337507598828357e-22,4.679778580380967e-21
1569030_s_at,0.3451373503219917,4.720827057698431,3.638574371637564e-7,1.442948043020012e-6
1569110_x_at,-0.37343493535136163,5.034701842632679,0.00769127923142072,0.014218580570528072
1569454_a_at,0.777670927002059,1.8381174769283601,2.627380682140881e-4,6.484019637819687e-4
1569532_a_at,-1.8112061664476047,5.396468622936319,1.0751553767493433e-9,6.202552262313256e-9
200000_s_at,0.29436565881871357,6.537428143524018,3.206416531422012e-7,1.2802959486069332e-6
200006_at,0.09312325588144706,8.471439469226656,0.012523065049063122,0.02213854717336852
200012_x_at,-0.17730845346877702,10.40125710218749,1.2376848858055357e-8,6.087841222054501e-8
200013_at,-0.07078476757774246,9.775659050470052,0.009110076613239428,0.01658953777964202
200014_s_at,0.13203653377741062,7.1072519665259994,2.9018303397850405e-4,7.113800556090878e-4
200015_s_at,-0.1534352878896623,8.03839940240739,5.0926130658500395e-6,1.692744764953505e-5
200017_at,-0.0815948962894942,9.860327790244446,0.0011988709092369332,0.0026067594988137335
200018_at,-0.07083884818495606,10.199007652153254,7.658433936835334e-4,0.0017327307870183088
200020_at,0.16222537551967658,6.273963144734884,5.003398784029188e-7,1.9434884399312795e-6
200021_at,-0.07188798541999519,10.306204897607477,0.029184267422372512,0.047349849598042816
200024_at,-0.11857908358943083,10.035027147483307,0.0011763292557266521,0.0025635284986307164
200026_at,-0.0819967698038974,9.845181950972297,0.0052098602528182466,0.009984478155356328
200027_at,0.33372448660529874,7.767939853993622,3.4483285211141495e-13,3.1984366620515917e-12
200029_at,-0.08366174671299895,9.670934898497887,0.014140525962365254,0.02466820625872317
200030_s_at,0.13186729843167738,9.143403751767446,1.0975242239257872e-4,2.911782320682753e-4
200031_s_at,-0.09114194252290962,10.411598855770311,1.8986478978722898e-4,4.8268189202434365e-4
200032_s_at,-0.07136852277056914,10.169667013127905,0.0032741752239894353,0.006542238469338548
200034_s_at,-0.07682674199398302,9.851622177329125,0.005363909549074481,0.010252196788445123
200035_at,0.3547881348893791,5.630313858358939,1.8598835540033858e-15,2.2616268460883397e-14
200036_s_at,-0.08104235577703855,9.496648704940965,0.030960321656245394,0.04989138476283949
200037_s_at,-0.292968781403063,7.814541221108655,1.2962100438593395e-7,5.495171428518046e-7
200038_s_at,0.1589418550107787,9.824053271098252,1.1004824458524356e-5,3.485945725138126e-5
200039_s_at,0.27252697316742164,7.619455446006149,4.803453439956449e-9,2.5212835228933583e-8
200040_at,0.09346009380171516,7.463330643475964,6.431233418779122e-4,0.001478176434571567
200041_s_at,0.1649121598912423,8.027687899559538,1.4786494052046643e-4,3.840186927989713e-4
200042_at,0.1648065419886188,6.4208418544203,2.2835971348458391e-4,5.707927229492178e-4
200043_at,0.12276902492795587,7.876367238438006,7.338879591741606e-4,0.0016671208029331599
200044_at,0.1472749477816004,6.743242199108882,6.0286664180627006e-5,1.6751786777165838e-4
200045_at,-0.15255472566412395,5.73146454789402,3.663894336293365e-4,8.806663680662064e-4
200046_at,0.14477429389419186,6.972823480325953,0.006633883330233487,0.01244201542660913
200047_s_at,0.1351920849137307,7.386961559265453,4.0126374322843795e-4,9.578294298587915e-4
200050_at,-0.2150216689563284,6.209948227817638,3.525752607687449e-5,1.0236148424432424e-4
200052_s_at,0.11856998372718942,6.8825891264161205,0.023626962539083474,0.039145630943582005
200053_at,0.13774975479447263,5.88793380707956,0.003499158511687659,0.006952241308551538
200057_s_at,-0.2792158328615241,8.90737425873683,4.259035713752487e-9,2.2498545168358183e-8
200059_s_at,0.12324137508034176,9.22962791901658,4.546258238574754e-4,0.0010749076254657106
200061_s_at,-0.11845748977771291,10.530852043538982,8.097071917601465e-7,3.0425791460282183e-6
200062_s_at,-0.26247104906322516,10.174080842371492,1.2430364745573394e-16,1.782684036403317e-15
200066_at,-0.11342646123048267,6.2739015393386515,0.0020760831412882344,0.004315304364109596
200069_at,0.14331888933527578,5.1091454341212135,0.010833886493169305,0.019415093007916155
200071_at,0.3358113011884674,5.971610107105511,1.678154745665385e-14,1.812305624023515e-13
200072_s_at,0.18227636435789504,7.024868411159819,4.704333666886468e-6,1.573938993546369e-5
200073_s_at,0.14278254523536488,7.33016359716023,8.703010338546512e-4,0.001945645863039415
200074_s_at,-0.12936666490018625,9.167272203342035,7.143635740788222e-4,0.0016258714614630174
200075_s_at,0.23674856247430442,6.633445790609492,2.3037644615711368e-5,6.903560469038207e-5
200077_s_at,0.0837896271218329,9.50488479490446,0.0011525830430721797,0.002515302941624009
200078_s_at,0.25048793933478314,6.8092641243101335,5.268611298663421e-6,1.7485326159411778e-5
200080_s_at,-0.18238852119550483,9.560358753595269,5.095101488679544e-13,4.6101201223162115e-12
200081_s_at,-0.11871281301873482,9.977136764936857,8.35290969161627e-4,0.0018736331977865389
200082_s_at,-0.21654611159295375,9.76782077502081,1.3135423771542579e-8,6.434375622521063e-8
200083_at,0.1997905718216594,6.060748271329875,1.4464900011313276e-4,3.763965844576126e-4
200084_at,-0.2679922320656656,7.213093464838944,1.0279929710930039e-11,7.788464426675638e-11
200085_s_at,-0.18140532995521377,8.29884832012871,2.071515172967578e-4,5.229062688030552e-4
200087_s_at,0.21277141936502028,8.167566367876868,3.562426667913309e-10,2.2060275660899005e-9
200090_at,-0.23897421386927506,7.279871148108023,5.0043546204699974e-5,1.4112042918951062e-4
200091_s_at,-0.08909368388914835,9.258567838477804,0.003181541677441124,0.006368433481021444
200092_s_at,-0.12097705207933404,10.228135085243752,2.1728681334551607e-6,7.687561530285713e-6
200095_x_at,-0.08678834560492446,10.328264838304836,4.32282819567818e-4,0.001025492819029983
200099_s_at,-0.07038875689995205,10.43151053454437,0.008959094047188861,0.0163395938930089
200593_s_at,0.2590102830083499,6.352986361124372,3.0674639212010073e-9,1.6488580525753332e-8
200595_s_at,0.11904462071137703,7.1466815979478095,0.010059679913157905,0.018155214102031778
200597_at,0.24803567904559398,4.729052578003928,2.6180498109923486e-5,7.764996573964849e-5
200598_s_at,0.22139728442514786,7.023196632610087,0.0012423425157190907,0.002690904846522163
200599_s_at,0.29952304457046447,9.057089954890197,6.380218950231606e-14,6.364179293652812e-13
200600_at,0.4414720417974849,6.473486483303381,3.7709453866224145e-6,1.2864167625028738e-5
200603_at,-0.1594368672781144,7.667886649018697,0.001181947406314035,0.002574665019081386
200605_s_at,-0.1544566239321508,7.088409671768588,0.007931401738288199,0.014609543814009883
200607_s_at,-0.3063720361081667,5.5981773716600856,5.069685573209542e-5,1.427748200467766e-4
200609_s_at,-0.17460589076635058,8.189445940047824,5.324907655762572e-5,1.4929530415122856e-4
200610_s_at,0.1325903761239358,8.1213724948771,9.48100887497218e-4,0.002103770672692149
200611_s_at,0.10630337829066859,7.344704123783286,0.015507313541044267,0.026769231383372095
200613_at,0.14501133087914125,6.848845244277253,0.0013363279626202494,0.0028787616053791943
200616_s_at,0.3350217227079154,6.729938607897309,5.320225701335781e-6,1.7618416673388013e-5
200617_at,0.18756332575134785,7.49111444201763,0.0023028211220394493,0.0047469930114313295
200619_at,0.09917887753282022,6.204979817261222,0.004401572563125917,0.00857502216198726
200622_x_at,0.4015490692748234,5.445470343299029,1.3590103203144079e-13,1.3116286091466893e-12
200623_s_at,0.3421965467732302,5.123064765494665,3.637617696575088e-9,1.9349453020560533e-8
200625_s_at,0.09745015272815054,8.285348231487967,0.024582948917633532,0.04055536007505038
200627_at,0.07132500951850868,8.83579508020572,0.02289369956845169,0.03804253194925127
200628_s_at,1.2889205258631038,5.735870648368458,4.908646402476573e-48,1.3838507607824086e-45
200629_at,1.3665620772314189,6.751382722284283,3.594077555814467e-55,1.956394243444116e-52
200630_x_at,0.3160510306411913,8.293357951454714,3.766949996487928e-11,2.629012072467438e-10
200633_at,0.15424140520590437,10.190546898638305,1.4886559755369437e-8,7.235921717752848e-8
200634_at,0.4283335570033286,8.66557345511866,2.438354976399394e-20,5.309369280928192e-19
200635_s_at,-0.2551371172579346,5.1132128212706265,2.923872465574428e-4,7.162919214200513e-4
200636_s_at,-0.2983425784629583,7.1787702741637505,1.659104093646898e-5,5.078280615782634e-5
200637_s_at,-0.23440171873603788,4.549194139556192,0.002554453453619601,0.0052171988814841645
200639_s_at,-0.2178022676684842,8.454627256721878,1.6685534070561932e-7,6.958043071153367e-7
200640_at,-0.2130465624232212,8.642059967765622,5.365873151763129e-7,2.0730111458650705e-6
200642_at,0.2692531843618397,8.655631259654356,4.59577483957543e-8,2.0826791817416066e-7
200644_at,0.2155897821238204,8.287483144619067,1.004554588800285e-4,2.683738980004352e-4
200647_x_at,-0.2708772172924023,8.495227293291506,5.107210424533293e-6,1.6970702629660412e-5
200650_s_at,0.13987929232378402,9.734478932402592,6.424384361655382e-6,2.1027934514639203e-5
200652_at,0.15187886229735284,7.5244953411098106,5.745627441419197e-4,0.0013340465275232737
200653_s_at,0.23010125671106363,8.32530105165691,4.2097954749198336e-7,1.6538151420174616e-6
200654_at,0.39191901468214435,8.306336364874921,3.3515963058353852e-21,8.160375278276019e-20
200655_s_at,0.41652663555392466,8.42365254566375,1.0136167562211997e-16,1.4713924538479284e-15
200656_s_at,0.41648281271153026,7.50669202918129,3.764520694558006e-18,6.381219968480999e-17
200658_s_at,-0.2152041190006235,6.9085831563711775,3.862802309763036e-4,9.253622796174285e-4
200659_s_at,-0.16243179862516335,5.576722746750488,0.003404583301901257,0.006779423961574009
200661_at,-0.3926789025481028,7.191531262880959,3.3959751637544866e-7,1.3514517804346885e-6
200662_s_at,-0.286373063646345,7.879118880289668,7.497047715953134e-7,2.8370142063230636e-6
200665_s_at,0.2729622706347442,8.303191973918635,0.014180429679398135,0.02472573944586462
200667_at,0.10957557056385159,6.758314717590064,0.007239930905054044,0.01344451027662402
200668_s_at,0.22522254003412012,7.8995390470376305,9.126801509899388e-10,5.332726544900772e-9
200669_s_at,0.23260594799454143,6.865720236159839,6.90407001072169e-7,2.6274707646487197e-6
200672_x_at,0.3392741357589975,5.377930663055836,3.9957678355310614e-5,1.1464022716133975e-4
200673_at,-0.1247500866319485,8.411726282140283,1.6552210359878667e-4,4.262592057340869e-4
200674_s_at,-0.08637231739757087,10.542112961585307,5.601899093078504e-4,0.0013020860269939251
200677_at,0.12847212675803693,8.17927074916165,0.014643941572126317,0.025430466212058557
200679_x_at,-0.36661726731366373,7.988610014762802,2.245916341021005e-11,1.6158832613403643e-10
200680_x_at,-0.21300657324794767,9.513184635572836,8.299360912736429e-9,4.186019466014377e-8
200681_at,-0.1813334860758875,7.66745223846816,7.342601316009877e-4,0.0016676126329958408
200682_s_at,0.16977647132176213,7.392005327561654,1.3224433995869303e-5,4.122006441598715e-5
200683_s_at,0.13967935297955536,6.176361190198258,8.002159471583854e-4,0.0018006119390690575
200689_x_at,-0.08106683416546825,10.040382646868435,0.002428761729471953,0.004976917446027742
200691_s_at,0.2266018804850522,7.121159467515012,2.1542590769861055e-5,6.475470676698134e-5
200692_s_at,0.15315905073305536,6.643607175031,0.0070713446097527485,0.01316110403132057
200694_s_at,0.2274316886353586,5.831929269737078,1.0938723243901545e-8,5.430330959773737e-8
200695_at,-0.13455369333963882,6.263300998975911,0.002794565003337463,0.005664744537512628
200696_s_at,0.21521272456371474,6.203108470205373,0.028269632026111352,0.04600525108548244
200697_at,0.24827916812913906,6.541710105892005,3.4221065954065687e-6,1.175032947326621e-5
200699_at,-0.16380625404754176,7.079283473981897,0.0041530936632265085,0.008136812804342645
200705_s_at,-0.1013225186667797,9.395486612199058,0.013028637949203116,0.022941452720219097
200710_at,0.2847878789299005,7.144210113388215,2.774450549715966e-5,8.183559674864302e-5
200711_s_at,-0.2089589316540253,6.382516201576495,1.0163525466748927e-6,3.7819329046641633e-6
200712_s_at,-0.4856553178058538,5.980140315621985,3.5022618206223034e-14,3.614617618913944e-13
200713_s_at,-0.5138205218888011,7.633221427620053,2.6840408100092157e-21,6.640676489059752e-20
200716_x_at,-0.08923330656812344,10.446558108845766,8.432289122030488e-5,2.284651324337699e-4
200717_x_at,-0.1417913320458709,10.552799904832662,1.6623640635874587e-7,6.934932326017307e-7
200720_s_at,0.20683225744655237,5.09694714514621,9.341538369616323e-5,2.5106849110311007e-4
200722_s_at,-0.14027990304990937,6.314548404249605,0.01686496971485934,0.02891181461794087
200723_s_at,-0.10318321575124557,7.828160004845891,0.020379816490500108,0.034339253548714636
200725_x_at,-0.1932918170155507,10.136839979080067,1.1345020038702132e-10,7.47933536459175e-10
200727_s_at,-0.3236529386672425,5.50385518594723,8.595865630088243e-5,2.3254274706224195e-4
200728_at,-0.2681535664855465,7.461201593409588,2.068845293191707e-9,1.1389280383331323e-8
200729_s_at,-0.1622956346723608,7.3863627396500995,0.0025285635927750506,0.005170548152204451
200732_s_at,0.2533714939968221,7.045266468208849,0.0010130735013638686,0.0022354390154708803
200734_s_at,0.37579544219620786,5.787626691468709,2.9302681176682044e-10,1.8357872716128347e-9
200735_x_at,-0.12537210099770715,9.68192763568008,1.9941236658686596e-5,6.024547894092203e-5
200739_s_at,0.12372926756711175,5.248326946821856,0.013526594782113092,0.02372080698981463
200741_s_at,-0.1649769442090176,10.451149939128758,4.4016116953861704e-13,4.033743891588712e-12
200743_s_at,0.34546680594170326,6.668188828161515,4.627388759129035e-8,2.0961190603192117e-7
200744_s_at,0.31425160865364776,5.908837023598906,4.115057125818655e-10,2.527787097987113e-9
200745_s_at,-0.10558471511487512,6.834614967519658,0.02273772382666695,0.03785320018637437
200748_s_at,0.17392671972695253,10.001009921843679,3.1378512888268167e-4,7.631282827968601e-4
200752_s_at,0.1518920053207715,5.3511753126883495,0.00433269944049125,0.008457764049923973
200753_x_at,0.11514083292987551,6.302381817663225,0.004090531772276054,0.008020107407831876
200762_at,0.40262569857966934,6.67577957754809,1.445190504361294e-5,4.465626153222539e-5
200766_at,0.30100073310886877,4.9829003199641955,4.272548177711482e-5,1.2196058787056517e-4
200768_s_at,0.11691091876049069,6.75383412111877,0.006464164457311331,0.012149226987925666
200769_s_at,0.18555414622805336,4.6613098051195045,0.009323944081717536,0.01696745591089519
200778_s_at,-0.143513921174816,6.918424455055888,0.004217710609531507,0.0082528463488422
200779_at,0.11695774014451356,7.789198988263599,0.010269794770847164,0.018509473650754654
200780_x_at,-0.3272175700216965,9.537490165313367,3.2428775130767137e-9,1.737916298028556e-8
200781_s_at,-0.1313612838335365,10.306790956003091,1.352866326357777e-7,5.715006685438038e-7
200782_at,0.4909587443813084,7.1141339838905955,3.117331748808395e-11,2.202900727241711e-10
200783_s_at,0.32018356582899854,5.186130980049668,1.616460980723607e-7,6.751324166273686e-7
200786_at,0.1099609110110248,7.459254546322868,0.012162398953971695,0.021545160825543138
200787_s_at,-0.4945928311927685,5.26605713073378,7.355798857418509e-11,4.953027854149873e-10
200790_at,0.23643880801941056,8.20301581322294,0.001963291953550834,0.004107156160591698
200792_at,0.13811922505118723,7.945836997430684,1.9074054543665847e-4,4.845633064412905e-4
200793_s_at,0.22811891531095818,6.801273231485082,1.3457833502268288e-4,3.521586964088915e-4
200798_x_at,0.21948804987819537,7.036589722820393,0.0025383660484921923,0.005187622181895623
200799_at,-0.43175247627176466,7.682728601982536,0.006796601419893606,0.012711590609518191
200800_s_at,0.34804370074142893,7.116881782952312,0.0020183297662856184,0.004209962380494126
200802_at,0.148914208629563,6.834223880867013,0.002337504684531481,0.004812932478452
200805_at,0.1400259805742188,6.127221842499314,0.002871717747859563,0.005806853951079559
200808_s_at,0.2722211460989996,5.3955432178499,8.912567351279532e-4,0.0019875173612459956
200814_at,0.48086123239104406,7.901571520840238,8.610252950901057e-24,2.8208452557493274e-22
200815_s_at,0.46991771095963536,4.746239370027111,4.0502539916158983e-19,7.585729197933762e-18
200817_x_at,-0.0988203825883685,10.351421151576023,3.276948320498903e-4,7.951252803829818e-4
200821_at,-0.28570077405627115,5.839077109314145,4.7386058110889164e-5,1.3408527219808654e-4
200822_x_at,0.25660371918767755,8.525282971513372,1.1870814105327744e-8,5.8604622815841534e-8
200825_s_at,0.511033905031419,6.378128935491018,2.542697186808606e-20,5.51415282637259e-19
200826_at,-0.16913830982975284,8.745899326200597,2.572210787755399e-4,6.362524629236571e-4
200827_at,0.5920723917231501,4.926598683897046,8.44394560994584e-20,1.7197716600636838e-18
200828_s_at,-0.07868233889937441,7.241404824195009,0.02820458400771112,0.04591334272521034
200830_at,0.24374719769313385,6.390340362439442,1.1553156424491187e-9,6.615123718630363e-9
200831_s_at,-0.46861771927769985,5.878943700619462,1.5403632905656606e-6,5.58251418532812e-6
200832_s_at,-0.613970836613628,7.403466420578436,7.2153132735425745e-9,3.684349432767474e-8
200834_s_at,-0.25427396641195804,10.321436237548726,1.6902677861076576e-11,1.235186820775671e-10
200837_at,-0.23866732026673787,7.36171453242907,9.019866202146092e-6,2.8948420198799006e-5
200838_at,0.4770196881016665,7.85909470618712,9.054869611119628e-11,6.028888635421043e-10
200839_s_at,0.4548689182745955,8.38082353860629,9.929465982131073e-14,9.741242588513753e-13
200846_s_at,0.19855917436387285,7.163068137218926,3.538253438731659e-5,1.0269658382317059e-4
200847_s_at,0.26161082793046264,7.259625619791959,7.91989125533266e-6,2.559450830117007e-5
200848_at,0.29134970768695456,5.033039235397056,2.6941554617434992e-11,1.9241658307772072e-10
200849_s_at,0.2559555514025308,5.597317387211688,1.3015346318292997e-8,6.381391538117752e-8
200850_s_at,0.16988303116052475,7.646215917038524,5.323658417052451e-5,1.4929530415122856e-4
200851_s_at,-0.11571221968077999,7.064190814854454,0.0010897218797175268,0.0023893266808305827
200853_at,0.2972506783915001,8.201540948813188,9.63589507653386e-10,5.598120604929894e-9
200854_at,0.32323880120895,5.220704058856694,6.258084838761775e-10,3.747504912110391e-9
200857_s_at,0.43402698736769596,4.764683790517886,1.8026094880160042e-16,2.5309771225577266e-15
200860_s_at,-0.14365408239048527,6.971021375453344,6.027849895508643e-4,0.001391431931277399
200861_at,-0.2661425585289316,5.079488978074621,2.2095502607454345e-7,9.0416012006745e-7
200863_s_at,0.11222323628628472,8.093669007623566,0.0038044794693530438,0.00750320113313313
200864_s_at,0.25616263521922383,5.256869399220354,4.2434054365269686e-5,1.2122560651070243e-4
200866_s_at,0.15981546433921737,7.094856501083493,0.013512706613134204,0.023700331687378312
200867_at,-0.41293582290669817,5.789603980992619,4.884034813816287e-13,4.437885068737394e-12
200868_s_at,-0.5314795071330869,6.1460696431659185,1.8757595937662196e-14,2.0155478964912246e-13
200873_s_at,0.11567235662856595,7.539834473498146,0.018208750408269234,0.030968462156499173
200876_s_at,0.1219105586552661,8.187173479251149,4.3704381957166213e-4,0.0010356227469743898
200881_s_at,0.28042236283640243,7.786498305499771,3.202034624048251e-8,1.48050914663051e-7
200884_at,-0.72321217551493,7.0899673643448695,1.5477187280883107e-5,4.7536441324570164e-5
200886_s_at,0.42856958116481564,7.930115526417537,4.086093792824245e-22,1.0998573568473903e-20
200887_s_at,0.7301594809211025,7.400121987164691,4.62983706920353e-21,1.1120951686631706e-19
200888_s_at,-0.26725079122320355,9.496358456625348,5.945973617794934e-12,4.6495777640465055e-11
200889_s_at,0.6343775862432666,5.564765864992501,2.1704426701694274e-24,7.724901104825607e-23
200890_s_at,0.45696480382387616,5.196247875851998,2.028522176346875e-12,1.692488946666984e-11
200891_s_at,0.3098020702549751,8.088503772740694,3.105326248951424e-14,3.2424327587735485e-13
200892_s_at,0.1419190815288377,6.325012941375292,0.0010290968078156269,0.002267060271875141
200893_at,0.11590529448487387,7.8895088310068235,2.2789937206998219e-4,5.697750228671456e-4
200894_s_at,0.21123152668594572,5.075372035963368,0.003135940144932208,0.006290226503889817
200896_x_at,-0.13089334644781178,7.385829086512879,0.006881626018169672,0.01285490140063674
200897_s_at,0.2671339133667186,7.2080149738233406,0.011946939660885229,0.021200524198619092
200898_s_at,0.23435882782594547,5.222978373388912,1.3744059601750172e-5,4.266592596741512e-5
200903_s_at,-0.4433785576527465,7.158520374573724,2.4225631119216628e-8,1.1402864067669935e-7
200904_at,0.29993988220790635,6.882512131912277,1.4183226210501812e-5,4.390202322828833e-5
200905_x_at,0.3418928542411548,8.49117956238434,4.234598119211571e-9,2.2380488234392482e-8
200909_s_at,-0.06257304139123376,9.825245952075154,0.023422471017222696,0.03883836166607975
200913_at,0.23947649786566078,5.615348928305133,1.1068074444650316e-7,4.752396053127809e-7
200916_at,0.13604003309501447,8.19439175051015,0.006660439734204137,0.012485265244536995
200917_s_at,-0.25666660091799587,4.50932008543044,3.427566105457223e-4,8.292573551888716e-4
200919_at,0.11497660716648518,6.746903053285162,0.020433416348462612,0.0344133295615595
200921_s_at,0.18618721584978082,7.418509018474217,0.001902752002005008,0.003990638644768922
200922_at,0.2963891331318244,5.329547421104643,1.842944934435544e-7,7.646579815107662e-7
200923_at,0.1619179232983541,8.066937912104352,0.007198661266561437,0.013377147987627524
200926_at,-0.06148953846814986,10.441618467930304,0.0035687374783028745,0.007073429159122793
200929_at,0.3530036401083809,7.203164819273411,3.3715586885782196e-11,2.374721119706671e-10
200931_s_at,0.4024336354052309,6.812259092280781,7.12459125889773e-10,4.230684748762389e-9
200933_x_at,-0.10513757641863214,10.55984478325478,4.680993468347812e-5,1.3263021165408652e-4
200935_at,0.7544862564041293,4.142735585950131,9.767386527986405e-22,2.545937028572223e-20
200936_at,-0.11037286367267601,10.129117134604957,0.0033047099526491157,0.006596489234717715
200937_s_at,-0.13361764222442823,9.083315561643346,7.925985897609751e-5,2.158939408113228e-4
200940_s_at,-0.20669911667303917,5.169773051469668,0.0021090365693873727,0.004378703249582738
200942_s_at,-0.1974174282142776,6.996684036526232,1.9041598124917382e-5,5.772287513079794e-5
200943_at,0.12301791360350933,8.019549511158452,0.002947855100587127,0.005947339301806006
200945_s_at,-0.14311181769754897,7.176013363004653,0.00601780683532603,0.011397172102063707
200946_x_at,0.29842622173214584,5.299427676207761,2.2187410384018545e-6,7.836918148499526e-6
200947_s_at,0.3710739118445369,5.722966579250488,1.1007392082826078e-8,5.46188936467419e-8
200948_at,0.1098103159136624,6.639949591941639,0.0309556623921359,0.049891381255747234
200949_x_at,-0.16675642372464944,9.928232911947594,1.2969247852272946e-6,4.761465121363951e-6
200950_at,-0.14491289209564923,7.072394529435586,0.003599103666245594,0.00713097791316609
200951_s_at,0.27865794709379443,3.6945310952452335,0.023847753453496993,0.039462617044688494
200953_s_at,-0.26228671219533756,7.526071118487372,0.020067052236590888,0.03387619454941667
200954_at,0.22032330936997147,5.757834990442246,2.4165388799591633e-5,7.207233023664398e-5
200955_at,0.08318520814053125,6.4055946564504636,0.01908909360102852,0.03231181225277588
200956_s_at,0.13094831894111197,5.743322691807534,0.00958027270141269,0.017380772472520598
200957_s_at,0.19571950607742994,5.69663986543165,2.3523597038038784e-5,7.033443903670374e-5
200960_x_at,-0.14302716101573643,8.541409193904789,2.274922297598107e-4,5.691555949128566e-4
200961_at,-0.38459953557755633,7.0505412101169345,1.4259659202415583e-9,8.06566679173591e-9
200963_x_at,-0.12744095032097066,10.341837994042674,4.346125173644713e-6,1.4627721955782535e-5
200964_at,0.1269413220531983,7.2912297158190675,0.030298066069902718,0.04893459698580851
200965_s_at,0.20487524055728884,6.367025969898296,0.003253605265752677,0.006502961420150826
200966_x_at,0.2490313399560873,8.97898836021986,2.91102030792973e-6,1.0095746377096535e-5
200967_at,0.740226028843516,8.712863304370934,6.268270961566765e-41,9.732172001632574e-39
200968_s_at,0.8022311399918423,7.830899771712055,1.2009118036888592e-36,1.286536815291875e-34
200969_at,0.1328143293810449,6.597340544377335,0.01188334982948608,0.021108661667800947
200971_s_at,0.18661159832995275,7.718375772070541,2.469856561873463e-9,1.3458582577492579e-8
200972_at,0.19637923404580374,8.172210257270516,0.0024090863231158973,0.004944165091866017
200973_s_at,0.2570616864955563,6.843713601389397,0.001031218533679856,0.002270800442201911
200975_at,0.15571007937811984,7.027080422036001,0.00496363131573486,0.009570803147132389
200976_s_at,-0.4188614433813319,7.221765141853255,1.8526638336106837e-12,1.5566735411350004e-11
200977_s_at,-0.147090119804768,7.274710287095495,0.01188379271874404,0.021108661667800947
200978_at,0.10480281456252181,7.573380174327917,0.01119832336800894,0.020014620994574538
200979_at,-0.44500164855218827,4.777058566123502,1.5428062908551654e-9,8.662517711704081e-9
200980_s_at,-0.24281413236113814,6.911429500579906,5.6131848195768215e-5,1.5663987749967826e-4
200981_x_at,-0.3410597806479897,8.945319496911388,1.8419905590098613e-9,1.0203332398486372e-8
200982_s_at,-0.23450593826574376,5.619323850386878,0.016362417148375708,0.028136528878097745
200986_at,0.40376584932198084,5.180070677744505,0.004283992171723378,0.008371836580750192
200989_at,0.5272242923681754,7.926386252868056,2.065891192855221e-20,4.54453641664435e-19
200990_at,0.16232088064062938,6.87874783825891,0.01405946078029677,0.02454677368632974
200992_at,-0.28945550174862494,6.997605686603929,1.9379955485470182e-7,8.016118267020929e-7
200993_at,-0.2062852853192554,6.675963906880221,2.2767860450469656e-4,5.693559500604141e-4
200994_at,-0.29029373510108136,6.405836706655205,2.1331501818852054e-7,8.765798963765326e-7
200995_at,-0.3791096443230861,5.209060856304622,2.5847456360770466e-8,1.208131762621876e-7
200999_s_at,0.5032263725923849,6.7794077751124,2.864721150644049e-12,2.3427295944160077e-11
201000_at,-0.13848051604917272,6.030210084550581,0.013062193240414553,0.022989202593159373
201001_s_at,-0.5299164909219861,6.444691132745037,2.7394391597153778e-15,3.250012371874955e-14
201002_s_at,-0.4417355824126987,7.012018655480375,7.529852152180992e-15,8.536222868393119e-14
201003_x_at,0.32332695357712055,6.169446671323272,2.468046749774816e-10,1.5598929103444014e-9
201004_at,-0.1151798244964903,8.318016257175321,0.024462504667564517,0.04039254200117427
201005_at,-0.16058547953328337,9.084862271242308,0.0037636183655195736,0.00743356260136637
201008_s_at,-0.2703249883369013,7.095041848128966,0.01563133458594249,0.026952919269145646
201011_at,0.45109291761454623,6.989286058131579,4.070256412684953e-18,6.856078136649985e-17
201012_at,0.6771458796282218,6.725429313291727,5.391915552977373e-8,2.4178983390140894e-7
201014_s_at,0.3144636381339536,5.994422669854365,1.7264673902647156e-5,5.267913743066334e-5
201015_s_at,-0.21212725910992075,6.866659163434106,0.0018237846198737165,0.0038364224078457753
201017_at,-0.587058212867173,5.877903493208538,2.116458746607228e-12,1.7603744217704375e-11
201018_at,-0.30505039625847763,5.770927162658588,4.998426817129845e-4,0.001172244888176708
201019_s_at,-0.6692765889314317,7.358612997722823,4.784678357528083e-23,1.4585022760897038e-21
201020_at,0.44376574392553186,5.657363423003753,7.27769928604507e-16,9.409957965150537e-15
201021_s_at,-0.3235627786108817,8.371244501804968,2.5029437381086584e-8,1.1734807994029783e-7
201022_s_at,-0.3009632491466349,9.041823421723192,2.2735181782988336e-9,1.2471172680038608e-8
201023_at,-0.20233831003373648,6.644561678817147,1.811330834388239e-4,4.634532416718702e-4
201027_s_at,-0.18122011580601596,5.478097295455261,9.065860056305115e-5,2.4451802311983053e-4
201031_s_at,0.4611781974521538,7.467545507911897,5.921502437760426e-23,1.767048902945054e-21
201032_at,-0.4341455979261333,6.373691914487846,1.6339504090424927e-14,1.7681323971790125e-13
201033_x_at,-0.05469945222042006,10.51402862794677,0.012907524825553173,0.022754371146314158
201034_at,-0.1685025178203747,7.629374557246949,0.01147141468405769,0.02046174916921579
201037_at,0.7343224711996769,6.450184119668084,5.283742876237328e-23,1.594499646003676e-21
201040_at,0.31362017901924566,5.441686463394622,2.4934100145014954e-6,8.737946184283455e-6
201043_s_at,0.15522673615497515,4.421233170246088,0.021753612459284807,0.03636237326826621
201049_s_at,-0.09898265674199054,10.63215964684061,4.977575177872568e-6,1.6586240398304457e-5
201050_at,0.2387321639040006,5.39960109470151,5.349464506097137e-4,0.0012491022941111297
201051_at,0.10960856128573321,6.460013375791183,0.010204296141472181,0.018400711086280337
201054_at,-0.12041014329101676,7.005339346906865,0.011744597513770279,0.020896839921112936
201057_s_at,0.1289919029412457,5.6643565488301855,0.0099345893387902,0.01796577575733616
201059_at,0.29287071245130647,6.801035540968109,7.294093060219752e-9,3.717489008284215e-8
201064_s_at,-0.1887498318349014,6.429052244945334,9.183193034335917e-4,0.0020431889299447705
201065_s_at,-0.15101855312552964,6.318074772550017,0.006943135974364893,0.012963021208325392
201067_at,-0.18774482728089334,5.351369941170171,0.007041215366703928,0.01312162747456068
201070_x_at,-0.20412569412567763,5.075401533712624,4.706530048057715e-4,0.0011103513852640896
201071_x_at,-0.08851996874911665,7.770249658435177,0.029845074407886342,0.04829033108770373
201074_at,-0.21790337284155456,6.035469384609849,3.202284538027732e-5,9.357903506789715e-5
201075_s_at,-0.20834349331734295,5.43626140630703,2.010345796559765e-4,5.089044073380142e-4
201077_s_at,0.10135511646227861,7.559234404990678,0.029035123239558834,0.047129284131120275
201078_at,-0.25455309790621716,8.115002233095225,1.3357663653241045e-6,4.895677410782461e-6
201088_at,0.2036662696736052,7.311474324784561,6.633459955388588e-4,0.0015194410199289704
201089_at,0.47992844592463696,5.952750339475929,3.2584955771363115e-15,3.827660429590055e-14
201090_x_at,0.19114172296996976,9.716274041649173,8.076090153699994e-9,4.088806891143102e-8
201092_at,-0.23748977982852346,7.282978701405453,1.9975043318001412e-5,6.033060024407926e-5
201093_x_at,0.311845318471214,7.070137293819757,6.0723561584268065e-9,3.139630865117103e-8
201095_at,0.2656630181054293,6.186524472903049,8.269359228796953e-7,3.1040520468851354e-6
201096_s_at,0.44832142945197634,7.249817677967213,2.2010129529954306e-17,3.417311850063775e-16
201097_s_at,0.1778669959337069,8.50484997089419,1.0578830172417263e-5,3.3619403036815826e-05
201098_at,0.11086368597533759,7.002736875361453,0.003427833880555024,0.006820650884544199
201099_at,-0.21404697149212026,5.746083362731209,0.0035345594058316435,0.007016070949541301
201100_s_at,-0.15900977102394948,7.442258306244652,0.011263284149625174,0.02012065417624387
201102_s_at,0.12891229092118126,5.2371926431590685,0.012678653627810198,0.022398815355331572
201105_at,0.27868991528535986,8.24104360781199,0.007289626092815001,0.013529758200333872
201111_at,-0.4136684361802769,5.200927775419018,8.978438084204473e-6,2.8832735970048716e-5
201112_s_at,-0.5163603184135148,7.772229705762578,7.364326898558902e-12,5.6922102499467184e-11
201114_x_at,-0.45781114377241483,7.951363368866607,4.1152171618862296e-14,4.2067100625274023e-13
201116_s_at,-1.3584343068519082,4.66252821458236,1.5324219998038533e-15,1.8805082341235602e-14
201117_s_at,-1.3487643965029972,4.310625185840426,5.87201590019262e-13,5.26858512049946e-12
201118_at,0.37008097725182065,5.811377976716952,6.829576448003238e-9,3.510808660626616e-8
201119_s_at,0.15991991032186828,8.302274739161849,5.972367572975378e-4,0.0013807917835223726
201120_s_at,-0.42984334705443406,6.794728051902826,2.227305585114564e-11,1.603570210573409e-10
201121_s_at,-0.3573412378614191,7.943002638569444,1.300038384642744e-15,1.619454792404386e-14
201122_x_at,1.2260621608752018,6.07431244899983,2.0112876645792652e-42,3.6520211441758755e-40
201123_s_at,1.4780139376961114,7.3428408915207495,6.977152422530297e-29,3.700308609037974e-27
201125_s_at,-0.13926252350856383,6.061158367179079,0.02106095996965722,0.035314769784776615
201126_s_at,0.23847127379602376,5.003791480915842,2.064656998127359e-6,7.341078798851111e-6
201130_s_at,-0.3877907357328134,4.8467518732305415,5.493993925180108e-4,0.001279739318127972
201131_s_at,-0.3141413125921198,8.609781359219573,9.301212131939056e-9,4.656256335021641e-8
201135_at,0.4131849186120337,7.406040944755016,1.3837088438733525e-16,1.971233091012663e-15
201136_at,-0.28095383587877143,8.109412862757251,4.33236304026794e-5,1.2349902310646412e-4
201137_s_at,0.876991827152002,6.7241917622524605,1.0585438592445835e-14,1.170297251195792e-13
201138_s_at,-0.27050420669375125,5.937232784740897,4.658539911930262e-6,1.5605671693717605e-5
201139_s_at,-0.1711540768887868,6.21625759774015,0.0049974303536551214,0.009627630930900456
201140_s_at,-0.11789684005051476,5.424485162253551,0.027932675573862677,0.045542676120077716
201141_at,0.6779821929002676,6.51743449647056,3.627660949997029e-6,1.2404446778588628e-5
201142_at,0.2200119446214388,4.921570810322508,1.9998752574738836e-6,7.127299944550138e-6
201143_s_at,-0.15354281474198872,4.951813903411102,0.026474593808612855,0.04338723014711175
201144_s_at,0.21483962162405365,6.636112164166142,3.5518380006855967e-5,1.0303504062102571e-4
201145_at,-0.11838802923657549,6.761423745207145,0.021238917415330308,0.03559088413427711
201149_s_at,-0.5456705878443642,4.495623448914388,2.2600331575464185e-4,5.659592149788401e-4
201157_s_at,0.27096824386137963,5.7589728483984315,5.789824832635988e-8,2.5833566610591144e-7
201162_at,-0.24705089907507863,8.284530917382572,0.017013947324278265,0.029139954865706325
201163_s_at,-0.17719353772188015,8.343862259747388,0.028705656353357492,0.046658124186545115
201166_s_at,-0.08652831100853375,7.350122603041272,0.0189442886529692,0.03211236777519921
201168_x_at,0.24822783820260932,5.606729651449689,8.731890852555932e-6,2.808308216854749e-5
201173_x_at,0.3263296449419227,6.175568067838671,2.63988142273033e-13,2.4742825618293986e-12
201175_at,0.25408766206069977,7.17476712122851,2.915813449757574e-9,1.5704931868905428e-8
201176_s_at,0.25115805068027874,6.825752681697792,1.168198626289825e-12,1.0052138058990277e-11
201177_s_at,-0.4860575394163285,6.647585312717633,2.463493443798893e-18,4.263554969857438e-17
201178_at,0.10668360629951677,6.174454324513372,0.0030890188138403066,0.006204097966380053
201179_s_at,0.1370215554248253,4.896350933651787,0.007946099496528539,0.014634100723106452
201180_s_at,0.12031083259586978,6.9231055315187175,0.0044733285486043516,0.00870373569582245
201186_at,0.2985755133934948,5.276656832326788,1.450635805284263e-10,9.487583261300555e-10
201189_s_at,0.13299591485518,6.5448078156844565,0.022157181181593353,0.03696774365338882
201192_s_at,0.3799061199521663,4.785125302399311,5.568432780526195e-12,4.3671025166747533e-11
201196_s_at,0.1422881841643912,5.583463603292949,0.011516915807688837,0.02053607174563424
201198_s_at,0.2831780777935017,5.53262837704263,1.3628110418741877e-11,1.0152847490680233e-10
201199_s_at,0.25200568869324586,6.998744702105552,2.451230371688275e-12,2.0215574266279055e-11
201200_at,-0.2091115845970772,7.464514366213867,1.27647081508217e-4,3.3557869550859603e-4
201204_s_at,-0.201217452870674,7.360321674512438,0.01646244076665626,0.028294902604394115
201206_s_at,-0.19996018492588916,5.502758708291337,0.009750205841253138,0.017656179036062352
201209_at,0.16340517480135666,7.612619265283883,4.155103686699732e-4,9.887301286252625e-4
201212_at,0.38368301982342506,6.238658710109308,2.11448868627009e-8,1.0054379625393465e-7
201215_at,-0.2691565935329289,6.97841136049737,0.002634268515413357,0.005366268404557465
201218_at,0.22018076917802698,7.424897953397559,7.199733049945325e-6,2.3387125580371214e-5
201219_at,0.2488168506988581,5.1195719598467155,2.3021828060970445e-5,6.900751091694918e-5
201224_s_at,0.2654199025349257,5.3541897831818375,5.542574785608414e-6,1.8292545803519084e-5
201225_s_at,0.4594695415148389,6.605878262245685,8.418210146158304e-31,5.33634824235467e-29
201231_s_at,0.5112377341232048,8.347900241740525,9.547114364090406e-23,2.786872920504101e-21
201232_s_at,0.21284971673881098,6.096405434055309,4.269660636414083e-6,1.43839227666365e-5
201235_s_at,-0.4082368022256267,4.4454345131225965,3.908222288871925e-6,1.3291677898630138e-5
201236_s_at,-0.4854532376105651,6.398478688334271,1.7915386432363418e-8,8.602758173460749e-8
201238_s_at,-0.13580772797672644,6.749359177708817,0.02851638017627497,0.046371581789379744
201239_s_at,0.09931067285032362,7.565363381763078,0.02341322875768928,0.03883836166607975
201242_s_at,-0.1777414572103549,9.310482110055927,0.015913965820929955,0.027395260880401208
201243_s_at,0.3253543379299334,8.455456320679732,5.073318778719751e-6,1.6868548751218092e-5
201245_s_at,0.17817822493361632,5.345190601163359,7.552817935461287e-4,0.0017110031410995296
201251_at,0.6990018026896314,7.573065784103507,5.106323320710981e-21,1.2210723601512663e-19
201252_at,0.2731033913286174,5.819598376865048,2.666353053862695e-8,1.244646634685449e-7
201253_s_at,-0.2157166012233906,6.89759512528489,1.985327187826815e-6,7.077807042658459e-6
201254_x_at,-0.10140794664007613,10.2750674391456,7.492298425177738e-5,2.0470541450887304e-4
201256_at,-0.09989922304791549,6.855935215159377,0.010799213449001407,0.019359433346578327
201257_x_at,-0.06639433400551896,10.556777502413244,0.002590580648063291,0.005287271953267677
201258_at,-0.07907474642663032,9.645649998514724,0.026408170300083852,0.04329161873371053
201259_s_at,-0.218816305698513,6.70833523223315,4.912818552343857e-4,0.0011541891480539416
201260_s_at,-0.19399415146204163,7.02802263670749,1.1303894593957804e-5,3.572230760621533e-5
201264_at,0.1914585352216175,6.3523326774943145,1.0758756044239842e-4,2.858595076933071e-4
201266_at,0.21158638149474834,6.38423662414936,1.0806207555483298e-5,3.428098950011625e-5
201267_s_at,0.11244568361664864,5.861351686329854,0.030552400654575915,0.0493007784624901
201270_x_at,-0.3592587647661159,5.348781317403944,1.0478988336144444e-12,9.104736581112363e-12
201271_s_at,-0.4298852051192897,6.218394258054106,1.8141063938967316e-12,1.5266709974717742e-11
201272_at,0.4328112842319583,5.228605090067943,4.998254287937291e-6,1.6649968341626928e-5
201273_s_at,-0.10513568663887536,8.77612547574716,0.005011670564900115,0.009647803551082646
201274_at,0.15612025286271072,7.146548833618799,4.733185304883294e-4,0.0011156570774744716
201277_s_at,0.12382796926350902,8.64417386660386,0.0017871316525899929,0.0037665830010223476
201278_at,-0.6941118882704634,5.2952819358573056,1.6746598155844654e-12,1.4171114221450536e-11
201279_s_at,-0.6512313561518424,5.445086116184862,2.7270028587539167e-12,2.235224301899825e-11
201280_s_at,-0.8599983543754306,5.6541163821702405,3.9750797678351163e-14,4.075122445245703e-13
201281_at,-0.2370734705083237,6.061824283347635,2.5245490923651024e-4,6.253293509019039e-4
201284_s_at,0.26594537553678305,5.216195391445694,2.3597783570015255e-6,8.29678553940182e-6
201285_at,-0.2048567303507945,6.783527625221284,4.808134446550526e-5,1.3580159326626888e-4
201286_at,-0.14192655331411141,6.06188367155564,0.03056564445814534,0.04931472124700468
201290_at,0.16511942872518004,7.698387716014286,3.882117375872829e-5,1.1161868880226951e-4
201291_s_at,-0.3533592858969178,5.3360761704573125,0.003000574083824418,0.006042321458648683
201293_x_at,-0.1519597220571686,10.332364037162996,7.935048297307898e-9,4.0212002085647826e-8
201296_s_at,0.16071109942296746,6.306618162388197,0.010866789775676903,0.019467544961007804
201298_s_at,0.17971340508197084,5.627815749008019,0.0014906573268564172,0.0031830599845750042
201302_at,-0.18812291459844271,8.122309779184091,9.284066090516954e-4,0.00206391782584993
201303_at,0.1754273997106608,6.879302223709688,7.182929245811336e-5,1.9720840853505083e-4
201304_at,-0.14169337595355175,6.379255949957557,0.022553322358213737,0.037581854475586214
201306_s_at,0.10866211367545513,8.665257978504519,0.001119226320749583,0.0024489933770813484
201307_at,0.20732138974232117,5.9181805973505615,1.5369661422719245e-4,3.983914416201095e-4
201310_s_at,-0.3389841824433879,5.803103310035416,6.718376149794353e-4,0.001536591880716202
201311_s_at,-0.4745388419771429,5.434260697614788,2.8300909599612864e-8,1.3182071501767506e-7
201312_s_at,-0.469295066429596,7.093569973705708,1.6042161368748712e-7,6.702795426809865e-7
201313_at,1.191900631249956,3.5593642418234204,5.837361842905659e-27,2.683933794980615e-25
201317_s_at,-0.11080020442577022,7.784634207389397,0.019460528928459217,0.032904142425912816
201318_s_at,0.1684963390252762,8.663162114136787,3.1846312584468366e-5,9.31317894539043e-5
201319_at,0.13540618702242202,7.177628303597486,0.001081360465911892,0.0023734100945122104
201321_s_at,-0.6091733620370254,5.122369661179541,2.863354361297029e-21,7.035576897379602e-20
201322_at,0.2818197157076413,8.586855228391778,3.9561019347327345e-10,2.4357310360225164e-9
201323_at,0.1465448204235176,5.388457018885641,0.012824653647725342,0.022636563897042515
201327_s_at,-0.14461545041992452,7.009515095777407,0.010214212388715562,0.01841549264899189
201328_at,-0.5012351813598998,7.507445186404341,8.026625609833415e-9,4.065685113860302e-8
201329_s_at,-0.2818695979732897,6.537535080804078,3.719438025665962e-4,8.932154128885776e-4
201330_at,0.0910731413893736,6.590286800132159,0.006370603921318162,0.01199231766105807
201334_s_at,-0.11767453845047293,7.091437594109672,0.015018808967314196,0.025997172478079977
201338_x_at,-0.5840433611737526,8.47188710415861,1.7375154054603685e-11,1.2671206629473741e-10
201342_at,-0.10094095516095442,5.955438117571001,0.019657739359659223,0.03321661857413711
201346_at,-0.17375528972667872,6.112793875734244,0.0014298035618685542,0.003063497111659564
201347_x_at,0.14089496201457286,5.811840553700257,0.006132219666899866,0.011580199064251413
201349_at,0.2933103665003505,5.499873831469249,6.0639247030207576e-5,1.6829747498306057e-4
201351_s_at,0.20882193446794695,6.661029146404873,3.403639986946651e-6,1.1698169772268037e-5
201356_at,0.24101552781437496,5.457475548961339,5.5058509669391736e-11,3.7521743898740054e-10
201360_at,-0.3819251725689441,8.094887049151108,1.1714633836371984e-7,5.013938165763207e-7
201361_at,0.10987437272068665,5.132972798869371,0.024480147199667228,0.04040921678737057
201364_s_at,0.18284300629158945,4.851515378741476,0.0012787814881243247,0.0027636849066523888
201366_at,-0.12320384680557805,6.51402950607981,7.292481517671265e-4,0.0016579871498050142
201367_s_at,-0.612145070080489,5.283664831234796,7.238791688259695e-9,3.6928178741107674e-8
201369_s_at,-0.6891056830474901,5.806272892964714,5.380429167157995e-15,6.191250018019721e-14
201373_at,0.15993413816253474,4.773336791989287,0.017984130801862393,0.030644821581096205
201375_s_at,0.22315321577623773,7.123634221946114,1.0595123059992479e-4,2.8193132971112626e-4
201376_s_at,0.09347108048193666,6.130560867264378,0.03002039591635832,0.048552008069436395
201378_s_at,-0.12240663979258509,5.633924401547702,0.023357650379765876,0.03875937244709291
201379_s_at,-0.23038370565868352,5.851367183883789,8.546098784223463e-5,2.3125626742961849e-4
201381_x_at,0.18810432230802676,6.592204843938866,5.0980756037005485e-5,1.4349890683774033e-4
201383_s_at,-0.2748441340335266,5.0085624088827725,5.433884803506924e-6,1.795595555211896e-5
201384_s_at,-0.1977821071622636,6.645428445940828,1.4141318330282364e-4,3.683344110681132e-4
201385_at,0.15034517605937292,7.712926748627185,1.1738895520716721e-5,3.697700315008475e-5
201389_at,0.429005942312668,4.873697734576608,3.8596837556407e-4,9.248220101583276e-4
201392_s_at,-0.3436120138596755,4.718855525260642,9.296053345930372e-8,4.0216077922840303e-7
201393_s_at,-0.22796861133926402,6.2939431384360365,8.454896525579105e-5,2.289618465079094e-4
201405_s_at,-0.18792078914826574,6.378161521519742,1.513717757269226e-4,3.927454185910685e-4
201406_at,-0.3384405193538452,10.071579050821027,4.345374600363045e-17,6.556619449815394e-16
201408_at,-0.3246196495307483,5.619992350039479,3.4849785179916164e-6,1.1943242118760137e-5
201410_at,0.3047897776715704,6.372640316733668,2.3023947722871637e-11,1.6531873455437255e-10
201411_s_at,-0.3031785707336873,5.366694401248794,3.2984035786779623e-6,1.1351043218238679e-5
201412_at,0.33190350119604234,7.104747356736248,5.0267772151771414e-8,2.2674469181554828e-7
201413_at,-0.1530382118497559,6.766186984824786,0.009022023661932969,0.01644316765741543
201415_at,-0.3342787066825633,6.364394574314264,3.3041288412618174e-8,1.5244243013108463e-7
201416_at,-0.39543893388345314,6.480466121098304,2.961557188139131e-6,1.0264368216284215e-5
201417_at,-0.5122787829283513,7.830598790337996,2.1879034294330492e-11,1.5773223041397212e-10
201418_s_at,-0.4123061128844058,5.53848306276113,2.4200410866795278e-8,1.139600007103199e-7
201420_s_at,-0.2518271740529316,5.460387059606829,2.67582724190022e-4,6.59294784785581e-4
201421_s_at,-0.2522662255075302,5.677959295021762,4.073403209362019e-5,1.1668012989811578e-4
201422_at,0.8151553128108704,7.193527109821419,1.6637134111512991e-19,3.2703416098465815e-18
201423_s_at,-0.23860690072429042,5.24667141667868,2.7842032745368644e-5,8.21006597305627e-5
201424_s_at,-0.38747333432936787,5.367576396630634,5.709129494139823e-10,3.4496279904523364e-9
201425_at,-0.14191944893879044,7.363362563280827,0.007277459551497749,0.013509517271737203
201426_s_at,0.2447700175683055,8.33935257881763,0.019810155437488305,0.03346360693816024
201427_s_at,-0.6661339787031223,8.179128573773617,1.6846885089047677e-6,6.0543669895661784e-6
201428_at,-0.3504658593077682,6.318328017933849,4.172880460248072e-6,1.4093338073971499e-5
201429_s_at,-0.06724083660311281,10.885176369881183,1.400009505339487e-4,3.6509984982234484e-4
201432_at,-0.26601478018572394,7.237565115198377,2.5382905290495083e-4,6.285877586155197e-4
201434_at,-0.1148719122397932,5.435386110327395,0.0021485590554261194,0.0044518554477652175
201435_s_at,0.16613750827006704,5.991806363241544,0.011786748854034197,0.020963496117312228
201438_at,0.28316519125392015,7.993505700993256,0.0167069993715578,0.028660061532025414
201441_at,-0.09747239570460338,8.16712451755677,0.015390986907485252,0.0265898472407498
201443_s_at,-0.28050262519906577,7.655896610513505,8.011415715012792e-10,4.726117651703306e-9
201444_s_at,-0.3471621263665368,6.43584580917504,2.6278035936798023e-9,1.4254005012198341e-8
201445_at,0.321137049200759,5.4261890370279495,5.495006873320892e-4,0.001279739318127972
201446_s_at,-0.16614474769394846,5.136556847043306,0.01892069196380861,0.032077444691926194
201448_at,-0.3210708161801058,5.3937208071723,3.926877069069184e-5,1.1281478691589746e-4
201453_x_at,-0.37419800628458383,7.803146580279699,4.444585297199009e-15,5.153121459836903e-14
201454_s_at,0.2505861395728115,4.976761444432231,1.226745404227416e-8,6.039578821456023e-8
201456_s_at,0.1864421730245644,5.365876733929714,0.002636188990277533,0.005369056365950436
201457_x_at,0.38835625211338787,6.962693126798269,9.789586266640198e-15,1.0856711974587622e-13
201459_at,0.16197034131912805,6.83318582692173,0.005751823374197886,0.010927342402514976
201462_at,-0.31335979039155554,4.655554424622187,0.014521560335220786,0.025242491622784403
201464_x_at,-0.5120067908594941,7.337442031212119,8.268513980233093e-15,9.294920280192773e-14
201465_s_at,-0.4253921553452135,4.802272407557979,2.6765623275558534e-8,1.2483244325252877e-7
201466_s_at,-0.9065881711683641,6.079094934807083,8.744690401736115e-25,3.2304092508206554e-23
201470_at,0.25618513699751577,7.500872698573786,1.097930201203207e-7,4.719954352122776e-7
201472_at,-0.17943768680693248,6.88104451842937,0.0019190119477926453,0.004021591353032592
201477_s_at,0.1935322981504465,6.479533998335488,4.852712515508131e-4,0.0011413196307055676
201478_s_at,-0.2954662199691505,6.650188887654945,3.373043386723153e-5,9.822040605717777e-5
201479_at,-0.2810719071459077,7.083432076514547,4.010967795327963e-5,1.1504551001699722e-4
201481_s_at,-0.3907506286291273,7.078677350868471,0.0013881279647950313,0.0029807606508015973
201482_at,0.5864132685706356,4.937931889452209,1.7334087107259778e-15,2.1126288416390674e-14
201483_s_at,0.5023676313746084,5.831086884235888,3.641829189360397e-12,2.933452338768266e-11
201484_at,0.30109166449853353,4.971057508651227,3.794673112916891e-5,1.0936866574839563e-4
201487_at,0.3077423076044389,6.76233296469268,2.735580647361311e-7,1.1029836460361959e-6
201488_x_at,-0.1242121605938476,6.608367949618409,0.001221974497576406,0.002651075899663029
201489_at,0.35829836098521184,6.40587800147467,3.3952546721920457e-9,1.8123250275631982e-8
201490_s_at,0.24369386484352107,5.403094234911174,8.380712520156433e-4,0.0018786895423401522
201491_at,0.2571408112194428,6.541646043451952,6.87358013808302e-8,3.035311789747873e-7
201493_s_at,-0.20926402864363097,6.303607139900172,1.155617473759912e-5,3.644430378684115e-5
201495_x_at,-1.00543250072447,2.9228028280108553,6.880298483467601e-8,3.037026685347689e-7
201496_x_at,-1.4564602184480437,5.170105242876938,1.6375987737080096e-8,7.923936613700953e-8
201497_x_at,-1.0865978256126037,7.209902822147445,6.241388101342588e-7,2.3871471163756924e-6
201498_at,-0.31503523240595616,6.331514085747699,1.1513584736107142e-8,5.702498071101054e-8
201499_s_at,-0.1519562360730374,6.626437048251694,1.7550492813420525e-4,4.5034354373694395e-4
201500_s_at,-0.15547367661676018,7.282411470184365,0.001408980081454638,0.0030225077318028707
201501_s_at,0.17320391061328325,5.240645833564703,5.774758421641228e-4,0.0013405197610193386
201502_s_at,0.4162034067787846,7.558527422340791,5.4080825698406683e-8,2.424133413000129e-7
201503_at,0.1960461799186374,6.377916567077353,1.9893127572288475e-5,6.013405070031784e-5
201506_at,-0.9455779552343224,8.8769445586161,5.927713006353986e-19,1.0967804738699524e-17
201510_at,-0.4204791179853487,6.121478715853588,3.467153132938044e-7,1.3772195592571474e-6
201511_at,0.1867963395240955,5.399291474678852,1.7332760563903756e-6,6.220631957155811e-6
201514_s_at,0.19180426511899543,5.234294241614423,6.400393358260699e-4,0.0014717195545620703
201516_at,0.24397651733680334,5.294743643078456,2.734662679218295e-4,6.73017258958548e-4
201517_at,-0.2108033653940502,5.5190245058655965,9.034729870957297e-5,2.4373976607294264e-4
201518_at,-0.11953386962386421,5.848524115990956,0.02094781463281923,0.03515255923580708
201520_s_at,0.21849900531796945,6.504729976026594,1.5450932349992406e-6,5.597762538568436e-6
201521_s_at,-0.17220096548475114,4.991018677760373,0.0028640282148916763,0.005795680820954765
201522_x_at,-0.30439457638558093,5.514687090848637,0.009832127190649777,0.017795502381049343
201527_at,-0.2452821590475171,7.262141831566296,2.118839578149104e-6,7.518757337102138e-6
201528_at,0.40148014824054945,6.140188103156073,1.223231988323328e-13,1.1834734455983809e-12
201529_s_at,0.3552311870972544,4.620587892118619,1.729502062110671e-8,8.32726093995129e-8
201530_x_at,0.31052507969977844,8.981192669536016,9.627342036571828e-15,1.0687846138631502e-13
201532_at,0.19995228917226107,7.150457412753198,6.746661257165588e-5,1.8623288340122377e-4
201533_at,0.8471644345555934,7.6680875621912,5.583236535847575e-42,9.345814532583604e-40
201534_s_at,-0.5165806859979177,5.907078562237516,7.949705874764352e-13,7.021038667465004e-12
201535_at,-0.5647616926992529,5.541749975941148,3.610419724294194e-13,3.342992783609654e-12
201536_at,-0.4069707840076225,5.723180208144232,2.2036697272286943e-12,1.8272379092725233e-11
201539_s_at,-0.7896075467404323,3.607216219760511,3.2533031719602487e-7,1.2977924399199386e-6
201540_at,-0.7126632102050355,5.859026054343794,9.54728722736692e-6,3.0531369572173675e-5
201542_at,0.2829135810243937,6.417989636841844,3.3561225362206857e-9,1.7950145147544783e-8
201543_s_at,0.4716859241412488,5.29865539902759,1.8305658642331503e-15,2.228505920855652e-14
201546_at,0.12624739053081743,6.218492391830204,2.3842961019719954e-4,5.931947083238733e-4
201549_x_at,-0.28633330013879005,5.292519646990301,1.0498335385375621e-4,2.794946992632431e-4
201550_x_at,0.09718257245283808,10.311257359416834,1.9354557083807914e-4,4.914561982432667e-4
201551_s_at,-0.4890775998168168,5.708870929871259,8.181902689859405e-9,4.132613084227431e-8
201552_at,-0.2460467666293134,7.67494551806397,1.6564848997733216e-5,5.071712698277106e-5
201553_s_at,-0.25448016963244924,9.070046659343664,2.244333439856487e-8,1.0596537744020514e-7
201554_x_at,-0.17090701884667478,5.988870522432921,0.0024232704379631084,0.004966614922880961
201555_at,0.14986097975235887,6.16222358460423,0.012151476584059615,0.02153138747023332
201558_at,-0.4409770784441923,6.513290597934179,5.384435755197951e-9,2.8083476263600607e-8
201559_s_at,-0.30093427441336107,4.506585662915881,0.011727362311120725,0.020873107233599655
201563_at,0.19025961859276913,6.540139052517963,0.01751611761968125,0.029894881003607647
201564_s_at,0.9782146804801182,3.92749209542774,7.210064101443232e-16,9.339953654021927e-15
201565_s_at,-0.1765289669900112,6.918915102318333,0.02219289544126849,0.0370158008504296
201569_s_at,0.3486598932697186,5.494852631355539,8.953020116123514e-9,4.494727053587647e-8
201570_at,0.1582221231495885,5.8873417150642915,0.001731334638365431,0.0036576194006722267
201573_s_at,0.380637608573772,5.334541750643991,1.6029473019065218e-14,1.7416201263006662e-13
201575_at,0.1490501599797182,6.246922931879738,2.103183706767194e-5,6.327269601403243e-5
201576_s_at,-0.19737591246649158,6.308808925520736,1.367374790394154e-4,3.574593979866416e-4
201578_at,0.5241162750844159,5.3717669505623675,1.9318660747495645e-10,1.240772257721348e-9
201584_s_at,0.13567526247749373,6.964752560998531,0.020374932422533305,0.03433642457803985
201585_s_at,0.16549471846977715,5.615698327917724,2.0252961244023892e-4,5.120839598943308e-4
201586_s_at,0.18967433124775676,6.6809685915406725,7.148585745834288e-7,2.7137774307272403e-6
201587_s_at,-0.21199294345534767,6.872639637294402,0.001294450723452261,0.0027964207703859794
201588_at,0.4116523158743076,7.493702353016058,5.1407006843370676e-24,1.731834164506384e-22
201590_x_at,0.30451813577614145,9.813860711034286,7.199096468256869e-11,4.859730338023682e-10
201592_at,-0.3689490823423534,8.633972409284832,4.648283684932049e-13,4.248896170364935e-12
201593_s_at,-0.25508541129288953,6.783469495012813,1.6984193634725586e-5,5.1912030359148416e-5
201594_s_at,0.49539977470866503,5.535785759980145,1.290536994846309e-21,3.315473099709474e-20
201595_s_at,-0.12340970728841412,6.562502020618091,0.020160639249337284,0.03400203530827304
201596_x_at,0.2634856514389162,9.791943775681322,1.0316439771320494e-6,3.836168666093594e-6
201597_at,0.094032961389926,8.634444206685924,0.010255565970074926,0.018486938959685797
201600_at,0.1941906586154044,8.548915114138572,1.8071947083642458e-5,5.5001354859960695e-5
201603_at,0.2005648315389558,5.671930031580798,0.0013668027306407394,0.002939092262816989
201604_s_at,0.24375379922079193,4.5354368115391965,2.547016129585495e-4,6.304571117432858e-4
201605_x_at,0.1380294391962945,5.399892681423275,0.01153813699000144,0.02057048786385179
201609_x_at,0.3455375988170594,5.745617330226988,1.9314018245133926e-15,2.343273810420382e-14
201612_at,0.14191527217565608,6.863840646116486,0.0015736358084292043,0.003345576585771396
201615_x_at,-0.4014272089016474,4.161645065993135,1.7565496739243205e-4,4.5062060959653367e-4
201619_at,0.1256472399589857,7.234151289014755,0.01123135200237328,0.020070304253782312
201623_s_at,0.11315235779047962,6.615736103266574,0.02815883985385495,0.045861549915530715
201624_at,-0.25017286843073866,5.525240406714581,8.131132102580324e-5,2.2103227154261104e-4
201625_s_at,0.33649234181526533,4.08043594315228,2.3949116511883371e-4,5.95559157826849e-4
201627_s_at,0.21063013293693386,5.716294029024378,0.028111801380089247,0.0457970997848078
201628_s_at,-0.20277538056623406,6.249953912215771,9.440943835801084e-6,3.0234956836542147e-5
201629_s_at,-0.2517530647268423,5.797050149171935,8.534852738570978e-5,2.3101030163797593e-4
201632_at,-0.18507915386727966,5.7206616277023645,1.7093673427171413e-8,8.237720352014726e-8
201633_s_at,-0.44674512209886236,5.569027925450892,8.663461450061898e-8,3.7712987612561204e-7
201634_s_at,-0.34344668327222805,5.5389349512432755,2.3874201580327455e-5,7.12633941292973e-5
201637_s_at,0.14144224510793194,5.985246896010556,0.013725391048170362,0.024030088952287806
201641_at,1.1080244323355959,5.3939795517104665,5.514174695298001e-18,9.172880979926629e-17
201643_x_at,0.17998941767531224,5.413195814677702,1.818156224461101e-4,4.6475561041879685e-4
201644_at,0.29486115995592843,6.4638303647374284,1.045464516320087e-4,2.784007298865795e-4
201645_at,0.6233416425905215,5.715745411578629,1.0005998656786887e-4,2.673840449243151e-4
201648_at,-0.13179428407991597,6.995507625906041,0.0026366662504681455,0.005369056365950436
201649_at,0.8447543523910502,5.87963763808386,1.2372531428925983e-24,4.5237859794567935e-23
201650_at,0.4712129959808287,8.588557561335577,9.106397815680073e-8,3.9480712181052457e-7
201652_at,-0.24128210427930644,6.881620082185982,1.4426287337532144e-5,4.4589964295147675e-5
201653_at,0.32966030915187705,7.359511256290288,3.574836977618357e-11,2.5047239072089903e-10
201659_s_at,0.2169497492277694,5.948325152606565,1.345628839175651e-5,4.188181799560938e-5
201666_at,0.40447923074809733,8.681494368161978,1.2998528363090728e-5,4.0586777718971425e-5
201668_x_at,-0.3750538257583718,4.118901246064576,6.43791457669246e-5,1.7798549383253245e-4
201669_s_at,-0.5059758474629035,7.513014382015121,5.158181902011068e-15,5.941892765187588e-14
201670_s_at,-0.4251155555146303,6.162499988631116,1.328490507765988e-7,5.620900003829791e-7
201671_x_at,0.32491084456753966,5.206658226211581,1.951723569266858e-7,8.063561356558369e-7
201672_s_at,0.5540147375631798,6.710384269493187,1.8193178871811937e-30,1.1137344300212645e-28
201674_s_at,-0.7412354940271546,6.6065666718893645,1.2673931703837907e-27,6.076106330958731e-26
201675_at,-0.3486464137707145,7.264783560937574,6.960276625119794e-10,4.140490937807867e-9
201676_x_at,0.081511910620704,8.18153508043924,0.025147347506444533,0.0414148399441261
201680_x_at,0.24919840729118925,6.084329898116836,6.372970978962582e-8,2.828236872312599e-7
201681_s_at,0.15725473434770965,5.165770810780408,0.00606348588568773,0.01146859539077907
201682_at,-0.1618501554324151,6.659729084081958,1.3096721025669393e-4,3.4339950443019513e-4
201687_s_at,0.1631772295304822,5.882856495327596,3.424748818000931e-5,9.953698884222455e-5
201695_s_at,0.3431977082132651,6.222004117710442,3.5981504947060575e-8,1.6501278360353594e-7
201696_at,0.2042561857385257,6.026879914665522,3.050414096761952e-7,1.2211915627283555e-6
201697_s_at,0.41399931762664277,5.865716276083452,3.72628044094683e-11,2.605720780931031e-10
201698_s_at,0.15529914126622935,6.861044875089171,5.30905626467035e-4,0.001240207583153368
201699_at,0.19592345521591203,6.045155179875055,5.943619450437879e-4,0.0013752482758648162
201704_at,-0.21566532086554213,6.0472231273270864,0.007052815503325367,0.013134412455267279
201705_at,-0.21825978125721512,6.211679795719741,2.0061201427260588e-7,8.265986572701642e-7
201710_at,-0.28523153629280196,4.546717670249232,0.0013641616074338764,0.0029345910241845618
201713_s_at,0.23728884448058477,6.210016670774927,1.0235146623322245e-4,2.7282688672717394e-4
201714_at,0.34809617976042806,5.177360189129674,3.2719795379881057e-7,1.3040445234548577e-6
201716_at,0.22769715571335938,5.584543309149829,8.832036767439438e-8,3.840805596090555e-7
201720_s_at,0.6866556115068788,5.864628746556774,7.524038877951705e-10,4.445947517898324e-9
201721_s_at,0.6694632447486483,6.593539362073162,6.160905354869574e-11,4.182622247574002e-10
201722_s_at,0.26030791586144353,6.086058531517144,5.149035163534984e-4,0.0012057183323923558
201723_s_at,0.2096490401518408,5.5921635872123225,0.003333900477917853,0.0066510383277344435
201724_s_at,0.3672280313881178,5.554080641928304,4.255471464413715e-6,1.434063095258387e-5
201737_s_at,-1.0257076445525934,6.167379641726342,4.3272829630167296e-37,4.828977331541482e-35
201738_at,-0.11983561915573117,6.627545385384161,0.001241859868486708,0.002690403391526411
201739_at,0.3486876033898647,6.468930519919994,0.005946727641226842,0.011275539798054214
201740_at,0.19157249398034287,6.604511369639094,1.7327393539480787e-5,5.285545757074535e-5
201743_at,0.6298201973545597,5.730059646439975,1.0816594587888602e-7,4.6537420811265296e-7
201746_at,0.3961273290226908,4.879571114777565,2.2859701651452145e-4,5.71119365186583e-4
201751_at,0.21919535960213019,6.165868418259611,2.448148948444785e-5,7.297445655172226e-5
201752_s_at,-0.5163738882226296,7.15267487838103,6.177164799628662e-11,4.19100484473856e-10
201753_s_at,-0.4477952018885851,7.373302409074257,1.231319886428817e-9,7.0056277978362846e-9
201754_at,-0.1507313655521658,9.088661756695348,0.002402866169980593,0.004933289628018799
201756_at,0.31347790924340396,4.830009169608069,2.176378972237074e-8,1.0289297409345e-7
201758_at,-0.187795814703727,6.566103989843251,2.1551872506489778e-7,8.852960512347585e-7
201761_at,0.5116472906027054,6.92838614996727,7.662936877554698e-13,6.774962765046735e-12
201762_s_at,0.5899490571363508,8.214138474788493,9.232414734221318e-27,4.121119126988041e-25
201765_s_at,0.16730893353042456,5.732212623974906,0.003606992507567461,0.007143965748487744
201769_at,0.17195652426926258,6.878287198372743,0.0018380804175167343,0.00386408075213045
201770_at,0.21083281053831898,6.062986349207925,5.16518727763108e-5,1.4508298716639162e-4
201772_at,-0.23224519783405098,6.4975875338553015,1.7727639644805237e-4,4.543449844851639e-4
201773_at,-0.4807145024458862,6.837287457627992,3.4535550220843985e-16,4.683282905264578e-15
201778_s_at,-0.2299398912290615,6.774934127552685,3.81883907071875e-6,1.3005516333999353e-5
201779_s_at,-0.38743172081963473,6.444655503029115,2.5089511785770596e-13,2.3575538610279327e-12
201784_s_at,-0.11668504731052462,6.715431358368262,0.021302741904937184,0.0356922543052224
201786_s_at,0.2385345772056701,7.684307146159431,4.5438402278287595e-8,2.0617602863502542e-7
201795_at,-0.2668321269077601,7.489272947665703,1.6271494961486233e-5,4.989024771677219e-5
201797_s_at,0.2451733313021341,4.400624947052267,0.0012942985610895606,0.0027964207703859794
201798_s_at,0.2032837781320106,6.575540996551948,0.013649889512148952,0.023913534970343698
201800_s_at,0.09316377642622976,5.9342759199894015,0.005916849309041524,0.01122133282695061
201804_x_at,-0.11702771764752906,6.419887586481671,0.019700154214198875,0.033283039283506156
201807_at,-0.12367878234500007,7.2039270956735635,0.0016236208631734432,0.0034450089734951667
201809_s_at,0.2588338293496234,4.396960342958644,0.0022873469591135017,0.004716910100670442
201811_x_at,0.2299783775988126,4.890557160686204,0.007698822806620077,0.014227615788739156
201812_s_at,-0.20079897124932594,8.20759427142144,1.019838875110531e-5,3.250679520695959e-5
201813_s_at,-0.4725051671911825,5.1325961650409715,5.891389681102165e-14,5.909593413262875e-13
201816_s_at,-0.2931281125343294,6.639452082622373,7.913438639622764e-6,2.5581372403825792e-5
201817_at,0.1424853712790857,5.430006719400205,0.002839625816899108,0.005748471537498137
201818_at,0.8390022717137852,4.668532137104555,2.739462814709883e-29,1.505018724819845e-27
201819_at,-0.3714931962018869,4.623219494532555,2.7490751764751904e-6,9.571284486700914e-6
201821_s_at,0.28623555601522677,5.987866218174369,6.12896026739405e-7,2.3483387462300594e-6
201825_s_at,-0.2564639600181734,5.319941886033771,3.407455602772507e-5,9.906125338535106e-5
201828_x_at,-0.27811178382754825,5.972964317477823,0.008513718309748588,0.015604356587226111
201830_s_at,-0.240906088512515,6.991044629237023,2.655710441617679e-4,6.547900106110518e-4
201833_at,-0.26537593292287415,6.4471366715217,5.63144882573015e-6,1.8551571731256795e-5
201834_at,-0.22714159357667038,5.186166751529473,8.864537540399738e-4,0.0019788257106288167
201835_s_at,-0.49740022240258613,4.684086890246508,1.2321707768830524e-9,7.006499751989458e-9
201839_s_at,-0.19992281918626675,9.58584837672776,2.600174822598891e-4,6.427243395131961e-4
201842_s_at,-0.39302578750077233,5.503242223806092,0.01576543516873115,0.02717102750363848
201844_s_at,-0.38027001072753713,5.850896233844967,7.534878932066757e-8,3.30688889796113e-7
201846_s_at,-0.6229788306149476,5.49324784752956,2.715575360987547e-25,1.0735040163195421e-23
201847_at,0.19498299482616088,6.544907785447908,0.012538908455993116,0.02216289824930775
201848_s_at,0.6181076402750031,3.654760382237756,1.0241900684561214e-4,2.729390100340903e-4
201849_at,0.5988933510843213,4.696697309782752,9.276542817649383e-4,0.0020626733749580287
201857_at,-0.19355815669417895,6.264739123581055,3.178911095536e-6,1.0960950938679488e-5
201858_s_at,0.7950242562486889,6.4364036371945454,1.0761626948778555e-9,6.205022039949658e-9
201859_at,0.6631184956594166,7.351986836514731,2.1432497537389764e-11,1.548255874026005e-10
201860_s_at,-0.393036270646301,5.307514748854486,5.591662494719248e-4,0.0013002708987611745
201863_at,-0.10546903703882703,6.029363995207612,0.003482715510106047,0.006922139380290553
201865_x_at,0.3741727155607284,5.135649359998855,5.246669543955788e-4,0.0012275075524000513
201870_at,-0.3621818587401695,5.63323076489802,4.6731140752104696e-7,1.8251210750174904e-6
201874_at,-0.12700774306019583,6.162668964196612,0.002382716471514189,0.004895673486638187
201875_s_at,-0.15104698390239982,5.558670379185747,5.513518252824808e-4,0.001283771376711849
201883_s_at,0.6491608944355642,4.691305997786957,6.492421444743235e-27,2.959715359044012e-25
201884_at,-0.5367843006386043,10.234701281891027,1.6529328815988806e-9,9.203674615680254e-9
201885_s_at,0.17056146542853598,7.161620384382227,0.0011974901213068518,0.002604285763207532
201887_at,-0.2770050389869593,6.2544905357591265,3.3498896136399086e-6,1.1524523902030938e-5
201890_at,0.5948261185216923,7.195410422057894,4.290657409044573e-12,3.4216622639516603e-11
201894_s_at,0.3989543398084864,6.314930277125404,6.504723796688535e-16,8.456930343922849e-15
201895_at,-0.16830260161331684,5.2109782661877,0.003060999604972234,0.006153591437055271
201899_s_at,-0.25027309119550306,6.606479203761229,3.110575470277965e-7,1.243417724368949e-6
201900_s_at,0.20895983723904124,6.898991183420866,2.2753346769715475e-5,6.822183149845002e-5
201901_s_at,-0.1629292221897293,6.8461238564529125,0.002068963055209514,0.00430384489523486
201903_at,0.27646966143952384,7.721605820806525,2.59838442524902e-7,1.0512270524053155e-6
201910_at,-0.7758091209857694,5.151879827164222,1.5848574000025647e-21,4.023359555978075e-20
201911_s_at,-0.945076810481666,5.149705147866268,3.472199774449735e-23,1.078193512570435e-21
201916_s_at,-0.6317444300874114,5.661694354414012,1.1689746264556818e-23,3.7513534878260877e-22
201917_s_at,-0.6670478972091066,4.842156733408708,5.3889744264281894e-20,1.1253817354839219e-18
201918_at,-0.27967662555813794,4.7253539837771275,1.520657746928713e-4,3.9445051919727124e-4
201919_at,-0.18408395828930726,6.043799937676988,0.003732531839579619,0.007378965417497039
201920_at,0.4897178790916301,6.251693900140037,3.556954791800729e-11,2.493825699251388e-10
201922_at,-0.1546814155172344,7.915873932621854,0.005261483546868734,0.01006789154367711
201925_s_at,0.9473872280876031,6.441757391720705,2.636702361893368e-16,3.6307188178616515e-15
201926_s_at,0.9511684680245914,6.890122299302645,1.5926636712934689e-16,2.2539241625583794e-15
201930_at,0.34303948761774994,6.8453379423066165,7.773293477487651e-9,3.942958950015398e-8
201931_at,0.21781297098321387,6.941779854271224,3.649702438857972e-4,8.774520248538027e-4
201938_at,0.2728276035669451,7.646859943885776,1.2232132820033649e-8,6.024958110391746e-8
201939_at,1.2616752123563133,4.325438144310133,2.017396969046078e-33,1.637301040105351e-31
201949_x_at,0.1594241773064955,6.668967415649744,6.510459250650685e-4,0.0014941420298247815
201950_x_at,0.17449969252692737,6.874614577603276,0.0019869212669814938,0.004150914105532906
201951_at,0.3390896848749793,3.8201722511006575,2.929847097463921e-4,7.173311252502063e-4
201952_at,0.3200583918322645,5.909574565262646,0.0010405528735003946,0.0022894727734256983
201953_at,0.4231472111217873,7.10435760535084,7.097877020260765e-11,4.797448360760478e-10
201956_s_at,-0.1836037224986622,6.232571512597916,4.8323638738355525e-4,0.0011375327220479077
201957_at,-0.32658812750215827,4.575224886570113,0.016867249263710485,0.02891181461794087
201963_at,0.3231144729520865,4.865015413476082,0.0026442029590466117,0.005383380140681557
201967_at,-0.13929307872121668,4.954121883120112,0.009614373949875833,0.0174337826887305
201970_s_at,0.39398969341163836,6.2426710903409335,7.551234285486662e-13,6.685650652927158e-12
201973_s_at,-0.26650462526961205,8.014647676434057,6.671112553337971e-12,5.17131901475468e-11
201976_s_at,-0.39560913266634234,6.579755970480329,3.5193631991873446e-8,1.6153786612208237e-7
201980_s_at,-0.19121173344145787,5.7621077902811155,2.043945052875786e-4,5.166772853104836e-4
201983_s_at,-0.8487570758768014,5.3590440775315775,9.308674711827397e-16,1.1787687019835331e-14
201985_at,-0.36477831363358365,5.095885355764088,4.590918625932806e-9,2.4144580873646614e-8
201986_at,-0.9353782689947884,6.038198448686192,4.5215573059539815e-45,1.1008964413337501e-42
201987_at,-0.43648041953088595,6.758083094320784,4.05393855708349e-14,4.148027102391158e-13
201991_s_at,-0.49408603872547635,8.13055584018056,3.884740524323434e-14,3.9863242564249954e-13
201992_s_at,-0.4180283014942852,4.837131373452242,4.984601668077557e-7,1.936889287998363e-6
201997_s_at,0.21914963841648832,5.187969601154448,4.507262206513721e-5,1.2804640683739457e-4
201998_at,-0.7980940462798252,5.991655348568917,4.187199886376223e-11,2.8958987981115866e-10
202001_s_at,0.252619782483015,7.2507932333393175,1.2500207242375472e-7,5.318297068608754e-7
202004_x_at,-0.18613399699227035,6.220186446700896,1.0897951692713635e-4,2.8919929770631947e-4
202005_at,-0.171105520647017,6.749004229680077,0.005100788192842777,0.009796476140180112
202016_at,-0.448778250989289,7.143245592273685,6.056338227835767e-10,3.6388980053171378e-9
202023_at,-0.21453961710555933,6.297720789360196,0.004454980343200137,0.00866961024826577
202025_x_at,-0.1230123736500448,5.021254912607192,0.026700473938341646,0.04371060166587012
202029_x_at,-0.09096676953273708,9.74792546519993,0.0020724325920937078,0.004310225268705084
202031_s_at,-0.09743440168303626,5.882643045822649,0.02658394425916101,0.043539794350770815
202033_s_at,-0.613784101011607,5.780519901385702,1.1043080373860074e-13,1.0764742497285074e-12
202034_x_at,-0.42445821942831186,4.203329454593014,2.0004497704802604e-7,8.245793917335526e-7
202039_at,0.27410856292461366,4.5827444429171615,5.343832503495897e-5,1.4974752186751645e-4
202040_s_at,-0.19345924295597614,5.1408349218732345,0.0018384689460946423,0.003864139262215402
202041_s_at,0.27332565934837955,5.914538116020221,1.4664175687442943e-9,8.281355516055679e-9
202042_at,0.18009524754638923,5.554793917015307,2.7579763167089473e-6,9.596037765801545e-6
202052_s_at,0.22570762383440687,4.625068189183363,0.022803053274561558,0.03792131476721173
202053_s_at,0.31292464251757346,5.915163742599866,2.3582012389583665e-5,7.048942486875272e-5
202054_s_at,0.24758019784360108,5.658546041316817,0.0014367121145498134,0.0030764535045317114
202060_at,0.26375511714796207,5.4490849580098235,8.698090285404536e-10,5.097518666714375e-9
202066_at,0.2119736797118239,5.028574719707031,3.919149477079591e-6,1.3320383359122353e-5
202067_s_at,0.27620173435896184,4.58211234838518,2.2477141431751882e-4,5.632692775634103e-4
202068_s_at,0.4165234197897978,6.733023401404622,1.2209667194286908e-8,6.016658907653893e-8
202069_s_at,0.3713429626655177,5.27352589047919,2.2257859696929883e-7,9.104560936739588e-7
202070_s_at,0.36592218358677436,4.835637072926443,1.3937922640129977e-6,5.092665936006564e-6
202071_at,-0.207469245038086,7.33809595875488,0.0036054027409280036,0.00714213749326215
202072_at,1.8986252601099591,5.188373863700916,3.533467839907218e-139,1.8927020484463016e-135
202073_at,0.25058642905112155,4.5475064349605425,0.0031586190260519107,0.006330829864563914
202074_s_at,0.3225024285107925,5.482843642768566,2.5019971472500716e-8,1.1734807994029783e-7
202075_s_at,-0.4863902427956192,5.038581745054658,1.5944498905583838e-4,4.11797051049951e-4
202078_at,0.5197019232462057,5.128774260080983,6.189876021003176e-23,1.836901435263352e-21
202080_s_at,0.1266199719574053,5.226170202392022,0.013098727842212424,0.023049716060056125
202084_s_at,0.22391734356429893,5.346162356629643,6.298208844357202e-5,1.7430305179436505e-4
202086_at,1.1251673597648433,5.790131655809949,2.013482756593863e-15,2.4291036904718533e-14
202087_s_at,0.6133115455590497,5.90403153416862,6.239599820837537e-12,4.857909366325039e-11
202088_at,0.5384059819904043,6.252863052246287,5.434009357421242e-14,5.467769793815781e-13
202089_s_at,0.47914619502874967,4.536923112738354,9.374004067661718e-10,5.4667232213859545e-9
202090_s_at,-0.16622777566673805,7.861856892074542,2.3897667736263772e-4,5.944177256990801e-4
202095_s_at,0.44550458328198833,5.3723030695941345,1.4187894302456512e-7,5.969949397573315e-7
202096_s_at,0.265458956085683,7.237344206278285,2.753888240143123e-6,9.58492680852933e-6
202105_at,-0.3925691502283092,6.842205983684906,1.5599448320607205e-12,1.3252727189426247e-11
202106_at,0.1643780053416654,5.060607602168633,4.747575849562057e-4,0.0011188029053312433
202107_s_at,0.3630164377348959,5.782544377259594,1.45179129252601e-6,5.291949682487631e-6
202109_at,0.17210283615777183,5.921101236119473,2.85023778465717e-4,7.0001369525521e-4
202110_at,-0.15230839265467808,8.606466274784918,0.002002049966473301,0.004179909882568958
202112_at,0.3699062602863942,5.2727628777068185,2.5068113213331936e-4,6.213310320014807e-4
202113_s_at,0.17178680146572445,5.432431441516869,0.011914898167933155,0.021154177009126265
202116_at,0.16720709945140586,4.886139441227468,9.767787415219168e-4,0.002161584519298553
202118_s_at,-0.26908477659268715,5.911502222361914,8.441320838774043e-4,0.0018914844205351667
202119_s_at,-0.2656129906575831,7.077522527411213,1.2016423037337482e-5,3.7762376063067306e-5
202120_x_at,0.165349429396279,6.260056670339083,1.243615564825537e-4,3.2750377448318525e-4
202121_s_at,-0.2797714404709254,6.775639040516529,1.48981687435515e-8,7.238280351458831e-8
202122_s_at,0.22099772532636913,6.127052246065442,2.999939126391119e-4,7.327263069982964e-4
202123_s_at,-0.17060583640115656,5.379945967576871,8.566438280110562e-4,0.0019171141277381336
202124_s_at,-0.3798347865279387,4.383248546530546,4.574978186867116e-7,1.789402749759307e-6
202129_s_at,0.2429529641131766,4.766133806647704,0.014454606116023437,0.025146507846859224
202130_at,0.34057856659885427,6.610952361919573,1.4527179105945385e-5,4.485004892276453e-5
202133_at,0.3142540318663906,5.401288769590461,0.021512831203352446,0.035999212852470285
202136_at,-0.32028783923087917,6.125975829021773,1.893759264315639e-11,1.3763801220226214e-10
202138_x_at,-0.22919920034029778,6.339505700298994,3.830932281942269e-6,1.3037095786673292e-5
202139_at,0.49050726331726,5.286942158161743,1.4371383966445004e-13,1.3845380974147962e-12
202142_at,-0.12627845260773288,5.275788043436893,0.0033105465443615677,0.006606908556211899
202143_s_at,-0.15741480748079975,5.548064720671122,0.002141545502927153,0.004438668570613995
202145_at,0.8263825594500627,5.029501027901705,1.814759179375926e-11,1.3198584581571144e-10
202146_at,-0.22343539366902107,5.468965366012404,0.007874853019172687,0.01451116720712696
202148_s_at,0.20019279753443697,5.63839726789236,7.693840622315187e-4,0.0017389053710308564
202151_s_at,0.1532625378251441,5.1052515097836615,0.0020952901364258273,0.004351850180599048
202153_s_at,0.2289088332944542,5.316508129521663,2.2500629665679517e-6,7.937084149108484e-6
202154_x_at,0.2382029355523769,6.91617744538151,4.1256747792111704e-7,1.623149243837285e-6
202157_s_at,-0.6655148568911391,6.562996845522981,6.189737070529754e-14,6.191470890437465e-13
202166_s_at,-0.23214864548645997,5.393497149249162,1.3862540660758397e-4,3.6177685285920753e-4
202171_at,-0.17038211997693367,5.691113478511011,1.813942828032317e-4,4.640107334458026e-4
202172_at,-0.18590302996084007,5.242194365533983,4.907671997123086e-4,0.0011532329481285285
202173_s_at,-0.36890569922740857,5.102328350757939,1.140288726596973e-9,6.536069089370451e-9
202174_s_at,0.18877641255187283,5.7594210839748445,0.010584154266480607,0.019014610338652885
202177_at,0.20174058852390964,4.91917706190158,0.022428848819318656,0.03739188568337391
202182_at,-0.14051328213442607,5.049125071303012,0.011927565973844218,0.021173158952409794
202184_s_at,-0.14185997417792184,5.277577166539677,0.003927831677420397,0.007725144255591099
202185_at,-0.31784405231472285,6.996797403616454,1.4718734020248997e-5,4.5402187606947166e-5
202189_x_at,0.14347125463113983,7.296646730946862,1.8248351022049007e-4,4.663515851603316e-4
202194_at,-0.13142527446163765,6.815002561054897,0.030179516248178394,0.048772538477407625
202199_s_at,-0.2502880529044818,4.560385075018735,4.920699597689054e-4,0.001155787213112099
202200_s_at,-0.35794015146471875,6.777406449437704,9.154718578181602e-9,4.5872076767099864e-8
202201_at,0.23695065779673694,5.831832487014564,5.267154510022412e-4,0.0012317621974649662
202207_at,0.36983767902350106,4.958131822927817,0.004887580937483642,0.009432652600119303
202208_s_at,0.2688790235332966,4.269635939495588,0.003449407439035796,0.0068597553173177055
202209_at,-0.11045682951225613,6.9252117153098345,0.015915999600449652,0.027395260880401208
202211_at,0.4246398160165892,5.582628630436619,7.415796317209007e-11,4.990290574513824e-10
202212_at,0.13972212180196128,5.009704195192117,0.004005185103224901,0.007864286658879832
202213_s_at,-0.20890233666192498,4.540533841819584,0.0026716844022749205,0.005432103815063812
202214_s_at,-0.3966622042492374,5.446485396377406,4.319239491952286e-11,2.982707575902773e-10
202219_at,0.33548651161743703,5.346461037610453,0.008542095574358961,0.01565264487582216
202220_at,-0.21774223513841362,6.043473415098525,0.001326092952201284,0.0028572875697772237
202222_s_at,-0.7539362244489496,5.252477375316629,0.0028771449507216753,0.005815632803222889
202223_at,0.7293317826917021,5.871616472169681,3.375172174019095e-26,1.434849980169308e-24
202224_at,0.41154588928408986,5.5663017361787,2.2915455154112377e-14,2.430626446198078e-13
202225_at,0.2783081477523984,5.539895117612355,7.859320264469908e-8,3.4388421860571176e-7
202226_s_at,0.34412477878814773,5.582520286761415,7.298236714684498e-10,4.3220569333562754e-9
202227_s_at,0.27629521963942344,5.461224092396196,2.2978077571261635e-9,1.2597960338839606e-8
202230_s_at,0.13088805047757357,5.5926120955439345,0.018959626684779043,0.032128200043346704
202231_at,-0.09690736069079506,7.901878847070408,0.01224281849730394,0.02168247884966393
202234_s_at,0.34549073411014763,4.179660381380231,7.789017292982463e-4,0.0017589321724224521
202237_at,0.38867988725135255,6.430338340613508,0.0045899150131347806,0.008914387152957379
202238_s_at,0.32556094991008877,5.355432428953573,0.01809113176043447,0.0308075496025329
202239_at,-0.4584475014686954,7.132454645980092,2.085331668498548e-13,1.9822678052018583e-12
202240_at,0.40021599276081427,4.367858752047555,1.5655826293932798e-7,6.554156587999299e-7
202241_at,-0.28995005412930835,7.594244981169406,3.2739254025967264e-4,7.945981612600528e-4
202242_at,-0.3406982308074227,4.221199812069145,0.02897005576247874,0.047045051899868844
202244_at,0.10789042182198162,8.145932918785828,0.0014773960230760952,0.003156000716892165
202258_s_at,-0.3990805686828764,6.311749356455478,3.220744667733686e-7,1.2855379145093509e-6
202259_s_at,-0.77394626094331,4.559745219681751,2.2218928087012225e-13,2.1046098726451103e-12
202260_s_at,0.2610213579958264,5.0411853796914485,0.023847645681405686,0.039462617044688494
202261_at,-0.21803443901067812,5.230965106685239,3.0306605125717087e-6,1.04835214953764e-5
202262_x_at,-0.6561475772132045,5.210672314373485,4.006603831084876e-18,6.770149344229066e-17
202266_at,-0.26141710973773735,7.520508027522283,0.006837563513756406,0.012779277376635098
202268_s_at,-0.1823637160862373,6.830767494279036,4.1016005051498024e-4,9.771057641020642e-4
202269_x_at,0.9495122701022178,5.465785830058738,4.0215880651601236e-20,8.548268440885e-19
202270_at,1.2424471820392098,5.7963767685386545,3.4332805063830617e-29,1.86704233831887e-27
202271_at,-0.13146259843274163,5.29992257419193,0.024217786485677042,0.04001930381321273
202274_at,-0.7152090676173509,6.93538270070072,0.00108538058623638,0.0023817456412024455
202276_at,-0.2532825178868107,6.730350256263847,1.2970793038252664e-8,6.362459057637398e-8
202278_s_at,-0.1436114428664867,4.656427866219459,0.030085024782239587,0.04863450588382869
202279_at,0.31229900664406396,6.305158251302588,5.114986357418664e-7,1.981086364679181e-6
202281_at,0.12108345713526801,5.097354282782536,0.01924013030805223,0.032557181486362906
202282_at,-0.1657338751045362,7.02729635549466,0.009192388792118231,0.016730897235807445
202290_at,-0.3178607445987876,5.586955310116565,1.2313422168760798e-7,5.249251559647211e-7
202291_s_at,-0.6592018874109682,6.644821528964841,5.179336595836945e-4,0.0012125487970105155
202295_s_at,-0.3706025669455283,7.257426503466209,3.269167897125571e-5,9.535147204439491e-5
202296_s_at,0.409189884694926,6.285400612786557,4.790773122689908e-15,5.530555222346658e-14
202297_s_at,0.3835117245182482,5.900771001263682,2.0041628524038499e-16,2.7956506038805266e-15
202303_x_at,0.19896017625240775,4.732611003994462,1.7424986579342783e-4,4.47444585868886e-4
202305_s_at,-0.1838833683970299,4.903281590689057,0.0018820459260932617,0.003951079366301609
202307_s_at,0.8211696482266595,6.112959168483192,4.2183018791673764e-23,1.2985824146988535e-21
202308_at,0.7020979397702996,4.244047155834217,6.895601211925824e-27,3.116986319973053e-25
202309_at,0.16053353730293649,6.654926276875404,0.006072145377923081,0.01148294676675904
202310_s_at,0.5135096462180666,8.962793447881308,4.471827124057613e-4,0.001058243516236563
202311_s_at,0.49837044313419726,5.408704823074773,0.0019555500399479507,0.0040917592925707805
202313_at,0.5272938596354595,5.895657166681248,1.1076906982460088e-18,1.9777817417182488e-17
202322_s_at,-0.3133696663897907,5.623398776657493,1.3847708548630299e-10,9.062339748410286e-10
202324_s_at,0.11401559958640652,6.078970170629937,0.026273114023978278,0.043103196100900354
202329_at,0.30305391869806286,5.4829774134060365,5.18353495266928e-9,2.7075187687930764e-8
202338_at,0.6051112802938382,4.699130976965641,1.2316746914872127e-15,1.541463898353097e-14
202341_s_at,-0.23614652246971493,5.717374486064745,0.005546419478510813,0.01057085783193139
202347_s_at,0.2539025652578917,5.971920602545998,9.892973851648593e-10,5.7288339931195336e-9
202352_s_at,0.17753172415592477,6.125131120192845,4.636697385561321e-4,0.0010945998036914597
202353_s_at,-0.19156937313049122,5.220723932614527,0.0029876884012058126,0.006019767884543515
202365_at,0.23614402903092319,5.226622723081537,4.350722973087674e-6,1.4636266270074239e-5
202367_at,-0.5144242254247475,5.645935522736264,1.4004547893445264e-17,2.2392645012310314e-16
202369_s_at,0.3294735877544924,5.353913040552378,1.1222939064259568e-9,6.443266141233266e-9
202371_at,-0.2270272006666256,5.800796602825646,0.002209880433585847,0.004570356966217216
202372_at,-0.3278868265887396,4.983704346320499,1.903897214422528e-9,1.0535356848196561e-8
202373_s_at,-0.5902073690805839,5.327754062860849,2.5339211959550018e-26,1.0945926521074974e-24
202375_at,1.0085726687031904,3.993936785294618,1.2870565202429536e-40,1.9420051410370088e-38
202376_at,0.4638481885020785,4.121735280706872,0.01362656851507558,0.02388439602454265
202377_at,-0.17233190112556943,6.342221441432099,0.003204436142124527,0.006409470573297248
202378_s_at,-0.7524050591418496,6.542698675598018,3.3703169629308084e-19,6.367937499802073e-18
202381_at,0.3330160025400566,6.771365589420893,9.908303013659045e-7,3.6933768331708192e-6
202382_s_at,-0.15583005715241813,5.67117374767542,0.011439296758055524,0.02041125685693685
202386_s_at,0.1381964152616532,4.851564685391614,0.012665132887623035,0.02237861926853135
202387_at,0.38728121490887735,5.303040128661454,1.008965075267718e-11,7.665987837831959e-11
202388_at,0.737989596368209,6.277571858502372,7.429589773504049e-8,3.264692175699298e-7
202391_at,0.4342411944495319,5.514438714332165,1.8771499563759644e-4,4.7846555990139675e-4
202393_s_at,-0.29184297978869245,6.078278027009599,6.987354858983568e-5,1.9238121974888452e-4
202397_at,1.1613261335668854,6.360489910407677,1.056947026538435e-53,5.1468515887755703e-51
202404_s_at,0.30570340397046103,8.980619154774558,0.018024122145385593,0.030703199323185857
202406_s_at,0.16927991377695023,6.076182392519391,2.8959625896686495e-6,1.0050031494370017e-5
202408_s_at,0.16707976375541472,5.203695459418411,5.115143370842464e-4,0.0011985680431285065
202409_at,-2.8040824697713846,7.295968475278238,2.3696823724580474e-14,2.508538266417299e-13
202410_x_at,-2.4048357483712306,4.62737041400328,1.0487447048379731e-16,1.516221595537005e-15
202411_at,0.26449904835222987,8.178544224490356,0.0068702045010358825,0.012835804119218244
202414_at,-0.14862233501189637,4.978682939212203,0.017563183008141033,0.029965660067879422
202416_at,-0.12896841984298202,6.089005225534553,0.007065093833981657,0.013151755037957513
202417_at,0.1541221538140232,5.378940471371755,1.9592322248663285e-4,4.971400953337987e-4
202419_at,0.6632206358930867,4.734119870206062,2.403872878933804e-36,2.5247735443154746e-34
202423_at,-0.6012554114349765,5.685566751576271,5.631421098789293e-22,1.4970077973034665e-20
202424_at,0.19756997646826735,6.125217888672288,3.61015108401905e-4,8.691062620913325e-4
202425_x_at,0.392929329854954,5.485083918620332,2.7512776215048047e-12,2.2516758715951852e-11
202427_s_at,-0.3344453464413032,6.833348669978713,4.095344373350858e-7,1.61299353940102e-6
202428_x_at,-0.19281525882468406,8.49713975635717,1.6816359914442633e-5,5.144307931565504e-5
202429_s_at,0.30005834145968124,6.150925286505852,2.969149637421753e-6,1.0284028472583007e-5
202431_s_at,-0.40346119881124853,8.221324428159782,2.4656062075371338e-5,7.341311645732438e-5
202432_at,0.2992132626127241,5.446799703699121,9.679877602335434e-8,4.178103495319078e-7
202433_at,0.31672089874913373,5.602180912085591,4.0169260000280795e-10,2.470340312187188e-9
202436_s_at,0.4909264389295563,2.958741111587184,0.008814736275650258,0.01610922376681017
202437_s_at,0.9305239273233121,2.516632428747492,9.171986814791754e-6,2.9410204952668082e-5
202441_at,0.1329102868403687,6.334700926583385,0.0018938200500534937,0.003974239803373767
202442_at,0.17929588481886258,7.337349947525729,9.905934417894583e-5,2.651068584034591e-4
202443_x_at,0.2019561610852802,5.887811713794902,7.911461671728657e-4,0.0017824498189112324
202449_s_at,-0.1433233416523836,5.0419270868921595,0.013182936664782046,0.02317886106840802
202451_at,-0.22335925080588562,5.017402520434796,3.1600787410741504e-5,9.25223382157075e-5
202457_s_at,0.3875778194920815,5.960520137662109,9.41523658959213e-10,5.4877737375522684e-9
202458_at,-0.7309819353909169,6.678075782261172,1.747057286188402e-12,1.4748798035410835e-11
202461_at,0.353822625677256,5.1484776449099945,1.1853578076579781e-13,1.1492070763294045e-12
202464_s_at,0.5707134153913509,4.581036350939418,1.606567662127143e-14,1.7437851432997043e-13
202466_at,0.20605333337846266,5.083736669236857,6.402262075117459e-5,1.770455178387541e-4
202467_s_at,0.17140146531583514,6.794253749578801,0.004049684192233945,0.007948748030670989
202468_s_at,0.14213244975298564,5.005107711213053,0.029748842064480845,0.048142246204861266
202469_s_at,0.1417235860208477,5.925481796037551,1.0374533116190944e-4,2.7633608471843254e-4
202471_s_at,-0.1757375062060014,6.170808818106227,6.519878002633485e-4,0.0014959831450463165
202478_at,1.3951525616604368,4.3877855317764,9.635914406224071e-42,1.564084106573916e-39
202483_s_at,0.137832220943828,7.1535250467983245,0.02747842977426655,0.044860776923455886
202484_s_at,0.3698812313257176,6.218600204356489,1.795124031142362e-18,3.142347017259497e-17
202488_s_at,-0.27652139013987875,6.193224702980082,0.027115360807270988,0.044301793553194156
202491_s_at,0.15582974130378302,4.925852558069673,0.001638884263189997,0.003473954711427471
202497_x_at,0.5401830138251155,4.605966908048593,5.876527151530958e-6,1.932920951008632e-5
202498_s_at,0.5326712339486411,3.7193363160890174,3.941598897284263e-5,1.1317702757064141e-4
202499_s_at,0.7550495376564684,4.907950829441315,7.233764185862419e-7,2.744168403794054e-6
202501_at,0.3186973340709277,5.5460366231378275,2.2379061790418903e-6,7.902006887302496e-6
202502_at,0.2068844089443119,5.707576880804827,0.009910737516218814,0.017925667906677722
202503_s_at,0.2838410265912988,7.225689963621033,8.255643272239497e-4,0.0018549225330432412
202504_at,0.5417656999068284,6.100495543128713,1.6460372584911525e-4,4.2409805556074354e-4
202505_at,-0.22724232306627656,7.195033837487259,9.152098263550414e-4,0.0020366935749359283
202506_at,0.27377634963772063,6.184513199636895,8.845435163179073e-5,2.3887357424536782e-4
202510_s_at,0.7048344920172203,4.007819691486464,3.3349360172277137e-14,3.458583693374685e-13
202514_at,-0.16468671924385914,4.733381925944564,0.010814269850645312,0.019383181012207335
202515_at,-0.29194234466953223,5.718216070695512,7.62005506889249e-9,3.8736041787975177e-08
202520_s_at,-0.978155554959749,5.197389745941914,7.519611933144224e-44,1.5795608360740014e-41
202525_at,-0.2395424687158976,6.050496436418547,0.011394863748984485,0.020338749640598265
202527_s_at,0.5457193012168565,4.665160550754747,3.189821297217102e-14,3.3241785561368494e-13
202530_at,-0.21904990625866616,5.506170093820895,7.801218345149708e-9,3.9552509290860774e-8
202531_at,0.8857542475158594,5.28624591403921,1.5490887180357024e-33,1.276568264332037e-31
202534_x_at,0.49199478311744993,5.571881034370048,6.163387366004817e-12,4.805558140612053e-11
202536_at,0.13944167991833373,6.035138131561293,0.03023818394935165,0.04884524497126119
202537_s_at,-0.13946357123887276,5.748592191202558,0.02099240193033042,0.035221864037530116
202542_s_at,-0.12135416271031443,6.35952146537596,0.006235852927138732,0.01174691267952123
202548_s_at,-0.23993250517571166,5.780309352747078,1.0267794028055617e-5,3.27182859674479e-5
202550_s_at,-0.4814542835753053,6.298716604539682,1.759242096320142e-19,3.451787651625949e-18
202551_s_at,0.21105742752609966,4.752220104430264,0.0010902232461052711,0.0023895774516817115
202553_s_at,-0.11651643464725547,5.65287874632385,0.010078823185069271,0.018186699137889017
202555_s_at,-0.5392487410522331,6.619245792372196,0.0016781753802074385,0.00355161850022961
202557_at,0.32085848703981396,4.564746288410097,6.168562851138139e-6,2.024626649027049e-5
202558_s_at,0.5113955621976117,4.374770726774303,8.506435055607929e-11,5.677846651135685e-10
202559_x_at,0.06926918264886717,5.8657886811548625,0.02249561287940746,0.0374973550298883
202560_s_at,0.23643325521585037,5.611870414363792,1.0010787803817389e-8,4.999793461179286e-8
202562_s_at,0.12620357399169002,5.2237009418136875,0.027881907926918612,0.04547790493621789
202564_x_at,-0.20806914577880817,5.40394226028495,1.3163110591688217e-4,3.449520640135907e-4
202565_s_at,-0.24428061040321875,5.111196210700228,0.012382424019100655,0.021900760857953658
202566_s_at,-0.2360141249357551,4.429352505240735,0.013579042130150381,0.023808883525417518
202567_at,0.11388420890401729,7.080925378736588,0.012132499195430621,0.021504874897526182
202579_x_at,0.12423184439808099,6.953144518644809,0.003274477986800457,0.006542238469338548
202580_x_at,0.5933982841689927,4.668274065173858,1.738569656243762e-10,1.1253955726489075e-9
202581_at,1.0640506701020822,6.559634028743336,8.452496263144083e-24,2.777656210646091e-22
202587_s_at,0.5014794216980738,5.440332088620322,5.332419304055912e-8,2.3958572941027185e-7
202589_at,1.0486070969130794,6.553820206375944,2.989846504922652e-44,6.672963668174244e-42
202591_s_at,-0.2535797416719253,7.670177968952142,7.434925443398457e-7,2.8145002217359604e-6
202593_s_at,-0.23301026285382215,6.177113832294261,2.118249625083641e-4,5.336972773640886e-4
202594_at,0.30975267568714,5.388581685975584,2.6814301974505157e-7,1.0827803130526713e-6
202595_s_at,0.5126358785146472,5.128650359694963,8.906249556884335e-16,1.13451428659812e-14
202598_at,0.2715851006661561,5.839944530210549,8.866203127992457e-4,0.0019788257106288167
202600_s_at,-0.2707891096640051,5.848013580874084,0.002865266632594702,0.005797091866853076
202603_at,0.2667588581556215,6.670922608338933,9.717430559817283e-7,3.6260130124459267e-6
202611_s_at,-0.3622677052926036,4.379006867700208,3.162912317116267e-5,9.25799990526409e-5
202619_s_at,-0.25798765777936816,5.11740022170167,0.01376246022624427,0.024083181379247774
202620_s_at,-0.2554601786283945,6.133962668566302,0.014860354587374742,0.025760352539570486
202623_at,0.17490568391668793,5.7999296831322065,0.002314272483226196,0.004768763437738457
202625_at,0.7454481227255011,5.240827502193675,2.698150780046652e-30,1.642345983331806e-28
202626_s_at,0.4057745899028523,5.219852455909716,3.515785921849519e-9,1.871068781955981e-8
202627_s_at,0.48015031644899997,4.587531905751239,0.0019823928371296663,0.004144439379523728
202628_s_at,0.3871917546692341,4.737084024564173,0.011105051211577961,0.019867804547367186
202632_at,0.263464839415082,5.0888122590834985,1.1649550657713725e-7,4.992065447843485e-7
202634_at,-0.36344719547865617,5.523427398724474,7.786662220859957e-8,3.411800097017289e-7
202635_s_at,-0.4042370760913876,6.27258180089852,2.5503893495562016e-9,1.3855132404561658e-8
202636_at,-0.14809185810600792,6.100303351751583,0.013327749196414074,0.02340658641658754
202637_s_at,0.7687407475363532,4.482295212920109,7.973028267323068e-19,1.4501706592161635e-17
202638_s_at,1.237253143462878,3.684899815710035,1.0873799074291645e-30,6.852412322522729e-29
202642_s_at,0.20953317201910454,5.2692874401060825,4.20149451273324e-4,9.986822878835413e-4
202643_s_at,0.31099107455015423,4.9817248224729465,5.548060942750247e-4,0.0012915336132047672
202644_s_at,0.1808585295648751,6.0817100817044,0.02447401913168692,0.040405327008439205
202649_x_at,-0.10287369568166885,10.111864248720066,0.0011456628189310618,0.0025022397103381176
202655_at,0.565035312719893,6.280621043939346,6.228852903494366e-30,3.666467096435997e-28
202657_s_at,0.5062349571509391,4.769492007355284,2.0848758388646176e-19,4.053588904130064e-18
202659_at,0.5244589355183631,6.0961718997354275,2.1621872453744877e-14,2.3025359800891534e-13
202662_s_at,-0.6221395193074737,3.7555751742551675,1.4023428871540934e-7,5.903064577635286e-7
202664_at,0.3997558959090548,4.030491465457179,2.225119279640487e-4,5.578680749540964e-4
202666_s_at,-0.18575880229017264,5.87639560844762,0.0022413553797239485,0.00462919610236797
202670_at,0.40564727881343343,5.456164638271321,1.9093957338048072e-17,2.9993191343476396e-16
202671_s_at,0.637656151540689,5.794619745195783,2.609411361459689e-21,6.474175568603243e-20
202673_at,-0.6506912289094827,7.281204596224507,4.549267157776723e-22,1.2184074765315507e-20
202675_at,0.2688977332158011,6.0421475540638605,2.0420136826395446e-6,7.265391093363481e-6
202677_at,-0.17879392275879863,6.545657124968859,0.005420884344160511,0.010351859889303308
202678_at,0.5523927618963966,6.446881123929718,1.3424603262966161e-27,6.363618352042322e-26
202679_at,0.37565657010831427,4.740099785086701,1.8844656571422135e-10,1.2146979894683835e-9
202680_at,0.31592738193649994,5.438507722483962,5.466555432206317e-8,2.4472715564239984e-7
202682_s_at,-0.12565807935087941,5.064909645270525,0.017124301640831795,0.029300853454437153
202686_s_at,0.3957534774142553,4.721104519611611,1.8656635034413645e-4,4.7576417787115774e-4
202688_at,0.2666899076941181,6.7582011027299576,0.0032077906945422916,0.006413785313667706
202690_s_at,0.35916136602116766,6.627710427319418,3.927173530526346e-9,2.0837944543104876e-8
202691_at,0.41283153263651157,4.689538156826635,7.182664035126608e-11,4.851694817674108e-10
202693_s_at,0.49677622697425616,4.8784882192436685,8.347824404816335e-11,5.581814575193703e-10
202696_at,0.13155547211229862,5.38666796557818,2.9008394415585615e-4,7.112999070134327e-4
202699_s_at,-0.34883003629786136,4.956755090287318,2.3649996478002447e-7,9.626231469180859e-7
202705_at,0.30015900975467685,5.903591160817904,3.6395813988295136e-5,1.052952620190672e-4
202708_s_at,-0.28245230728307724,3.627596710643456,0.018875365761237575,0.03200566530549828
202710_at,-0.1492705004818999,5.268769829302183,0.0066599540690339505,0.012485265244536995
202712_s_at,0.40775835593710075,6.475435647114903,2.4048452402305048e-5,7.176352941111252e-5
202717_s_at,-0.3684555329369126,5.324860426857973,2.3124779804983457e-9,1.2665427712207964e-8
202718_at,-0.4587810197229755,6.400367642857961,0.008542986520016073,0.01565264487582216
202719_s_at,-0.18044124874730877,5.457804392121841,0.0051544294005890475,0.009892404544699116
202720_at,-0.23639322430831863,7.076694540907695,2.1773628874709672e-5,6.54308236002145e-5
202724_s_at,0.3613454757723701,4.325580942541428,7.931224979863607e-6,2.56234056722795e-5
202725_at,0.6623438069769997,4.428923715112286,1.2242716417211396e-34,1.1021531174587033e-32
202727_s_at,0.21845676392707744,6.95592863013683,2.327275404106989e-4,5.799511840939328e-4
202729_s_at,-0.443025983081806,5.3069807305679095,4.676488349386141e-5,1.3253761821950723e-4
202732_at,-0.2944630204745845,5.535165472946177,2.01335384021246e-4,5.094251225837526e-4
202733_at,0.2794267486232221,5.903956939530807,1.0721848382970137e-5,3.404361639797246e-5
202734_at,0.1495404672903015,4.86966930059479,0.007243673540879326,0.013449129054322394
202737_s_at,0.15258075251193828,6.609519136041028,0.0018310770945597714,0.0038501136239487404
202740_at,-0.1777680818127779,5.885481556432075,0.02289195345954851,0.03804253194925127
202741_at,-0.8260399373764893,6.2930657224148066,1.1685553094901084e-9,6.676657616302683e-9
202742_s_at,-0.8740498569454482,4.8231428486288594,1.5754568620063495e-7,6.590343366916838e-7
202746_at,0.42003445786137295,3.23175073936278,0.003770359019345741,0.00744413125216567
202748_at,0.6839515957404488,5.39383821167341,6.031326428496444e-15,6.895795093754791e-14
202749_at,0.28646087538805304,5.651710140588066,4.105817167439257e-6,1.3897510052062168e-5
202752_x_at,-0.21919331860513916,4.751086267042727,0.005979483041584316,0.011329713799874916
202757_at,0.11339347915086657,5.168118103583357,0.03065409224599259,0.04944253089902418
202762_at,-0.5222042619596438,5.895017721370853,1.3344907654995914e-11,9.955710007518888e-11
202763_at,0.29229862592894496,5.204731567130245,2.541280090891206e-9,1.3812650235270161e-8
202767_at,0.2731943586481214,4.955378302092003,1.8194232368546415e-7,7.554837649776657e-7
202769_at,0.16700533783773885,5.8245764580139054,0.014278929215068703,0.02488533734846771
202770_s_at,0.26250503257844016,4.75139697796992,0.001598779361167502,0.003397009777109768
202771_at,0.15052516452565912,5.862379487600267,0.024060207773213244,0.03978345514345323
202776_at,-0.15031539594801221,6.016584783865503,0.005699806484086055,0.010836207074359169
202777_at,0.13218157083900123,5.293542827898412,0.014343039675088409,0.024980029902763542
202778_s_at,-0.3471589303269936,4.888475572720925,1.5852388316858665e-6,5.7277111648737565e-6
202779_s_at,0.4736759014678174,6.041009476487426,1.3210917640262108e-7,5.592324603005549e-7
202780_at,0.840401465204389,4.574918955566133,2.2859881255203865e-18,3.9691719268557373e-17
202783_at,-0.16636972382661602,5.085044543711423,0.02176859612934622,0.036381742641760695
202784_s_at,-0.1962780624860258,4.095476094809445,0.021736420345598202,0.036344977549928756
202790_at,0.22218060843986018,7.296035991996959,0.003799469787491736,0.007496081000625961
202794_at,0.7328210574668301,5.689973389648087,9.400672472067758e-30,5.41448409641193e-28
202795_x_at,-0.15947829146675066,6.036806611277276,8.95365084958769e-4,0.0019954329426177015
202798_at,0.15036958157720473,5.99439878621952,0.0013464659901392464,0.0028994352065048737
202799_at,0.17404042307501688,5.667202262996618,2.2766013458954036e-4,5.693559500604141e-4
202803_s_at,0.7602160135109003,4.505817334091981,4.321069875666111e-11,2.982707575902773e-10
202804_at,-0.1714056540229196,5.544510134933513,0.014555395900381752,0.025288997126303878
202806_at,0.8244450633256437,4.14002276560258,1.6967312617568895e-14,1.8305218536960278e-13
202813_at,-0.5434604418004749,5.361168909023807,5.964555173702796e-16,7.811525620522988e-15
202814_s_at,0.5646536662266158,4.795908473899319,2.422929209252568e-15,2.9034497336378925e-14
202820_at,0.2524732523967921,6.219456614967927,2.4884266777138613e-4,6.176671686364364e-4
202824_s_at,-0.2158794732749823,7.321695850582026,1.1393503668342347e-4,3.016772239222728e-4
202825_at,0.2897455691762117,4.996560723233539,3.442190056867371e-7,1.3678109079829431e-6
202826_at,0.26549164645449036,6.365328546309165,2.624151215559364e-4,6.479034794258462e-4
202829_s_at,-0.24165287131888408,5.794035399181419,3.329271454376875e-5,9.69988716092996e-5
202831_at,-0.6467381203861942,9.12531205037219,3.47746003167106e-11,2.4428871684781686e-10
202834_at,-0.9551246119950385,4.892919245154924,2.631816116065563e-9,1.4268545572576103e-8
202836_s_at,0.5448046057822173,6.710407707541656,2.366733032443868e-31,1.5555098758632612e-29
202842_s_at,0.19881625419878238,5.661237774749452,0.0026590534391910652,0.005411557654645495
202845_s_at,0.33288070127564184,5.480226776721227,8.029530625982306e-13,7.079865151946374e-12
202846_s_at,-0.24885754790898493,5.410746154484603,6.167041228008834e-7,2.359959590438442e-6
202847_at,-0.15911332215424592,5.274656671204934,0.02934931842928477,0.04757440586063364
202852_s_at,0.27687856998035626,4.813673522255579,2.330204083774632e-7,9.499039706802751e-7
202853_s_at,-0.2066695180590237,5.344047948396234,1.1952721573819804e-5,3.758424015859453e-5
202855_s_at,0.6461943809203877,4.168744533836479,1.6668647213810104e-11,1.220582485314748e-10
202856_s_at,0.7227008341210015,5.765494021627959,3.619858011839509e-16,4.88407290690638e-15
202858_at,0.08833898464965692,7.712727257052738,0.020484204257539353,0.03448260217017899
202859_x_at,1.3233445300671198,7.263997564154337,1.9898571575433373e-18,3.4718794346517544e-17
202863_at,0.4397824077326684,4.595452205764455,3.018650778904926e-10,1.8878462226741665e-9
202864_s_at,0.3349922134707372,4.737742068611557,1.492677816963371e-7,6.266088343702427e-7
202868_s_at,-0.1394357334935356,6.245095358166394,7.795859890944171e-4,0.001759590204742272
202870_s_at,0.5931715593483685,5.654714393501598,2.0513184045674715e-11,1.4868588679385198e-10
202874_s_at,-0.228230509691241,5.395762166786137,0.00483928894247639,0.009349558600676208
202878_s_at,0.4724781138042098,5.268695098155206,2.1914872586302233e-6,7.750875867185732e-6
202887_s_at,0.43870730674245956,7.214911797876715,2.865173179045255e-5,8.434899771121687e-5
202888_s_at,1.3475413154554445,5.19242110232944,7.997418088612751e-12,6.159334290676377e-11
202890_at,-0.21295671696961374,6.572017261833082,0.0018096795596904797,0.0038103571389473487
202893_at,0.27261196388091147,5.231143749520208,3.631856092057459e-5,1.0512854448584587e-4
202897_at,0.2617705961446399,3.8787627941487592,0.009180575450378486,0.01671223531009426
202900_s_at,0.24471338344294072,5.557019503279607,5.867806422052274e-5,1.6336229261810296e-4
202909_at,-0.7936066553361825,4.918093096488592,5.563082613666701e-18,9.239892099257576e-17
202910_s_at,0.17691013748647988,5.995514378592333,0.001002030783564696,0.002212895441007749
202912_at,0.7311331028700587,6.042352667740717,1.458286220637424e-11,1.0833994647495645e-10
202917_s_at,1.2839840760077779,5.987831195016002,4.341451372485741e-15,5.0389998432762454e-14
202919_at,-0.20924676725793673,5.793484400502316,3.350507662650412e-5,9.759105108747652e-5
202922_at,-0.14131653909301792,4.536123295962636,0.026332652032147828,0.04318764562467845
202925_s_at,-0.9874261289296418,4.914014642449702,3.874664506148721e-17,5.887841255939184e-16
202929_s_at,0.31565360822033567,5.853752391232613,2.3662188303275036e-7,9.627536015684977e-7
202930_s_at,-0.2993667131713877,6.170158951761204,7.45907320857286e-5,2.0415149579846217e-4
202931_x_at,-0.1907651151543502,4.851084145150267,0.0029955256659084353,0.006034423929837734
202932_at,0.24115392439959243,5.004648722295116,5.713865115446448e-4,0.001327247115823456
202933_s_at,0.2256193067396617,5.946868208805943,3.341532857790157e-4,8.097227212283635e-4
202934_at,0.4430881094389972,6.27517138482334,1.6519493998112296e-7,6.894169816976121e-7
202937_x_at,0.35206455646492035,4.346226655255146,1.1582683333092653e-6,4.271438435367352e-6
202939_at,-0.18717894135526955,6.625782134685123,8.800171622033445e-5,2.3777109353554678e-4
202941_at,0.4127074978477566,6.510454085124483,5.784686516963385e-13,5.194580608233759e-12
202949_s_at,0.16607042989861098,7.222790085242382,0.01101950238020579,0.01972792931135438
202950_at,0.48331848063122596,5.775530916034635,1.404305073867731e-6,5.125833136744464e-6
202951_at,-0.45032065427153223,6.654223426093213,4.338364666213253e-15,5.0389998432762454e-14
202953_at,0.9438418350531718,5.254748005918991,3.545107673490623e-14,3.6482938046210417e-13
202954_at,-0.4545872885685135,6.987961727929568,7.530295779613791e-6,2.4416482653451133e-5
202955_s_at,-0.4528177126997923,4.881797347671858,1.6972346131756754e-9,9.430743989082475e-9
202956_at,-0.535650586925523,5.858171162677535,1.1849232216150018e-13,1.1492070763294045e-12
202957_at,0.7913398329060305,4.452863175530817,2.959976910564139e-14,3.096702406530627e-13
202963_at,0.3468114861310269,5.202996530080185,8.804261759979984e-13,7.731152150382424e-12
202965_s_at,-1.53966446202015,2.638562980506777,9.099222576101472e-13,7.964049955700578e-12
202967_at,-0.24599385174800892,4.954843748077056,0.001379079758279808,0.002963707412327298
202970_at,-0.20305098543932323,4.583663491018127,0.0025450815514215055,0.005200354503219262
202971_s_at,-0.5203372924082237,4.579794640890649,6.967776318629928e-8,3.073107768690096e-7
202972_s_at,-0.25445134586187185,4.403856702196557,0.02205100687808912,0.03680779630491878
202973_x_at,-0.29846021296819786,6.48745785107679,0.011640530472866248,0.02073233631850642
202974_at,-0.45860932244004216,4.7388055406903264,2.8921654829214077e-5,8.509686574714925e-5
202975_s_at,-0.9096852909301758,5.110239967200147,1.1552560195808816e-11,8.697299885994367e-11
202976_s_at,-0.7777658909549667,5.914058003354596,2.2076587421159964e-10,1.4102950569045122e-9
202981_x_at,-0.2624716842537653,5.960495521700209,1.5420253514242148e-9,8.662517711704081e-9
202985_s_at,0.11059085815739234,5.96532237345632,0.010468093807645575,0.0188256990030732
202988_s_at,0.5500699170382859,3.7578972777732496,6.0400898150882434e-5,1.6772286726034305e-4
202990_at,0.6297402519146814,4.2795528858916985,1.6608337241533106e-8,8.029111772046218e-8
202992_at,-1.0704103186174985,3.0442710136424136,1.391040419645806e-7,5.860092809935319e-7
202993_at,-0.15360699900611893,4.716854509892368,0.009588787148816239,0.017390329562429044
202994_s_at,-0.5046966682925662,5.098379112301566,6.578812002282804e-4,0.0015075681920953086
202995_s_at,-0.46374865336226967,4.4591697246676745,0.006139791181504818,0.011590411088539402
202998_s_at,0.3133845837390083,5.99351217385322,0.008736205186186688,0.015982063893377387
203000_at,-0.9284952754227715,2.7059163304500005,1.3592747132649125e-8,6.637697908620276e-8
203001_s_at,-0.861517180416497,2.4752115794208143,9.251753622366677e-7,3.461894395962774e-6
203007_x_at,-0.5228464907568765,6.730890285074361,1.599511435624413e-13,1.5354449829609621e-12
203008_x_at,-0.8620245213005759,5.571564250748187,3.8468032925671363e-35,3.712685015610066e-33
203012_x_at,-0.08628811354456371,10.707974835962869,2.0834646363919813e-5,6.274994841064744e-5
203024_s_at,0.36087551416113095,6.0684945149370035,1.5555872653947992e-14,1.6953210960503034e-13
203029_s_at,-0.6012566401410977,4.649858320652811,2.32274774674233e-5,6.952667396158307e-5
203030_s_at,-0.48967169492541923,3.449311980601232,4.780942348227e-5,1.3517612925984654e-4
203033_x_at,0.11628395851731617,6.202433953973735,0.013685822680792572,0.023968647765135003
203034_s_at,-0.0838550092986934,10.479753688961676,1.8528587382312473e-5,5.629516637172817e-5
203037_s_at,-0.4621407011860615,5.736762264273822,7.443056965199778e-5,2.0388000324261116e-4
203038_at,-0.5035301789575202,7.000758501324666,1.1890987509179296e-15,1.4934132378175592e-14
203039_s_at,0.1394375227889312,5.784918027907463,0.004083905946484922,0.008008582171827379
203040_s_at,0.25235985245815784,5.0814672591738885,3.9120184923175185e-6,1.330036626727946e-5
203041_s_at,-0.3055833529731777,6.458519926038875,2.312880456935497e-5,6.928939691037466e-5
203042_at,-0.3247136925558724,5.731968083236221,3.439778224734253e-6,1.179588480204163e-5
203044_at,0.5636349482741079,5.463581341046132,2.1720977997395458e-14,2.31079282309928e-13
203046_s_at,0.3876226390483318,4.6766277264865845,1.2722927733219655e-8,6.249460101145445e-8
203049_s_at,-0.5894610263849941,5.169223416739651,1.1488054287248622e-13,1.1178158544895048e-12
203052_at,-0.37168697828603636,4.794342220272954,5.259760813704458e-4,0.001230301694262355
203060_s_at,0.327165734220039,7.6451989486620695,0.0028794961558974916,0.005819287364295383
203066_at,0.6528681985804389,4.332814391313869,7.003328701418965e-9,3.586360438733335e-8
203067_at,0.39643594860356873,5.3975753928874735,3.794568354512792e-15,4.430818242838519e-14
203075_at,0.4834890392170627,5.223181722998554,6.7410984620395195e-15,7.682700832322274e-14
203076_s_at,0.4779959365982489,5.120138604948248,1.1582092130467168e-20,2.6176994302467253e-19
203080_s_at,-0.22695259822329422,5.142417337782195,0.0028222068267910105,0.005716449562377027
203082_at,0.33004943666429465,5.156127892441236,1.767936986503394e-17,2.781190739561066e-16
203085_s_at,0.8679614562015795,4.387571061291858,8.13339686757626e-15,9.152634521254672e-14
203087_s_at,0.14754545807812747,4.855582886580741,0.02615434655051617,0.042941142405608
203089_s_at,0.31307569550536524,4.8444816326101945,2.4371786307128555e-9,1.3294040056429136e-8
203096_s_at,-0.7118671134331631,4.21466500553266,1.722989492605154e-11,1.257383272089851e-10
203097_s_at,-0.12332636643270632,6.157246374127992,0.02780780722169697,0.045363946819862895
203102_s_at,0.28090877349567794,5.963852738033595,7.028740473057481e-7,2.673017276814512e-6
203104_at,0.41940219077254,4.384940913349648,1.3316061661678879e-6,4.883771604983424e-6
203105_s_at,0.15860894308503853,4.702795354938821,0.003352259660855298,0.006683930345569106
203108_at,0.4754380271908748,7.461361744487599,1.6389709378812466e-7,6.842671729353778e-7
203109_at,0.35732481697783675,5.095121616974138,2.659458287525197e-9,1.4396552114329173e-8
203113_s_at,-0.2236451616640544,8.577372757877745,8.20449487310276e-5,2.2274392695273662e-4
203114_at,0.20714644350723443,4.585317880078102,4.2623243232131397e-4,0.0010122429721698596
203123_s_at,-0.7659437729145923,5.294544485832372,4.774565432143106e-13,4.3494829485160794e-12
203124_s_at,-0.6803118380341615,5.806318958144309,2.408073899284268e-10,1.526888685200763e-9
203125_x_at,-0.4509235155428056,4.208954379121962,4.0621447840286314e-8,1.8502447734395717e-7
203126_at,0.20858608281938035,5.543196613158593,0.009417761199858463,0.017120732349242104
203127_s_at,0.49747514906002926,5.192829838710173,2.528552156744453e-22,7.054265431042532e-21
203131_at,-0.413051718960628,6.010559559612179,1.5576409351589638e-4,4.033601000328252e-4
203133_at,0.13637512387057163,7.834577479021015,1.2949610694455333e-4,3.4002249845514705e-4
203136_at,0.1949664586090657,6.438228445740551,0.0037143781118940352,0.007344432025234552
203137_at,0.12738011788813922,6.340961362944609,0.00970250780901592,0.01758169251657435
203139_at,0.7431958617916645,4.042962010413925,1.549733385913764e-9,8.683208035195687e-9
203140_at,0.6153222806539583,4.839350099137479,2.0468914050908602e-10,1.3122889062081618e-9
203148_s_at,0.36705995348556153,5.833206472732866,3.4944561118727867e-9,1.86156679893054e-8
203150_at,-0.2351090569343536,5.125189509546342,8.49516582845289e-6,2.7362811641676435e-5
203152_at,0.12984129551750476,5.4360884096865725,0.0138602828707392,0.024230615273209702
203153_at,0.8470312757850994,4.371149887828247,6.077546857577335e-7,2.3303063523702933e-6
203154_s_at,-0.13754119780256455,5.455366639451933,0.0023235666758213477,0.004786073793130955
203156_at,-0.44635905072236054,6.105563076037494,2.859996485242114e-9,1.5419799872369788e-8
203159_at,-0.696862908398529,5.160593642741897,2.5086853675407894e-14,2.642629925512731e-13
203164_at,0.3571507000766023,4.569613182850286,3.4497219273921577e-10,2.1399462077679322e-9
203166_at,-0.2599405408566811,6.146294676861533,2.1917141731376246e-5,6.584361732143402e-5
203167_at,0.5675163974951679,4.175959563039872,1.921700123421783e-9,1.0628380703261518e-8
203175_at,0.22444992721945767,5.294638682677233,2.0623925191467633e-5,6.22027338333876e-5
203177_x_at,-0.21790761633631972,5.349803570296075,0.004972430883517552,0.00958259616030285
203178_at,-0.6434847918336105,3.0472368916867527,9.282575590788354e-5,2.497971170663543e-4
203186_s_at,0.338935632062128,7.3904828272645124,0.00996375292554949,0.01800939515630364
203189_s_at,0.23753155667090498,5.066797254062069,4.214301375302368e-4,0.0010015042287846998
203190_at,0.2500328964517931,6.26634299526862,5.452642477986738e-6,1.8006830723388387e-5
203196_at,-0.3814047572987214,4.241407812724566,1.3097455195573392e-4,3.4339950443019513e-4
203203_s_at,0.19660408469375346,4.377686106454542,0.011988621209853632,0.02126744477912932
203209_at,0.465902270570272,4.532456496462866,3.238752452466146e-10,2.016081058876805e-9
203224_at,-0.16765065209901547,6.499176560590032,0.014927789133530048,0.025868878192738178
203226_s_at,-0.44915664859745924,4.787909207151574,3.4791664608498706e-13,3.224248295422549e-12
203227_s_at,-0.6277969573059252,5.6368164988024905,2.7466658343209895e-26,1.1770012433232304e-24
203231_s_at,-0.52732888393419175,3.6113584181124314,3.7257824047215216e-5,1.0758573288889936e-4
203232_s_at,-0.3186677823375958,4.641059632860262,2.0141486778656038e-4,5.095058981339838e-4
203234_at,0.8282999300593702,3.745657349002013,2.112898806160492e-21,5.301050330303829e-20
203236_s_at,0.16629094626769814,5.243422338473826,0.024742091075277306,0.0407913237441437
203242_s_at,0.2007074190401869,4.431797544363339,0.00768420000197335,0.014207945222840955
203243_s_at,0.2317398716250969,6.417117963895253,4.468838301750338e-4,0.0010577698790687443
203244_at,-0.193750961567115,4.982876104020331,1.714927425792903e-4,4.409989801372868e-4
203246_s_at,0.2155903754103692,5.027807254873162,2.658160718651727e-6,9.275855302578486e-6
203252_at,0.4340604564229295,5.192275485365981,9.619788510892812e-13,8.385418577477193e-12
203253_s_at,0.17787321818159066,4.577395284634678,0.011929878173152367,0.021173754948472717
203254_s_at,0.2892170863554524,4.150708859060832,5.102110075217568e-4,0.0011957756560010018
203257_s_at,-0.15125089257990354,4.8864652304685325,0.004841697944400431,0.009352526159098777
203261_at,0.16096857712098595,5.934456953928514,0.0074180662797157446,0.013758612197817655
203269_at,-0.13725896611545488,5.914669996726675,0.009664209134760226,0.017518218690471453
203274_at,-0.1601770535212216,5.790719698086071,0.012870537508955435,0.022703041448449993
203276_at,0.3929364890969086,4.901154809300074,1.7590062477641345e-7,7.312845101470475e-7
203281_s_at,0.4612396385769621,4.662722296113644,2.510939004417877e-13,2.3575538610279327e-12
203282_at,0.42301083860246264,5.071508701748462,9.12584276707481e-11,6.072369786563506e-10
203284_s_at,-0.3618593292029929,4.808172684844547,1.2564999557615947e-6,4.619383674013028e-6
203286_at,-0.3296426270542217,5.403444608579747,2.3770989493487202e-9,1.2986160654958104e-8
203297_s_at,-0.35092182118688847,4.986414813582903,7.713909424803821e-11,5.171408740170422e-10
203301_s_at,-0.21775028284531706,4.958752248013495,0.0035431792713311763,0.007030575946243914
203302_at,0.32743976979733,4.916104906978449,4.087391183166264e-8,1.8609529003510493e-7
203303_at,-0.23236707048901045,6.458842147675869,0.006418532137144548,0.012076174005133392
203304_at,-0.6984848384556482,4.943034450981805,4.313343513695835e-5,1.2305951814174028e-4
203306_s_at,0.2984398596566692,6.159446720699149,2.595434967155351e-4,6.417007801323627e-4
203310_at,-0.15587324343266765,5.654193425008441,0.01724851318922528,0.029485131928541637
203311_s_at,0.4069953725032157,5.656023675635587,1.7316741002472184e-8,8.33397333151323e-8
203312_x_at,0.31404521171572203,5.6487775466943075,7.281930898863966e-10,4.314785714575756e-9
203313_s_at,0.20363484079312003,6.052086874377494,7.680925046176679e-4,0.0017370857086698493
203315_at,-0.41707242505743886,5.877882943444757,6.040349371444473e-16,7.901130990999346e-15
203316_s_at,-0.2740286194025857,7.8414695460868264,3.718445983466705e-7,1.4721253444522841e-6
203318_s_at,-0.6220899992431219,5.199126453649396,6.6952542911860165e-22,1.7579965495459754e-20
203323_at,0.30004894230301093,4.242197021036205,0.011623738040750507,0.020717715329982407
203324_s_at,0.6483116767906871,4.796470467082907,3.254237534858804e-7,1.2977924399199386e-6
203333_at,-0.21827560529139256,4.883907716080958,0.0020046670344142105,0.004183907644589799
203335_at,-0.7556646262181687,6.2187539155371026,1.904755078907582e-18,3.3288158499733976e-17
203338_at,0.13683610374222363,5.990821910573074,0.006713287046386425,0.012566738446258566
203341_at,-0.27503870052832546,5.265147394470412,5.384191935827423e-7,2.078589124631322e-6
203342_at,-0.4205924024797827,5.250674737948469,2.1847219514292484e-11,1.576089310818959e-10
203344_s_at,0.3514730798809061,5.252171695676892,1.1237072095047026e-6,4.155428144778695e-6
203349_s_at,1.056403346012348,3.8577893118538262,4.054284140791341e-34,3.4746836800238106e-32
203351_s_at,0.155694037492778,5.349506751638943,0.0015763498615224032,0.003350681759224109
203358_s_at,0.3518757608062894,4.721212250075801,8.472791789345062e-6,2.7298952914061246e-5
203362_s_at,0.2868007411434898,5.818549549970904,0.0012288037245914742,0.0026642732850735602
203370_s_at,0.3753412177011489,3.9214810937289863,7.309848406641889e-4,0.0016612305044623368
203373_at,0.3048238063520597,4.7540093566498935,0.0019847511949376514,0.0041479983518078545
203376_at,0.1332794702033721,5.230702720108948,0.00444300216750928,0.008649442525990717
203379_at,0.4382704789320352,4.809557082716192,5.151439924322596e-10,3.130310601773566e-9
203381_s_at,0.5693577985325957,5.290746054708591,2.5072473175976863e-4,6.213310320014807e-4
203382_s_at,0.7252101071274054,4.892914601378053,4.560250129329017e-6,1.5300331862042518e-5
203386_at,-0.35258700595997766,5.010613897932065,1.3026893580721762e-5,4.063981098726623e-5
203387_s_at,-0.3797297493226464,4.879073676338931,1.772592906270156e-5,5.398627691842278e-5
203391_at,0.31411306048009185,5.6604535989132385,5.75851107513707e-11,3.91937288106375e-10
203392_s_at,0.32679829272718564,6.410275955784957,7.969513499333921e-8,3.483369976269453e-7
203396_at,0.28505714188099496,6.873334946419587,2.915564037475055e-10,1.8276440920696468e-9
203400_s_at,-1.2866519113477817,1.7000559804153499,8.953372101517819e-9,4.494727053587647e-8
203403_s_at,-0.3911285424801474,6.5716276914418295,3.2675741992292554e-8,1.5088587239803024e-7
203406_at,0.4017162660742587,5.438305764345494,1.9423791985275442e-20,4.299319907815203e-19
203408_s_at,-0.9149650145811643,5.558035224163435,6.3599968348084454e-15,7.263821544915019e-14
203411_s_at,0.18106335424038122,6.311330843300168,0.003518686084256145,0.006987151811053954
203413_at,-0.6292560157222755,3.2067331938090424,1.933020622392549e-5,5.854806312607118e-5
203416_at,0.7116234493445497,5.62279611366028,2.958211869615138e-12,2.4136575597248265e-11
203418_at,0.4062340142243992,4.335037828988102,3.6412639822063937e-6,1.2446988207203924e-5
203420_at,0.15124799534639477,5.955225087632623,0.022824023366525732,0.037944407561388914
203423_at,-1.5621615706187009,4.8238104788183795,2.4869067604774328e-14,2.624850455664506e-13
203431_s_at,1.1063169126211636,4.864485778449683,3.7150128943816764e-38,4.5226060383535113e-36
203432_at,0.1996305961118168,5.693239939731256,0.00494616121458804,0.009538834399978699
203434_s_at,-0.9049531281674014,2.539875092165045,1.772834147288447e-5,5.398627691842278e-5
203435_s_at,-0.666545910961517,3.5877610631057304,4.656995686128074e-6,1.5605378412727576e-5
203445_s_at,-0.2634000684293002,6.421702283449336,1.5753345196925942e-8,7.63645190473609e-8
203447_at,0.2747305719704073,4.966291266611625,1.0504750731167711e-8,5.227003928611225e-8
203449_s_at,-0.21195132427557015,4.725721070434343,3.02360666074075e-4,7.378564500345252e-4
203455_s_at,0.16997071047704154,8.534483882442567,0.0011555254536957087,0.0025212106283996187
203458_at,0.12071575247229863,5.51304033076372,0.018489813828470206,0.03142153799879462
203460_s_at,0.2081661709832372,5.406941584575844,7.407853598351354e-5,2.0307148310936044e-4
203462_x_at,-0.1853450796378299,7.186711721251438,0.00249646165364222,0.0051068538658524155
203465_at,0.3143093205893492,4.8987296475323685,1.4374351751683942e-6,5.2431879576367065e-6
203470_s_at,0.5546626406750513,4.1667782909441256,2.870480904846759e-12,2.3456492702992623e-11
203471_s_at,1.0727599566432038,3.2862666097420656,1.0633817592542275e-21,2.751692943693367e-20
203473_at,0.27495268185680527,4.732423261461098,1.5844438694463762e-4,4.0941020678675897e-4
203474_at,0.521349473093653,4.700469508037088,6.774295844677349e-5,1.8689938548552263e-4
203476_at,0.4704195403158215,5.582887867872896,3.7717119863917916e-6,1.2864167625028738e-5
203477_at,0.7196112777379207,6.266861384313024,3.7931188483067705e-8,1.7365676163209586e-7
203478_at,0.26464396359113296,7.386994982067797,2.5412321541145975e-11,1.818585174818282e-10
203480_s_at,0.19441079357054203,5.223120833342767,2.7368704508407886e-5,8.083841505337019e-5
203484_at,0.15785316750197106,7.088961135867633,1.6113873260062986e-4,0.00041577053043124947
203489_at,0.1478529830537609,5.0086950808313935,0.013121843067437763,0.023086599569955783
203497_at,-0.5215191681062283,5.719769749015663,9.285501740576033e-14,9.126200013467068e-13
203499_at,0.4811022822543471,4.853512993384999,1.2047968537012674e-8,5.9397094770831464e-8
203509_at,-0.484899389823184,6.838226165490505,3.493948585571255e-8,1.6050888163475497e-7
203517_at,0.0990488564023715,5.5304264881319964,0.016611412023894132,0.028518919392945166
203519_s_at,0.19513644571867794,4.741366500908279,3.7805122301215303e-4,9.074754093948455e-4
203523_at,0.4035231931086326,4.090262060731181,5.516541980892035e-7,2.126618000766332e-6
203535_at,0.37949591444983494,5.206189624617414,0.004079561541104604,0.008003399551990514
203537_at,0.49361473093416847,4.781428476806623,9.816496660128781e-22,2.552527396115525e-20
203538_at,-0.1295020841855939,5.85228618943129,0.01656776365699042,0.028462227719265293
203544_s_at,0.1969025955916193,5.178207123505962,9.712651075584944e-5,2.6058510135923245e-4
203545_at,-0.13346378800119765,5.226597789260013,0.018197215100986625,0.030958673237552758
203548_s_at,-0.47287452219900344,3.537349572029353,0.01084926052840481,0.01943939254738263
203549_s_at,-0.6264248673381407,3.8043217527695874,3.0151295853097957e-5,8.844765401813757e-5
203550_s_at,0.19937970677950204,5.463873132866456,2.5955944317685108e-5,7.704794443761722e-5
203554_x_at,0.3604602365473447,7.152722205758178,9.354135319502643e-7,3.4965405330715915e-6
203559_s_at,-0.6465880361341604,6.881602755610366,7.047142130909901e-7,2.679064359419367e-6
203560_at,-1.1075451464054034,7.060738817927533,4.880737602241581e-20,1.0252419986826287e-18
203561_at,0.8507916267871558,4.034466183580761,2.079441829755577e-13,1.979226038376509e-12
203566_s_at,0.2791277523731124,5.234554270188335,3.431266500549527e-4,8.299651844747591e-4
203569_s_at,-0.49021492129075406,5.63326774559109,2.1129567595793313e-11,1.5274025482708082e-10
203570_at,0.40234394420795233,4.376513007772271,0.0026204419831898002,0.005345162788635249
203574_at,0.25594449341955033,5.106922329199187,3.5030426297769936e-4,8.456082851014181e-4
203576_at,0.2688175060128579,4.727867314079887,9.599517123216755e-6,3.068007963634281e-5
203580_s_at,-0.4439058878007895,4.968565861012694,2.4207310925045925e-10,1.5336068713188468e-9
203581_at,-0.20637001238688962,5.336180296078924,1.1500425697666691e-4,3.0420755678790926e-4
203583_at,-0.15115629009187334,5.4013716122377335,1.0159918638039219e-4,2.708890203317923e-4
203584_at,-0.18184117824915455,6.002266964112059,0.018451648420049274,0.03136663115264803
203588_s_at,-0.13568208829809167,4.6563774821765245,0.019607749665508725,0.03313737532206894
203590_at,-1.0323129581662742,6.1329131589483925,4.987585765824281e-38,6.003596214525339e-36
203594_at,0.21370963685452118,5.727991250747524,4.1515486170382555e-5,1.1875978727458166e-4
203595_s_at,0.5962053564560774,4.758891852697268,1.8025658703813908e-14,1.9407927808438028e-13
203605_at,0.19457424107694732,5.308556956662507,1.8146263979800037e-5,5.5211850615051916e-5
203613_s_at,-0.09965643660669984,7.281207847221809,0.018525596952060644,0.03146737278379985
203614_at,-0.15862681769170245,5.320555074942567,0.013671885513441362,0.023948153941382815
203621_at,-0.10478397681990603,7.239985867031727,0.01745638908341105,0.029802437649495236
203622_s_at,-0.21005352127704507,5.473520825181234,0.0020023613849849613,0.004179909882568958
203625_x_at,0.16027371360964085,5.6317352681884945,0.0269266466628891,0.044040028515001724
203628_at,-1.2134622511554727,4.36788150794115,1.876670578219242e-21,4.741691486901589e-20
203630_s_at,-0.41658603259837973,5.276188478344699,6.974313424591753e-16,9.045498755163613e-15
203633_at,-0.16123863654283876,6.2736213081868835,0.020625205245446355,0.0346900525217147
203635_at,0.11709913501336837,4.954991188143714,0.01880139538803029,0.03190043534874382
203637_s_at,-0.38008732292677977,5.323954195333988,1.3788713224872063e-5,4.27921450689613e-5
203640_at,-0.2861328994059774,6.171842346229197,1.374748302932823e-4,3.5907180897231576e-4
203645_s_at,1.0133375564058127,4.7142337582572695,2.7221971441639624e-13,2.5447554978558925e-12
203647_s_at,0.12153833876075854,6.080643612946935,0.029749059075532682,0.048142246204861266
203649_s_at,1.4063888850737196,7.976930266557161,2.8498289303326407e-13,2.6594265967468277e-12
203650_at,0.2294568896187118,5.030325209551291,0.02930404579837038,0.04752259198273417
203663_s_at,0.13647955866599482,8.43456878675029,0.00320543064711098,0.006410262931211485
203665_at,0.48260074952954635,4.670757840436342,2.6523202720307446e-6,9.261508172837474e-6
203672_x_at,0.3434779716460112,4.3987836529095095,1.1928906510946885e-6,4.393068939559091e-6
203675_at,0.8139895174523213,4.851949287315114,3.609953935996876e-24,1.2597210591639914e-22
203680_at,0.8068921480667856,3.303811506634588,2.844305902236672e-9,1.535065447388487e-8
203688_at,0.3240194484139411,3.676728224377967,0.0026521523674333217,0.005398538535495568
203689_s_at,-0.3136964569543471,5.489805721245993,3.643736676296104e-5,1.0535857223525011e-4
203690_at,-0.2634750841384892,5.428054675975468,1.2307221137146103e-4,3.2442731309607827e-4
203691_at,0.7243683638886071,6.280681020492372,2.4727854284220962e-5,7.360641926836876e-5
203696_s_at,0.22372095900041503,4.760061693177317,3.8576496965087297e-4,9.24541413841119e-4
203697_at,-1.294500395444154,3.8333224088328404,2.3971219220989153e-15,2.875741002401532e-14
203698_s_at,-1.2478848007976064,4.140686685162026,5.650196976067062e-15,6.487734212712372e-14
203704_s_at,0.23122156225982382,6.085212332476791,1.348167823732843e-7,5.697721907238811e-7
203705_s_at,-0.4483190691166091,3.6248056827173314,4.789787385310824e-4,0.0011280059850260465
203706_s_at,-0.6337308943629502,4.327806830343579,5.13806007193298e-6,1.7067918620346672e-5
203708_at,0.4519272328401312,3.931498811318905,6.080010276525361e-5,1.687002074395654e-4
203712_at,-0.17113904805510402,5.316029887286744,0.004997596901590351,0.009627630930900456
203716_s_at,0.6687667038910182,3.939930099614197,2.4719686738340846e-7,1.0027338282008538e-6
203717_at,0.6955307385026998,4.254251786905377,8.009599930869003e-7,3.0154949963869766e-6
203726_s_at,0.3491830721994601,5.318081036682606,0.003762607759579017,0.007432936922067123
203729_at,0.4820336781510913,5.077644063827932,1.0085217370734762e-5,3.215563502758378e-5
203738_at,0.21302537213288336,4.706116881222992,2.537779645326943e-5,7.539443522015403e-5
203739_at,-0.47754221050573215,5.253730114145985,1.944912751673048e-12,1.62653007874109e-11
203743_s_at,0.25481935800416067,5.486831694074552,9.163959406583211e-6,2.9393262611594595e-5
203747_at,0.39820251651455574,3.409312695030109,4.23130017118709e-5,1.2091202649753879e-4
203748_x_at,-0.3108850543822269,5.027690987926983,0.006805326820713051,0.012725687943846905
203755_at,0.49703803723868795,5.173130981397351,3.495490654314616e-11,2.45233735295825e-10
203757_s_at,-0.85998903155932,9.3978821263606,3.656891296766026e-12,2.9433716350303857e-11
203761_at,0.7087866617006262,4.382161247583923,9.455776532104837e-16,1.1959826917171088e-14
203764_at,0.4205406334179273,4.512489642215872,1.0299216834698096e-5,3.279890307673029e-5
203766_s_at,-0.5476156194231094,4.116398299998528,0.0027097015500553464,0.0055041776082182265
203773_x_at,0.6889931548061478,4.7952831765592325,2.2334648805983513e-14,2.371368609103086e-13
203775_at,-0.34220687839122144,5.0875803599182685,8.738102441915059e-7,3.2731220790292317e-6
203781_at,-0.14472587393676709,6.68195576490157,2.6834775841590944e-4,6.609060671704263e-4
203789_s_at,-1.0326207865163308,6.022067423378245,4.677753811852435e-20,9.864719800467546e-19
203790_s_at,-0.6622098977202352,5.486114673619186,3.7326146955723976e-11,2.6084475690585193e-10
203794_at,-0.2002903255200924,4.83784095380095,0.0019863420110426537,0.004150513353676603
203799_at,-0.37798148729045683,4.355842429770287,4.1374731937763513e-4,9.849944516650232e-4
203800_s_at,-0.2581198297111682,6.011912430812529,2.1044582879021534e-8,1.0011128613808067e-7
203802_x_at,-0.1419639119395809,5.138314794188419,0.008077210964137412,0.01485003622083475
203804_s_at,-0.1572674889946722,6.312575212253343,0.0200593627197726,0.03386855048336074
203810_at,0.45253230491294455,3.5468031812726264,4.6080969901309175e-5,1.3080695033193567e-4
203814_s_at,0.6035093173463261,5.429084771598357,1.3257061161852137e-14,1.4506935263219812e-13
203820_s_at,0.7553749100537812,3.356269315633055,4.317014969911314e-4,0.0010245498753358418
203821_at,-0.24774644969270096,5.062961718434245,0.030772150754278103,0.0496180088847955
203824_at,-0.20028415337035738,9.950035437059292,0.015569214663796333,0.026863101416210358
203825_at,-0.37971881197828117,5.798949083104908,4.437962318104427e-8,2.0154256173740032e-7
203827_at,-0.18041829218816383,5.148877325257098,0.026319959115541965,0.043173437759118215
203828_s_at,0.39432322243320905,7.173092598860141,3.7440341369058207e-6,1.2777903061061502e-5
203831_at,-0.41879047870218117,5.391872134492224,1.9518884882505986e-17,3.061578532156466e-16
203833_s_at,-0.342459636749888,4.8466211106366215,5.570094268035626e-9,2.8995344943374954e-8
203835_at,-0.19470602712682764,4.299119404959534,0.025674202991659664,0.04221761115113584
203837_at,0.48119163489186784,5.028055798904564,1.046222588550398e-10,6.910100241146988e-10
203843_at,-0.35582484751701776,5.718413157554945,2.3278943540368214e-7,9.493236473085825e-7
203851_at,0.29740519252953185,4.136274781544036,0.011794030188410697,0.020970862308455403
203856_at,0.21562015213657432,4.8112508602532325,0.002275292427999568,0.004695667074004888
203857_s_at,0.16252630268303986,5.685051732488306,0.0013962934881005743,0.0029964928161100666
203868_s_at,0.32578939348875574,4.535173478528475,0.00708484708773108,0.013183944215887278
203876_s_at,-0.4117488782168815,3.9525643870886285,0.009957437974327113,0.018001018059224834
203878_s_at,-0.3384521210277345,5.578603008508776,0.02151772977969729,0.03600101290878663
203881_s_at,-0.9359740561097291,3.2555606117093085,1.9904903396834043e-8,9.50696522917e-8
203882_at,0.37142646762916715,6.025460542981287,9.7010338043221e-7,3.6211559284216953e-6
203887_s_at,0.38005497703509195,3.5726636237780687,2.1791498210528928e-4,5.471111327147795e-4
203892_at,-0.8736110122573792,5.078275442990768,2.7174124869278544e-7,1.0964836147818494e-6
203895_at,-1.9429153062770455,6.970886380508347,1.0741116858531794e-27,5.254318945454389e-26
203896_s_at,-2.144358957318281,5.724394209751054,8.927696475262907e-30,5.219137093743586e-28
203897_at,-0.2049897575171137,5.970814973152303,0.0019167477217511542,0.00401841846245012
203903_s_at,-0.3078387123153718,7.336210335011109,0.0011691560141898207,0.002549912129481993
203904_x_at,0.15211221391390448,5.017714091618765,0.0030137493224288727,0.006066572057718999
203909_at,0.15164027659895377,4.823025464159047,0.003436942372274886,0.006836235357256007
203910_at,0.7140940075424418,4.256139604477181,2.7752375429788234e-10,1.7447840257002426e-9
203911_at,0.5394263770838884,4.683318465701401,1.06700722008353e-5,3.3899313015287235e-5
203912_s_at,-0.1258590443121743,4.997805804424492,0.019013941047025466,0.03219986570293769
203913_s_at,0.6633238112575511,4.648154071346578,1.4130642840693903e-4,3.682354092735436e-4
203914_x_at,0.5949289178009715,5.563394689612845,5.226034780862137e-4,0.0012232141273186819
203915_at,1.4989363259510597,5.1683672178305375,2.0114887614617522e-20,4.433966893320936e-19
203917_at,-0.4518073265193554,7.840813414196188,1.5594186847559757e-7,6.53090397568052e-7
203923_s_at,0.8136303392063533,3.9737912306323446,1.8269203412792314e-12,1.5362478505592156e-11
203924_at,-0.8316070943203148,1.7024270769370853,1.0005150089531209e-6,3.7268836199286457e-6
203931_s_at,0.1748911333652893,5.837775213738698,0.004365593479247549,0.008512668901197487
203932_at,0.9800270129760646,5.542797672861576,9.155856995017068e-24,2.9723241208369045e-22
203936_s_at,0.8093876933207684,5.483736919165466,1.343313091923986e-9,7.630388734772886e-9
203939_at,0.450832759857712,5.0777335351805,6.399539294904389e-4,0.0014717195545620703
203943_at,-0.5665278203505603,5.092193233425231,4.432623370230929e-18,7.454740057344418e-17
203951_at,-0.7708623654813598,5.469751322135768,4.648718895109977e-4,0.001096954306680907
203953_s_at,-0.6914557887325379,7.5564935129162425,2.973324114428423e-11,2.1080887649154e-10
203954_x_at,-0.6063172239934419,7.558388094615894,1.638964737494709e-12,1.388002310891764e-11
203961_at,-0.7638670356947551,6.0286977706948885,6.534867693047474e-11,4.4252868265244995e-10
203962_s_at,-0.7763896526908106,5.81495134341522,2.963846087569197e-11,2.1030700744866685e-10
203964_at,0.5357187718922491,6.062425603059686,1.4090411452582192e-19,2.8109977260989392e-18
203967_at,0.4570458230037136,3.791914263564119,3.845361911610221e-5,1.106509861914593e-4
203971_at,0.44560694143930996,4.627831685746824,2.104006411212022e-17,3.2761948667608126e-16
203974_at,-0.4158406273002529,5.630197825284399,5.052665147683543e-7,1.9604926377085765e-6
203979_at,-0.5159938364144481,4.476531822751109,2.708996756282263e-10,1.7041387111011088e-9
203980_at,-0.7019748512571888,3.42996988457005,0.005551604508057723,0.010578857896624404
203987_at,-0.34588102699773626,4.493740748505398,9.431209804005107e-5,2.5335143086837187e-4
203988_s_at,0.7478677574604294,4.767785109591267,1.0744192171256715e-18,1.926640557601651e-17
203997_at,-0.15155751397804176,4.939333777216524,0.017116267530159476,0.029291784992108383
204004_at,-0.6886267365705014,5.838279661490164,8.191039184155747e-21,1.8871097372013014e-19
204006_s_at,0.9989002131476769,3.78748454321713,2.4475877329651227e-10,1.548789567823707e-9
204007_at,1.1976686557044074,3.480820145985358,2.7815213702556376e-23,8.687591381792609e-22
204014_at,1.73046856402623,3.763926086557968,2.156991951937425e-31,1.4264107889571378e-29
204015_s_at,1.427114088416588,4.405003198714585,3.0488745028617844e-28,1.5191903511236417e-26
204017_at,0.7224811836818622,6.3294941520044485,1.2596661268577331e-16,1.804118077142633e-15
204019_s_at,-0.531897095609972,7.441336547126281,3.0835638410254994e-11,2.1804765299608037e-10
204020_at,-0.987547191295409,5.9210279432826916,6.0076047291933334e-49,1.892925572466123e-46
204026_s_at,0.40495285094952327,6.356485591068937,1.8918749332692028e-10,1.2180081826990967e-9
204028_s_at,-0.44183752365630047,5.331435463664111,5.194342755658336e-13,4.6919893711102665e-12
204031_s_at,0.321617708255503,8.15280179268118,2.677493684529648e-13,2.505151951298351e-12
204033_at,0.3089408705401556,5.139458506184152,9.465872025801283e-4,0.0021012823666060744
204035_at,-0.4019316139138274,2.284239772493907,0.022219134625441474,0.03705379658193564
204039_at,-0.617934703088999,5.738470802206035,9.149167316346211e-11,6.08411107759261e-10
204040_at,0.4790527729282568,3.8788890966106253,3.486555866278953e-7,1.384413380112914e-6
204042_at,-1.5529798084799815,3.1670241715833707,1.5649697741213643e-14,1.703813129081522e-13
204044_at,-1.678079926229852,5.137945970603635,1.1527643174265054e-27,5.562866726391961e-26
204045_at,-0.44768994204035595,4.497860719538697,5.23612736674153e-10,3.1781661461700855e-9
204048_s_at,-0.7737085443427529,5.3508947846434385,7.305760177126286e-23,2.1561049250014848e-21
204049_s_at,-0.7906953084340872,5.481935652723385,7.57448513671126e-25,2.817550669082907e-23
204050_s_at,-0.1600729269846986,7.7989476620237665,7.794836338308814e-5,2.124836684282502e-4
204051_s_at,-0.5937663461223212,4.432515119616279,0.009824889507722936,0.017785407451205784
204052_s_at,-0.5463796664169631,2.8098235045541964,0.009701891093430948,0.01758169251657435
204053_x_at,0.15526268012552494,5.773689570608184,0.004773336883873342,0.009240469468184877
204057_at,0.35584530138696696,5.73856498711943,1.1406344998927462e-5,3.6003586910285767e-5
204058_at,0.6539363165572679,3.8505649053646884,6.55584967770516e-8,2.905784757850864e-7
204059_s_at,0.4883379037764461,5.445372045645487,1.8469230947486137e-5,5.6130743585934464e-5
204068_at,-0.2000305173171322,4.923508170347009,0.004313943908486006,0.008422686548498374
204070_at,1.6116251495745926,5.252521952582493,2.9010003752106698e-40,4.143788935950921e-38
204073_s_at,1.0310432704067007,3.782202302578754,8.050949354912293e-21,1.8588323370511937e-19
204079_at,0.20974578551771597,4.9880643576186126,0.0015297436297952948,0.0032600245685293397
204087_s_at,-0.6254454342687392,5.739891440381537,8.228328600200808e-12,6.314475952288771e-11
204094_s_at,-0.27995286748096687,5.446477338920369,1.172262415174233e-5,3.693660956988694e-5
204103_at,1.2112183412000788,4.704965436449638,1.9854976881553065e-27,9.329226637371841e-26
204112_s_at,-0.5358493624074282,6.380726945127087,8.306821713273157e-13,7.312323830262558e-12
204114_at,0.5216093515577306,4.744712748146625,1.3136408982497512e-6,4.819532514708762e-6
204116_at,-0.2723902513107591,6.183030281011348,0.020240723031952727,0.03412635597124796
204117_at,0.12294568339859135,6.042643084146381,0.02949550616826309,0.0477896790049308
204118_at,0.4510162930071887,4.263615525152619,1.3928261812746472e-5,4.320019363055963e-5
204119_s_at,-0.22298557165564062,5.835122953019117,0.0015240024655657752,0.0032490822713644074
204122_at,0.7000226869210636,5.058697495229644,2.7670098037296745e-9,1.4941016142820564e-8
204127_at,-0.2770428824076429,5.783945699732427,0.0031437996792545607,0.006304666035914285
204128_s_at,-0.34022614507056176,4.227812147889375,0.0018963696242652389,0.00397803167901968
204130_at,-0.37279035227489843,5.523123549391305,0.010339262487194254,0.018628408850540203
204131_s_at,-0.7558161104640372,6.640402312553816,1.6449081919962726e-22,4.6991737228949515e-21
204132_s_at,-0.7456193095942475,5.004379718122542,6.145345478470272e-24,2.0445678916413672e-22
204135_at,-0.35550128635755734,5.597327288596855,0.0011997706326116419,0.0026072259938177654
204136_at,0.644168262191991,3.827237906317575,1.5349715369480862e-11,1.1364305511627401e-10
204137_at,0.29302602535749794,4.4081303844631226,1.1606397633918882e-4,3.068591753508711e-4
204141_at,0.5469348411338263,6.170308694200245,4.568161440523343e-9,2.4048507868465148e-8
204142_at,0.3453528671449917,5.507471253213612,4.2432599008393685e-6,1.4306393504725347e-5
204143_s_at,0.4202030325078397,5.028332867912089,1.937651591849674e-7,8.016118267020929e-7
204149_s_at,0.7554436722255886,3.9118694474379,9.248974980384125e-16,1.1725948989923684e-14
204151_x_at,-0.3400350413269178,5.4040379606187114,0.015030464570019388,0.026013144901230648
204158_s_at,0.6234888759132864,4.803291784902763,1.7226098362107673e-20,3.8207700155954347e-19
204172_at,0.3712421993836419,4.846762303103416,5.766261087399579e-12,4.5189433086548415e-11
204173_at,-0.22192507888059612,4.716411137975826,0.0038705340098394193,0.007625051645349337
204174_at,0.5552274618693357,5.432601960309897,4.711458191206307e-6,1.575830521460917e-5
204178_s_at,0.24612439537176914,5.081199525330787,1.762486160419944e-8,8.470845328209448e-8
204179_at,-0.46613937488711793,3.165116954702703,0.0033705957730006185,0.006715654144911412
204185_x_at,0.24037333610278805,5.648662816188464,2.014797665016298e-5,6.083575925963811e-5
204186_s_at,0.3122672585486652,4.906285127233911,2.408283978528935e-6,8.456226241225984e-6
204190_at,-0.4930438379024043,4.635089080931684,2.0774064104583915e-11,1.502750539934167e-10
204205_at,1.2768416632895827,3.8924432794609336,1.5171494770827646e-32,1.1209118860681144e-30
204211_x_at,-0.22334244047402935,5.0248842005931555,3.8668699785827505e-6,1.3155216919833917e-5
204213_at,0.6797440180989084,6.603102144157651,3.464901642088759e-4,0.00083715587035852225
204214_s_at,-0.6662995536475206,5.185393164034071,1.9600466348659567e-17,3.06988005837997e-16
204215_at,-0.35912733445512146,5.530204985412866,2.7962097640199364e-7,1.1253116153999092e-6
204219_s_at,0.18216372158334043,7.191549400885424,4.310751756932332e-7,1.6916147828577315e-6
204222_s_at,-0.40822325176451596,3.812125274259102,0.0014040717508943823,0.003012581747913382
204223_at,-0.425468560166865,3.445369040385358,0.0013033330170834692,0.0028133400386893426
204224_s_at,0.5283876237844944,5.876077482743,2.3267933108884006e-17,3.607371452901221e-16
204232_at,0.9362703523071082,5.070712906123118,2.086534473558772e-16,2.9067677262984557e-15
204237_at,0.442342196912778,4.216679889563547,0.001079352248326054,0.002369487835310864
204244_s_at,0.18190910913127162,5.239812910405442,0.016535062588595866,0.028410605535144746
204252_at,0.5776748720569618,4.599711892572344,4.969072322492597e-20,1.0417548295667943e-18
204254_s_at,0.21681500036265153,5.853831883156251,0.0034130558134546378,0.006793769403481891
204256_at,0.44608042246671564,4.793162795602624,3.589720144094539e-6,1.2282552508363076e-5
204259_at,-1.1253957179892158,6.095715249290244,1.465085008097524e-7,6.15991196693437e-7
204260_at,-0.9226292646602595,2.4077455259181924,6.807434468368812e-6,2.2180062487723567e-5
204263_s_at,0.22828414931678792,4.59728451978398,0.0010138206237058519,0.0022366269237563408
204274_at,-0.33208042652333297,6.461584039372151,1.9057333805817092e-7,7.894865315611698e-7
204278_s_at,-0.3335976583844149,4.361250153826477,8.23338645712744e-6,2.6559551073533954e-5
204279_at,0.7883156419019437,6.362311779149603,2.6198042839958942e-17,4.049922553311402e-16
204285_s_at,0.6699653856873025,4.789262415208219,6.891220209929817e-9,3.537404988451276e-8
204286_s_at,0.5388961951335286,4.0624212679056,2.0011506883039267e-6,7.1294736693714555e-6
204288_s_at,-1.0671665556316718,4.702688875349529,1.0729204849007345e-13,1.0487406163085374e-12
204290_s_at,0.2738194475669495,4.704823625708577,6.040113628249656e-4,0.001393750196683129
204294_at,-0.8669618155235296,4.542577208210496,1.9622367571427963e-19,3.822080432594686e-18
204297_at,0.3422499697192467,4.806241704819488,3.900088874462122e-10,2.404007601387383e-9
204304_s_at,-0.4550584559947518,7.036749985371965,0.010612655011843452,0.019060079319677938
204305_at,-0.34094206127201404,4.822506765419127,4.6916802098809943e-7,1.831037161692353e-6
204306_s_at,-0.1319828729123336,5.7845211779794505,0.016216794990773054,0.027890596361559116
204313_s_at,-0.323988938077962,4.87516445943815,7.831419136943298e-8,3.4286061795698227e-7
204314_s_at,-0.45762528525450624,4.779486439215594,1.0843427951521785e-13,1.0589393221937364e-12
204319_s_at,0.44160521873827274,4.894008641838636,1.0809192204877645e-8,5.3685153495991756e-8
204320_at,0.5038184975981697,4.928667872032513,0.00787404621522852,0.01451116720712696
204321_at,0.4195067481640155,4.681693404465133,1.7590965953971264e-7,7.312845101470475e-7
204324_s_at,0.8297276407189901,4.106838723541505,2.4394125214495943e-13,2.294418467277393e-12
204326_x_at,0.8518900202527024,6.255532192429116,1.4724853243173955e-12,1.2559502610997019e-11
204332_s_at,-0.3743779837094584,4.756125006665495,6.811089838632382e-8,3.011440587753558e-7
204341_at,0.6225320681053093,4.222699079176342,2.4731406756720217e-12,2.0380581583441823e-11
204348_s_at,-1.0002243959590789,5.090674834508504,2.005472275392849e-14,2.1463161324958632e-13
204351_at,0.32835326303040435,8.759342818506873,0.005917045565149257,0.01122133282695061
204352_at,-0.7329840948102937,5.807985102484989,1.4613872758530705e-12,1.2474774411325852e-11
204354_at,-0.3849529879121764,4.350836912135383,2.1033815372249154e-7,8.653427960173011e-7
204362_at,-0.3155607448731541,5.852019474503952,3.175450641264805e-4,7.713968870718789e-4
204363_at,0.5853574896574911,5.167376445038084,9.747219764215234e-9,4.872700202241614e-8
204364_s_at,-1.845580254740507,4.026473439626882,4.32525507299673e-17,6.535466515798868e-16
204365_s_at,-1.1805033196829664,3.1258708445533196,5.97710739803253e-13,5.3539089929032185e-12
204366_s_at,-0.1416300753738893,5.792285520505657,1.088849757872433e-4,2.8902000634507867e-4
204378_at,-0.31581453150647254,3.8027845012942176,0.02451890268083164,0.04046072156804519
204386_s_at,-0.219063599713996,7.721863663050579,3.386852054329268e-5,9.851573732834496e-5
204388_s_at,0.4738646720687978,6.061929908895418,4.36936735655952e-4,0.0010355980639562418
204389_at,0.4927438235053806,4.439896956449296,7.252570556336094e-5,1.9896744781057254e-4
204391_x_at,-0.27942964860482233,4.694693250162184,3.781003255751795e-5,1.0903334556896092e-4
204394_at,0.33683148964794113,4.345275767285656,1.3108668690206755e-5,4.08830182469243e-5
204396_s_at,0.2531084240576688,4.2448987847927935,0.001469767125568534,0.003140956556197029
204401_at,-0.3872908279460418,5.3148829477932225,6.814801907292082e-4,0.0015569838522674362
204404_at,0.25288315404952966,7.070532489301929,0.010198930507958753,0.01839413173935389
204415_at,1.787691355073225,5.972032314434118,5.25526189010773e-38,6.255513403191568e-36
204417_at,-0.6528918902792759,4.985764688521765,5.382571892550199e-7,2.078589124631322e-6
204418_x_at,0.41836470744485577,4.663954005501435,2.6492774610281778e-8,1.237214884045112e-7
204420_at,0.6656511152603121,3.344219040380551,9.992616772626064e-10,5.783409156409671e-9
204424_s_at,-0.821629867416621,2.8538030269352612,3.4183723151033166e-6,1.1745036116645871e-5
204427_s_at,0.1627543886708688,7.2633952004108755,0.028713367537986843,0.04666357803920707
204431_at,-0.8172104544790728,3.761723156160914,5.366910510761897e-13,4.839706422709781e-12
204438_at,0.6493754129539867,4.521178623252922,1.4373841097456084e-5,4.445351029937847e-5
204439_at,1.239341889669546,4.1344196074310275,4.1271429956625985e-11,2.8599018701509325e-10
204444_at,0.46724237990669404,4.21566761447379,1.2717042689609792e-7,5.399828709226703e-7
204446_s_at,0.5838865003155377,4.97418533306671,2.9039370588726506e-5,8.539631543151993e-5
204447_at,-0.4605014567794369,5.18404067482665,2.6843016407280086e-6,9.35793149271694e-6
204450_x_at,-0.7622390222844349,2.0576251871892977,5.3404930145982964e-8,2.397850027887324e-7
204457_s_at,0.7055179994583429,4.514852052375158,9.418683500358392e-4,0.0020921077408115165
204459_at,0.18419687592158726,4.994525664331791,8.948190908417681e-4,0.0019946310695355515
204461_x_at,-0.3473693196608458,4.597275952156698,2.0202355364217777e-8,9.631857277119049e-8
204470_at,0.7326207100658179,6.246535821040582,1.0891167888907678e-7,4.683945467437493e-7
204475_at,1.619281378730226,7.057550153495855,2.50066936546145e-18,4.307021046975645e-17
204479_at,0.48325040743396236,4.593121901527573,2.6766167589143447e-15,3.179001700471106e-14
204487_s_at,-0.27830892958560427,6.09035514161031,0.002380781416537973,0.004893570848003865
204490_s_at,0.23074939308532194,5.260976798645826,0.002401938813921341,0.004932330939915532
204491_at,0.29949099380808353,4.278900933906722,6.406668908847885e-4,0.001472846438207884
204508_s_at,0.5704418203261336,4.923326368709652,1.1043052270643385e-4,2.929047263565303e-4
204519_s_at,1.1532505726689095,4.104464472393419,9.485515559460874e-22,2.4784958094757158e-20
204526_s_at,0.6722609615581829,4.322434166336491,2.871365293254295e-22,7.907695729211635e-21
204528_s_at,-0.17492973831475955,6.684375967713344,0.006675446399329748,0.012506830583424201
204529_s_at,0.40074010188782555,3.3356118578208958,0.00612490987868836,0.011568434331873838
204533_at,1.6851792412194555,5.420903987058343,2.6358599637173717e-28,1.331979612797368e-26
204534_at,-0.4328900294508633,2.1261398251853088,9.939847941853725e-4,0.0021969381266985547
204537_s_at,-1.0917801709855741,4.001396095981103,7.574325022394436e-15,8.568505170529209e-14
204538_x_at,-0.17146931775842283,7.124969442495758,0.025064689833758962,0.04128505876215556
204550_x_at,0.5131784474387311,4.337060207227002,2.936275406084771e-11,2.0859627603041215e-10
204551_s_at,-0.5931577669993415,1.987026610447651,1.5590764115379986e-6,5.6446047978393305e-6
204554_at,-0.6466778201437692,4.403855675346469,2.2591830521275445e-13,2.1361542839754973e-12
204559_s_at,-0.22298039252482044,7.77330304188227,2.228878815836186e-5,6.688509454916824e-5
204561_x_at,-0.4409091369343157,4.629388211863544,0.0011466655091507299,0.002503919200882954
204565_at,-0.23796497599922298,5.437515514636382,0.0022631648593552075,0.0046715385622875414
204567_s_at,-0.32511313723128044,4.100054586130553,0.0010639673131891832,0.0023385888030766763
204571_x_at,-0.42817354828517684,6.089301581269534,2.5140339825938906e-15,2.999203346940796e-14
204579_at,-0.326428728016805,4.412162244533682,0.0016578943834440337,0.003512165815668565
204580_at,1.03259498063458,7.49751160102955,4.2889743901730034e-16,5.736302452175204e-15
204588_s_at,0.4129662338589378,5.286440602474281,1.6827126646940982e-6,6.04929556270734e-6
204595_s_at,0.7709772732026046,4.154187566639932,2.87895462668026e-11,2.0479575641185675e-10
204597_x_at,0.8318521196040157,3.4409065336971816,2.3680492965341765e-11,1.6969171982455274e-10
204602_at,0.9766535934305374,2.5413116306749024,2.893490258208198e-6,1.0044705488070131e-5
204607_at,-1.1654146601145579,6.9455819743711835,2.2291991841894293e-7,9.11156461664302e-7
204608_at,-0.1972552142994726,6.353911250421336,0.009584340409323782,0.01738520806046151
204610_s_at,-0.20332863876262627,4.500633782826233,0.005183186110753102,0.009944031662696631
204614_at,1.444274775642311,1.9259664294899732,3.692599065308836e-15,4.3186477933027905e-14
204616_at,-0.6546778113879366,7.324205782127039,9.287273729259667e-21,2.1214192635726824e-19
204617_s_at,0.3345550159606712,5.086632534283654,2.7033120643096623e-6,9.418075494292492e-6
204621_s_at,0.7158728813699011,3.9273977547306944,1.9013017024416448e-8,9.108322599142103e-8
204622_x_at,0.8559588391170598,4.451212574727387,3.90829221012621e-11,2.718800938122214e-10
204630_s_at,-0.8796025267718037,5.974492804709082,2.297742551113051e-42,4.102619325012353e-40
204634_at,0.3037142840118091,4.392429673657392,6.612574635011276e-6,2.1610618762401642e-5
204636_at,-0.5281510747197274,3.645258309645047,3.579797126342819e-5,1.0376181443319973e-4
204638_at,0.5309019978676331,4.7647209759143845,1.8919606818507525e-8,9.068713550186626e-8
204639_at,0.5842875368504911,3.783774348019143,2.8784272384962777e-10,1.8057282319203698e-9
204641_at,0.2994559434475366,4.867231840943991,6.331806495929264e-4,0.0014568866621754771
204646_at,0.9947705977035002,3.6681404610755193,1.0465458710926328e-13,1.0238946042936415e-12
204653_at,1.7252317165771498,2.9083486840714543,1.713169336233936e-36,1.8171468414924908e-34
204655_at,1.211697864274561,4.144727374175914,3.566501552480239e-25,1.3793476942859494e-23
204658_at,0.40700554038892467,5.291255049192274,2.5489140683396668e-14,2.682368999422677e-13
204661_at,0.3193863952745973,4.380095785230255,0.0038172818546165542,0.007525679151363111
204663_at,-0.39208350539212883,4.574734552310502,4.0731828658894524e-7,1.604855021782777e-6
204670_x_at,0.8280314827166589,7.787104570230688,4.9554764632404675e-15,5.71453383753446e-14
204673_at,0.8235768925393085,7.633567433841249,1.8043579621093348e-4,4.617794278088224e-4
204678_s_at,0.898098160018799,4.25183127558737,7.722443479965441e-21,1.7912412082664741e-19
204679_at,0.7754033358677603,5.666996276795299,1.035420733813105e-16,1.4989813947756479e-15
204681_s_at,-0.15335162765566618,5.203227585526699,0.02359401467717637,0.03909708882236511
204693_at,0.779141977115576,4.0154335544913184,4.561209366504996e-24,1.5463365804863298e-22
204695_at,0.18083112410269075,4.497255517507827,0.021838477926426923,0.036492842618282895
204698_at,1.0787316587222664,5.060072822990585,1.348361181633409e-29,7.602628073073006e-28
204702_s_at,-0.4682900220562149,5.40339648279969,8.363832262598221e-7,3.1373156522834295e-6
204703_at,-0.4404076133416092,4.638399739843359,5.744271936648017e-11,3.9121668949338973e-10
204710_s_at,-0.3442771418352602,5.803373506513071,6.74330934312724e-10,4.022331458403236e-9
204712_at,-3.0323516923439997,2.7164533632124535,5.615978490301719e-21,1.3340128063548186e-19
204714_s_at,0.42431155863178804,3.155086119223965,0.024269916779133472,0.04009639352210741
204719_at,-0.9502017080313839,2.3299155929307007,3.692091101104864e-5,1.0667036668321577e-4
204724_s_at,-1.6552805914388606,3.877385528080278,8.553964037713464e-19,1.5505688111002426e-17
204731_at,0.2909003839299606,3.8152764020237844,0.014765081321948457,0.025628372683414422
204733_at,0.9357293670441914,4.124257897452308,1.1578478603853554e-6,4.2713581709050665e-6
204745_x_at,0.5499498700106349,6.980997533734999,3.169802979950042e-5,9.275634887791532e-5
204747_at,1.1111710805615485,4.330968392529861,1.3662161224964023e-25,5.481750307229947e-24
204748_at,1.2420521974390497,4.339984890213742,3.084296036603032e-12,2.5146167001619696e-11
204751_x_at,0.5450949235153463,4.729284631845612,3.646824410425226e-6,1.2462019109692328e-5
204765_at,-0.1706247193966437,5.068776752767795,0.0010779586438083206,0.0023673987189664902
204766_s_at,-0.30520202859782836,4.455572055561441,2.6302382857888862e-5,7.794672961454036e-5
204767_s_at,0.5541635260548139,5.738114759474949,9.019146951765093e-15,1.0043879552417823e-13
204768_s_at,0.357790510371964,5.04863486208409,9.973815137849748e-7,3.716503706844673e-6
204769_s_at,0.6682783348166216,3.922193542564663,2.510332579467601e-15,2.998126301431038e-14
204774_at,0.6123693965399175,3.298479799745571,2.9574197860844246e-7,1.186623152371627e-6
204776_at,-0.6695249508002163,3.4659244772726843,8.036201035313625e-5,2.1867366444326862e-4
204780_s_at,0.7412895213388243,4.607374806238513,7.352420156599077e-14,7.293192327559806e-13
204781_s_at,0.7780838034659182,4.33031283528563,7.507833288074464e-17,1.1063468777873691e-15
204787_at,0.8878650170778536,4.019386172898587,7.783737033455958e-12,6.003396316732446e-11
204790_at,-0.38641964311481114,4.126965535719865,6.3063917664105055e-6,2.067963727993748e-5
204791_at,0.24827037588249598,4.415165655066855,3.017731000753785e-4,7.365903898627318e-4
204805_s_at,0.39291616615447567,5.33602735438914,9.337404290894046e-10,5.448344889343568e-9
204806_x_at,0.18056440823903275,7.7820891431813495,0.017191770366781076,0.029397515712581913
204808_s_at,-0.2832312299578814,5.029966250039185,5.303277251530729e-6,1.757315471563523e-5
204818_at,0.7637483049818377,4.745073847106296,1.0075786827546106e-4,2.6911469529668767e-4
204820_s_at,0.594119432854759,6.571654623039593,2.9014320732957107e-16,3.979902919490006e-15
204821_at,0.7370456329916023,4.120752224854343,8.873637433973966e-18,1.4403526943964105e-16
204825_at,0.20654192870593488,5.449703665630905,0.006446644374172825,0.012120551277731394
204831_at,-0.4468600997994333,5.559678339150211,2.3582406878263264e-9,1.2889710453409916e-8
204834_at,0.537488846249905,3.6764667402855125,1.3438081093301346e-5,4.183730390948484e-5
204835_at,-0.3033741924231302,4.316361067458198,8.055757692536864e-5,2.1909452185871393e-4
204839_at,0.24589134702879417,6.037750022801062,1.5197513091902118e-6,5.5115422394565805e-6
204842_x_at,-0.3663638607726636,5.790915395733269,8.18103663148756e-17,1.2005951429195374e-15
204847_at,0.17670145817451902,4.722420003731272,8.598762335257826e-4,0.0019239461340354444
204849_at,-0.7688319337970708,4.743111658249502,1.890119597587226e-12,1.584417155630043e-11
204855_at,0.9204418038410644,6.002053895783295,9.113396825017783e-8,3.9495072890944786e-7
204856_at,-0.15329333757980335,5.237464570084653,0.01774942339022614,0.030264137001351686
204858_s_at,1.1719938130287844,4.482786651256559,8.841133214127381e-44,1.82144346390282e-41
204866_at,-0.5543553787809989,4.339339530485254,4.406380000109419e-10,2.6974599394955547e-9
204867_at,0.4033239442908772,4.5096587703699695,9.3948448813324e-7,3.510532724580188e-6
204875_s_at,0.6411731367599014,7.149114821145488,2.05408626881024e-12,1.7124845290088793e-11
204881_s_at,-0.29074617982267115,5.592871415436956,1.374883375715896e-4,3.5907180897231576e-4
204885_s_at,0.5572689135338388,3.662374162732848,0.002353978167508192,0.004843128117633044
204890_s_at,1.0056664492837566,3.3716166607109157,2.965059146032899e-21,7.268805178821612e-20
204891_s_at,1.2366322796758902,4.082398551682,1.0731861704443038e-24,3.9508740357284625e-23
204895_x_at,0.5758582195890682,4.025923784139943,7.388689544120678e-4,0.0016766581462860585
204900_x_at,0.6939044975725229,4.8801026795348825,2.8303594026764218e-24,1.0007142006888616e-22
204903_x_at,0.10661704426174431,5.293915306196672,0.006100684771064025,0.011526743554216736
204916_at,1.2848916513900854,4.256677026108978,1.1543696354174186e-25,4.7182231250500345e-24
204917_s_at,-0.40664534089116383,4.251163212613059,7.87762001063899e-7,2.9674030651890118e-6
204920_at,-1.0640538339647156,3.6683369427170653,6.270421410653103e-4,0.0014443135792802989
204924_at,0.5686883934666205,3.802102784803747,4.556953304391028e-10,2.7801048263064398e-9
204928_s_at,-0.18697047571267397,4.742898844076015,9.799749827130793e-4,0.0021677621288055376
204937_s_at,-0.2943320922748801,4.684818674145029,5.761159306947851e-5,1.606018726394284e-4
204938_s_at,-0.9145778885758256,2.771151018474774,6.991790959203356e-5,1.9245389657231642e-4
204939_s_at,-0.8648500371717688,4.493483138122982,1.6475573211437587e-4,4.2438763119531344e-4
204940_at,-0.9347119724514901,2.5220684316700877,4.160086208757493e-5,1.1897224654142825e-4
204955_at,0.6478900158149555,4.006475507902161,4.1350252599342114e-5,1.1831871156430344e-4
204957_at,-0.18957344775938492,5.149653416827739,0.0011833751277398766,0.00257725101514074
204959_at,0.7825981699584336,3.2432422676920685,3.9443341281726924e-9,2.091863936391785e-8
204972_at,1.1357505424309975,4.098635071296923,4.481114868545696e-16,5.9413593547933225e-15
204973_at,-0.682901646460777,5.131113155511768,3.796780684146141e-15,4.430818242838519e-14
204977_at,-0.1494830558264548,4.939197552803922,0.00937177241149778,0.017048700601863767
204980_at,-0.40173511456368355,5.099623274620628,7.313060812290974e-8,3.218768302468086e-7
204981_at,0.2606517350880533,6.242868697590401,0.0021823687278871543,0.004516074209359684
204984_at,-0.2941181088226928,4.82538517726965,6.212794705836649e-4,0.0014313477351317852
204985_s_at,-0.5966964973745887,5.157842979118892,1.6703558406260368e-17,2.6354229927285323e-16
204988_at,-0.9352536862244539,2.307336127631223,7.462496570024996e-5,2.0415149579846217e-4
204989_s_at,0.376022519709067,4.54689881793908,8.762898671889968e-6,2.8165896631250294e-5
204990_s_at,0.3312540717051747,5.699125181397255,1.4730748610313448e-5,4.542616864199423e-5
204994_at,0.5274394071233025,4.282829778818013,3.025008852543735e-6,1.0467351368637285e-5
205004_at,-0.284945229681183,4.694223063426782,2.1199262080628414e-6,7.520122340058683e-6
205009_at,0.7295736214977342,8.419666319413556,9.781847689907377e-5,2.6227089754531357e-4
205010_at,-0.8330864948647448,4.4800795058447775,1.1527032053080455e-18,2.054727028030797e-17
205011_at,-0.31680678080238883,4.920042524974854,0.0014423786846500927,0.003087353216514774
205014_at,0.5774389336386679,4.427502935707066,3.479092458283586e-5,1.010890086943099e-4
205016_at,0.2977633250429808,4.222604427857039,0.006203190892621834,0.011695667728380448
205019_s_at,-0.25903908364195766,4.6664276024348625,0.017789441300428237,0.030327543706474808
205020_s_at,-0.19256620642258884,6.199889209293804,0.0013117932011207643,0.0028281828463688364
205032_at,-0.5295317071132373,4.871508240143866,8.223107980814896e-12,6.314475952288771e-11
205041_s_at,0.6756836646301319,3.1062862558963946,0.01493457964935641,0.025876459935881484
205043_at,-1.110784781128883,6.818437832074001,6.378259374126677e-14,6.364179293652812e-13
205044_at,0.539731850874799,2.3620901133424934,0.01411882946890886,0.024634368094531046
205055_at,0.22959515000627154,5.77498987761475,1.4711087743003849e-5,4.5391671368318035e-5
205067_at,1.3543655818942102,5.161195399833568,3.9562679485365587e-22,1.067594421477888e-20
205070_at,-0.33386946304341125,4.578957169177294,4.4566762216045615e-7,1.7469583740230395e-6
205076_s_at,-0.4845505750218185,5.996243079865642,8.69537351427685e-6,2.7982438107073562e-5
205081_at,1.1061965355082812,6.268136920967114,6.78058320427948e-19,1.2438422580042136e-17
205082_s_at,-0.3833567691550202,2.55687758195313,3.5204626228551596e-4,8.494305423118767e-4
205097_at,-0.8002120495427639,6.898369257383046,4.182513500038545e-4,9.9461192288375e-4
205105_at,-0.6296626739820169,5.343611971806082,6.898275582113847e-14,6.861766602709902e-13
205107_s_at,-0.38826774800080693,4.7309660193270835,2.1625292735364124e-8,1.023737344560123e-7
205108_s_at,-0.7774730984473134,1.1578815343253093,3.824200638002943e-6,1.3018322667596292e-5
205114_s_at,1.5704106942676574,4.528017931043175,3.069511329742996e-31,1.9929499924567706e-29
205119_s_at,0.788124937788488,3.8679326489026744,6.751146199748378e-13,6.027085769825364e-12
205120_s_at,0.6712999021330578,4.922802612990982,1.2704637525760812e-27,6.076106330958731e-26
205129_at,0.31543774555952353,4.08468098792565,1.120005917317947e-4,2.9684867373149843e-4
205133_s_at,-0.1275660680002738,7.586612392605773,0.02856147619944142,0.046430818592506216
205137_x_at,-0.21724991370071184,5.320031680941024,0.0026306598215223072,0.005362300450843625
205141_at,0.5238459123624672,5.395587069691602,4.243976342576044e-6,1.4306393504725347e-5
205157_s_at,0.5363452985389043,3.393421887154943,0.0011287545383082648,0.0024678259936523348
205159_at,0.9034842450879895,3.6319655541822775,3.189867031755579e-15,3.751157575323547e-14
205164_at,0.6294195357751201,4.323282991170107,2.6822142859638496e-18,4.604897699604282e-17
205166_at,0.30755398008414736,4.10207954158302,3.7824100324217234e-4,9.077275689366918e-4
205172_x_at,0.17920249598003662,5.201035842802363,0.01658646471811319,0.02848065339399689
205173_x_at,-0.24933431830142483,5.584067155597424,3.252897848965682e-4,7.896735702689632e-4
205174_s_at,-1.2952779321980976,4.718616595769467,1.6688845233224869e-15,2.038627126380137e-14
205176_s_at,-0.1861469849558357,5.226604025050361,0.011629632778513567,0.020719816390523175
205178_s_at,-0.2103823306175761,4.635620356078716,0.0010713112626640185,0.0023537648804183
205184_at,-1.9680299654049813,4.2724205726431785,5.190701141784482e-26,2.1470263062523996e-24
205199_at,0.5903528870025097,4.524164574068766,2.2529879985796314e-4,5.643268746500723e-4
205200_at,-0.3710655865784483,3.1432329973103874,0.007982799244335979,0.014686541010573817
205207_at,1.169180979471586,4.112321278371613,7.602526394596887e-15,8.591335998451102e-14
205208_at,0.5033895939689287,3.943978980845778,4.080458789709147e-5,1.168509890781986e-4
205216_s_at,-0.5966828789041156,1.8211148716967767,0.0022831630677230264,0.0047100955025066015
205220_at,1.6646698550834373,3.7469406409290036,1.3521518375077972e-21,3.4571843998140887e-20
205226_at,0.5618927630402886,2.693955188749288,3.063677855025391e-5,8.984719644370933e-5
205236_x_at,-0.26778987876350085,4.645829556367057,0.02704594984524307,0.04420861469211001
205239_at,-0.9872194036116916,6.619603156264241,2.047196738912289e-9,1.1275896485330259e-8
205240_at,-1.0127628485358857,5.487667800864933,2.9862563133550153e-22,8.203016380762124e-21
205241_at,0.5854627372443952,5.414612979101702,4.915505751593391e-21,1.1780718818080537e-19
205242_at,1.855806954556049,3.8637548017785295,4.074697481243141e-24,1.3991100678383899e-22
205251_at,0.24671617007663055,5.3108936939485405,1.5014431955143686e-4,3.896550618591432e-4
205255_x_at,-0.7700009299820434,6.282718134230939,1.9510935056770338e-31,1.29826488983342e-29
205258_at,-0.4640335721506489,3.9154668847546557,5.797497122908693e-4,0.001344632749030544
205263_at,0.17697137866816204,6.2177586756149354,0.006045903672834276,0.011441400114303764
205264_at,-0.18565424592631277,4.830827234118248,0.008007325295220708,0.014729133909289054
205266_at,0.3948524387307489,4.2529840436551964,1.5070679623358152e-5,4.6367659622353786e-5
205267_at,0.9629852983840961,4.353468702841017,3.391167398173997e-9,1.8119489444707248e-8
205269_at,1.1235206536511555,3.4431522629148703,5.052903736898305e-25,1.9195658770706218e-23
205270_s_at,0.9103951031127563,3.954308872507832,2.5740299573881553e-19,4.950733022172227e-18
205273_s_at,0.11212769103141312,5.357774458140094,0.019446045781182406,0.03288484427052993
205289_at,0.35145357253126086,4.234702870383514,0.00957224810330069,0.017369155476060345
205290_s_at,0.40653036368950485,3.7152913133328065,0.0010159667453441578,0.0022409000911822034
205291_at,0.7500264958435003,4.068815313524185,9.342447038417001e-23,2.7345801946055008e-21
205295_at,-0.7651436466511042,3.4904751929369584,5.088741028541925e-4,0.0011931644263245707
205311_at,-0.6648940927698229,6.580415676252719,2.3606466935445386e-7,9.61582054294397e-7
205313_at,-0.20651085011336714,4.870718684787177,7.351103656760686e-4,0.0016691897726764993
205321_at,0.6055848156675873,5.704759118559475,8.972483010522632e-8,3.891587469300767e-7
205335_s_at,0.34673062007861544,6.026799339933635,4.612931949688077e-14,4.670920602741812e-13
205339_at,0.6409517685431344,4.464178610775677,1.953461368726794e-15,2.3673565207206046e-14
205345_at,-0.3803132980941985,4.625599222749567,1.2957168302190537e-8,6.358687312018655e-8
205352_at,-0.4862892492979883,2.742673822935799,0.0016630579776498724,0.003522408089079297
205353_s_at,0.2410703389567125,6.909443364657508,1.4160900326942753e-5,4.384558531865251e-5
205356_at,0.3009603370626162,4.645556247612267,3.835797510816808e-5,1.1040542378662135e-4
205361_s_at,-0.7684783166266957,6.42462785150366,7.386759741175594e-20,1.521814559754118e-18
205366_s_at,0.3492798341522318,4.45116461319051,0.010661686470339979,0.019141720656402246
205370_x_at,-0.2815554899507015,6.433861359239141,5.054904652908718e-7,1.960651468016332e-6
205379_at,0.76926108533912,4.004373587563902,6.86605807533193e-20,1.4172655137000185e-18
205382_s_at,0.5092500503513321,4.999982466964336,7.9052369888209e-4,0.001781422041675185
205383_s_at,-0.5780106215343311,4.97809786663611,3.1596200530231192e-9,1.694992970858121e-8
205392_s_at,-0.33970574390671227,3.784213244022919,0.001635568163371915,0.0034682980471503018
205401_at,0.27170860767289867,4.407992539509166,5.434041771864999e-5,1.519265203871004e-4
205403_at,0.5610765126826751,5.054560942057463,6.068641600315713e-4,0.0013999430978506079
205405_at,-1.1936626309057,4.815328985942972,9.255210598334384e-36,9.35477808463618e-34
205428_s_at,0.4534726337258705,3.108075324039292,4.971818242231824e-4,0.0011665153050597794
205433_at,-1.6372430896210926,1.6026804619997321,6.057359873064459e-11,4.114933184536433e-10
205436_s_at,0.3345916444024314,5.9695110368770115,1.8071342145489856e-6,6.477025373189456e-6
205449_at,0.3823200342930645,4.581599795449689,3.973257208077626e-8,1.8151601053362735e-7
205455_at,0.3925940080820261,4.660788542338779,1.4089839022731126e-8,6.861111156841752e-8
205466_s_at,0.7719122474272054,3.725559554763394,1.8193673914552223e-19,3.563232699206544e-18
205470_s_at,0.6620157194732095,3.920763593007487,5.7550477430688435e-6,1.8941267733178655e-5
205471_s_at,-1.8892545730529913,4.928800702875067,4.6066818460107e-31,2.937582298590038e-29
205474_at,0.2527240370326947,5.210836261429319,1.0585544021070598e-6,3.929415561251882e-6
205477_s_at,-0.3893038819328638,1.9628338257977724,0.007214052189871147,0.013401099550908548
205479_s_at,0.625000488461171,5.324662335654624,5.7021853883927084e-8,2.5495622731991267e-7
205480_s_at,-0.29548733452840487,7.075786912731544,2.504119022800082e-4,6.209867382235482e-4
205483_s_at,1.0064520741644782,6.427281388850567,5.186643477714614e-18,8.6549083452892e-17
205488_at,1.363825023620819,3.709585589193899,3.288317218160745e-22,8.986668968917362e-21
205490_x_at,0.2582215905131511,4.8443483454491085,0.006762378696712896,0.012652001917199661
205495_s_at,1.5429306442699142,2.862831895989992,4.645312093430857e-48,1.3450061745114801e-45
205499_at,-1.124713965897106,4.480040368496824,3.3867670137358373e-12,2.739428938158751e-11
205506_at,-0.49465201892014116,6.566723391285296,2.770386340995373e-7,1.11575747635652e-6
205541_s_at,-0.7280813054911841,4.559751366321616,2.1151746871297988e-6,7.510728015651818e-6
205542_at,0.3295815842460046,5.370867745316756,0.001937961589997773,0.00405892131254079
205545_x_at,0.19450936124816381,6.136542926027555,1.7007005652331872e-8,8.203334153688941e-8
205546_s_at,0.11476999968837799,5.509018684192107,0.014870436216444778,0.02577365849972058
205548_s_at,0.2930485222520586,4.82669428922205,1.1249149018064715e-5,3.5570287317156815e-5
205549_at,-1.992078188117003,3.5594529111513418,1.9912872432636956e-15,2.4104700832863244e-14
205550_s_at,-0.24782931929688207,5.501601461303527,4.2980924857936e-9,2.2693674125336047e-8
205566_at,0.39602465093222444,4.434811355871101,1.278191521099429e-6,4.694297485614735e-6
205568_at,0.5176059510599323,3.6563588488385035,0.0015066514995582363,0.0032140098595713627
205569_at,0.9668950409341711,3.9459078232449056,3.257715356926381e-23,1.0145321110102418e-21
205573_s_at,-0.2036164957981068,6.479096880728881,3.5650211661275024e-4,8.588605350881327e-4
205576_at,-1.089455820168115,1.4718565333592892,1.254340157124193e-7,5.334555817098643e-7
205594_at,-0.5430283624742819,4.46863257498475,3.666202770082203e-10,2.2663606621979596e-9
205603_s_at,-0.5630873660865366,4.463001424575179,1.492603353584977e-11,1.1073587068528988e-10
205614_x_at,0.18543645970418776,3.899914582419149,0.016836459471363967,0.028868276299091257
205625_s_at,1.9411846617547084,4.17773848850436,5.4651658545761565e-12,4.2923989589497334e-11
205626_s_at,1.6223411036922435,4.007079619370018,7.1263943125556765e-9,3.6433870077264994e-8
205633_s_at,0.42595779985368887,5.57512935876978,4.939024084983141e-11,3.378784484190574e-10
205639_at,-0.5578328855184674,4.053313120321574,7.128148951289193e-10,4.230684748762389e-9
205650_s_at,-0.7916593252035894,2.2138770331719932,4.0079079583310786e-6,1.3609102363740363e-5
205654_at,-0.48223405092419236,4.008500064208795,0.009345684893754463,0.01700413081976759
205656_at,0.42285415035922425,3.9283619336805877,3.144891701189916e-6,1.0857629647066571e-5
205660_at,0.8830011037892946,3.3808901127668807,2.86994509150997e-14,3.008387648272633e-13
205668_at,-0.8924171653078247,5.790297989436869,3.587064149960019e-16,4.845929159964903e-15
205673_s_at,-0.39814628302573307,3.3718798545357824,0.0019176314443482736,0.004019484575093535
205675_at,-0.6778636023635586,1.7890866227829003,0.003350332844188118,0.006681332047614912
205677_s_at,-0.1984033840039366,4.629750428683313,0.0030175490377138707,0.006073079624465282
205680_at,0.42544617954116143,2.7688357344145986,0.013228541705630372,0.0232437866643297
205681_at,1.4101866182506537,3.7883725350344917,1.3796452690185428e-21,3.519080896903726e-20
205682_x_at,-0.27061797991558495,2.9718926068234417,0.007613971372705829,0.014095122743355374
205684_s_at,-0.15411041319547522,4.56538547918287,0.0228185566484228,0.037941207104540346
205698_s_at,-0.4305546194464043,5.344915935421094,2.154010453620209e-5,6.475470676698134e-5
205700_at,-0.593216609841168,2.7399342260896957,6.654214502581263e-4,0.0015232179479947236
205709_s_at,-0.5407670370960972,5.822467596286304,1.7017299405003227e-8,8.204605244185399e-8
205719_s_at,-1.6113187254513595,2.1146385391702767,1.0545591358913858e-11,7.9784548183647e-11
205726_at,-0.6653323392050711,5.223406826185434,2.4407178732786482e-14,2.5811856442679323e-13
205740_s_at,-0.11672271806314201,5.316537383821558,0.030051322237068252,0.0485946890755792
205748_s_at,0.26432337582268184,4.98340214786755,2.9094157209530145e-7,1.1691136766155153e-6
205757_at,-0.6285559161637654,4.000801873063981,1.0441875614820604e-6,3.881464728021275e-6
205758_at,0.8930580685823792,3.569589134153332,3.8217796608938107e-16,5.137104831512596e-15
205763_s_at,-0.16272195149817834,5.163073013645667,0.003869032392771815,0.007623495314284432
205767_at,-1.3292032402077005,5.258285866805406,1.6736737171370818e-8,8.087535648033179e-8
205768_s_at,0.2748236598320316,4.261173396918818,0.005130526984131565,0.00985006013996442
205769_at,0.27640267911203775,5.289005646476587,0.004513095491403615,0.00877482184863378
205770_at,0.7009566994922173,4.622026057654244,1.4805620208161914e-16,2.1008292621197166e-15
205771_s_at,-0.40991499096935247,4.187689573745687,0.0058166645776982495,0.011042694953195348
205774_at,0.5796427734840524,4.822228415489032,7.980065333752118e-10,4.710217075508895e-9
205776_at,-0.46745994262001644,3.873971037451794,0.0023118406140543706,0.0047646688146141735
205780_at,0.3028583032087828,6.057301863017247,0.0018175456402949213,0.003824664396872813
205786_s_at,0.6620207864920158,3.1724148620091803,4.144380990972504e-9,2.1946986434151475e-8
205798_at,0.2684844344496923,4.861253271996956,0.007736418015431999,0.014289697620572932
205799_s_at,-0.9260608524792244,5.1061526297561555,3.0830475315549334e-7,1.2333341376231517e-6
205807_s_at,-0.4977323453213172,5.579212452757157,7.478455014276918e-14,7.411349543751029e-13
205820_s_at,-0.5272649413719767,1.8769422815095276,1.1624192159974919e-4,3.0717802321117736e-4
205825_at,-1.305889503753399,4.579546560537809,1.4398752016793884e-5,4.451769995841642e-5
205828_at,1.3530014109587956,6.5197747169779285,2.0955493336747225e-13,1.990214540040541e-12
205831_at,0.7150102442445834,3.8487147026670696,1.096137214359184e-12,9.485394165936945e-12
205844_at,1.0623109947371574,3.1299259380476134,4.0233786232538793e-8,1.8349278497624017e-7
205849_s_at,-0.15631588214787503,8.03260311901652,0.0020241720070848937,0.004218862784416433
205865_at,-0.7723762069231709,3.6265917412918403,1.7837227904057104e-11,1.2990497793077072e-10
205882_x_at,-0.512900831157192,7.024794213036812,3.0093264685954804e-10,1.8831141622700574e-9
205886_at,1.344166176266842,6.705784097145114,1.5538746550075207e-6,5.627673826604317e-6
205890_s_at,1.1347945037365958,6.813919533143005,2.3801151424213454e-13,2.2445575282359044e-12
205892_s_at,-0.8876837105610007,8.909501305583367,3.485869929546181e-5,1.012584722213347e-4
205894_at,-0.8690236053611466,5.470421220303273,9.125127661703509e-10,5.332726544900772e-9
205910_s_at,-1.4257120173538413,5.840246684603951,1.3797559845904242e-6,5.044821113623623e-6
205927_s_at,0.8075911074164867,5.117229504250479,1.3287115784467907e-4,3.477763777156235e-4
205928_at,-0.3181012484652235,4.681210325541276,2.2420136352439858e-7,9.156954660453229e-7
205935_at,-0.3935107091229845,4.571019921092247,3.881094306994725e-4,9.293286390441324e-4
205941_s_at,0.45452294336045057,4.807166410320572,0.0279442061796948,0.045551777358957754
205961_s_at,0.2806378480474285,4.564444224371069,5.7973238983271204e-5,1.6156797846716555e-4
205963_s_at,-0.24884156018335993,5.706258611119719,2.034271096276982e-6,7.240247925054919e-6
205967_at,0.24862447462606352,6.50259616352704,0.0017305386224949894,0.0036566588289524303
205980_s_at,0.28706381294269856,4.605891284256152,4.4031104087868e-5,1.2522039237943455e-4
205983_at,-1.1602419693054618,5.734093397507048,2.938356021931575e-9,1.581839601153415e-8
205990_s_at,0.2896724466102094,4.716685242486251,0.011295489749913823,0.020171458858280845
205999_x_at,-0.3182365183121712,3.481715873274251,0.012990813176916357,0.02288237118781732
206000_at,-0.961950000621035,6.427878903617295,5.993279484063024e-7,2.299641945299684e-6
206023_at,0.4231498103643722,4.171097382899363,0.012687033698839922,0.02240992448733258
206025_s_at,1.0387287864051458,3.942630759922494,4.291730891068015e-12,3.4216622639516603e-11
206026_s_at,1.1977229291086984,3.405062422078015,9.452474844192287e-15,1.0515510177137275e-13
206032_at,-0.4892391857069315,2.242746744895285,0.02328813998997588,0.03866199344686372
206042_x_at,-0.3725397482254762,4.197240004158534,0.00130155815993133,0.002810641517303838
206052_s_at,0.28906469407844926,6.3677737311616065,4.319026982249415e-9,2.2770539400018692e-8
206054_at,-1.0180392043265967,1.5316147363308332,1.3969195171833933e-8,6.811651701222436e-8
206055_s_at,0.2110421451235339,6.441382011439287,2.1689151565122905e-4,5.449246733516925e-4
206059_at,-0.7881879909080173,6.028773659070117,2.739073170567556e-12,2.2434014431414547e-11
206061_s_at,-0.7057619204173676,4.658786757219683,2.1541679858522946e-17,3.3494341991923997e-16
206074_s_at,0.2295253763010678,7.005180208051509,0.0031360122988215735,0.006290226503889817
206075_s_at,-0.15240264704626516,4.92964174106788,0.022774030755167266,0.03788481234163151
206093_x_at,-0.4049438161430644,3.6277557765594235,5.1432456079241415e-5,1.4461834697556777e-4
206095_s_at,0.1179024277784906,6.2108537201983784,0.009868385530075708,0.017858110504003558
206108_s_at,2.3329151092503864,4.953768093848634,5.886221848906763e-79,1.5764773666834538e-75
206113_s_at,-0.20706233681030262,4.717027829311831,0.0021141658876554135,0.004387651909037668
206133_at,0.7084649884140599,3.5685534052419925,1.8028635516581747e-12,1.5184022978705995e-11
206147_x_at,-0.1612451434144178,5.530113620985624,0.015000529268980827,0.025975356211356545
206200_s_at,0.13369887431212402,7.8756158243594205,0.00434392434619984,0.008475043074274064
206207_at,0.46768104812733297,2.960435080091734,0.00916916401953473,0.016694298800352746
206214_at,0.7256969831475701,3.636627084894374,6.31589970367235e-12,4.910176598362982e-11
206224_at,-0.8865857863229982,5.275580797900623,3.9289988931031034e-4,9.393297286724737e-4
206226_at,-0.8125928748495659,1.3965318983092732,5.260098170297788e-7,2.0343477147436897e-6
206239_s_at,-1.2425860403197635,8.61816708684804,7.961946512991412e-13,7.0260570834989286e-12
206245_s_at,0.18855129809166613,6.26617886273267,0.006678559399741665,0.012510475056728879
206247_at,1.1664639908036074,3.6796326703523135,1.6548029655262984e-28,8.4822507988915e-27
206268_at,-0.8562713421153498,6.688876329578877,4.5835822934827346e-4,0.0010827765625155575
206276_at,0.5402913297747377,2.072193899599675,5.96833584490996e-5,1.659885303907591e-4
206286_s_at,-1.8089159498193181,6.450211521431131,1.3287494285609005e-25,5.351463394049973e-24
206291_at,-0.750365424810566,2.2279158704606323,0.0021914500340804153,0.0045339907715533975
206295_at,0.5895240923125119,3.8145848418340136,7.232840408348932e-8,3.18476856944686e-7
206302_s_at,-0.4483936773727424,6.428002140354431,5.262872674350453e-9,2.7462812937319243e-8
206303_s_at,-0.41257571141152,5.24385636856036,1.9554693856255866e-8,9.360564579180924e-8
206307_s_at,1.0960104206949082,2.5560123012746483,1.1021061560402263e-12,9.525773345668888e-12
206312_at,-0.7625442949461468,6.121618555059802,4.433579036032118e-10,2.707963922687871e-9
206323_x_at,-0.24220209806939622,6.646006425180725,3.8896962794409746e-4,9.311802512100818e-4
206332_s_at,0.6520158282597344,5.796152834047254,9.851093014033726e-10,5.710755381999097e-9
206387_at,-0.5879015075958408,4.508388837534983,4.217320584387434e-10,2.5876377674995755e-9
206390_x_at,-0.3689896637900978,3.9111492389581075,0.004767631147548026,0.009231092080911262
206391_at,0.8542989939372178,4.1123001883356345,6.993539602109403e-9,3.584774629540576e-8
206392_s_at,0.9507120392052979,5.377126068071057,4.765805799499739e-9,2.5027488985314073e-8
206407_s_at,0.4008666596707618,3.683190469071837,4.5777293716519983e-4,0.0010816324384320217
206414_s_at,0.1568626649821192,5.499271281394375,0.014526371748478215,0.025246588868730373
206418_at,-1.3698236731232538,7.294773712573456,1.0632707893270792e-15,1.3385217351423031e-14
206441_s_at,0.158844062668262,5.910360703512826,7.198859622950404e-4,0.001637744386083408
206442_at,1.7214647945058734,1.4573825393458824,9.018914594762628e-28,4.4320932134721117e-26
206453_s_at,-0.2810054062417654,5.40580856369238,5.448415418938054e-4,0.0012702693010464283
206461_x_at,0.6876016721554133,6.6963869040975785,4.713764237605647e-8,2.1325403833390747e-7
206463_s_at,0.7414063041502843,2.9605573974193415,2.0054018874105178e-15,2.4220823472185885e-14
206467_x_at,0.4522473174688848,4.944577430180788,0.001266226088095334,0.002739866710112162
206469_x_at,0.3868414458897069,5.275980090538764,4.216460890795095e-6,1.4227069456090662e-5
206482_at,-0.25305272373829407,5.1300593131729055,0.005241053404136405,0.010035282416177535
206499_s_at,0.3101016871113082,5.234969745176809,3.5304895638910463e-6,1.2091475287073138e-5
206513_at,1.269845841863966,2.752047264765568,1.1932260057383386e-20,2.679880544963275e-19
206515_at,-0.6282281648415912,3.2599450270568364,7.02404272253706e-5,1.9319273346993463e-4
206552_s_at,-2.286447165033283,2.672451755031011,7.970192020186352e-16,1.0213476927303396e-14
206555_s_at,-0.18923792278473373,5.46766456786102,0.0024776766266598697,0.005071331620444628
206569_at,1.2223431890899432,2.636947369672798,1.070127211989618e-18,1.9235357083967747e-17
206571_s_at,0.28333871476686745,4.344160869168672,5.407532308615224e-5,1.513346228374997e-4
206574_s_at,-0.8292445410377908,4.225976432752059,1.600885940912366e-9,8.937098011982375e-9
206577_at,-0.5408266646243035,2.359484014320326,0.010040797420277142,0.018127243472097914
206584_at,0.7814274699059646,3.641295948159801,2.0262880743321007e-9,1.1172220350138854e-8
206595_at,-0.5987384159891189,1.9658131513983688,7.466535490317811e-5,2.0420984096955504e-4
206619_at,-0.7404636323589632,2.697265825888644,1.8857670066469445e-4,4.799767627039372e-4
206631_at,0.6208242258789456,2.9455842776281167,2.644626720354279e-6,9.240667336971752e-6
206638_at,-1.0480022803942586,1.558933765168375,5.112551687754444e-7,1.9808595381885478e-6
206656_s_at,-0.4320285133259352,6.481995897232335,3.3953213707895734e-10,2.10864219392862e-9
206662_at,0.3901561786185816,6.404308031277923,2.0567009807547257e-8,9.792638936366834e-8
206666_at,0.983744629406295,2.804271341721455,2.6149663903762115e-15,3.112681660011151e-14
206697_s_at,-1.041266157313632,2.5373620362698572,1.8546640822071414e-8,8.89391956700318e-8
206698_at,-0.3757628045813487,5.104088458333206,0.0013254515129876583,0.0028564799957024305
206710_s_at,0.5233113889616416,3.1240952783535034,9.089628921663824e-4,0.0020240530999331647
206754_s_at,-1.6053225347690985,5.216538894487907,6.440708115094657e-20,1.3346094011026896e-18
206792_x_at,-0.4442853740322537,6.3267330134553825,7.640460552833225e-14,7.56490331816103e-13
206797_at,-0.39705374940995375,4.637517688174088,0.006085613000426233,0.01150029495035566
206805_at,-0.5895379383115009,3.3466138618531214,4.04364178152517e-6,1.3708713419455427e-5
206809_s_at,0.13153259125985012,5.49586852960329,0.004672854005889672,0.009062325301429409
206846_s_at,-0.14700906869049193,4.948413025560182,0.008820958086752461,0.016117844786522107
206857_s_at,0.656854662150402,3.351486928342308,1.4057298980281667e-5,4.357518633557798e-5
206858_s_at,2.5115881353569836,4.196611832733278,3.045113804625209e-45,7.586582369523223e-43
206875_s_at,0.37233341238179124,5.460317929423819,1.2469954359900077e-7,5.309643126296086e-7
206918_s_at,-0.7951801191075744,5.870735467441472,3.0594006286496944e-16,4.185869595750214e-15
206949_s_at,0.19861980878311603,5.481220291959033,5.854699269414316e-5,1.6303975376458427e-4
206958_s_at,-0.5346851822309454,5.1509778443017344,2.1215061596965416e-12,1.763203684160516e-11
206976_s_at,-0.9217922216718254,7.303003340347559,1.876838233135748e-26,8.15320563292907e-25
206991_s_at,0.7050962586208939,3.807262956805077,6.833102918756024e-20,1.413185937618403e-18
206994_at,-0.5492033242001834,4.839440521030008,3.9092413737415867e-4,9.35023506070409e-4
207002_s_at,-0.5826936488186313,4.579442543040575,3.8659353477507356e-7,1.5271299919046323e-6
207011_s_at,-0.30531113112406477,4.42513028035952,0.0027361068386359748,0.005554654645121697
207030_s_at,0.5777766318929168,4.587421841400779,1.9712304741542897e-8,9.419175767000403e-8
207051_at,-0.5128732882405944,3.048295977907877,3.997051647215299e-4,9.543216914779919e-4
207071_s_at,0.14776549435865918,5.162699275163209,0.0049301634841781485,0.009511406700162164
207076_s_at,0.4496280421025272,8.273089173250778,1.645148204281907e-6,5.9321685333127125e-6
207121_s_at,0.28284498949316295,6.3900225069913015,1.6437827329794156e-5,5.0376311314835375e-5
207132_x_at,-0.11519276379911522,7.865404387606823,0.009063077128668795,0.016509563897199254
207157_s_at,-0.09663721469828865,8.263855533457775,0.00660968376548689,0.012403142788520066
207158_at,-0.5499854789548703,3.9879779482387563,5.839336753767407e-5,1.6265422424105623e-4
207163_s_at,0.2801579843900245,5.15982142731547,6.836113263001509e-8,3.0212574829428693e-7
207165_at,0.257085449723127,5.274907268031098,0.004649848490608168,0.009019342183575104
207169_x_at,-0.2053383555688707,6.835327084045847,0.0012592658916454047,0.0027264582653995996
207180_s_at,-0.48636433969790055,6.061871159601743,8.773456960137233e-17,1.2787761144755126e-15
207181_s_at,0.2276943761553527,5.8125013277328605,0.005196842374596197,0.009963094552442566
207196_s_at,0.38106830801025965,6.137283023616564,8.9732609292127465e-14,8.827414539454191e-13
207198_s_at,0.17952087839520228,4.95964923788294,0.00577693796759378,0.010973109299083716
207202_s_at,-0.9180753870570846,4.866683801286688,3.305900202010061e-14,3.431793494586607e-13
207217_s_at,-1.430521728276778,6.6538107011909835,3.4790871693968905e-19,6.561876909462833e-18
207238_s_at,0.6657979165294304,4.0407766010463035,3.3706684054354214e-8,1.5537853109909496e-7
207249_s_at,0.7102099357571754,3.273547761316438,3.453109430917218e-4,8.348716166422061e-4
207259_at,-0.44187679029774585,4.015617100610023,0.0028925043740572584,0.0058433715555865386
207265_s_at,0.599536033041527,5.807360546307344,2.7699598013214116e-11,1.9756710620210576e-10
207266_x_at,-0.2659456944262464,4.696241961042294,0.02141445422785378,0.0358569940829943
207305_s_at,0.1458985336258238,5.739068169080839,0.013711985510742326,0.02401054278793438
207318_s_at,-0.35368513905843985,5.253698671110181,2.298359601655801e-13,2.169367965862431e-12
207320_x_at,-0.5032502881590876,7.919186441434224,4.422976757640193e-24,1.5090238854967955e-22
207365_x_at,-0.5168920096406607,5.66427404753426,1.5738127694070757e-13,1.5134879891075406e-12
207380_x_at,-1.5149950789349498,5.76673986252231,1.3042388195469226e-21,3.342658008087603e-20
207412_x_at,-1.3706221256850133,4.019147899881544,1.351605879819201e-11,1.0076377028881767e-10
207431_s_at,0.18208929599014348,5.285430372542312,0.029608813300747484,0.04794136156591028
207436_x_at,-0.4353328480121734,5.104148979623903,4.406319244169408e-14,4.478643079960803e-13
207457_s_at,-2.6861901286770102,5.404239782383868,1.0625279696733003e-26,4.703662040954572e-25
207467_x_at,0.1997473590067157,6.878413325023577,5.779147163372789e-4,0.0013409574087332183
207480_s_at,0.5326100204615524,3.8655067372882335,3.5069451198156996e-4,8.463596095648928e-4
207483_s_at,0.18101070902957817,5.605807188269592,1.306562360039109e-4,3.4281661922848334e-4
207507_s_at,0.17460797402613723,8.269087641530794,4.4368845175624897e-4,0.0010506707302530274
207508_at,0.12393421027554291,7.885356895587884,0.008710089818289628,0.015942455531067278
207513_s_at,0.24913778589164526,5.0516512505199165,7.415343464051604e-7,2.8088349778917934e-6
207522_s_at,0.318922664568347,4.111707660890177,0.008103106087668736,0.014895088455249684
207525_s_at,-0.19168412475072302,5.7808537530783,6.040494878371855e-4,0.001393750196683129
207529_at,-2.2590028258364803,6.21357973226709,1.8194478066301693e-9,1.0088894592354556e-8
207540_s_at,-0.36899516207357486,4.772246701016004,4.43500051368932e-7,1.739734914066411e-6
207541_s_at,0.2582818980247928,5.134017912725536,9.06740055963548e-9,4.547708904277851e-8
207543_s_at,0.599826158056115,5.839216201382884,1.0939498996158501e-13,1.0673483856634427e-12
207549_x_at,-0.6231920336280885,6.895842154847838,4.6766997180550814e-14,4.731018326678384e-13
207563_s_at,-0.21231278483657387,4.840597069076251,0.00679465153030827,0.012710162710702374
207564_x_at,0.23514448240510125,4.891987598926457,0.0067103739008523245,0.012563480531253226
207585_s_at,0.3204214716365259,7.986479318109404,5.66470297096928e-15,6.497426437686713e-14
207601_at,-0.82438947201988,4.2718661373402185,2.1759736718869215e-7,8.921242229974967e-7
207614_s_at,-0.13718690287036364,5.115990123586094,0.003481538933142475,0.006921084911997649
207620_s_at,-0.5053631173084384,4.620886937849939,1.1720631372148276e-10,7.707987961315193e-10
207628_s_at,-0.15289637350049387,6.313975018033104,0.005803700600636699,0.011020036252148344
207655_s_at,0.5970417498240982,4.681669801132239,8.190841886674821e-9,4.1351785641822506e-8
207657_x_at,-0.3462426599384005,6.256013025515281,9.638468581640026e-11,6.381762293888108e-10
207667_s_at,0.33269597737547896,5.0774490203151545,8.174815524374378e-9,4.130981071350128e-8
207668_x_at,0.21752697996014253,7.758442320242319,2.7308640628724725e-7,1.1014964874078614e-6
207700_s_at,-0.42982747320719233,4.3734549783858165,6.291832462800167e-8,2.7933858754238783e-7
207707_s_at,0.35920731233918046,7.265515074781527,9.063239450702866e-18,1.4666840518939549e-16
207714_s_at,0.22243457304267483,6.434155428783218,0.012957832598578621,0.022828031677120993
207717_s_at,0.38182797753074577,5.713578691568885,5.5906900794412845e-6,1.8432028724970067e-5
207719_x_at,0.574265233151329,4.381250139320232,5.730869395771049e-10,3.460407842197202e-9
207730_x_at,-0.5181550684114561,5.236840833306318,1.6650622057721363e-13,1.5940850232740746e-12
207769_s_at,-0.3395380661304601,5.426372230750758,5.989579152295407e-10,3.6008123854663134e-9
207783_x_at,-0.11114060801962979,10.582336062739941,5.272110742670302e-8,2.371121846609024e-7
207785_s_at,0.2144573743737858,5.196402855467981,8.764918811098206e-5,2.368783431465567e-4
207805_s_at,0.38532985163514827,5.6818757594619385,6.478505646714633e-19,1.1904670839323133e-17
207814_at,-1.869463455631353,6.335442459736371,1.4374135785007797e-9,8.126127528484883e-9
207821_s_at,-0.4275347677863458,5.168731466765549,2.1518871893638598e-14,2.293847508423386e-13
207826_s_at,-0.4701660465895968,5.958568419652382,1.3314086426614654e-5,4.14874368494249e-5
207830_s_at,0.20790849941800604,5.7525314778283585,1.1646992910348353e-9,6.658176896935e-9
207842_s_at,-0.1705245827041284,5.031286568740375,0.0023812363325533604,0.004893570848003865
207843_x_at,0.25777113446695393,6.4581496496467565,5.116153377017549e-5,1.4389433218164614e-4
207847_s_at,1.0366109560141599,5.924777088372109,1.0288877647056637e-13,1.0084606242718915e-12
207850_at,0.5756842962191044,6.03987408256346,5.449808761513055e-5,1.5219969046425798e-4
207912_s_at,-2.2223777091085326,1.3265511670708092,4.378006157482171e-14,4.4540911647774456e-13
207922_s_at,0.31114465509044176,6.1232697075730185,4.2179233622821174e-14,4.299392291163494e-13
207941_s_at,-0.5136501111149729,7.1649710530283315,1.4805964673377562e-15,1.8231758568493543e-14
207945_s_at,0.22414371992089055,5.027805855488713,2.1489822991447244e-6,7.610207149903147e-6
207949_s_at,-0.4649116584332092,5.3776701180957,8.68916186186443e-11,5.792594338901906e-10
207956_x_at,-0.422273124225594,5.110267873512007,3.9988612950690547e-10,2.4606433689876383e-9
207961_x_at,-0.9210400938967083,5.645542633921649,7.529216740011061e-7,2.8481814595952857e-6
207983_s_at,-0.7740711688971182,5.69001122986822,6.65166346221207e-22,1.7508420312205873e-20
207993_s_at,0.7396439518751948,4.062031775613313,4.526825612491191e-10,2.763298164479665e-9
208002_s_at,0.4462704082112781,5.906736893594963,4.417299552366143e-12,3.507161524166525e-11
208012_x_at,0.4083851724836472,4.618397079307602,1.6226676662830272e-10,1.0541927658514295e-9
208018_s_at,0.6150073233211782,3.881447454492369,2.6813417120962405e-10,1.6887250888704893e-9
208025_s_at,-0.8507446679053965,4.046690358217117,2.2058448176895182e-6,7.79908103363294e-6
208029_s_at,-1.158672041455061,7.178218061501337,7.688801538841587e-21,1.7906550192523898e-19
208030_s_at,0.15191368114658665,5.673439052437409,0.0012948826656792609,0.0027967899188350645
208050_s_at,1.194578903478115,3.5978696146019162,1.462298477380152e-43,2.955774261919541e-41
208051_s_at,-0.3226704131827075,5.589406238179755,2.2531443156754605e-6,7.945337410741016e-6
208066_s_at,0.19902010945606102,5.540178657858526,9.806249405666693e-6,3.130344156224889e-5
208073_x_at,-0.14369781824917116,6.928147884756701,0.028367432099590882,0.04615038725632758
208074_s_at,0.20349296136381356,6.8573958189919315,2.70690697207036e-5,8.004166268779953e-5
208078_s_at,0.29354851678024946,4.9281683796461575,0.00963068158669825,0.017460398009527558
208079_s_at,-0.21737573642446711,5.9328364557969735,0.023416898182382094,0.03883836166607975
208091_s_at,-0.17494305617390324,6.512808585598711,0.0012533878037706955,0.00271428007717717
208095_s_at,0.2076503707440456,6.5501677829587734,4.271937316280933e-5,1.2196058787056517e-4
208097_s_at,0.4248238323707967,5.051457068219337,5.914661109407806e-7,2.2702889453631613e-6
208101_s_at,-0.17665908353648138,5.351811986977293,5.9228856807172774e-5,1.6481006311045245e-4
208103_s_at,1.2459597088741345,4.07606359867869,6.995934688673584e-51,2.4176596232180675e-48
208113_x_at,-0.2907150775642148,9.061146378015732,5.359386873157832e-12,4.2124073053660936e-11
208114_s_at,-0.2814057260149231,4.70991002921888,6.8547616368323346e-6,2.232068736029933e-5
208117_s_at,-0.2693096867798294,5.3616657650193975,3.318332470042906e-5,9.670646287151701e-5
208120_x_at,-0.2760585427383339,5.310920696082578,3.5965334898864505e-6,1.2301935912245703e-5
208121_s_at,-1.562947406466262,5.104883520774336,3.422029869259922e-13,3.1795495220625793e-12
208126_s_at,0.8316562289735865,3.0011138602265843,5.797610502061955e-9,3.0106544502467144e-8
208130_s_at,-0.30541218494873895,3.879469439504478,0.0023566728675025526,0.004847741249914526
208131_s_at,-0.5638754572332025,4.727169447434896,0.0029654048804178654,0.005980493690496347
208149_x_at,0.156729740713442,4.995731384958158,0.008106675474246596,0.014896537625317972
208152_s_at,0.6079406367705418,6.775895472680351,1.1428506628460518e-21,2.943115180545614e-20
208161_s_at,-0.25603373981072847,6.044105356363999,0.005441755643755078,0.010384312114632732
208170_s_at,-0.4155795651392985,4.818756623289932,0.012029189794067557,0.021332347337170293
208246_x_at,-0.4696404007899037,5.843834597021306,3.26058634687256e-11,2.3010975977632236e-10
208248_x_at,-0.22696168311935508,7.277742602504413,3.606821915572913e-5,1.0446034923366481e-4
208270_s_at,0.29506515638906133,6.3715414508701445,2.9025825553810998e-8,1.3484547665133442e-7
208281_x_at,-1.5986148355190395,1.5391714117354007,2.4463357408168727e-11,1.7518445716157191e-10
208282_x_at,-1.577658001935577,1.2766995663175453,3.9246302917557414e-11,2.726625441996061e-10
208284_x_at,-0.2362147231523797,4.178744120193282,0.01572463526812062,0.027109433155355037
208289_s_at,0.09493328609568608,5.818059821033523,0.026376633126908654,0.04325315638888296
208290_s_at,0.266836861220722,5.677698075513731,1.1451538477592225e-4,3.030640605495195e-4
208296_x_at,0.598180098966758,4.312138308835643,8.74101625414761e-12,6.674448120504872e-11
208300_at,0.24019791020101666,3.602332042590732,0.023111261101310992,0.03838619227571235
208306_x_at,0.6960316063233545,8.204996191785767,3.4008855161680834e-12,2.7476385018633994e-11
208308_s_at,0.25833118450185477,7.8245343210510026,1.2401458974206066e-5,3.885838841493699e-5
208310_s_at,-0.23205946505977398,5.931426743682554,1.4253298648341285e-5,4.410617805305609e-5
208313_s_at,0.19661758488212355,5.612744983676245,4.466891282697324e-6,1.5001193201108599e-5
208319_s_at,-0.2775826385345566,6.375444939342663,1.2883926153537456e-5,4.0275897543871246e-5
208358_s_at,0.39305350083124385,4.990522431423277,3.4197900440403575e-6,1.1746140026227749e-5
208393_s_at,-0.478338528087182,5.172546086985038,1.795159709578438e-10,1.1592251940152987e-9
208405_s_at,-0.23468952132109702,8.47382657170781,3.278580110070534e-5,9.559996929555153e-5
208407_s_at,-0.25031552087643455,6.583266611089357,9.429490608439359e-5,2.5335143086837187e-4
208415_x_at,-0.14525840101141033,5.307540901367787,7.042663973024191e-4,0.0016056194752715079
208436_s_at,0.8304528853018197,4.631264843717487,1.6213072904729656e-19,3.19872283661821e-18
208451_s_at,-0.38785401149491827,4.938553528026107,0.013503649216060698,0.023688323899076186
208453_s_at,0.4908848649026212,5.505475483809697,1.1675151920259365e-20,2.6276450109608945e-19
208470_s_at,-0.7598982264172102,1.9495708412189934,1.8025553615152303e-6,6.4627763011755904e-6
208473_s_at,1.0902656411565612,2.9879562268675124,6.243706915999422e-13,5.57871828115945e-12
208503_s_at,-0.8780774087766965,5.296761196247021,3.969133378194911e-42,6.97070916075444e-40
208510_s_at,-0.7232429087891942,5.58805045659831,3.236045615845391e-12,2.6283363671381103e-11
208579_x_at,-0.411428863037843,5.520824489834116,1.8962154192389338e-4,4.8229239758562913e-4
208581_x_at,0.829794816403119,7.255009264670593,1.077791740731284e-11,8.13125557637623e-11
208596_s_at,-0.4696122065953887,4.981977003897559,0.015564071364865291,0.026858552920715505
208611_s_at,0.21031053511304482,6.360568900867309,1.5834328506589046e-4,4.0924767500865727e-4
208612_at,0.2217793532263922,8.319988957951164,3.819224716397085e-6,1.3005516333999353e-5
208613_s_at,0.43125918603376356,5.72004775448943,6.143586883672559e-10,3.6851201727202756e-9
208614_s_at,0.14463829539099265,6.432875593460943,0.024685297908515737,0.040716489067579534
208615_s_at,-0.2989492460709772,5.7386782942225905,2.799573418004435e-6,9.73128813338141e-6
208616_s_at,0.19048207003210926,8.323188527912293,2.1252212986112093e-8,1.0097681770560161e-7
208619_at,0.0984078766884046,6.475964275189479,0.007789278558158987,0.014377419227008482
208621_s_at,0.26572423420152697,5.415860292758084,0.008144089357437738,0.01495759116856343
208622_s_at,0.4697122650073876,6.523374275027731,8.831809862211352e-11,5.884028548126257e-10
208623_s_at,0.34681741855247405,7.2637641504752946,8.150770660099475e-9,4.120774236981863e-8
208625_s_at,0.1698696564578258,6.099716039657763,2.8933076427905895e-4,7.096154939838733e-4
208629_s_at,-0.21823244365512365,5.657749154268103,4.8525345593732283e-4,0.0011413196307055676
208634_s_at,-0.17774990566830243,6.053172910946757,0.010745109783993408,0.019275345129926555
208635_x_at,-0.1283926486281662,9.778584268044753,7.71499164451904e-6,2.4962460129185285e-5
208636_at,0.16850904377237952,7.654355723428064,0.015607653056483022,0.02692508650468641
208638_at,0.13380683914492295,7.712198189824009,5.555230537637615e-4,0.0012929216760745549
208639_x_at,0.21470046495834685,7.7404511261059,2.78171247240876e-7,1.1198979976292763e-6
208640_at,-0.13698177585123558,8.959972057646315,1.6362137546048258e-4,4.220745955473513e-4
208642_s_at,-0.07988264560582134,7.522737196117468,0.020072230696667005,0.033879597834156866
208643_s_at,-0.3438156285805276,6.909739387967549,2.5574561983093466e-13,2.3991268172056066e-12
208644_at,0.29808136946227115,5.331261887690395,8.324259853305699e-10,4.899878890574943e-9
208645_s_at,-0.05235686770859898,10.4026909547563,0.013824173635018271,0.024179326065624607
208646_at,-0.08656363818807188,9.09122437053976,0.011624585722815668,0.020717715329982407
208648_at,0.24705641830056438,5.256382755669514,3.384403147411071e-8,1.5581053252348432e-7
208649_s_at,-0.10324341493312063,6.455804253512615,0.018594357193572126,0.03157916116276763
208650_s_at,-0.511342600479339,8.489904236513555,2.5854708945862294e-7,1.0467932612888237e-6
208651_x_at,-0.4558541434061843,8.058129599723237,8.091696559577158e-8,3.5324509063875347e-7
208652_at,0.2826305927978649,6.9664826120004255,2.8762740256442857e-15,3.397301393244458e-14
208654_s_at,-0.20335863376337088,7.533741228438905,0.0016484076320865669,0.0034934502398701072
208655_at,0.21769109574962933,7.683686830898159,3.945882987841457e-7,1.557562433631007e-6
208658_at,0.3328938624964733,5.568456276088716,1.0551463264622403e-9,6.093683339832874e-9
208660_at,0.1402794867609628,7.581306924325721,0.004253859109609541,0.00831750185093028
208661_s_at,-0.27524440015153273,6.139064173630881,5.640792472812657e-4,0.0013105575745227065
208662_s_at,-0.2318236078471605,7.097831371707189,0.002121498673816978,0.004400312738160946
208663_s_at,-0.22949065199372495,4.749253435780007,0.005184794280093949,0.009945335921691402
208666_s_at,-0.18921909543817236,5.312486707580431,9.462828762222468e-4,0.002101042166418431
208667_s_at,-0.3396243615253531,6.778738075821694,1.2384561149240244e-10,8.124666478371754e-10
208668_x_at,0.10993804204834876,9.077947917702062,0.0029043153581329076,0.005865019874020328
208674_x_at,0.23309016513301006,6.95086404919995,1.8902389224524152e-7,7.833705832198346e-7
208675_s_at,0.20038708789033208,7.911040124081576,2.2104246765846466e-5,6.635248388619242e-5
208677_s_at,0.32639807274287264,6.964252323407914,2.3198360405231565e-5,6.945892538324364e-5
208679_s_at,-0.15270247149464966,8.601769161538812,2.5377499267164555e-5,7.539443522015403e-5
208680_at,0.11268883887547697,8.575911029592941,0.005528983337307643,0.01054137720102808
208682_s_at,-0.2767165271321964,5.65440135715324,7.481426757799408e-5,2.045648924356944e-4
208683_at,0.22061905321248648,8.32068600647851,0.0012132468060416098,0.002632674302840544
208685_x_at,0.2697221899702557,5.59340864810321,1.0776575462263274e-5,3.419711283389409e-5
208686_s_at,0.35442244268888945,4.953536626443998,2.2257528573026203e-13,2.1064037420744672e-12
208687_x_at,0.10993107813823266,9.362737706826936,0.004478367887925147,0.008711958449853296
208688_x_at,-0.18594693464204784,7.286658838342028,0.0017750509089830687,0.003744067806248398
208689_s_at,-0.3942130610260715,8.310756057867255,3.2323194611905398e-12,2.6273018503591997e-11
208690_s_at,0.15458425678104945,8.166318601748225,0.0019498828112936627,0.004080698292125221
208692_at,-0.13354175137258267,9.925428830491741,2.1351171907662726e-6,7.566165562742439e-6
208693_s_at,-0.13889094703227192,7.519533586788152,0.026930485373715302,0.044040028515001724
208694_at,-0.2707886499794621,6.28027988464407,0.0010029657025748138,0.0022145036215342087
208695_s_at,-0.16257375092014598,10.668016170211827,5.741245245736665e-14,5.764382410269624e-13
208697_s_at,-0.3299822768287185,8.925592610382044,6.028805444521101e-9,3.118618673450244e-8
208698_s_at,-0.15146455047811647,6.522526547600544,0.021009563408343142,0.03524513823889447
208703_s_at,-0.2936713789904752,6.38486381038622,1.8239283194546843e-6,6.5306631304538876e-6
208704_x_at,-0.25856166213576953,7.341115599969601,1.7191065581759858e-6,6.173915037793944e-6
208708_x_at,0.2391519688055078,6.053499920379665,1.4415323007214195e-4,3.7519765640497e-4
208712_at,0.22790939226239587,5.965390670779978,0.007769991329975764,0.014344290387391066
208713_at,-0.1248813464743775,6.242222174119329,0.005206009186652767,0.009978882880052085
208714_at,0.15785493177942317,7.069980017060084,0.0017967821499144318,0.0037846887872656915
208715_at,-0.17959909637999621,4.9260039981539245,0.001687835904691719,0.003570652852875669
208717_at,0.2632359312156737,6.656398408351159,1.5669583946057607e-8,7.599287135088961e-8
208718_at,-0.08075383270390038,8.450504804741964,0.026390135889694757,0.04326867551060605
208719_s_at,0.35688830546557015,3.175111310400871,0.009901015142109155,0.017911106926277502
208720_s_at,-0.40110648878363797,6.804549115295932,1.503991077778197e-14,1.640759309189188e-13
208723_at,-0.391840235221825,5.386030017495093,8.089435564581822e-9,4.093628871202885e-8
208726_s_at,-0.490207991515928,8.3872960890368,4.9230902439173416e-14,4.970882731676388e-13
208727_s_at,0.37697263344721754,6.575159442555888,9.702794864998749e-4,0.0021485333069188014
208728_s_at,0.1790644331769918,5.809318658817374,3.935476607636924e-5,1.1303153055660689e-4
208730_x_at,-0.29279114694314967,5.542988431449087,3.7000748489392285e-9,1.966215369875295e-8
208731_at,-0.2559504892805847,7.114158144197833,3.1594565803807303e-6,1.0899253843792745e-5
208732_at,-0.4329855807139407,5.689791799393989,8.492168445914448e-10,4.992848780139376e-9
208734_x_at,-0.18768221741923827,6.763878858780845,3.9816825618200927e-4,9.510761490474616e-4
208736_at,-0.1602888803559806,7.90360690089698,6.313667449259794e-6,2.0697160154198336e-5
208737_at,-0.2995335101240113,7.513734942313631,1.3021814150551719e-11,9.728221408288742e-11
208739_x_at,0.14366816356816997,7.746681706720357,6.567569127111815e-4,0.0015056359524662716
208740_at,-0.4775741889397028,5.056447268657909,4.739565874508245e-11,3.2485584909537323e-10
208741_at,-0.6164106111592967,4.694974757285092,7.354572744132284e-17,1.0852553417064622e-15
208742_s_at,-0.322369161253054,8.34425358028603,1.4661234934179323e-10,9.583026836477309e-10
208743_s_at,-0.7450442670015679,7.599616856202929,1.595379471474086e-34,1.4125041551985028e-32
208744_x_at,-1.0918303669170608,5.951545477453664,2.609596620706325e-33,2.1020006464381096e-31
208745_at,-0.18217974762174907,5.735257786079897,0.001385412573075647,0.0029755262420528084
208749_x_at,-0.12657924295531034,6.514108553066743,0.014528630670747946,0.025246588868730373
208753_s_at,-0.37248459686607144,6.249431991556259,4.498997693178234e-6,1.5104281506430091e-5
208755_x_at,-0.36631377144147903,9.881427409166319,8.96407379117726e-30,5.219137093743586e-28
208756_at,0.22138827039577247,7.346962951845667,4.793365015212752e-6,1.6017254961938307e-5
208758_at,-0.14083834923269964,6.778604907148995,0.007053619689486262,0.013134412455267279
208761_s_at,-0.1051755461630994,6.547757109692882,0.005681283465105786,0.010808416638997216
208764_s_at,-0.1513115948236713,7.927614973154219,8.633027791870558e-4,0.0019312095789164605
208766_s_at,0.16030693251280964,7.625567660491551,4.679090464371263e-6,1.566471754525292e-5
208767_s_at,-1.0406442506130456,7.203852121644277,2.448465610451202e-18,4.2444032499617686e-17
208768_x_at,-0.19540802078155023,9.34817615350909,2.6678951564071593e-10,1.6812447535641117e-9
208770_s_at,-0.2457253320299431,5.338451022857864,2.816235910896513e-7,1.132520094348136e-6
208773_s_at,-0.17750621702815414,5.952581838592356,2.619972784751469e-4,6.470209415178075e-4
208774_at,-0.27775397188572554,5.617562273910995,6.092525466429666e-8,2.7116420989555885e-7
208779_x_at,-0.2036428753416057,6.67129199855183,8.7252158435235e-4,0.001949796356522054
208780_x_at,0.33610780459569706,7.524981260705187,3.3675072884126025e-11,2.3734279987344875e-10
208783_s_at,-0.38498655818031485,8.377371894646295,5.0615815077533574e-11,3.4560052703990896e-10
208788_at,-0.24409092056029255,6.299479115960583,0.02145513028164804,0.0359082660064514
208789_at,0.3964035695739996,5.517445183904448,1.657532442418915e-4,4.2675186387007536e-4
208796_s_at,0.13394903433770974,7.386956197509804,0.027675383108960436,0.04516167239090528
208798_x_at,0.39354606216718296,4.793467743513759,0.004602421135078631,0.008937055939840018
208799_at,0.19760800563197164,6.646860935321169,4.80597699200086e-5,1.35776454417999e-4
208800_at,0.28967005003929613,5.50941439490143,1.454714624619423e-6,5.300801963791796e-6
208801_at,0.155085950558567,6.677969802945874,5.270052995512098e-4,0.0012321710550179201
208802_at,0.19506740092924174,4.65369495553711,0.002227248042244487,0.00460272150396705
208805_at,0.24040039826831675,8.396264310248222,1.1754587697809976e-8,5.805758322113337e-8
208808_s_at,0.2823305779885654,7.814564995492371,3.1364898406530217e-6,1.083211336651058e-5
208809_s_at,0.14239713850592986,6.096907938740223,0.0026309697253526264,0.005362300450843625
208813_at,0.4369332676629405,5.700223351346792,1.3870214894134126e-9,7.861990061421105e-9
208815_x_at,0.32503714330804157,6.199615795205867,1.544012556633559e-11,1.1407590702907115e-10
208816_x_at,0.3136467983451203,7.591580579646955,2.0999524496941343e-10,1.3438943006913538e-9
208818_s_at,-0.15343111192578027,6.812719800285319,0.013961911463981453,0.024380433172556365
208819_at,0.3225725248735093,6.607481783350538,1.6139196927294263e-10,1.0497827363819274e-9
208820_at,-0.4271940372710037,6.123794382032372,5.5583255037868335e-15,6.389092395071711e-14
208824_x_at,0.17153165053197325,4.7308275878000945,0.01162734333834963,0.020719183164294674
208825_x_at,-0.07703977456912818,10.759241569679212,4.620834335654378e-5,1.3113377016653072e-4
208827_at,0.5654330686584925,6.547191961523708,5.266185541356509e-27,2.431751970023805e-25
208828_at,0.1679159439779458,5.5602051050373404,0.003293882351429497,0.006578553622457905
208829_at,0.34180805052194013,7.0034892242679385,9.298536825807469e-8,4.0216077922840303e-7
208833_s_at,0.10346583784927676,7.173219392363029,0.018285726683060444,0.03109444285009945
208834_x_at,-0.07909303659242978,10.754876662069448,1.0277009245385021e-5,3.273791259167699e-5
208835_s_at,-0.24648404454224526,5.20481207289565,8.178160595426907e-4,0.0018387205899639662
208836_at,-0.12041955380042045,8.126294032462384,0.026527008822476338,0.04346647988913872
208837_at,0.1786862719922355,5.74423919415143,0.00486010134451314,0.009386382856277135
208838_at,0.1662542666813067,4.80219156785575,0.006380526125706486,0.012008885520852703
208840_s_at,0.25255198697948306,5.196552131336591,4.511720809358849e-4,0.0010669771529947319
208843_s_at,-0.10982909408995135,6.75493455432213,0.006508399672058867,0.012223787813248009
208845_at,0.13186265665955918,7.969940155280908,0.0039830206801575296,0.007823634130276423
208847_s_at,0.12839479365222753,6.966651041585776,0.0048856184853889525,0.009430564114229162
208854_s_at,-0.16396485781350933,6.487993044020365,0.005574837009706183,0.010617462912885749
208855_s_at,-0.2748815996847708,8.394311374411133,2.881782944338513e-8,1.3405358524836514e-7
208856_x_at,-0.05372573083249356,10.481371039285623,0.014824944105335462,0.025707288151579605
208858_s_at,0.24597147931977636,5.492906542560349,4.221555764214427e-7,1.6578272324790746e-6
208860_s_at,-0.47246899187804287,4.860796114296582,8.443434809413561e-11,5.639309046960567e-10
208861_s_at,-0.3601901846067639,4.957302676346625,1.1484482877563301e-6,4.242526381632264e-6
208865_at,0.10728321277880823,7.269666489764711,0.003930890899028699,0.007729741960590024
208867_s_at,0.1757417731066664,5.410386287933487,0.0022174144249562785,0.004584168416548942
208872_s_at,0.2569893442783996,6.7350339054062385,4.1156500608129665e-7,1.6198001139415616e-6
208879_x_at,-0.6379302883533846,4.072556569443659,2.101870109924625e-13,1.994449467459921e-12
208880_s_at,-0.4378125682170103,5.6400770457057545,4.6768215880769975e-11,3.209659812496404e-10
208882_s_at,-0.4990834842421772,4.986449924789444,4.534097445925162e-12,3.587349324220377e-11
208884_s_at,-0.4459579393938795,5.793231855989906,4.4590964871542795e-12,3.535921588962531e-11
208885_at,0.35253518780818666,5.156029075010683,4.1127387468960794e-4,9.79541356058197e-4
208890_s_at,0.3163002945003629,6.052343630323954,3.5068493796342904e-8,1.6103247922855614e-7
208891_at,0.2645371057356858,6.921358712028728,0.001114128349266062,0.0024388346967076672
208892_s_at,0.3638036519562651,5.93949374130384,7.678536633965909e-6,2.4852012978754314e-5
208893_s_at,0.3129124791318459,5.802040696964267,1.2977619043756775e-4,3.4067442493449234e-4
208894_at,0.8544274222549583,8.114471729512411,3.634229692997334e-12,2.929533687063991e-11
208895_s_at,-0.15587838864735326,6.85231336048457,0.0020190926321973406,0.004210733768489412
208896_at,-0.1745621480869341,5.476889171458854,0.0020098892287841704,0.0041931729908402755
208898_at,0.17126036305053785,6.086765878982218,0.001895329855265922,0.003976629208668982
208899_x_at,0.15036903065527435,6.132733028130451,0.009971955402831856,0.018021180538214856
208901_s_at,-0.1206317848289408,7.157147467443574,0.017317814513188715,0.029589433314161195
208904_s_at,-0.07629936074150526,10.210774299939883,0.001668237640043871,0.0035312842991088696
208905_at,-0.1846012208554484,9.016209891472931,9.183269038370971e-5,2.4737329949225094e-4
208907_s_at,-0.18849485022210732,5.320974226748717,0.00117635639869958,0.0025635284986307164
208908_s_at,0.14543013476013417,6.439162039044202,0.015504602181103742,0.026768864329760576
208909_at,0.13369345355249604,8.27308244332574,0.005374377081476809,0.010270371329622023
208910_s_at,0.6366228700718619,7.089325690598041,2.6979488613655945e-21,6.659706486592076e-20
208912_s_at,0.22557831585349064,5.450900387584193,2.9666931766564155e-6,1.0278843467503293e-5
208916_at,-0.18426020026863957,5.597852011124284,0.006019340964573551,0.011397172102063707
208918_s_at,0.3548048350675017,5.359713668516806,8.17211256807938e-12,6.282365924867326e-11
208919_s_at,0.1889796178414022,5.653977363449601,9.879076925622151e-5,2.6452024769855066e-4
208920_at,-0.28780118475559546,4.205496681973179,0.010511856637506124,0.018894885932483743
208921_s_at,-0.23214677419264607,8.3905571707712,0.0021157732313268154,0.004390137251056396
208923_at,0.1157556505655463,7.155277155177036,0.004204817387308454,0.008232128777455312
208926_at,-0.5669574119911207,5.949316932616323,1.5744696894267433e-10,1.0253674032114712e-9
208929_x_at,-0.1740961534510713,10.028855718879985,1.2035332056579629e-8,5.9362114328792616e-8
208931_s_at,0.2707272682070046,4.723327154685556,1.69495310464967e-5,5.182086932109565e-5
208933_s_at,0.19350152626880382,4.608688909096227,0.006501417634262184,0.012212815555996981
208937_s_at,-1.223258221712902,8.169838850086663,5.778837555205015e-16,7.596157880848016e-15
208939_at,-0.3494070136648254,5.036773825199172,5.41565193109266e-10,3.2852706193542284e-9
208944_at,-0.7876369565542528,6.695230087222224,1.406326807547882e-28,7.243259177529068e-27
208945_s_at,-0.10749670017683409,5.655062255373623,0.014818873406042257,0.02570508270708075
208946_s_at,-0.10140556918099498,6.237005478243799,0.024957152018755167,0.041118084743320626
208948_s_at,-0.5183999361235561,7.5937973453267675,9.03286711361441e-24,2.941310194168729e-22
208953_at,-0.4333671504842869,4.973012817944472,2.4360378538082825e-13,2.2932577792485178e-12
208956_x_at,0.12928405434941828,7.407921487034016,0.012704244990630184,0.02243662653884292
208964_s_at,0.3533224725702324,3.929691328269593,0.001505214366705848,0.0032115836507707126
208965_s_at,0.622256400923919,3.935209127574082,2.6114851984885614e-7,1.0561283854816141e-6
208966_x_at,0.6433459365259645,5.707689204362677,1.4541927710713563e-9,8.216649344138946e-9
208968_s_at,0.17509842278249296,5.917489944793944,2.369637545906779e-4,5.898217246584416e-4
208969_at,0.291123996257194,7.101744477319536,1.225141263524437e-7,5.226976645215966e-7
208970_s_at,0.3271311440228192,5.1858739697069645,4.409782538809798e-9,2.3226155525206176e-8
208974_x_at,0.19509414366107952,6.958003017404522,1.1878214985118783e-4,3.135813630743655e-4
208975_s_at,0.3627305440257481,5.977832547119277,8.038594385057428e-14,7.944415281099652e-13
208977_x_at,0.22716670054024288,8.225419611292525,2.6502874263347514e-6,9.257427192150047e-6
208978_at,0.28142828330575426,3.9572440864484215,0.004942611879384944,0.009533705629069302
208979_at,-0.32543082784443506,6.045737138829479,1.9257916094096746e-7,7.974876502360203e-7
208980_s_at,-0.1575426253171871,9.671948635984295,1.7387545127066952e-7,7.23670438796691e-7
208981_at,0.33433818053412523,4.861528507929085,2.65171852581875e-4,6.539754031934607e-4
208982_at,0.43267940592514503,5.583217548593898,8.402517941856362e-6,2.7080678312607463e-5
208983_s_at,0.3107416729443708,4.137910120396626,0.0022162078368044473,0.00458255830065355
208990_s_at,-0.22737960702954593,6.476167534167255,2.417790146228613e-5,7.208957928345987e-5
208991_at,-0.15910846323833114,6.892102369355313,0.004706278530415795,0.009122193214464341
208996_s_at,-0.23745849695747107,5.763183536989713,1.674989509828598e-7,6.982164443110417e-7
209001_s_at,-0.11698909417801995,7.039996497358822,0.004422101910207805,0.00861239724433771
209004_s_at,0.20750217850611238,6.046101572645751,3.588354754598069e-4,8.640603390876402e-4
209006_s_at,-0.41592310649926073,4.632278817839683,1.9041460382780018e-4,4.8392101304736224e-4
209008_x_at,0.42728009438192105,8.666598876002489,5.894851204839679e-9,3.0567057578628985e-8
209009_at,-0.37839693495587867,7.776207971561413,8.82629370629352e-16,1.1270093501254168e-14
209016_s_at,0.7324591944351343,3.262616817152982,5.621114816902257e-6,1.8523224556589935e-5
209017_s_at,0.32176833014692824,5.454652723096365,3.7790177004000976e-8,1.7308515016838926e-7
209020_at,-0.5750711304281141,5.243340092458312,1.3409995338202127e-15,1.6608240469151373e-14
209022_at,-0.4255162051726105,7.200078970371385,1.1290546518162514e-9,6.478608722500001e-9
209023_s_at,-0.6527851914459797,5.43612980006416,1.45484607720163e-15,1.7935288866583502e-14
209025_s_at,0.20109519848429258,6.115762883735205,3.817514942315362e-4,9.155369952322469e-4
209026_x_at,0.1959903655146146,8.113630476402124,1.2366188645125534e-4,3.2574128093245595e-4
209031_at,0.5116350617254294,3.3171652419435542,8.194288229748278e-5,2.225796394657538e-4
209033_s_at,0.12848683747659886,5.9153072666209745,0.0028711233937882084,0.005806853951079559
209034_at,-0.12123377356325804,6.451541106850529,0.02271079271288992,0.037814846492569124
209040_s_at,0.36856914498323656,6.823634045422725,2.2371693845879596e-7,9.140654316205496e-7
209043_at,0.2952291088185553,6.360639382575431,3.026987567199895e-10,1.8897969932045315e-9
209044_x_at,0.12476606507606806,5.612786447551068,0.018660965130184434,0.03168223762910711
209045_at,0.5237003054159914,6.550261039414646,1.0832442008520781e-32,8.115241345264554e-31
209046_s_at,-0.11035552210300471,7.042265060073324,0.020626867783377453,0.0346900525217147
209048_s_at,-0.861664350945857,5.689420629765425,4.320048260692729e-20,9.146378857075337e-19
209049_s_at,-1.0557257240527358,6.167095737634942,4.1236723009321236e-30,2.46798331619474e-28
209054_s_at,0.43166501512905753,4.695838917282307,3.898556305659913e-15,4.539699315492897e-14
209055_s_at,-0.15054706411920857,4.865265806054877,0.02988209179281559,0.04834292500399176
209058_at,0.1573556394513761,7.196505281322772,4.907115162956945e-4,0.0011532329481285285
209059_s_at,0.16011477790280454,7.0518965867254835,7.12544205394198e-4,0.0016227648963409956
209063_x_at,-0.16677864124316175,5.835203982220182,4.844981001931079e-4,0.0011400017894506404
209064_x_at,-0.3405448879152524,5.805267887969986,1.1666554120481123e-7,4.997352830576341e-7
209066_x_at,-0.1294959136183554,8.001317746430137,0.011003273262255293,0.019702167216871295
209068_at,-0.1973354349852855,4.7111909086026955,0.0015616950394445326,0.0033231148948769614
209070_s_at,-0.7604613868522496,5.52821945992907,4.2665092204120535e-10,2.6148234140889204e-9
209071_s_at,-0.763659838453002,6.664617668454069,3.5827795946546833e-10,2.217349381717829e-9
209076_s_at,0.22127385847519043,6.642222157792732,2.185489391935974e-7,8.9534026217247e-7
209077_at,0.19907551698744033,5.47658632617386,3.185241076814201e-5,9.31317894539043e-5
209078_s_at,0.16921441621131392,5.242611008549904,0.0024840026410584766,0.005083308556572963
209079_x_at,-0.19120281975738035,4.452860064712468,0.016579934529480204,0.028474004266483076
209081_s_at,0.23888311061180098,4.169944314687667,0.03034968084331404,0.04900318475876764
209082_s_at,0.26812948876484105,4.082977800226025,0.007738805833964168,0.014291644009525623
209083_at,0.45499148452833205,4.547005655258239,2.6273259242706433e-7,1.0617330300532404e-6
209089_at,-0.0908189125467701,7.0805279868748165,0.020598439518511782,0.03465312226159182
209090_s_at,-0.30839260822233727,5.644896436027052,2.1357308561311616e-6,7.566165562742439e-6
209092_s_at,0.41657816825874366,5.940938692189269,8.563316257793036e-12,6.548094723036174e-11
209098_s_at,0.3863127281466978,3.7385957944802155,1.1076409889976048e-4,2.937167800775084e-4
209099_x_at,0.3125049322270103,7.250412225992394,4.753121541268123e-5,1.344604992648677e-4
209102_s_at,-0.2923347073260945,5.753447825226249,4.029291336466484e-8,1.8368424718112957e-7
209103_s_at,0.24761090821442422,6.483977650592951,6.313889645260485e-9,3.25665381654673e-8
209107_x_at,-0.29157984696258654,5.232379539258679,1.7558748287385383e-8,8.442857738005367e-8
209108_at,-1.2649842598510905,7.514536866622823,1.607172123624951e-39,2.1794474633410254e-37
209109_s_at,-1.0752071960163347,7.410382796322391,9.16036518710225e-33,6.910914947142706e-31
209111_at,-0.24756322493302665,5.846664978795306,3.433429267985116e-6,1.1781655268393512e-5
209112_at,-0.23608172820301823,6.8398613232198615,2.115059857532391e-4,5.332698577016828e-4
209120_at,0.22668372765039416,5.424755576704951,0.0017148487091624507,0.0036242205999718557
209122_at,-0.4545725973476762,6.234379745861415,5.955104559368987e-5,1.6566355529607882e-4
209123_at,0.27707980809426175,5.7760697134017,6.740239453900165e-7,2.5706011131944632e-6
209125_at,1.0221682088090112,1.7461522303338735,7.670521527450475e-8,3.365040832251308e-7
209129_at,-0.2487884506962505,5.40050378104556,0.028084076663908053,0.04575889175672197
209130_at,0.19757082525448122,6.337807607184036,9.947777351201248e-5,2.6595631347215765e-4
209132_s_at,0.21762288973170896,5.2509509604386535,4.703733450738282e-5,1.3316885956067448e-4
209134_s_at,-0.10851604624355532,10.284774472632936,9.186283171616157e-5,2.4739228662022097e-4
209135_at,0.6500541647838871,5.950190546308189,4.106311776220552e-19,7.677298090514969e-18
209138_x_at,0.3574663345328165,9.783926606640875,0.021354230781141615,0.0357729279684707
209141_at,0.20813095331325182,5.790256478843635,1.1020171896436617e-5,3.489775392448285e-5
209142_s_at,0.3387824909844051,5.107508827745784,6.522480084277997e-10,3.899292920919095e-9
209143_s_at,-0.1697875768218086,7.010402126271633,3.7974744882263346e-4,9.10934710980043e-4
209147_s_at,-0.27613244230131617,5.493933400916642,0.003175911303793654,0.006359539775241385
209149_s_at,0.15091076443017706,4.654703647367131,0.00956961516634238,0.017367319545489736
209153_s_at,-0.19249555821482445,5.639664508051948,0.003922064384174004,0.007715217728177764
209156_s_at,0.48798896819765447,6.480460587264081,5.871662578209315e-4,0.001360067485413111
209157_at,0.1426376552289003,5.806441930887251,0.007504984126984599,0.013905377888686616
209160_at,-0.5226790758769115,7.0849331918239455,0.0010882460089156657,0.0023870555883524825
209161_at,0.21698823972659118,5.709623403266632,4.31545576214355e-6,1.4529062721509695e-5
209163_at,0.2450743086594212,5.607123454552535,2.1035331846089243e-6,7.471867044666911e-6
209164_s_at,0.31487889448969647,5.047521142824271,1.3210937667260538e-7,5.592324603005549e-7
209173_at,0.7835130974337188,9.43227890795071,8.288619112000227e-15,9.300420883661314e-14
209179_s_at,0.1918904161851987,5.398108510358373,9.589984948070472e-5,2.573584888493962e-4
209183_s_at,0.4508268793921242,4.890023799925226,2.3081494907449193e-4,5.761231475850494e-4
209186_at,0.23473596062692065,7.769568524363031,1.199889733398514e-7,5.1315044766061e-7
209187_at,0.3267357525316435,5.634251706799004,1.169885248917549e-9,6.680693321777027e-9
209190_s_at,0.11514437835110733,5.867076634160705,0.01284163169937118,0.02266058316510681
209194_at,-0.3875762211905531,6.35171772548629,2.506544292537095e-10,1.5832906253508193e-9
209201_x_at,0.7806940290180765,5.132567326033959,4.729797104493215e-11,3.2439383086066463e-10
209205_s_at,0.7675545955876351,5.083049366263108,1.4404980484940416e-18,2.5339992764395182e-17
209207_s_at,0.8056736729406443,4.828084569736587,1.0024198892115057e-53,5.113773463391839e-51
209208_at,0.3547124478913771,5.401133208712915,3.3081432218302443e-7,1.3174772615415394e-6
209209_s_at,-0.3708984119978922,3.6479567248790543,0.015322222688021529,0.02648813484860007
209213_at,0.20738140960844595,5.24876125284483,0.004795448694525123,0.009276569495205425
209214_s_at,0.3113065435777898,6.283108098760572,1.0162388264540399e-18,1.8328226511451396e-17
209218_at,-0.609290647011225,6.2611198620836905,8.50665254249726e-9,4.2825079270570093e-8
209222_s_at,-0.46371253880583985,5.875187011577948,7.919116136874436e-14,7.833563358664435e-13
209226_s_at,-0.3405908630952692,6.207353320058466,4.93395713935696e-10,3.001560637929081e-9
209238_at,-0.4364734566564825,6.216695692091693,1.602825225740426e-8,7.762688355948094e-8
209239_at,0.25642093673441496,5.210149545087448,1.0800148454698428e-9,6.2238832918334725e-9
209240_at,-0.19099422362352136,7.003622503844185,0.008957560345266112,0.0163395938930089
209249_s_at,0.12926268768838875,7.712009804055793,0.010767462540655663,0.019308976598266508
209251_x_at,0.11752398990400902,9.655732391489654,7.461034001862567e-5,2.0415149579846217e-4
209255_at,-0.3802467190668383,4.668623063773959,2.6291569647126153e-7,1.0620723440032522e-6
209259_s_at,0.18340580642046658,5.282494416070503,0.0073277959632957095,0.013598246692324085
209260_at,0.586976157893014,5.430564010228678,1.391944183807982e-11,1.0348298432432278e-10
209270_at,0.31734240231428623,5.545530936731902,1.4020828492167613e-4,3.6555155910584483e-4
209272_at,0.2162769455240916,5.478437307837549,0.0030468539951543803,0.0061274538858811485
209276_s_at,0.42063328922342436,5.947273938255977,5.774324876797272e-7,2.2211972138286955e-6
209278_s_at,0.4789219073543053,3.0153032310891885,0.017345530830436585,0.02962733925166887
209283_at,-0.4163070871948694,4.145679206094668,0.004742466121456694,0.009184027396812287
209284_s_at,-0.12810594310391632,4.96931208487189,0.017913363741752453,0.03053394841135943
209291_at,-0.5109791176756816,4.58530246681797,5.356816616749303e-4,0.0012505464461807644
209295_at,0.4485708917551038,5.617523818209114,5.58898318717842e-9,2.9079541954464504e-8
209296_at,-0.17262690444918835,5.65242045407005,0.0018065987636997163,0.0038046181552024885
209301_at,0.6374123987636828,6.838098635597805,0.004643087505760291,0.009007858828180008
209302_at,0.18295075551544313,6.319710562975372,7.1633425583372674e-6,2.329010283079428e-5
209306_s_at,0.27855088876938505,4.5061973552958285,1.2024272028264696e-5,3.777596077384155e-5
209307_at,0.26535935549904033,4.2524008413387,3.8913596614534367e-4,9.313703318398273e-4
209309_at,-0.6354028101832668,5.309461627350661,3.8448338521703007e-4,9.216761033408017e-4
209312_x_at,0.8700818490665464,8.066943473579975,2.9739407899392212e-15,3.504931538241901e-14
209313_at,-0.16562567322974164,5.613834716791212,2.710276233166361e-5,8.011917573375063e-5
209316_s_at,0.3033013347044607,5.090485615820579,3.3309439927417106e-7,1.3260647712464492e-6
209317_at,0.15455980841199357,4.76226113202856,0.007054551411146077,0.013134412455267279
209318_x_at,-0.837390114300476,4.616936652684509,9.693213166341922e-12,7.380482775481237e-11
209325_s_at,0.2888599664565768,3.5911762658516517,0.0040447042171889835,0.007940428125113723
209326_at,-0.1275650796500674,5.277870213276998,0.025691071351992428,0.04223693666030406
209330_s_at,0.16827324286993287,6.2147967131120385,0.0017348667124546544,0.003664358653495014
209331_s_at,0.2374475202812763,5.212838586401506,1.6814966978531575e-6,6.046953381705565e-6
209332_s_at,0.42157222932781163,6.257664374088967,2.0917533365043835e-17,3.2618564037804165e-16
209337_at,0.2869926293285412,5.409117944122531,1.3482110279469061e-5,4.1949999251801354e-5
209340_at,0.17359913093809493,6.79984019628753,0.011644426435923897,0.020732381653324364
209355_s_at,-0.3196637150284762,4.306436427314977,0.0016793887872988762,0.003553484510830113
209357_at,0.576044890696893,4.463361664436287,2.1260424466148027e-10,1.3597786704826497e-9
209360_s_at,-0.2943106781501895,5.390107277373929,1.5498180836486604e-4,4.0152844329209434e-4
209362_at,-0.1921764377420501,4.875607482397401,0.002005211461473596,0.004184228746935457
209366_x_at,0.25831283444705244,6.537445683636759,5.302354517761209e-5,1.487408325445819e-4
209369_at,-0.22055169273037842,6.190909845105089,0.015786196472310374,0.027198057704705857
209374_s_at,0.4775848666935505,6.97282499459305,0.010364561507752959,0.01866771140426319
209377_s_at,0.4070835032030122,7.142338162026505,8.088202495206369e-10,4.7687899466783616e-9
209384_at,0.22742794483690987,6.221750791641174,5.009846932219918e-5,1.412381320654526e-4
209385_s_at,-0.3705889002327822,6.259259811497496,5.066717543348097e-9,2.6503781758734458e-8
209389_x_at,-0.2288152827287114,7.775548154379359,1.743089905753472e-5,5.315605511055208e-5
209395_at,0.37951670577066177,5.059519365875353,0.023355359576791603,0.03875937244709291
209397_at,0.48134269851863887,5.958388074442597,5.140940148787687e-12,4.055588498819035e-11
209398_at,0.49359285276498427,4.7355329234138726,3.499452051499384e-4,8.44931932109824e-4
209403_at,0.15734583011993436,4.480647985321535,0.03021592666986066,0.04881665245275482
209404_s_at,0.35569382038301467,5.452724606855952,3.8103495815079276e-10,2.3527536061495346e-9
209406_at,0.8059017449874609,4.053694233536528,7.325392904223032e-8,3.222872040367201e-7
209408_at,0.3614477588564484,5.221478628935064,7.143108095331188e-7,2.712659235210316e-6
209417_s_at,0.5044415196888824,4.896256148282539,9.191711309252721e-12,7.008598096514192e-11
209422_at,-0.5141432824237713,5.265523141296906,4.633043436149916e-13,4.238581924122463e-12
209424_s_at,-1.08348058703985,4.702108297093952,1.72639483126114e-17,2.719833504014793e-16
209425_at,-1.37536056687637,4.99072468487455,3.568351654155938e-20,7.599950550889177e-19
209426_s_at,-1.1174793308553017,4.944430808484645,1.516549040624192e-18,2.6590490789209442e-17
209432_s_at,0.2481157918162815,4.932068941419981,5.579491072997907e-7,2.1493379311408336e-6
209436_at,0.5650703973279754,5.322215701360713,2.2842101410013783e-4,5.708127651165797e-4
209444_at,0.1325764235210172,5.48158935154618,0.011904606313758134,0.021139407830149327
209448_at,-0.4112806081833238,6.839862418097272,1.654108470090472e-14,1.7881396609565316e-13
209449_at,0.23050459670578058,4.893199883049121,1.90442545599522e-4,4.8392101304736224e-4
209451_at,0.19971479876199755,4.913604883808884,0.0024097687948511134,0.004944618482903654
209457_at,0.9684485373100615,4.556519266615749,2.1121731086157022e-18,3.673329628668834e-17
209459_s_at,-1.1683805567242016,4.4315750029776435,4.367475628231985e-11,3.0108601290379185e-10
209460_at,-1.0773273686054148,4.615898803825969,1.1242707142040163e-12,9.697513817445755e-12
209461_x_at,0.35014455985052656,4.631876417380464,1.6123291126359261e-9,8.99629259566077e-9
209469_at,-0.9199495861044087,1.6944247546909479,2.598573101715178e-5,7.711499622901579e-5
209471_s_at,-0.31581314044351794,5.969539764602524,4.454376912773722e-6,1.4968550773696637e-5
209476_at,0.34333923985174564,6.844877760001566,7.510962513151843e-11,5.044823912438601e-10
209478_at,0.2877192751860675,6.7791651664510475,8.83747390494093e-8,3.840805596090555e-7
209480_at,1.2913301191356064,3.499392066097652,4.4091050021907e-12,3.5040609709546713e-11
209481_at,0.20022734804671227,5.114612276862273,2.9301232186081425e-4,7.173311252502063e-4
209482_at,0.13257635269218085,5.61629532982808,0.010766494725194047,0.019308976598266508
209487_at,-0.49792194570174136,5.3159087437903105,8.229405451320711e-7,3.090137420259333e-6
209488_s_at,-0.5064710190761375,5.077188745187064,4.524982625270024e-6,1.5186760295901555e-5
209498_at,-0.45975193413479737,7.586619173857441,7.691820046641006e-4,0.0017388155340718526
209499_x_at,0.5991813214567137,4.393970701941024,2.293236678760658e-13,2.166441317421775e-12
209500_x_at,0.5292312531126495,5.240202767079755,4.3121128391748695e-13,3.958497416116571e-12
209501_at,-0.1250313422722519,5.206969224583971,0.02807666575277474,0.04575377551102461
209503_s_at,0.13394259850237994,6.58764408702604,0.0010304250267148068,0.0022695195952293842
209504_s_at,-0.7578673394324391,4.100348377892436,1.0578238466000442e-6,3.928064772487443e-6
209507_at,-0.24858032399587626,6.3873737145659595,1.236145964534898e-4,3.256967958205205e-4
209510_at,-0.21126731632934273,5.52200998343397,7.862319357709337e-4,0.0017728694438884473
209512_at,-0.464360471296669,4.2515323630480335,7.168497154669707e-8,3.1590337317143796e-7
209513_s_at,-0.4198877227689981,5.8051996679428,3.7132345562479806e-10,2.294110830512377e-9
209514_s_at,0.33569568248649445,4.711620990609877,8.361065748739548e-5,0.00022670740917804804
209523_at,-0.2659769423034521,5.426241339617258,3.9080264953095934e-5,1.1230334722170514e-4
209524_at,-0.5518909699654836,3.7358351345412926,1.7321694515279025e-4,4.451122891393241e-4
209526_s_at,-0.6350575070632357,3.724423580888251,1.268687688655972e-5,3.969465890353805e-5
209536_s_at,0.2881518665967603,5.793695605985961,1.8064522229254387e-7,7.506796999301871e-7
209541_at,-0.4297320109130663,2.7636178840272323,0.024271923083250865,0.04009639352210741
209546_s_at,0.9495445422880028,4.649479785564534,1.6713022435040234e-24,6.008275481429061e-23
209563_x_at,0.24354762324423992,7.950474039053473,4.703762319905108e-9,2.4725910565821106e-8
209565_at,-0.49459472680742955,5.3432166184391114,3.174543172286741e-15,3.7372396708470173e-14
209566_at,0.1561477181252463,4.603956027806148,0.014500225464705105,0.025217681071978214
209567_at,-0.32572561784285714,5.778317878112181,8.04435779362059e-7,3.0270180907290965e-6
209572_s_at,0.1846618476839572,5.261483952003852,3.499322550664323e-4,8.44931932109824e-4
209575_at,-0.1665509116236177,4.936177665587454,0.02610507395491688,0.042873471911547535
209583_s_at,0.9600985694470215,4.0350784403322715,4.680048820722238e-16,6.1974490749564075e-15
209585_s_at,0.2852390172653491,4.4320775767241,2.7276990019296694e-5,8.05897391276132e-5
209588_at,-0.22429232247440248,5.625667123408275,0.006444947083574661,0.012119487117138028
209589_s_at,-0.3762688172626321,5.778205981215311,6.276589434104191e-5,1.7374961914097726e-4
209595_at,-0.5348889186776404,4.5086283885234435,1.6377594970033023e-15,2.0028901245886278e-14
209598_at,1.4443171696111057,2.5767260911442182,5.944282877079722e-22,1.5762649124295808e-20
209600_s_at,-0.20065985436078643,5.10536586002024,0.007120496099851359,0.01324798102078979
209607_x_at,0.26752826067723035,5.904201795373901,0.007154539609004113,0.013304388618514332
209609_s_at,-0.11099203799278416,6.774107201919277,0.02569384077431173,0.04223693666030406
209610_s_at,0.26141640203542665,4.683457393766469,0.0019463013863421105,0.004073998974576599
209612_s_at,-1.5154747322989028,3.948386305224204,8.921383364883675e-7,3.3406074794826567e-6
209613_s_at,-1.9996541718720011,3.715121811697399,8.373520341298033e-9,4.221436396062392e-8
209616_s_at,-2.039068686842267,4.682220049744407,3.072814921286592e-18,5.25024980091599e-17
209619_at,0.8032443005762967,8.451368931309359,4.964424484781839e-16,6.541682595998504e-15
209620_s_at,-0.11920487322800964,4.883892524855314,0.016107360531674858,0.027711282058107075
209627_s_at,-0.25292806015590086,4.532275167667297,0.00524688608655106,0.010044655226093907
209630_s_at,-0.13345147762108614,5.230918446978087,0.01638422904720013,0.02816951464976007
209641_s_at,-0.2360924100915618,4.993413790955543,0.004802510490873767,0.009288552967815611
209642_at,0.5126650356554995,4.1279666855083565,1.817026914777682e-8,8.721240742837502e-8
209644_x_at,-0.3247028286445473,4.277822306110902,0.0028733124532675366,0.005808982130940766
209645_s_at,-0.4082757312321947,4.614111712889623,1.2904938432056298e-5,4.0329814884077926e-5
209658_at,-0.6270977241462703,6.29135392224442,2.574206970727584e-22,7.162981630494704e-21
209659_s_at,-0.3915399154677955,6.713650408916176,6.097136274113865e-12,4.757364960275443e-11
209660_at,-0.5147612333039095,3.2545735239810574,5.1467986705938784e-5,1.4464232465391454e-4
209669_s_at,0.1420091261544373,6.888911441497672,0.0011423125803248302,0.0024964493417013274
209670_at,0.4050843110088432,4.08264062889314,1.1872753041109752e-5,3.737666862456913e-5
209671_x_at,0.3374936272076424,4.393560389663431,6.399424993406029e-5,1.7701275485246265e-4
209674_at,0.40083807088313406,4.6827662075906815,7.95336643614143e-12,6.129814002185837e-11
209678_s_at,-1.092376477332336,6.207532180329798,7.718835865408275e-42,1.2721829019402898e-39
209679_s_at,-0.3503273256877069,6.274798109438858,1.1036606103032682e-6,4.086939550009994e-6
209681_at,-0.3457812652265528,4.237261279704956,2.4094068618501347e-5,7.187963160958087e-5
209691_s_at,-0.21467566093903492,4.651335943699794,0.006154096614486975,0.011613323415712341
209695_at,-0.8473322854256676,4.3671285419622645,2.0774512738191928e-11,1.502750539934167e-10
209696_at,-0.2729581084865731,5.2044014393305424,0.007858105976479034,0.014489481811707382
209699_x_at,-0.3522520537498384,4.461916661386769,0.014192025107929352,0.024741930835028014
209702_at,-0.15433957146681387,5.324804260802247,0.0031287779544682142,0.0062780667215242515
209723_at,0.845546922728651,4.5100875315807905,1.5731240288591447e-19,3.109387033425834e-18
209728_at,0.7804902325594016,4.844258613789434,2.850166410544423e-5,8.3953348243504e-5
209732_at,0.7958084845597837,4.941743142652228,8.602119592569663e-12,6.573074692952839e-11
209739_s_at,-0.4791426931624271,4.773428011389655,7.3675222492071475e-9,3.753127239931344e-8
209750_at,-1.2193440537969407,4.013937385375454,1.0222195360314836e-29,5.794199941537187e-28
209752_at,1.0848467469386736,7.715577732058957,5.672693147756951e-5,1.5817689144174965e-4
209758_s_at,0.8886311469711067,4.07267119861902,8.460268226091464e-7,3.172378491638707e-6
209759_s_at,0.31319613616875036,5.155312868474784,1.348242792387789e-7,5.697721907238811e-7
209762_x_at,0.4991166824125851,4.518442548382257,1.2296055063573876e-12,1.0538211031685353e-11
209770_at,0.5509197161758025,5.273331284121782,8.914950527248576e-18,1.444869364575098e-16
209771_x_at,-0.4465402958912573,9.797328195725912,3.959476347316491e-9,2.098855522454308e-8
209772_s_at,-0.5911315024768847,8.542919460128578,4.549216534102277e-7,1.7812776582543016e-6
209773_s_at,0.4962784061373469,7.327603941154766,7.61028369911532e-9,3.8712710953761836e-8
209774_x_at,0.5198417553509107,6.233599612936601,3.2775816654263487e-4,7.951252803829818e-4
209780_at,0.20835851529214874,4.700954676253222,0.0031042530069360914,0.006233526234921528
209781_s_at,-1.1534700057624645,4.825047973215745,1.207718145525338e-25,4.9008653382624795e-24
209790_s_at,-0.4525547409978029,6.1915385861880115,7.414000489563565e-10,4.383343666925744e-9
209792_s_at,1.3455096764846433,5.743305557092932,8.311895012216143e-12,6.369480061936448e-11
209803_s_at,0.36836819954797434,6.340426802987476,7.32503144907471e-7,2.775842303287491e-6
209806_at,-0.41104387710082635,6.922749194567771,2.205291448842631e-4,5.530263879084997e-4
209811_at,1.4973797673818048,3.0843258052548324,4.031242823123088e-52,1.5423822987184872e-49
209814_at,0.22626914772109155,5.1535709786504365,5.711342325830811e-8,2.552591169654797e-7
209815_at,-0.9023474967518172,5.140530810787804,4.690508085450431e-17,7.037732929892222e-16
209823_x_at,0.7783670003908529,4.938534553475483,9.057811266398877e-10,5.299635832710605e-9
209825_s_at,0.1647445965829064,5.396419141206959,0.0011227997226111476,0.00245580919320809
209835_x_at,0.19757138976954203,5.983658440069112,0.01212513882011798,0.02149538510341286
209845_at,-0.30214350604908885,5.756972535542912,3.128821447503995e-7,1.2502448402502908e-6
209846_s_at,0.6392059716644467,5.726959924424993,2.6971083933335667e-14,2.832757080174755e-13
209847_at,-0.49247309918764187,8.157394229080563,3.734678563660031e-7,1.478005594846321e-6
209868_s_at,-0.2906097707053621,4.852729816159965,0.021923030043499735,0.03660675619370806
209875_s_at,1.1980411306788645,7.223845016392033,2.328062475939374e-9,1.27377596040544e-8
209892_at,0.18789055871380192,5.817876838585521,0.029899150156967275,0.0483632184254251
209900_s_at,0.21039467774382914,4.505912349286892,0.016573796148063803,0.028468025995543933
209901_x_at,0.4092669155692847,4.754253381362954,6.9981544838235595e-6,2.276684755092675e-5
209903_s_at,-0.34609321917142244,5.19903439269291,3.639359294539413e-7,1.442948043020012e-6
209906_at,0.5797455892330441,4.817481193450746,3.4801582052600617e-9,1.854872380743833e-8
209911_x_at,-0.6869908546915077,5.848790530460864,1.3210098688198345e-8,6.462090741857026e-8
209921_at,1.3191532645258026,4.814501634176603,1.1657613791920949e-31,7.904304845117034e-30
209924_at,1.2407129812782716,5.4285977817478,2.788196273157401e-15,3.304197640966287e-14
209933_s_at,0.6415316747927077,4.27667979837776,8.576009859165176e-15,9.580270450598178e-14
209944_at,0.19570235816031098,5.936031958411988,1.9178568048603452e-6,6.8463845219822985e-6
209945_s_at,-0.316304351163396,5.081118128022962,1.9564439411616786e-8,9.361046869881672e-8
209948_at,-0.4557115599884225,3.552968803017384,0.008958840902478045,0.0163395938930089
209949_at,0.9931073308986027,3.3118687841973475,6.089929470524029e-16,7.956270050941942e-15
209950_s_at,0.3850452541270367,4.620092861250484,2.884218264395451e-4,7.077102672118292e-4
209969_s_at,1.221341030472045,5.217324543069897,4.081483213016598e-31,2.618259261140528e-29
209970_x_at,0.3800681735839311,6.36075108653435,9.619469048247481e-4,0.002132727067754041
209971_x_at,-0.20991305580736355,6.3928956930764285,1.588835212551678e-5,4.874338955345398e-5
209974_s_at,0.29274903166160005,6.802521283232857,1.667459210459619e-10,1.0806709329494191e-9
209993_at,-0.9002701905609403,4.334674662208442,5.341479558115889e-6,1.768333451980702e-5
209994_s_at,-0.946407010764807,4.377578003708696,4.0333458815297295e-7,1.590328834333014e-6
210010_s_at,0.28838708159419085,5.025172219581994,6.329147169747691e-6,2.0728876071387044e-5
210013_at,-0.20984185658901586,3.1000878562362635,0.022512548937954308,0.03751974747546741
210024_s_at,0.11041284125242078,6.804841944235065,0.016913527218620404,0.02897722966465383
210029_at,1.9585657220103572,4.5061283547922955,7.443584053689264e-44,1.5795608360740014e-41
210036_s_at,-0.4100214689218808,4.24807459994355,3.5823799691961074e-4,8.628155712679384e-4
210042_s_at,0.616607613965383,4.070077859140234,1.0919963944032816e-11,8.226833595810377e-11
210046_s_at,0.2012867233783878,6.8873210143306105,0.006063430936509905,0.01146859539077907
210052_s_at,-0.3599493188367733,6.450201192392187,2.616031582670782e-4,6.463456260413305e-4
210058_at,-0.3344444224266004,6.279336303129034,5.021785742524833e-6,1.6717958564222663e-5
210059_s_at,-0.3038021419806812,5.27390963168678,6.134959148582737e-6,2.0148319239352195e-5
210074_at,-0.6712739612186843,4.659756728236377,2.647353789031254e-9,1.4338271558084847e-8
210102_at,0.38910571709922054,3.9772729332620935,1.2424046190120434e-5,3.891777977624567e-5
210103_s_at,-0.4284817783613723,4.8165028262469995,1.203239669115183e-4,3.1741705430265836e-4
210105_s_at,0.453281697630544,5.023838042034688,6.747211842638225e-6,2.201522924402262e-5
210111_s_at,-0.22900613042743895,6.0488323454858675,1.9092872224533783e-6,6.8203381174201544e-6
210117_at,-0.38338397248367023,5.303495295962511,0.002419087294138678,0.00496088862597773
210131_x_at,-0.17855519123189886,6.284192920739549,2.817447624307195e-4,6.922778990642886e-4
210132_at,-0.19056432698067427,4.6584780349649515,0.02372228579217166,0.0392792654855541
210139_s_at,0.4891608600809692,6.212680579419952,3.817850305926955e-6,1.3005516333999353e-5
210142_x_at,-0.11079958100208961,6.503168073318657,0.029191587907302186,0.047354555004683274
210143_at,0.9370607450875192,2.0489254916299102,3.0282347109140444e-7,1.2136729688747533e-6
210145_at,0.7855649806390674,3.6424571048764767,2.0851321906767366e-5,6.276488103040145e-5
210150_s_at,0.22241974917016788,4.018343576951415,0.015293985258314073,0.026447855378905354
210153_s_at,0.43555541981166135,5.472093965849296,1.6099382628624674e-12,1.3655794623947436e-11
210154_at,0.6080547980355676,4.279692957105813,6.282364790807604e-14,6.278262500365845e-13
210159_s_at,-0.4073960757458336,4.367253810889196,0.0014628893807462286,0.003128755028136224
210163_at,1.658438594115291,3.1354547073986625,1.2628686174067126e-16,1.8062899196632992e-15
210164_at,0.4624507936921231,4.720004171866249,0.0042681644933019285,0.008342427698730809
210177_at,0.4164955466826658,4.4550965540981196,1.206119808972976e-7,5.150223822970707e-7
210183_x_at,0.1201539582128497,8.411831623593976,0.001143534549098948,0.002498610162043041
210201_x_at,-0.18356370840214636,4.940618246430906,0.003508921652352462,0.006970346312192087
210208_x_at,-0.11616309654826991,6.947701775014246,0.02900297927272062,0.04709009749369005
210211_s_at,0.17881714467293874,9.353722491747831,1.4887454900181768e-5,4.5856614245442e-5
210212_x_at,-0.49184064402130523,4.52381178460604,5.841485803164555e-15,6.693030738962768e-14
210213_s_at,-0.5520065523159464,7.668188747484621,2.9481985134750444e-16,4.038881160467794e-15
210216_x_at,-0.13965810780327875,4.809922788941647,0.007839011338701136,0.014459250769887272
210231_x_at,0.6374540784808675,8.284427783191878,6.0272117946162455e-34,5.084214169742035e-32
210260_s_at,0.6010605723203147,4.652422376926706,4.0408117664292566e-11,2.8055227773011424e-10
210276_s_at,-0.4901614178714424,5.647263534105453,9.563228297421843e-14,9.390546723215417e-13
210283_x_at,-0.15549401005026367,5.408672542056872,0.0030371674742201977,0.006109120381397104
210285_x_at,0.17187663343852644,4.973292820204638,0.0010253269589474581,0.0022592200146450267
210296_s_at,-0.2563323669572364,5.398152769608624,1.5254941285975472e-4,3.9560926167188387e-4
210298_x_at,-0.8573711296729805,3.6665269812523813,1.1743263092895435e-7,5.024184405518722e-7
210299_s_at,-0.9149448123468943,3.8314806128143752,7.63264520028532e-7,2.8842514296527913e-6
210302_s_at,-0.7396694282094747,4.431023974798463,0.0013933277993254702,0.0029907274522488004
210314_x_at,0.5797041681086852,5.246186623639779,5.456343551125202e-13,4.912084744807083e-12
210317_s_at,0.5330542271243099,5.505189409113885,5.894573512817581e-10,3.5491661882029462e-9
210347_s_at,-0.6105196955771577,4.720979232345426,4.1907901084351054e-13,3.8570390405210726e-12
210371_s_at,0.6225932383703888,6.3457147754615635,4.812166683420738e-25,1.8346171416187317e-23
210377_at,-0.33819319659885083,3.926452782267089,0.015337014022807648,0.026505205188221557
210386_s_at,0.25328567902847676,5.649130223261933,2.2486359753926494e-7,9.180501983377079e-7
210387_at,-0.9197995382293701,4.098251913079531,1.4779751563045324e-7,6.20923445078057e-7
210393_at,-0.911255721155288,4.061829612848768,1.0243504930458138e-7,4.414266625904989e-7
210399_x_at,-0.21053551945952087,4.729024205109469,0.014661480629497277,0.025456797728331333
210425_x_at,0.24462180384904111,4.697981473707349,0.02449158014490689,0.04042186074447504
210427_x_at,0.29173592978337415,9.77515362997067,6.137086864602461e-10,3.683283561931998e-9
210438_x_at,-0.1908964086326678,5.94272866591729,2.819773547607071e-4,6.926905300507809e-4
210445_at,-1.132900781113433,4.4303846104575255,1.478384425036718e-11,1.0975698091073016e-10
210452_x_at,-0.829324624672976,3.3936089965437137,1.4745613621494274e-8,7.173921831383659e-8
210466_s_at,0.11901886252990779,8.181027109420109,0.005094374108286305,0.009787666754316927
210467_x_at,0.8989322777577838,2.5109742135003428,1.757150771264901e-4,4.506668952013618e-4
210470_x_at,-0.14878347474258843,6.674362057826312,0.014381355195805938,0.025031268596696833
210473_s_at,-0.20261051091754798,5.151979484676081,0.0031599612486729717,0.006332335364203806
210480_s_at,-0.15835238619145128,4.865733732661188,0.014807325208681622,0.02568921051993623
210511_s_at,0.42777750660186853,4.9960943018800466,0.006138078814443515,0.011589220715391854
210517_s_at,0.478800550977482,5.223667545764959,0.004790285768757006,0.009268255633139572
210532_s_at,0.13496297353462328,8.105282742177721,9.678427743229621e-4,0.002144023912597579
210538_s_at,1.2898379099807082,4.615328236926572,9.196431389010376e-39,1.1870044514514237e-36
210543_s_at,-0.40057893712154297,5.21027597487833,1.6469562332774958e-6,5.934692945543832e-6
210547_x_at,-0.4472041240056194,5.340670848201706,7.168117223982819e-10,4.249697831794573e-9
210564_x_at,-0.26101072110118406,4.693146711384269,7.491542405656169e-5,2.0470541450887304e-4
210574_s_at,0.43104072931466647,5.879287023537901,2.8498246641962136e-19,5.432414880344135e-18
210580_x_at,0.25957117234213,6.384957768307152,0.00472396116940385,0.009151500182246555
210592_s_at,0.1886890616647055,8.696235412145397,4.927011699938453e-4,0.0011567625759684559
210609_s_at,0.20131810815693896,5.265716781129137,0.008353179751834682,0.015323221692021395
210610_at,-0.7457909739209517,3.727883565081705,1.1497213075953586e-12,9.909062243177052e-12
210616_s_at,-0.21182782992390242,5.912340982245253,1.8034795682523962e-4,4.616649131347173e-4
210619_s_at,0.6348665596019264,3.692301520544937,9.13382739715124e-5,2.4622720912350585e-4
210625_s_at,-0.7067681185908841,5.246532842049209,3.1948323886280075e-25,1.2491328240646659e-23
210627_s_at,0.23566632491886919,4.874538065342848,3.6820868620968936e-6,1.2574496829341416e-5
210638_s_at,-0.1840132297458182,5.8357970112032085,3.747066889287376e-5,1.0811292104749706e-4
210646_x_at,-0.08141081573500861,10.682158512152478,1.1707942182260286e-4,3.092386208051145e-4
210651_s_at,-0.32660366856881323,4.724563171600138,6.61777616016737e-5,1.828636471598479e-4
210652_s_at,-0.4128829091043718,5.035724683665533,1.8825802559050445e-4,4.794040700583555e-4
210655_s_at,-0.759840476446293,4.404048788547386,5.805514352875358e-23,1.7421421642115884e-21
210664_s_at,0.4171255175135031,3.253357997018729,3.0309432052244226e-4,7.393099853727057e-4
210675_s_at,0.8074006237989135,3.1089958192721068,5.347068176780906e-8,2.39979645487448e-7
210676_x_at,0.23667944592820167,4.603060905016348,7.731391056791635e-4,0.001746655259203053
210681_s_at,0.36761494764185876,4.755957822010042,1.694253892084369e-9,9.419066915360583e-9
210686_x_at,-0.2925416922049011,5.775135425265015,1.1477442252106366e-6,4.241388025071249e-6
210691_s_at,0.2791583446952215,5.365500687481893,7.721815901668118e-6,2.497699690657323e-5
210692_s_at,0.7572895969512827,3.4178694306650828,3.7643411059746996e-14,3.8664799873736295e-13
210719_s_at,0.29744900107929045,5.418414625706101,3.4300938778536374e-6,1.1773981324397955e-5
210740_s_at,0.2989846289199584,5.60404826620531,6.75128451221607e-9,3.4738958203348104e-8
210749_x_at,-0.17564604621878827,6.680362584085549,0.0037498791134609696,0.007410524800314954
210754_s_at,0.33943156191659757,5.136876240325043,1.6965573507866084e-7,7.066570333972369e-7
210757_x_at,-0.5928372456244034,5.502690053607784,9.159210993504123e-11,6.087011623660649e-10
210766_s_at,-0.5197047267481187,6.679363963951689,2.6244288344141203e-10,1.655801301712513e-9
210792_x_at,0.17495296404345922,4.895028296585986,0.001636325812095814,0.0034692179744671395
210797_s_at,0.5766379524654061,3.823982644609363,2.9104246722741175e-9,1.5683792512108963e-8
210808_s_at,-1.3399895283877092,5.369652862427867,1.6147621133150904e-22,4.6377872707626175e-21
210809_s_at,0.5672837623054796,7.9114020163041445,1.6608731841448053e-4,4.275092364666818e-4
210817_s_at,0.23697323040068743,6.032708780478962,1.2742845939371345e-6,4.681553791100316e-6
210825_s_at,0.21692212743616612,8.015821785493431,4.120525405227301e-5,1.1793531569917199e-4
210827_s_at,-0.4094251334492629,7.640148660649535,9.092248064389991e-9,4.558037132138979e-8
210845_s_at,0.7190444967703982,5.837241082971359,7.820652280437166e-15,8.828519270845454e-14
210854_x_at,0.4091950862804129,5.550160925742035,2.961147317820732e-4,7.242641830094407e-4
210868_s_at,0.4028147703897512,3.7600124107559667,8.182136870019078e-5,2.2230594037158099e-4
210878_s_at,0.26583517038198734,5.065353980820409,3.285135261907375e-6,1.1312649971331954e-5
210881_s_at,-2.241195785112065,3.839917853882557,2.545650342860743e-16,3.5098522680910087e-15
210889_s_at,1.052309674235518,2.944549818509567,7.568136595151174e-15,8.568505170529209e-14
210891_s_at,-0.14555101667251705,7.238321985287483,0.0057841235407950446,0.010984810404633455
210896_s_at,0.7042506533469942,6.024763236241327,4.1785029111499378e-16,5.602540887002413e-15
210908_s_at,-0.10023747821755202,7.945190112124802,0.021446700854776856,0.03589976660269132
210915_x_at,0.6105647959910872,5.003806835618609,9.132587916153644e-8,3.9562237907704807e-7
210916_s_at,0.18892505722022304,4.868818286247803,0.018624042708406324,0.03162456324855872
210929_s_at,-0.7517580511610781,1.1129680777051387,1.0515475561336931e-5,3.343790136200728e-5
210949_s_at,-0.3074166626496084,8.639204270580853,1.9915428346522504e-7,8.215401766511189e-7
210951_x_at,0.35390430748777246,5.014118905160729,4.333359729834768e-5,1.2349902310646412e-4
210966_x_at,-0.2060464928186713,5.458130296917093,1.8979148953119583e-4,4.82610070578614e-4
210968_s_at,-0.617823629690341,7.877305928467106,2.124198258748529e-37,2.420908079358829e-35
210970_s_at,0.4132774614259021,5.188662330992938,5.687943184251339e-10,3.440707811004212e-9
210972_x_at,0.462393309937099,4.500466761431294,8.051112819517517e-7,3.028496195066403e-6
210980_s_at,0.16001935414662716,6.407401486816102,0.010381267198366488,0.018694657168616607
210982_s_at,0.8917134640533766,7.781426966561057,3.384440443375483e-13,3.150087790606564e-12
210983_s_at,0.17282225052257533,6.271383839774447,0.02268513090364667,0.03777798964258771
210992_x_at,0.5523364797759077,3.644266267670676,4.150875656314115e-9,2.197051922237802e-8
210993_s_at,-0.5694068685889718,5.62241771471091,1.029735366525696e-14,1.139623448511341e-13
210996_s_at,0.2635626288830013,7.400484263390654,7.33475109956356e-8,3.225664553761265e-7
211002_s_at,0.38445598294758326,3.815701854149657,0.0010203492556868192,0.002249177279047921
211015_s_at,0.31699809135638274,5.679731260615487,3.448044516663871e-8,1.584680433591594e-7
211026_s_at,-0.24255671513415564,6.599248218456346,0.01103010665647471,0.01974361447131388
211031_s_at,0.21337254333748193,4.428400484407996,0.0014624758640718388,0.0031284951940498424
211040_x_at,-0.11948295477691065,5.386939435079402,0.011970023705003984,0.021237970180806174
211042_x_at,0.17447144036399057,5.48129260488834,0.00388263801120931,0.007644679473274276
211043_s_at,0.19758102111000408,5.838479964886444,0.0059477340986469115,0.011275539798054214
211047_x_at,0.1579406932219534,7.292460478352449,3.442843471952491e-4,8.325774743798428e-4
211048_s_at,0.4780867941310218,6.6360979633414745,4.5511390622074615e-14,4.617078861120126e-13
211058_x_at,0.17498926082946326,9.942278534481455,1.3996973255174126e-8,6.822091650713395e-8
211061_s_at,0.2733717778472712,4.804494447507152,2.8086952469440917e-7,1.1299118355430737e-6
211065_x_at,0.17787893133728383,5.339657977372556,2.4979739575128044e-4,6.197497685695848e-4
211069_s_at,-0.11140652950931945,6.837424604099163,0.0016558638499653312,0.0035085580349443423
211070_x_at,-0.2173326800041702,8.435753681494152,1.354853697114104e-5,4.213221380895036e-5
211072_x_at,0.18382799684215478,9.914522262167646,2.6223677079361602e-9,1.4231725053252322e-8
211075_s_at,0.3073021249060536,6.881566167223308,6.843118586239797e-8,3.0231063676035854e-7
211098_x_at,-0.169824759457461,5.6816449071847215,0.005262782847436928,0.01006789154367711
211122_s_at,1.6720454155800502,4.685463132230437,3.2157867742232474e-16,4.377474423412154e-15
211126_s_at,0.2807227552123491,4.298323593728363,5.370794690810057e-4,0.0012535364601884127
211150_s_at,0.24794732237013614,4.72676440690528,7.886025293627986e-5,2.1491475189681152e-4
211162_x_at,-0.4839984417048246,4.169171598007912,4.670184843207746e-5,1.3239399371602165e-4
211165_x_at,-0.28903782355755364,5.050340476120966,0.0045566778018966605,0.008853044847972238
211184_s_at,-0.1797044752220169,5.490008426522173,0.017169740993368286,0.029369923468664103
211202_s_at,-0.3533481404272216,5.452948628348093,2.856290451445073e-7,1.1481966081174886e-6
211208_s_at,-0.5537826131794166,6.292476569084548,2.2165267003592337e-16,3.0758614690347762e-15
211270_x_at,0.11599086233422531,7.303158636132087,0.002135254906599796,0.004427130987885352
211285_s_at,0.10451191484022995,6.423292950209346,0.02482435941787007,0.04091436345286801
211296_x_at,-0.09051739277302959,10.701519114901123,1.1419115375688467e-4,3.022806597967644e-4
211300_s_at,0.536660790411407,3.7673530229366303,5.050234811058683e-7,1.960259620683756e-6
211316_x_at,-0.4786920120912199,5.1952805862754685,1.2062228077372601e-12,1.0346088822489405e-11
211318_s_at,-0.4760651652040156,5.729600098165399,3.397513075178951e-10,2.108780855990272e-9
211340_s_at,0.25868689204485096,5.051565473935182,0.008204734636899044,0.015063808425895366
211345_x_at,-0.07560995940359116,10.07750242614006,0.003745676788818911,0.0074035858742835785
211366_x_at,0.36270124984291485,6.302917996971232,0.001466572533654451,0.0031347548988507846
211367_s_at,0.38553791609249966,5.043386521248303,0.0024662003072318485,0.0050497713859661295
211368_s_at,0.463182468090998,6.054685502841708,1.7906230518052057e-4,4.5859298957659977e-4
211372_s_at,0.5021940561574014,3.807124976381105,0.001232017963198981,0.0026701615293851276
211378_x_at,-0.1495621214153559,10.152822792331815,3.142815852293352e-8,1.4550123693007207e-7
211395_x_at,0.621451527171886,3.8618641329277894,2.9901941770039063e-9,1.6089377307002936e-8
211419_s_at,-1.1237603324767507,3.065873257260741,3.103421075430681e-16,4.235280252368011e-15
211430_s_at,0.6664347663025814,9.503779058322683,5.0004658001656516e-5,1.4104789393674203e-4
211445_x_at,-0.11707403173305593,7.893594182560845,1.6495978932594002e-6,5.942213258402137e-6
211452_x_at,-0.20608150512202697,7.436190981861685,3.325580015514017e-4,8.062217403530587e-4
211454_x_at,-0.3144500174122611,5.3495197970823725,1.290962082043604e-7,5.477258132646784e-7
211456_x_at,0.6047355985542534,7.361449818307581,8.13545904078563e-8,3.5472190762692897e-7
211464_x_at,-0.2674184148892805,4.699219721891621,1.0675950058387017e-5,3.390793150770831e-5
211465_x_at,-0.31298407110548254,5.311940223150807,1.2586369576874355e-4,3.3121537036859484e-4
211470_s_at,0.4363868319614103,3.9905470314484455,0.0068079401213901524,0.012727665502389142
211474_s_at,0.33052930213519166,7.000952119492116,4.314689371550851e-5,1.2306514173968122e-4
211475_s_at,0.32871258712948054,5.392305395283774,2.1972096146211132e-8,1.0383196559962941e-7
211478_s_at,0.8393906555277495,3.2564167888746374,4.417387968418856e-8,2.0069328797994572e-7
211495_x_at,0.5091799685032793,4.324923152037162,4.384058232259898e-11,3.0203482856720443e-10
211501_s_at,-0.16791436229962028,6.009466996493223,0.006647561258081125,0.012465486392057254
211505_s_at,-0.5386377875514585,5.876458505349073,2.1191672055453042e-20,4.652179973976813e-19
211506_s_at,1.545549879460806,6.121023378274813,3.2857927141745787e-17,5.00721157140146e-16
211509_s_at,-0.1730382103832793,8.329903301286873,7.65647182292371e-6,2.4795581208882016e-5
211518_s_at,-0.2773813742777411,5.054189513463978,0.02373432249513283,0.03929312268433905
211538_s_at,-0.7072383552984244,4.74042085204147,3.847480921969828e-5,1.1068223178588284e-4
211542_x_at,-0.11751788861314823,10.353771722724241,3.204700460415378e-5,9.36240960797108e-5
211548_s_at,0.634764199134678,5.302830889058181,3.00053235209701e-4,7.327263069982964e-4
211549_s_at,0.5086496621027983,3.3460342102361684,0.0015687007737101417,0.003337071363931046
211563_s_at,-0.28283079965954383,4.671988202889272,1.5806303483877153e-6,5.712986815883129e-6
211574_s_at,-0.6458552400865633,6.381333734070328,8.732142113638366e-15,9.744524839938314e-14
211594_s_at,-0.11307369557226307,4.8674990399431195,0.02958586045341474,0.04791433454836464
211595_s_at,0.2355745215572584,5.282501185767835,2.02424633756398e-5,6.110383492342327e-5
211596_s_at,0.31590081409856396,5.1222938205665445,5.575943942230519e-4,0.0012968972525643845
211600_at,-0.33550779965091787,9.01371869094187,2.6878875512378387e-4,6.618096836683743e-4
211603_s_at,-0.38711133964289846,4.362984907607287,4.066464669598475e-5,1.1651253277723578e-4
211615_s_at,-0.25306915243960043,6.317222116790259,3.150835063515038e-5,9.227691644460526e-5
211622_s_at,0.19572481098796765,4.782683729853608,5.374203406059314e-4,0.0012540588344394127
211628_x_at,0.10622282148831666,9.595071896831747,0.005056000509670841,0.009722659030713286
211630_s_at,-0.4344954685181313,6.486626529462026,1.6279528461660174e-14,1.7652083847142252e-13
211643_x_at,0.39839773529755074,5.727269653498241,0.017333915870258544,0.029612221450818016
211645_x_at,0.4682877259746665,6.15260060975924,0.013385542753172526,0.023500380123686868
211653_x_at,-0.5343935419301379,4.397771986088634,1.1930944133780465e-4,3.1489579823895073e-4
211654_x_at,0.9513686464669671,5.528065022638796,2.1719619278122705e-15,2.614407655354253e-14
211656_x_at,0.7334550395692875,5.335803894812233,6.586189030402851e-12,5.109184872027932e-11
211657_at,-0.7548833694278535,9.444391556752073,1.1025818116894821e-12,9.525773345668888e-12
211658_at,0.1820462064672311,5.222278879777671,4.0272625451874445e-5,1.154510667556679e-4
211662_s_at,0.24393901231643147,7.9395490637665604,3.9939193482492985e-8,1.8230446518020764e-7
211668_s_at,0.507818201595604,4.317002318843737,3.9549670861553636e-5,1.1353044585740195e-4
211671_s_at,0.4424105984468069,4.32098806792618,0.00013077759774703467,3.430510295455393e-4
211676_s_at,0.19844873142462208,5.575426263229265,0.013488710287363806,0.023665993008275214
211678_s_at,-0.38703580726282294,6.833218595895356,2.071775326378615e-12,1.724547713402805e-11
211684_s_at,-0.38262100701669993,7.230524310639233,1.014044616403673e-20,2.301580503290794e-19
211686_s_at,0.16459219387173835,4.4367114435937625,0.013910434822190345,0.024306391820278123
211697_x_at,-0.11152315049414639,5.498073054765467,0.021418367858673893,0.03585794262696881
211703_s_at,-0.22856480429890458,4.737202598469804,7.438112500010878e-5,2.037966731780474e-4
211708_s_at,-0.46854283865507934,4.429049310899216,4.1499704259124174e-4,9.877501260342086e-4
211711_s_at,0.5879612569487221,4.3376720201382035,1.0536777292306159e-17,1.702571570625579e-16
211714_x_at,0.16969460790983515,8.3454839054454,7.051950789771195e-4,0.0016073946555493364
211716_x_at,0.2645966615167436,6.225413836074268,2.488956756648927e-6,8.725194284679304e-6
211720_x_at,-0.045802475726770236,10.514893989556763,0.029535281640210298,0.0478447359631636
211729_x_at,0.6927614166314451,4.82674881866502,2.5057303790199024e-15,2.995969815897345e-14
211730_s_at,0.46724452250984133,7.654575611965635,5.262261018967841e-19,9.787257343090707e-18
211742_s_at,0.7080936364686353,4.030737489618136,6.94116840941918e-10,4.133448425242227e-9
211744_s_at,-0.22758105174354898,4.888767558882801,0.0020001096289399816,0.00417683712569864
211746_x_at,0.07952103008924481,8.178578162760019,0.028260963553578242,0.045998131654433866
211747_s_at,-0.14064225247943218,6.734280077860203,0.011806290535040245,0.02098569611778433
211750_x_at,0.12954942684075316,9.678783976067182,2.9416674439620608e-5,8.643467725497959e-5
211752_s_at,0.4352320374555772,5.285998053179167,1.214347600116437e-11,9.11015815129369e-11
211758_x_at,-0.8832826027760267,5.791959542345721,1.1144275134275046e-40,1.7055517073355509e-38
211765_x_at,-0.14879218478141415,10.330305662126461,1.1489776090299054e-8,5.6933381709238564e-8
211766_s_at,-0.720904138507819,2.4860959287000304,2.127790784478709e-4,5.358491460771136e-4
211769_x_at,-1.1537417862102273,6.672583656607297,1.126822838970022e-59,8.047768715923897e-57
211776_s_at,0.36676662009310496,3.1023574895066535,0.009424331958467968,0.0171297706601743
211783_s_at,0.5525496120230661,4.440745806972739,4.332990784617677e-16,5.773548541742435e-15
211787_s_at,0.3337470268440561,9.124759863230963,1.6025434697015384e-15,1.9620626503900094e-14
211796_s_at,0.5423918018517061,4.545966519327685,7.148568319414929e-6,2.32491233776236e-5
211843_x_at,-0.21711971601275273,3.939341418678588,0.014066290495502606,0.024554696118350892
211858_x_at,-0.3395652843067127,8.65677612688106,6.879065663842407e-9,3.532858602911971e-8
211883_x_at,-0.38553036079334085,6.217794465500242,0.0018911062666512315,0.003969322381393935
211889_x_at,-0.34064895252261396,6.090388533634758,0.019333571062302234,0.0326998021456337
211902_x_at,0.3492834546967597,4.320620677904287,1.8194699115355355e-5,5.532779211547032e-5
211919_s_at,0.8214245379860959,5.189367039337194,5.547946219090333e-12,4.354223285356391e-11
211922_s_at,-0.31137228196694117,5.475828911578018,6.884146468784479e-5,1.897834820383122e-4
211924_s_at,0.7213789211978904,5.734066095779999,1.1564893167878254e-14,1.274636836496705e-13
211927_x_at,-0.0805837583088873,10.205748970852044,0.0011954460857788775,0.0026016903400311944
211928_at,0.2084374779147456,6.247599207192789,1.1847440597321186e-5,3.7307945655232764e-5
211929_at,-0.1943210982104286,6.392084832286725,0.008565705834460991,0.01569158799667931
211930_at,-0.2332337585469874,5.123226574514415,9.927004667435364e-4,0.0021945522286883007
211931_s_at,0.16971659556425425,6.885545864465088,9.782829334370139e-5,2.6227089754531357e-4
211936_at,0.38761927245638045,8.537199944888894,1.0427782975643668e-22,3.0274482118718323e-21
211940_x_at,-0.3925694691504257,9.803363925901106,9.564501024781658e-30,5.479384998849514e-28
211941_s_at,-0.12166680539262302,7.2634987753220885,0.025838303155142576,0.04246138084077963
211942_x_at,-0.12270366300167775,9.854701404535552,7.186358742567694e-6,2.3350761664885566e-5
211943_x_at,-0.13100895452940337,10.593067288451271,1.6883201729291524e-9,9.390952239143306e-9
211950_at,0.14746388478835312,6.420556050701292,0.013146514747098818,0.023118616626012743
211953_s_at,-0.3862986926165748,5.669339304078076,1.5729158678583356e-6,5.688942502486952e-6
211955_at,-0.20018830151137962,6.638106248001248,0.0011442869223837076,0.002499744249489531
211961_s_at,-0.14768378722457953,6.40230195608617,5.081995946479078e-5,1.4308389638536232e-4
211962_s_at,-0.2126253249989065,6.874430689284257,0.00703034981872976,0.013107577028898698
211963_s_at,-0.09735395286205528,7.813448703436022,0.019072621498440474,0.0322890319394426
211967_at,-0.281619683268512,7.601412898002456,1.15194099680494e-6,4.252496174628299e-6
211970_x_at,0.07369314016392232,9.9397135225686,0.006163374821342325,0.011628783807861982
211971_s_at,-0.1447587947739493,7.429120796536173,0.007977296413141608,0.014681459624460755
211972_x_at,-0.06454389860079775,10.423331532491396,0.006389570788312168,0.01202379621556091
211974_x_at,0.16924777161360596,6.671323495774985,6.318200742555802e-4,0.0014540684114930245
211978_x_at,-0.1417439097649086,10.363646753231125,1.63362103450765e-8,7.908261248387012e-8
211984_at,0.12740439397528266,6.7221016810693115,0.021019308400879042,0.035255965382592326
211985_s_at,0.15683911908422832,6.207412941987183,0.017976724312728766,0.030637074063357188
211986_at,0.22538954520473822,6.7841274820861495,0.0038008871816252155,0.00749749666299962
211988_at,-0.4334515727123302,6.4049834333919735,7.853049190186631e-16,1.00754150867628e-14
211989_at,-0.14829696525251307,6.224765083061378,0.001605730930155818,0.003410427330443949
211990_at,0.8626423654382929,8.333691080941056,3.2401571670864796e-14,3.3668092852567855e-13
211991_s_at,1.0031854965785372,6.864664451991723,3.5780998829232834e-16,4.8399222279996384e-15
211992_at,-0.30731992720117646,5.968593894987899,1.412666104719766e-5,4.377752959173518e-5
211994_at,-0.13654417343023528,5.700538542707397,0.00643660394495661,0.012105923114873624
211995_x_at,0.10517647025548017,10.31198525707044,3.636152339891274e-5,1.0522447330430906e-4
211999_at,-0.10383479769161208,8.7467057327561335,0.0036400985681099385,0.007206870441722744
212007_at,-0.1416372388698149,5.342391679603285,0.026588924788138624,0.04354129490298519
212010_s_at,0.10151472039096741,7.817370514094173,0.0014772506813959347,0.003156000716892165
212012_at,0.3329560967908602,5.5465300756665865,0.0020892817801831864,0.004340212470642326
212013_at,0.5244194448460232,4.271078519833557,2.699182831813228e-6,9.406748756413504e-6
212014_x_at,0.2325796137177527,5.891478492088832,0.004346019770608257,0.008477587363897717
212017_at,-0.15392375346899942,5.578577921179664,3.090902368348754e-4,7.52906709234202e-4
212018_s_at,-0.14169575452161814,6.638471269422074,0.013744146047466833,0.024058992909560813
212020_s_at,0.42273689829057814,4.426777354339684,3.816029149849209e-8,1.7463101359391104e-7
212021_s_at,0.3984946821554113,5.2350091984559555,1.0542515919716263e-6,3.916157179192799e-6
212022_s_at,0.2140413783089423,5.466794079817021,0.02591586213264118,0.0425757753453435
212024_x_at,0.3921048319666861,5.413203937809298,1.1587323796212846e-16,1.6729784343507845e-15
212031_at,0.4560450174035212,4.692873240707091,2.1190538977769426e-16,2.944413022942203e-15
212032_s_at,0.35836962075987844,5.298107924317151,2.6404289178831475e-10,1.6649155383921225e-9
212033_at,0.2726693833463896,5.959429670310465,5.080681972651983e-7,1.969936517300785e-6
212040_at,-0.4205023883627125,5.668336316228331,4.598317127441582e-10,2.8037433913649213e-9
212042_x_at,-0.1233238441105501,9.875943914917416,4.167337274122468e-6,1.407905525628319e-5
212043_at,-0.4185513115844216,7.7091546616869655,7.349713234305658e-15,8.349679520584996e-14
212045_at,0.2597687778854832,5.018577996760911,2.423921776567224e-7,9.84735456669119e-7
212048_s_at,0.3183017555119018,6.516545305575146,2.4574770353145383e-8,1.1546908543563442e-7
212055_at,0.4049164877302479,5.014113767655938,6.231703034173072e-10,3.735883301908009e-9
212056_at,-0.43185835485793533,5.389422119084914,6.236597831506667e-10,3.73672665374334e-9
212057_at,-0.8460422797887014,5.650765188275531,4.040999375928443e-26,1.711115664597684e-24
212061_at,-0.18985557442121356,4.3498016099065255,0.011804776634986632,0.02098569611778433
212062_at,-1.2322145502011035,6.895081668008935,6.8178382740503945e-40,9.364038644859214e-38
212068_s_at,-0.15164490879955392,5.451576116614858,0.009043508189226295,0.016479520876200256
212070_at,-0.6212645602946368,7.067253419782589,7.456999767738101e-13,6.6186278800147696e-12
212071_s_at,0.21730041964971442,8.55495226685412,2.490641195674229e-7,1.0099257808197583e-6
212074_at,-0.1449259437849242,5.933111484256941,0.005233094277062051,0.01002183392745187
212083_at,-0.14979135853333203,5.833594934678815,8.781047158473381e-4,0.0019614545081051986
212085_at,-0.1923517341723817,9.014465119287337,7.878228588378133e-4,0.0017760829727966109
212086_x_at,-0.2618355411419742,5.8874579222399905,4.368143287244474e-5,1.2442413995280524e-4
212088_at,0.1806202593148212,6.2624781509148235,2.1800711288818013e-4,5.472141987748532e-4
212089_at,0.14764840152706793,5.356895738427148,0.0076389498932183724,0.014134036305016999
212091_s_at,0.47969661506162875,4.464445363513941,3.731002722006655e-5,1.077074431712673e-4
212093_s_at,0.3343691213756783,4.519332335434726,2.732994187000646e-4,6.727611839461838e-4
212096_s_at,0.48031985353894024,6.017265580306521,3.339146670716079e-9,1.7868270870819857e-8
212098_at,-0.28131991775114695,6.876218777194252,0.0015349730987260454,0.0032698681261984735
212099_at,-0.3976172130517207,7.302391737730294,4.331171756469501e-5,1.2349902310646412e-4
212108_at,0.08794295265928419,5.756671197757838,0.008371468311312417,0.015354141417409676
212110_at,0.24696046136401156,6.766165609446682,9.840508855148718e-5,2.636852710485448e-4
212112_s_at,0.2058580797479099,5.799297282468135,5.778718917344962e-4,0.0013409574087332183
212114_at,-0.17600030669714534,5.849301404971325,2.760869708386332e-5,8.150233448868222e-5
212126_at,-0.1688257192119049,4.79182475234294,0.006598706698011401,0.012384713534652442
212127_at,0.193036781054891,5.182202083188613,7.05592049958851e-5,1.9392015472573552e-4
212132_at,-0.10989917897162849,5.692368118010293,0.007866453598851197,0.014502377801495932
212138_at,0.15787481330353292,5.736733830576465,0.001783262665539282,0.003759168228241308
212139_at,0.2039658650892023,5.239264292535772,3.560164937630634e-5,1.0324863826972654e-4
212141_at,0.27054943585103675,5.165748752515191,8.190904169122524e-4,0.0018411488955897943
212144_at,-0.2281747325107087,5.242530937323571,5.274981232363965e-6,1.7501044887678895e-5
212145_at,0.4040367976805652,5.345166139123981,7.608724055640904e-16,9.78538545115018e-15
212148_at,-0.9853152614994108,4.979722778415977,1.829643077498869e-16,2.562217815587632e-15
212151_at,-1.2014885710934655,5.604455630278804,3.1670682033109303e-32,2.2619201108046666e-30
212160_at,-0.20888532045818436,6.443198613030045,0.0022285560555752606,0.004604536359378546
212163_at,-0.1458246108133484,5.432361378617784,0.01275548861579025,0.02252341347304449
212169_at,-0.13152448137277759,6.448833858171176,0.021654641473928204,0.036213889183608
212174_at,0.5306629899917745,4.717647480612212,1.7704784747786745e-16,2.492396307530084e-15
212175_s_at,0.1294284011338904,6.350234845000229,0.029390704231713662,0.047634283575544396
212179_at,-0.4435985921790383,4.848833942765687,1.6579569359913187e-6,5.9703168589159655e-6
212180_at,0.14240267019277547,5.473548285189564,9.114832439995355e-4,0.0020292435563106863
212181_s_at,-0.5895539716233305,7.163982141847671,3.9007711571236804e-17,5.919116346496599e-16
212183_at,-0.6626286585076712,5.203022989390159,1.2053317660190824e-13,1.1675152992190264e-12
212185_x_at,0.8332191115863796,7.62554250409792,9.993593959337349e-15,1.1071496596316548e-13
212186_at,-0.17910396797253642,5.382720111231161,0.0025634009160283022,0.005233793408311645
212190_at,-0.6819792870628208,6.569144168893859,5.4239355450652164e-8,2.4302225635417676e-7
212191_x_at,-0.2322817923886842,9.923202824147983,5.511542483490695e-10,3.341548082944868e-9
212192_at,0.44626653898014035,5.828974106845188,6.565859960563821e-4,0.001505566304741443
212193_s_at,-0.19673797099830792,5.123065308405708,0.007183578008086251,0.013351434975820265
212194_s_at,-0.5637094121894117,5.4229684294663905,1.1331908548695111e-14,1.2515333637337189e-13
212197_x_at,0.23739323749436445,6.137488240016891,3.561966897054114e-5,1.0327294010322252e-4
212198_s_at,-0.6713397996173913,5.058048430363446,6.801831662551298e-21,1.5944862713547494e-19
212209_at,-0.2306034353696587,4.955671739446331,1.5019908134666658e-5,4.622472733314677e-5
212213_x_at,-0.22474109238320258,4.898837389102201,1.293879899320998e-4,3.399052320114235e-4
212215_at,-0.22564542745683705,5.105884652848232,7.628864695462648e-5,2.0817123658301413e-4
212218_s_at,0.33163263031981627,4.736763189439718,1.3160205773568665e-4,3.449520640135907e-4
212219_at,0.19516081216064426,5.171625683730492,1.3682377560475242e-5,4.249907532773884e-5
212226_s_at,-0.353914748052536,5.687675993438263,2.1169273613335653e-4,5.334895982584447e-4
212229_s_at,-1.1008781721276648,5.766062223508022,3.8426338336080164e-67,4.574015139938075e-64
212230_at,-0.33547930167292656,4.599457949187948,6.256736041228011e-5,1.7324480023178e-4
212231_at,-0.21669787907216262,5.598488603240571,2.159565379628311e-7,8.867544619378342e-7
212236_x_at,0.4737246701230787,4.362793043353552,8.538830997370251e-4,0.0019117345135805119
212237_at,-0.5439595460465951,4.915835761936981,1.727871225644612e-16,2.4356163737277273e-15
212239_at,-0.32559108591593994,4.530467285625538,4.710511184507955e-5,1.333255120730085e-4
212240_s_at,-0.44767276507046255,5.16764774180861,1.8237233292163456e-6,6.5306631304538876e-6
212242_at,0.1779551191777806,6.432931720578502,0.0027601283991373344,0.005600237791658762
212245_at,0.22864086105165476,5.544686962877046,9.59187478707738e-6,3.066480292269769e-5
212254_s_at,-0.4323521547709905,5.811616394111854,3.978173422308661e-6,1.3512419744195526e-5
212263_at,0.3152840023802755,4.006933792930328,0.00500457132221602,0.009637512774643916
212264_s_at,0.2277525438663097,4.977295738286477,2.34908789884436e-6,8.261910262744462e-6
212268_at,0.5501726019671632,6.890269301502772,1.055739091961919e-11,7.981745160330303e-11
212270_x_at,0.17156125644354422,9.627658464001405,5.666718669600354e-5,1.5809259663392863e-4
212271_at,0.22834724773154552,5.243640665259442,4.1096573184258824e-6,1.390172366665503e-5
212273_x_at,-0.33500148953699216,9.560004241091377,2.205244486396101e-9,1.2109064163383614e-8
212274_at,0.8887393725032546,4.552764060709316,4.82268904874711e-35,4.5320585771252445e-33
212276_at,0.7808862306577091,4.607651837958466,5.110305149993575e-27,2.3699869728087086e-25
212277_at,0.38163927790714597,4.494470899149913,1.5611118572983374e-11,1.1518038104157775e-10
212279_at,-0.25258700394184075,6.301495679641974,0.008740813752205144,0.015985035460459835
212284_x_at,-0.12118544950289664,10.711171740436663,1.675402576661072e-8,8.092239767254311e-8
212287_at,-0.28086536010378077,6.28455883410453,2.653632351248629e-6,9.263070504700739e-6
212290_at,-0.21040383454345543,4.322304305112718,0.024959479612229444,0.041118084743320626
212291_at,0.16820173621234186,4.387040162143565,0.017189961516241865,0.029397515712581913
212293_at,0.18696559785040578,5.5093674510462725,6.212765162052998e-4,0.0014313477351317852
212294_at,-0.2849477218254214,6.770924354847954,1.0992139006957714e-5,3.4829572665346934e-5
212297_at,-0.19803790398791898,5.3288448050354615,0.0021416482629985755,0.004438668570613995
212298_at,0.6925256569776174,3.9020723214508855,1.4737299802436801e-9,8.31388587590866e-9
212301_at,0.29630396159540284,5.092234731857348,3.2954553614028725e-12,2.6725369634147593e-11
212305_s_at,0.39202318007715986,4.79893538668607,2.1444815498552494e-8,1.016991183868937e-7
212312_at,-0.21859770771615417,5.870744545591824,4.7278088957830475e-4,0.0011146350506277243
212314_at,-0.21649316673057048,7.253424346942434,1.9971731702635883e-4,5.059284978253446e-4
212322_at,0.2881749252798993,5.4552141645861205,1.064644468125428e-10,7.027440657441597e-10
212329_at,-0.22431346556754028,5.492805575491986,6.195144887241769e-5,1.7171691378271945e-4
212331_at,-0.26501024343915414,5.485416887188602,3.203731039694668e-8,1.4806544705888258e-7
212334_at,0.31958558589555736,6.111227259962714,1.8864414548231678e-10,1.2152403671389415e-9
212335_at,0.3913869726520277,4.967838926594255,6.628246499970334e-10,3.958105058761549e-9
212338_at,-0.2674611745121144,6.089681129537279,0.001004798891448177,0.0022176371083816072
212341_at,-0.7386976577184797,6.432046691919841,9.256104517608841e-36,9.35477808463618e-34
212345_s_at,0.21770019002086125,5.757731369397954,6.650620841229399e-4,0.001522720689721961
212348_s_at,0.21131358174788367,5.342855869026652,9.761933563410099e-5,2.6184174828445763e-4
212349_at,-0.9721119008086925,4.392487467753844,3.9929161020289066e-32,2.7800055868594847e-30
212350_at,0.29552028477280917,4.651010305284939,6.45161203008883e-7,2.4631546571041212e-6
212352_s_at,0.2547967052934332,7.962109516257752,3.498005390025376e-9,1.862531398774446e-8
212355_at,0.2220786864076454,4.8966272065777545,3.193448188825807e-5,9.334627679915655e-5
212363_x_at,0.1144084829806988,10.03967139039618,7.447326574915402e-5,2.0394480980845782e-4
212368_at,-0.37292573685406044,5.788809985797324,4.929788558418306e-6,1.643723150523975e-5
212372_at,0.4457029452551009,5.124826911958121,3.156587322334263e-4,7.673365097383018e-4
212377_s_at,0.2448032645887675,5.217625836447717,5.4445596276416946e-5,1.5209274391375614e-4
212379_at,-0.22803701434537763,4.990855283358914,5.440411569249985e-5,1.5201650793264236e-4
212391_x_at,-0.06640766179543983,10.512237701107763,0.0020499491941507694,0.004265949051464101
212401_s_at,0.22304538832168735,5.413869991270735,1.2083987268398903e-6,4.448651395407472e-6
212402_at,-0.4047897307840456,5.347155633905965,4.155382914719688e-11,2.8776093836711067e-10
212406_s_at,-0.9066117234906449,6.250515985997993,2.7880022835769234e-21,6.866176658381512e-20
212407_at,-0.38466016574631895,4.7342128190282065,7.537017308954349e-12,5.82149000943244e-11
212410_at,-0.27380293606821593,6.430998763019221,7.034093945098945e-5,1.934195288343044e-4
212411_at,0.13748214323158311,5.955790182512709,0.008133761432460305,0.01494118419512127
212412_at,0.24161829893564485,6.8743990044394145,1.094007016976086e-5,3.468510557225454e-5
212414_s_at,0.565174148146605,3.847956688943426,1.9693081137233455e-8,9.418391884963482e-8
212416_at,-0.15214612289810875,6.041180059668582,0.002411356821982256,0.004946929458808102
212418_at,-0.48872721640095024,5.845313077531435,4.095980536765258e-16,5.498776878492006e-15
212419_at,-0.6032417895495185,4.593371281200648,1.5736444052599599e-7,6.585333013105448e-7
212420_at,-0.6137591044649219,5.7798166868125564,1.51431536348286e-19,3.0042334238873853e-18
212423_at,-0.7175305930885447,4.9401927383397934,3.0602224608046866e-8,1.4192278451342254e-7
212429_s_at,-0.15109346771224644,5.948230357553257,8.369191659116848e-5,2.268129275085221e-4
212432_at,0.31571791852826875,5.6920975031712056,6.999502556747649e-9,3.586115298442734e-8
212434_at,0.16614236948559868,5.071749387178797,0.0016658853965487903,0.003527699200084442
212438_at,0.15653150673548294,5.242441917214084,4.155933696629849e-4,9.887301286252625e-4
212440_at,0.10895336526944105,5.364233156415138,0.0029733140067872955,0.005994187609091512
212441_at,-0.17268134507349855,5.340292843837313,0.005560793825337545,0.010594484127839431
212442_s_at,-0.23683110225699097,7.178348609800346,7.933699108022633e-4,0.0017870840736805397
212445_s_at,0.27243817974774487,4.694834816866471,5.56263079144485e-4,0.0012943628077486682
212447_at,-0.3598226103469278,5.322192837277595,2.5078801273491084e-14,2.642629925512731e-13
212449_s_at,-0.31696903105142854,7.237050830524801,6.154107513205649e-7,2.3562885557173737e-6
212454_x_at,0.2842852314698068,6.1671728794983185,3.5401266054476516e-4,8.537905520972692e-4
212456_at,0.1953824324989324,5.543678398307841,2.3486934191081597e-4,5.850163357104328e-4
212458_at,0.1273229351406365,5.267724099335494,0.02758765932717839,0.04502538000793146
212459_x_at,-0.22551949237651064,6.744154067238014,0.0017779402116778178,0.003749423914902453
212461_at,-0.33756855690731047,6.931401854646815,8.41751875721884e-9,4.2416217519325224e-8
212469_at,-0.30317868536622894,4.639060047907673,5.7802885861853176e-8,2.5801763176584713e-7
212473_s_at,-0.17812228832139412,7.07900694395223,0.002787431414221441,0.00565242338454558
212474_at,-0.5484593807650935,6.024003514489608,1.2644708734130275e-14,1.3865175503453188e-13
212482_at,-0.24188745806024203,5.303928592393855,7.597835074342382e-5,2.0737734306096797e-4
212496_s_at,0.1988001177455403,5.14123476456335,4.7696691622405883e-5,1.3489299296484537e-4
212498_at,-0.32315582653588537,6.225208044246201,1.1441083467106137e-7,4.91059003137452e-7
212501_at,-0.28254655447783095,8.095091312471103,7.410583019377726e-5,2.0309433585723608e-4
212506_at,0.13032706475655453,6.762852313858588,0.004123706154535079,0.008082192468630497
212510_at,-0.2205086926809981,5.760891691554354,0.006044913921363434,0.011441400114303764
212512_s_at,0.19410741909468157,5.233698602611478,0.002532248292859358,0.005177094649122577
212513_s_at,0.21719205111182396,5.7670373311696785,8.528381004483599e-6,2.7461540637521127e-5
212514_x_at,0.1628453403784302,5.077846066162445,0.026271635967470144,0.043103196100900354
212515_s_at,0.14340576527106516,5.904655962757803,0.014371484945631438,0.025018153757320374
212534_at,0.29050850929839417,5.0209778885396155,9.467665970622671e-9,4.737370646580134e-8
212536_at,-0.21249646349793744,4.815856056113978,0.003647661199509927,0.007220508948697311
212537_x_at,0.15829408716002522,9.610013049110123,1.4952297551088775e-4,3.8823064387982076e-4
212538_at,-0.22748118780782894,4.943845773784565,0.0017822713149479065,0.003757817869914765
212539_at,0.11208092726878101,5.6975713139970905,0.01363171849543539,0.023889514189693987
212541_at,-0.2368363752217756,5.045210817529349,1.7747287229133376e-5,5.402861269841031e-5
212542_s_at,0.31510334446011434,5.259960803597666,1.185074496976874e-6,4.365785105265904e-6
212546_s_at,-0.21725183314985017,5.696349609323131,0.01820238701278778,0.030962555107652508
212548_s_at,-0.2820688808328104,6.272244530125421,7.959568724013814e-4,0.0017921576237990748
212556_at,-0.23286295849644048,5.471847099168482,0.0010926770615228023,0.0023943238617495973
212560_at,-0.5515702562862691,6.699948799398199,1.9937161403495606e-8,9.518128793032461e-8
212561_at,0.22646791418453108,4.482329159110308,0.007623236652116294,0.014109836602301635
212565_at,-0.620237184324643,4.614247970316899,7.346892821117631e-11,4.950142314002087e-10
212568_s_at,0.25581301427294156,5.383069541278854,1.1720306342657172e-5,3.693660956988694e-5
212569_at,0.7365635441336483,4.258082220521659,6.099358751408142e-21,1.439260579379635e-19
212572_at,-0.37557600416492204,6.1328890548715895,2.0964878267131656e-6,7.449311471833546e-6
212573_at,0.19651801748650838,4.824009967343391,0.02816048559059502,0.045861549915530715
212577_at,0.6694744420162646,4.113554657121215,2.485146794615757e-18,4.2871783592139467e-17
212581_x_at,0.12904780525429066,10.405295873267796,2.9816482411295147e-6,1.0323981127091303e-5
212582_at,-0.6029646656066966,6.59548334423336,3.80567524541561e-13,3.5146723193221924e-12
212587_s_at,0.6170604523930643,3.4955422676990993,2.471720224527206e-8,1.1598571513517283e-7
212588_at,0.7928375850074214,4.365460611504011,2.3210455514335056e-10,1.4783211053809243e-9
212590_at,0.3623345086707371,4.414671178633055,1.9764497612687304e-4,5.011528116561398e-4
212593_s_at,-0.20789239928553913,6.838338464449263,0.020102875181187824,0.03391529162457719
212594_at,-0.35101437608411745,4.148319032949501,6.744884115374789e-4,0.0015416672397697913
212599_at,-0.925370155186774,6.534783605197869,1.84028756704845e-19,3.597627866020081e-18
212601_at,0.4389355625318211,4.799668840238597,3.426143155676957e-8,1.5752906277582508e-7
212603_at,-0.5162235536913743,5.628552492927318,4.149506184872793e-17,6.278765502618959e-16
212604_at,-0.5265931467488905,5.284075862061593,2.456490056814824e-14,2.595303548191046e-13
212608_s_at,-0.6242288752368159,5.413489752084434,6.325687181508259e-19,1.1643829342869069e-17
212611_at,-0.1562073065904701,5.9570127235074395,0.0048166070246390665,0.009309094543560945
212612_at,0.5436566190778055,4.881525167142911,9.164080949140017e-21,2.0977521198319872e-19
212615_at,-0.1723253747616347,4.156289618259283,0.025635361414229868,0.04216021290000684
212616_at,-0.3555876995244396,5.85255628509968,1.7621360719758263e-6,6.3199744690582616e-6
212622_at,0.13903317748954375,5.838058074593075,0.007469584822832916,0.01384697390673283
212623_at,0.1291980354071957,5.698501453753246,0.020368243860630787,0.03433055325345148
212624_s_at,0.5141670900079792,4.0775118406279125,1.821325879089442e-8,8.737959759375366e-8
212626_x_at,0.09309701697095109,7.682546526966024,0.01111360269923619,0.019879783889951128
212628_at,0.20372456162666575,5.034365318269267,0.0016010344311085292,0.0034011266826225804
212636_at,0.5974055229296819,3.517865285517045,3.7801371669035474e-7,1.4954434811313775e-6
212638_s_at,-0.8840404018263972,6.4362747847825865,5.823281227312029e-30,3.446674684430595e-28
212639_x_at,0.16517460619787974,9.74018020885417,1.2953347744881505e-7,5.493634773987156e-7
212640_at,0.15117456969481086,6.151953516520805,0.0030293010164769733,0.006095076520769989
212643_at,0.16475972218606094,7.423697185247716,6.181309867281995e-5,1.714221398089361e-4
212644_s_at,0.21161077777987955,5.431002683367268,2.4186819902752244e-7,9.829795205545705e-7
212648_at,0.1652951095851605,4.815017520277937,0.0020453444993566894,0.004257193631553956
212652_s_at,-0.34179230599009924,5.347344349030828,1.7322361966897975e-7,7.212377137636145e-7
212655_at,-0.14945612925285814,4.978280982255239,0.025247571002550696,0.04155434446924652
212656_at,0.18361657013644989,5.148332837048749,2.9692046199229832e-5,8.717207205600142e-5
212657_s_at,1.4186900536270355,4.918265067424322,5.1344114555989246e-24,1.731834164506384e-22
212658_at,0.46163546728298877,4.835993883403697,7.983785672575863e-16,1.0218673346511974e-14
212660_at,0.23086517639230333,4.885258913170805,1.1271779540848247e-4,2.9852799560224294e-4
212661_x_at,-0.1380805536912348,10.440627626845101,2.3491324001976428e-8,1.1081574373983861e-7
212665_at,0.1558850174693148,5.500010982673565,0.0232920345004091,0.0386624675554513
212670_at,-0.531466509374799,3.836663706706274,3.565846894090967e-6,1.2204766062746496e-5
212671_s_at,0.8267785517890142,6.184136232286923,6.949362614724074e-9,3.563835408881714e-8
212673_at,0.19906262155410379,6.056869092984415,4.603191700765623e-6,1.5429910103348597e-5
212674_s_at,0.2750522014513771,5.032970198360248,1.2052817513922996e-9,6.868182660992397e-9
212675_s_at,-0.5895395746868706,4.606358341140607,2.682025081404246e-14,2.819679558104385e-13
212676_at,-0.1526570861372,5.002075645017373,0.003833633016031813,0.007555134382036205
212677_s_at,-1.0629781933061624,4.250067936532873,2.970625652095146e-30,1.787882730949174e-28
212685_s_at,0.1887234649455651,6.259702710140219,4.555515071158572e-5,1.2934861637244047e-4
212686_at,-0.48708445131051453,4.284661179598565,6.674308979299136e-6,2.1799351248546232e-5
212687_at,0.26065382673805987,6.316657973358747,1.8103068534103862e-6,6.486226528623902e-6
212694_s_at,0.4441447707674528,5.517335267808946,1.2947299926386483e-11,9.679303845874278e-11
212696_s_at,0.1359487668169954,5.959966994318815,8.265769635078765e-5,2.2429379458105067e-4
212708_at,-0.11109251289843118,5.843112467298821,0.02174904876376981,0.03636041813456086
212721_at,0.19683272902949364,5.780800123268694,9.553955552161181e-4,0.002119518033346505
212723_at,0.26793003737679616,4.8518405599890455,1.3607971807612825e-7,5.743979589241773e-7
212730_at,-1.0020938390315866,5.188158576428767,1.2699913368801604e-4,3.340392141418404e-4
212731_at,-0.40070024581365343,4.617576942502186,1.052335602231263e-6,3.910395874680374e-6
212734_x_at,-0.177451050333192,10.33293975081207,2.1902832394336466e-10,1.400030092127247e-9
212737_at,0.5246489610555692,6.001245671552849,4.098244555132472e-17,6.209970851362683e-16
212747_at,-0.1795527168579634,5.2240724710295385,1.4276756509436193e-4,3.7168139121650045e-4
212749_s_at,0.32766861737345243,4.726498607460812,1.9958862010932187e-8,9.524244486553074e-8
212760_at,0.13102924364607163,5.122981237015077,0.01725309511294645,0.029488259085034354
212761_at,0.16976034408122614,7.447654179568321,0.0034630518034365373,0.006885611353046701
212762_s_at,0.24818674028524332,5.479790826907966,6.469228823995801e-4,0.001485953010108641
212768_s_at,-0.737420856254204,8.82086384035678,0.0029766446206653256,0.005999773061371144
212771_at,-0.3104613295826661,5.88351698249574,1.0088785980306305e-4,2.6934419601110137e-4
212774_at,-0.3450445282835254,6.18236428639365,4.903260419253899e-6,1.6364058838463244e-5
212782_x_at,-0.48706577642749077,7.40256747289214,1.9939982284424465e-22,5.6067461998173044e-21
212783_at,-0.15795022390674401,4.8876144470452925,0.006743307566971808,0.012620729204222391
212785_s_at,-0.17233786796372627,4.8936940031465435,0.005684466420233805,0.010810880305337256
212788_x_at,-0.19714693844064085,10.364898730177384,4.983204260655332e-9,2.6105167356675094e-8
212789_at,0.22313112399697468,5.017875020134204,3.101715749296968e-4,7.550662563860958e-4
212790_x_at,-0.07552426440509837,10.406052756939154,8.37903912507713e-4,0.0018786895423401522
212792_at,0.23954885430996492,4.650834684750413,3.634253282716074e-4,8.743264185433932e-4
212798_s_at,0.29164375202116255,5.583281346561551,2.8901837222707413e-6,1.0036479162621216e-5
212802_s_at,0.09688574720688871,5.303795819527824,0.02294678443367167,0.03812482965848706
212805_at,-0.7614752354631759,5.077380129298591,2.272796042841439e-6,8.00672936762918e-6
212812_at,-0.3989544933036247,7.128656652860838,5.939529780050956e-12,4.6479315218178156e-11
212820_at,0.6973705294935204,4.35835854726388,2.941477830854249e-14,3.080356989437104e-13
212822_at,0.18954094427207288,4.245165647141977,0.013430468944322524,0.023571529128526735
212826_s_at,-0.11467851485639861,8.801686663547136,0.025200039751318844,0.041495239141696706
212829_at,0.23380661555995697,4.806525972680922,9.082955071871866e-5,2.449174369115613e-4
212841_s_at,-0.2972241036432362,4.947751781047631,5.404196687123851e-7,2.085560486641132e-6
212846_at,0.2443955290314363,6.308470900826353,4.182106511217151e-5,1.1953817250445394e-4
212850_s_at,-0.804164549560715,5.252581359269584,2.241735646850182e-6,7.912920588041517e-6
212852_s_at,-0.16980075188406166,6.4003343010063505,0.0027077578468591664,0.005502315973710594
212857_x_at,-0.1427264324747842,8.180840215339927,2.1582879527583723e-4,5.428413815242845e-4
212859_x_at,0.8744582614873164,7.670875557682634,3.4796119199353e-9,1.854872380743833e-8
212863_x_at,0.13291998693648893,7.009842464174934,0.0014396723666458056,0.0030821762717578964
212864_at,-0.30644303687152347,4.374510445821071,6.986016581749955e-5,1.9238121974888452e-4
212865_s_at,-0.5616619164609059,3.3972756900660444,2.959100653877451e-4,7.239288720024922e-4
212869_x_at,-0.1171823691929362,10.754327476874446,3.348757875986168e-8,1.5443496825415333e-7
212870_at,-0.25981562256187646,4.9196699665856105,1.4579037930671134e-4,3.791824067765959e-4
212884_x_at,0.2372231455114776,5.213033185688469,0.006147856107752707,0.011603590994072367
212891_s_at,0.2222923026012457,4.686495325683307,2.7525660976221054e-4,6.771122985953069e-4
212898_at,-0.5630151688078612,4.502669152646712,2.344919760233739e-11,1.6814675630109803e-10
212900_at,0.32105278656632213,6.013444507211695,3.812884784013743e-10,2.3529628278306007e-9
212904_at,0.29425089279949995,6.444034854971901,6.298707993305024e-12,4.900367373440575e-11
212907_at,-0.38251508455764016,6.731000240598367,2.721651639070153e-9,1.4710925332673334e-8
212915_at,-0.46425969439697334,3.696819391361895,3.526239934221372e-4,8.506329298652005e-4
212919_at,0.15679835801657982,5.101892314711858,0.012825907108657525,0.022636563897042515
212922_s_at,-0.2409890243462244,6.119487757256068,1.487486184088025e-5,4.5831002272461925e-5
212923_s_at,-0.3171339495565358,4.119274477999574,2.6260926296917917e-4,6.482334180158563e-4
212928_at,-0.1954603796235748,4.755660843281768,0.01117759161921185,0.01998423548341398
212931_at,-0.14656960807187214,5.44742591006282,0.005148363651339346,0.009882533559720196
212933_x_at,-0.08157915550871583,9.46945514228036,0.010137514442378736,0.018289523782620984
212935_at,-0.3621400817152644,4.982077226358155,7.797430380378874e-7,2.9402981930657824e-6
212944_at,0.24807514382425552,5.009298151627472,0.002034720478667967,0.004237279633541165
212946_at,-0.5114934197379086,4.747523513796308,2.3300289492732808e-12,1.9260493930219642e-11
212950_at,0.42195628261749846,3.691495431774694,6.888047970744582e-5,1.8984218654640264e-4
212952_at,-0.8651005927472385,6.856509717399542,1.887823188447543e-37,2.1746505180471534e-35
212953_x_at,0.39284458897597196,7.112003679051584,6.928268646260829e-19,1.265955966919999e-17
212954_at,0.218174485439334,4.486249415873656,0.0038089562042157568,0.007510647490477342
212959_s_at,0.22367656220406362,5.525338260064035,0.0015618298791846821,0.0033231148948769614
212961_x_at,-0.2850868456767955,5.354788251772349,5.87496541978165e-8,2.6191637345868007e-7
212973_at,-0.2634856113470879,6.324023428622671,8.01177018497932e-6,2.586802109453992e-5
212977_at,-0.2622103548670569,4.686828299840559,0.012910619882887808,0.02275461288945032
212985_at,0.2641015152102612,4.261773250510138,0.0039059590215836746,0.007684947474421654
212987_at,0.12528945895702215,5.941403556294343,0.010417512310781035,0.018750472006955177
212988_x_at,0.07532271869418722,10.102868541261756,0.0037108530456384167,0.007338816444143318
212992_at,0.7831914496223286,4.567577807984171,4.820994499496186e-6,1.6104556929561158e-05
212993_at,0.32543611293036284,4.34467059875844,5.3382911105975304e-5,1.4963137799013957e-4
212995_x_at,0.1263892596379072,6.9771975156959325,0.004175691162517963,0.008176600150622361
212998_x_at,1.0453053049190508,5.637786970046068,5.95573625635929e-16,7.809522951576142e-15
212999_x_at,1.0110995552733173,3.9553930367714467,3.424136858033867e-15,4.0178289332000894e-14
213002_at,-0.4274455379943166,4.236295785952676,1.7436093307464007e-7,7.254091945742211e-7
213005_s_at,-0.4107246843157934,5.234325184197894,2.54293237036395e-6,8.902756367225161e-6
213007_at,0.5173638739793824,4.546246922654558,1.766410828071582e-10,1.1420373688069317e-9
213009_s_at,0.24417571008174024,5.120326487915761,2.9498781289363587e-6,1.022719883342887e-5
213010_at,0.5267136885515517,4.08571752239294,7.98205827078832e-6,2.577985838256113e-5
213011_s_at,0.22826452638034642,8.685152234199409,3.0173561528791283e-7,1.2097655862946895e-6
213015_at,-0.1837546255677363,4.2993399151519895,0.020420466386291445,0.034402336278713676
213016_at,-0.25015018411450296,4.955654902124407,0.0016123974233844852,0.0034225507423653635
213017_at,0.3516181636246268,5.929308345440092,3.125312717215833e-4,7.60251479099301e-4
213037_x_at,-0.5412351230212095,7.916788573114722,2.6747040406659573e-25,1.0612631254686816e-23
213038_at,1.0021052921844913,4.929549328657112,2.7565474730363774e-51,9.843631026212905e-49
213041_s_at,0.43952619979685387,6.63847481559209,2.0802842520413976e-13,1.979226038376509e-12
213043_s_at,0.15233664064810928,4.346064919268672,0.026192812550368552,0.04299120589123614
213048_s_at,-1.986410670798198,8.747534474420405,1.3874856953480216e-155,1.4864134254263355e-151
213051_at,-0.36962256660673937,5.801587058099578,1.153037374986935e-9,6.6056093038690026e-9
213052_at,-0.49580764715409487,6.211423174053903,1.0231616909291942e-19,2.070906985141812e-18
213059_at,1.0351968899815363,5.785479509182986,5.2662325267652556e-18,8.774051175619934e-17
213064_at,-0.2748183923536556,5.129760231360486,4.127372723315376e-6,1.3952838114508558e-5
213065_at,-0.22245622101272067,4.918990392555132,0.0015450289621171116,0.003288673807105229
213069_at,0.291005816642949,5.05376572911708,0.0034055981602204013,0.006780184554997428
213071_at,-0.40407315248673026,3.255440268798137,0.00862418761927884,0.015790620742665223
213079_at,-0.3600069053702438,5.024271762435466,7.664757650738956e-13,6.774962765046735e-12
213080_x_at,-0.07880254079252556,9.975853616751936,0.0038893490169833954,0.007656485854271061
213083_at,-0.18237298372078667,5.747891816876641,0.0018288250805031405,0.003846133311234814
213084_x_at,-0.08035016516048152,10.760420751327297,3.3972727789318854e-5,9.879202844923259e-5
213086_s_at,0.16762535224376976,6.701435885070534,5.434354766390074e-5,1.519265203871004e-4
213088_s_at,0.25057912704148133,6.0407752232328695,7.716009167883664e-7,2.9116451643373615e-6
213089_at,0.22456431401716734,4.4148211400369775,0.01743581673184075,0.02977680609727562
213090_s_at,-0.6622838104312919,5.2433886776571175,5.100401016407196e-17,7.610110875873299e-16
213092_x_at,0.3284745432698856,4.482980952604573,1.4735553274671963e-6,5.360338955231265e-6
213094_at,1.7987928301885152,3.5897864559231047,4.812921655965867e-42,8.316262854897149e-40
213095_x_at,0.35718897900614827,4.942234805845126,1.4480327950527195e-5,4.471829153473562e-5
213097_s_at,-0.3895418862293931,6.077191952361182,3.380265444642187e-8,1.5575390842344838e-7
213106_at,0.35850728004155336,4.565461054268234,0.006619689732298734,0.012417568919999358
213113_s_at,0.843613604331731,3.9867258913548507,1.934791502356925e-14,2.074816953428402e-13
213116_at,-0.912918095964912,5.1569359926321,2.9623194929779906e-24,1.0405025812548595e-22
213125_at,0.36108168379747146,4.2449114916346815,0.004259122224438184,0.008326273063942749
213134_x_at,0.260199268012346,6.144053050386217,4.796210642193105e-5,1.355362822733177e-4
213136_at,0.16441340708478672,5.604545009091779,0.0020297682632448603,0.004228881253236521
213137_s_at,0.25038261014415364,4.59390378359249,1.4291173177396759e-5,4.4210608792795695e-5
213139_at,0.32502637873490314,4.1099744925513395,0.011274371225325326,0.020137102190215108
213140_s_at,-0.28484308674146325,4.710841982710204,4.299768282259343e-4,0.001020682863014499
213147_at,-0.2367322234218216,4.671406381862235,0.01046596230260195,0.0188256990030732
213151_s_at,-0.39753119497022044,7.53482270568559,8.575837484038073e-15,9.580270450598178e-14
213158_at,-0.4718787660148271,4.540282100134406,5.369497719480257e-5,1.504273772719456e-4
213164_at,-1.0593402554667564,5.759855363070456,2.7274266518683697e-32,1.974251467666611e-30
213165_at,-0.14624487594269717,5.022316408462329,0.00722143264815789,0.01341248404294651
213168_at,-0.14766396749539737,6.3775110617178505,0.004292925721703467,0.008383177771893773
213169_at,-1.155237265704774,4.42922317688926,7.455804821737988e-27,3.356051977112566e-25
213179_at,0.501816284643816,4.92644451323061,3.6185628494685673e-31,2.3352809521901664e-29
213187_x_at,-0.21133028461972664,9.687494580155885,1.0095214053826324e-6,3.757818907527498e-6
213188_s_at,-0.14510666739160208,5.23588239176538,0.005436925897013934,0.010376944082435467
213193_x_at,0.46210258858043135,5.3465419510078425,7.5390153424967096e-6,2.4437358960413694e-5
213198_at,-0.49497081504131524,6.1086273019677,1.3853895788655626e-11,1.0306721221101925e-10
213203_at,-0.16909581092575252,4.897402025995003,0.002122904492050419,0.004402376272422792
213222_at,-0.7697141674913291,4.76225966011517,3.882696960763817e-8,1.774544903611893e-7
213225_at,0.2525072796125594,4.532538497685389,7.919150492308463e-5,2.1576261247228018e-4
213226_at,0.40961975147118734,4.852194341474786,4.854956239369236e-7,1.892002407870594e-6
213229_at,-0.7376086830885522,6.415810921972521,1.2309780857797444e-17,1.977131669109206e-16
213233_s_at,-0.21211227405295247,5.839775357916922,1.2744141205986994e-5,3.986218532547114e-5
213239_at,-0.5495778968537135,4.056214547451137,8.562607789437176e-10,5.0291237526447624e-9
213241_at,0.6392717650220571,3.531591198263511,2.2231330287317068e-8,1.0501068843387467e-7
213258_at,0.2949027501352011,4.584322242129496,0.01815601059002816,0.030908206173680543
213263_s_at,-0.3174599835088861,5.477780541562011,4.308527187006445e-5,1.229548528353757e-4
213264_at,-0.262548760533176,4.767972746564621,2.417975271558989e-4,6.010155239956253e-4
213274_s_at,0.6011709063221345,5.600197286381043,6.874939312520784e-12,5.3216202929938704e-11
213275_x_at,0.17851939539778017,6.993075767280487,0.020776716053913943,0.034911253622963725
213279_at,0.1641559391400077,4.9957757650413335,0.02973030008769767,0.048126428655108064
213280_at,0.47885495373561743,4.3617960961879065,1.5523364141741194e-9,8.693246212779583e-9
213282_at,-0.19492664961593478,4.447995503857909,0.0059736387677928535,0.011320642511828204
213291_s_at,0.20293765220091597,5.1337857448912185,9.933153672895665e-5,2.6576891932500316e-4
213293_s_at,0.7257037169627143,5.574159076831298,7.345683871335908e-10,4.345351259725101e-9
213301_x_at,-0.2328498641076506,4.964447445824923,0.0011731992957656064,0.0025576890629908306
213305_s_at,0.1448383190941908,5.099220590725932,0.015775562144572628,0.0271841076491566
213315_x_at,-0.28067940043256506,5.352977168262054,1.1577408364588029e-7,4.96512313089798e-7
213317_at,0.38084325021191245,5.3098212166887055,0.005839469758038,0.011082061916361578
213320_at,-0.5731549328659303,4.431241306621889,6.172538620438295e-13,5.5197334090780846e-12
213327_s_at,-0.4456798232609679,4.561393089436668,8.230727873621427e-11,5.507544516558798e-10
213330_s_at,0.15836975759397753,6.073126616105593,0.0027287189027879527,0.005540706142071141
213341_at,0.40426906438562804,4.593505089175815,5.8494407373279916e-9,3.034627536028802e-8
213343_s_at,-0.48980434673379236,4.14178139843079,3.554422222608593e-7,1.410838283468168e-6
213347_x_at,-0.12058546899634712,10.246772938281103,6.215164277272885e-5,1.7222725013560377e-4
213348_at,-0.4014485006766138,4.117839973115085,0.003511052850688117,0.006973286835265442
213357_at,-0.2020228502645545,5.610312991643211,5.831790383909548e-5,1.6248626887600256e-4
213358_at,0.8501224584433076,3.857294877564688,6.761682964700295e-12,5.237737498252658e-11
213359_at,0.2704402283301543,4.915876589549607,0.006227753702047459,0.011733718855088714
213362_at,-0.9625041977915321,4.071696753789263,1.3571005274828835e-9,7.700539168921679e-9
213369_at,-0.9230021937565992,3.818402161162896,2.1448646790479086e-9,1.1783556567507819e-8
213373_s_at,-0.23584773929136235,5.216231703445399,1.482066647280968e-5,4.5677157630382654e-5
213374_x_at,0.27511155076847277,5.742929355748143,2.0277427465315158e-5,6.119213533406234e-5
213375_s_at,-0.2626501835417452,3.7894417781983583,0.030067391431341614,0.048613336010256976
213379_at,0.31082410860837417,4.6832934779937005,3.073947383792704e-7,1.2301530938577228e-6
213385_at,-1.4448366407659572,4.802018461553264,3.739208528879605e-19,7.027744029804774e-18
213391_at,-0.5415901155276089,4.599720209424393,9.551330025454439e-13,8.339315286283081e-12
213399_x_at,-0.3194341539898042,8.501906198452309,7.119671709654799e-10,4.230340711343975e-9
213400_s_at,0.2977652730356974,4.913003843458453,0.0017942100548623042,0.0037807577336231054
213404_s_at,-0.3106342051822267,6.421060922166407,2.135538502548744e-8,1.0140968075268038e-7
213405_at,-0.6095690714210401,5.161849568675383,1.9794915365851643e-14,2.1206292831436863e-13
213414_s_at,-0.09855735034065075,10.452286876864335,7.58760212506813e-4,0.0017181564482319778
213418_at,0.6584642560388166,3.9059265900271916,2.2431771853311005e-5,6.729531555993301e-5
213423_x_at,0.6934453437772613,3.3665414287932887,3.0793889252419132e-9,1.6544379917811742e-8
213427_at,-0.18854332699773413,4.239119118184757,0.017170151282016547,0.029369923468664103
213428_s_at,0.4173657051346556,6.905866541353863,3.565157098419608e-4,8.588605350881327e-4
213432_at,1.4325250526275408,5.4992149080193995,1.3905746613865605e-17,2.2267901864625146e-16
213435_at,-0.6091453494763294,6.533508933595843,1.1529576012278593e-5,3.6371127155341745e-5
213453_x_at,0.1626248436426495,10.215887072338901,2.270894654342809e-7,9.267845497895053e-7
213455_at,0.4289785123947517,5.987610164054379,9.18449329653784e-9,4.599975534633468e-8
213456_at,-0.5388379145901173,3.6061254959704416,0.0012659414330479927,0.002739804156008716
213460_x_at,-0.23142344309334173,5.223056026134912,3.3214884305941237e-4,8.054120768889735e-4
213465_s_at,-0.10073581447361271,6.256113011078368,0.020697448459616383,0.03479236864080815
213470_s_at,1.2144083882550851,3.7725704238333946,1.4985388821928374e-38,1.888687887639043e-36
213476_x_at,0.2572979309147652,6.917731193495769,3.4284916083351404e-7,1.363379012624141e-6
213477_x_at,-0.06546228981831646,10.585644408783786,0.0011842873671153217,0.0025787135292492766
213478_at,-0.49537077827782877,4.545260634344328,1.1101232598652365e-9,6.3802309457812654e-9
213479_at,-0.8063526476640408,4.75624816166666,0.0039638502829739105,0.007787406580139281
213485_s_at,-0.15955948169433565,4.686104183809254,0.007519144673972932,0.013926797526326423
213491_x_at,-0.31558124839067087,8.477220523347802,1.1114958844720116e-9,6.384694589999281e-9
213503_x_at,0.338952326948636,9.589391675540567,3.1100393804399097e-12,2.5336769492511598e-11
213506_at,0.30078052875883565,7.246734810881833,3.165162575112279e-4,7.690720496071184e-4
213507_s_at,0.11595547270642462,7.8837378318911275,0.007210942131624674,0.013397645344449382
213518_at,0.2553243121930033,4.942728551264195,5.276252472341038e-5,1.4804738799421044e-4
213523_at,0.18474150688867452,4.235972492028527,0.018522239580209803,0.03146737278379985
213524_s_at,0.5462080471612524,4.988725244438815,1.8686633246678703e-5,5.6739320361879725e-5
213531_s_at,-0.3470710011246078,6.503606286879374,3.986895795576989e-12,3.200604628647732e-11
213537_at,1.2595615542318144,3.3891402486707167,2.0596039110153305e-21,5.1794687086167215e-20
213539_at,0.36511040861470684,4.727093868588466,1.4968638735381093e-5,4.6080180106936105e-5
213546_at,-0.8149028617778383,5.17038280493971,3.88292778498342e-21,9.390023783414758e-20
213549_at,0.2798403414048333,5.56367597277694,0.001208934840796136,0.002624912636694164
213552_at,-0.34485312379019994,4.232585319723383,2.094682256117488e-4,5.285052051292192e-4
213562_s_at,-0.6627517004656435,3.5611449847298395,8.964494654980653e-8,3.8896974985341323e-7
213572_s_at,0.42296250414243847,6.988187103411794,4.63645770052786e-8,2.0989948676074666e-7
213574_s_at,-0.19417739916951293,5.584927278584303,0.0010543169086167728,0.0023183286211025216
213577_at,-0.5355582902624499,4.768225525669418,1.59246289173171e-8,7.715990483546725e-8
213578_at,-0.14361229004583106,5.020515102461174,0.01922641531200601,0.03253911330766515
213581_at,-0.20888795141466854,4.275242006656381,0.0067568119941539785,0.012643795090545253
213588_x_at,-0.1470764389886087,9.983000506249669,1.9538054286076863e-5,5.9110752772307665e-5
213592_at,0.254335688056589,4.2122352853782745,0.0024215060660585895,0.004964898466159937
213593_s_at,-0.937199117078481,4.307110500030401,3.7568603971930566e-16,5.0561866124534186e-15
213594_x_at,-0.17441761245031343,5.342310365083808,0.004238051764635169,0.008291133775481477
213599_at,0.5459919873219328,4.011869013648844,1.95659898936812e-9,1.0815812679618508e-8
213603_s_at,0.4805715289322355,5.93059214528475,1.3027924954507808e-9,7.404146421095074e-9
213605_s_at,0.37913307460952206,4.423404309992093,3.738704136491728e-5,1.0790069346507511e-4
213610_s_at,-0.1810807153878346,5.027115930527566,0.013902924450517575,0.024297231588645152
213614_x_at,-0.06116602951708259,10.607783036439452,0.002627572452871289,0.005358687166877997
213617_s_at,0.445735609746752,4.971014026244412,3.905026283790511e-13,3.6002191547545393e-12
213619_at,-0.9929182379716307,8.809776567530593,1.6898549002762528e-61,1.5086179622216246e-58
213620_s_at,0.36945286667416727,5.132300092191575,2.5697681039153266e-6,8.993768604130968e-6
213627_at,-0.36753537568743144,4.659434495033945,8.78520743550433e-9,4.418588134110699e-8
213629_x_at,0.3124457190253981,6.0503688514085745,0.019884433406613465,0.0335837829237033
213646_x_at,0.17764534206687058,9.923208771813986,3.693701345789441e-8,1.6924988245270436e-7
213649_at,-0.3559821283736036,5.137880950270008,5.245653345281855e-6,1.7414528753642554e-5
213655_at,-0.9747616886048348,8.033699904258519,3.2126182820070854e-39,4.197168250627062e-37
213656_s_at,0.17012699683398888,5.365390857046951,0.005435046442285199,0.010375205369957473
213664_at,1.1643032710329186,4.746369541836366,3.365036131974986e-20,7.209926416369604e-19
213668_s_at,-0.3142329802646617,4.202747772941104,0.002150016504314044,0.004453427457601769
213670_x_at,-0.25487114802134847,5.119371715995766,9.497667545708852e-5,2.55072731053344e-4
213674_x_at,-0.7276881417753881,3.269454344778604,0.0029436556829689907,0.00593998555879578
213682_at,0.4123681763813045,6.088991646521571,5.252698242290555e-21,1.253277422486831e-19
213687_s_at,-0.11099007499220785,9.372635031632203,8.660587062945022e-4,0.0019369701295475995
213689_x_at,-0.38196659742879047,4.716652954826624,7.467515713599986e-8,3.280012129552958e-7
213693_s_at,0.869086659377046,6.824516789595229,2.7070337906298234e-12,2.2222569347905976e-11
213698_at,-0.15058716350211146,5.084980969073787,0.009878874894986322,0.017874073087314386
213699_s_at,-0.0914279083955553,8.746976353974864,0.004159756561123518,0.008148376675684082
213701_at,-0.17901639551045073,4.769525851439193,0.0211456603451587,0.03545124558336231
213710_s_at,-0.5295077437631178,4.565208330648234,1.354497383276331e-13,1.3084518004544032e-12
213713_s_at,-0.15944227344607828,5.022158135010136,0.022754389058132783,0.037863897169893836
213716_s_at,1.1167482314252473,4.632248222244141,6.004179435615049e-23,1.786743730381778e-21
213725_x_at,-0.37902960716786915,4.174523351588692,2.720670514465745e-5,8.040425716268008e-5
213726_x_at,0.22894412919440457,8.236010614187805,1.720431851623995e-6,6.176604030310945e-6
213729_at,-0.21798193400996033,6.220810536387739,6.741192251301229e-4,0.0015411522105887765
213734_at,-0.4019878714137694,5.006523418635457,1.3194209272114272e-7,5.591359332759502e-7
213738_s_at,0.48118713270260016,9.052149592810563,1.6609244179111806e-24,5.991071814505885e-23
213753_x_at,1.1093503792314396,5.774755974528485,3.134330186202247e-46,8.189775435313335e-44
213754_s_at,-0.13428659789159786,5.408033745327143,0.01581788611930266,0.027243892925416305
213757_at,-1.2665538447365938,5.945500879558269,2.715890933119173e-30,1.6438044952828078e-28
213762_x_at,-0.11707650665295438,7.238884632613088,0.007599110989394655,0.014070044249807283
213764_s_at,1.4305451380803458,2.7262428610268152,1.489678950546907e-12,1.2696046616713615e-11
213765_at,0.8036967772931479,2.601506588103919,2.325445008709581e-5,6.958796753716688e-5
213773_x_at,-0.161391218386393,5.961407751865515,0.002997180734409495,0.00603662290049425
213786_at,-0.3288612716508244,4.273841845874005,2.6893968083925345e-5,7.954585314276428e-5
213789_at,-1.0282490227973209,4.338784744483923,4.7922412133256395e-23,1.4585022760897038e-21
213792_s_at,0.3547261515685231,5.096575161652123,2.414453991829773e-7,9.820062875653895e-7
213797_at,1.3268406189183743,3.4150382684659895,6.698719930662174e-17,9.925779615101504e-16
213812_s_at,-0.6563684171012394,5.991640909233165,3.678242639766486e-18,6.244851568909408e-17
213828_x_at,-0.35905611096771706,10.02060866871191,1.1170783170414266e-27,5.415049778490861e-26
213831_at,1.3604269947447456,5.098295318797539,3.4136874600354166e-11,2.401236622413619e-10
213842_x_at,-0.2220477332688145,5.886859313999568,1.3482269997054934e-4,3.526258751915271e-4
213843_x_at,0.3915461893190323,5.5168410989630905,6.458916588705965e-4,0.0014842207939684043
213850_s_at,-0.18931384561508163,4.821842197385555,0.01683007224825532,0.02886194397239623
213857_s_at,0.2103480236126927,7.049244882877129,1.2911255300129972e-5,4.0337788868560045e-5
213860_x_at,0.1750301558871704,7.547957351694035,1.222008907414575e-5,3.834616703319374e-5
213872_at,-0.48666595673973256,7.062668688859174,8.964072014881437e-9,4.497990796038634e-8
213880_at,-0.87413396936361,5.9311606636180025,1.6714647471749785e-5,5.1146534808584816e-5
213883_s_at,-0.1531245026787436,5.687421690079372,0.0036866662537369524,0.007292329316152875
213890_x_at,-0.054790838479119246,10.354865568958743,0.01818246329044637,0.030938489394941544
213902_at,0.5183348191774221,5.173316185436973,4.065050873870232e-18,6.856078136649985e-17
213905_x_at,0.3634573374521454,5.234270562195081,0.011758457301487077,0.02091802608283478
213911_s_at,0.34679272640323405,8.754122653800527,1.1654892790025327e-16,1.6804692659426827e-15
213921_at,-0.8524839499176675,2.379802024231879,1.194968503630465e-5,3.758424015859453e-5
213923_at,0.20350353277060287,5.211033101270953,2.1513089700787988e-4,5.412628698086935e-4
213941_x_at,-0.1585242418995541,9.917488062040933,3.399639450788937e-8,1.5637757593946708e-7
213947_s_at,0.6477612915218051,4.447221481717847,8.688690901648182e-17,1.2681463982201223e-15
213953_at,-0.49629312870665976,8.111343197719934,0.004775378631371141,0.009242751811721597
213975_s_at,0.4063487866562666,8.45406021641516,5.723675226072918e-4,0.0013292376478846557
213979_s_at,-0.29057443671009586,5.325644025227557,0.006518392944736683,0.012240410800519557
213980_s_at,0.14560502575217954,6.332912299556586,2.4274571248580546e-4,6.030924902273733e-4
213988_s_at,0.22770001874781973,8.003035371393135,5.461461000330969e-4,0.001272756834817178
213993_at,0.7495880125658763,2.9870998172835472,2.245746613814297e-6,7.924467547362506e-6
213994_s_at,0.8325554061561974,3.3043492559019585,9.644647409289453e-7,3.601363112433528e-6
214003_x_at,-0.11818324311860377,10.482986522599457,6.760861008586684e-7,2.5775481845191865e-6
214004_s_at,-0.6077553836241469,5.3013855032449015,2.782466124665352e-18,4.7693695349663864e-17
214007_s_at,-0.24338835854113988,4.926879639168896,0.009399129585426972,0.0170955645583496
214027_x_at,-0.6511832977509797,4.8386867754414995,9.874832011635208e-5,2.644726883516199e-4
214033_at,-0.552643505371016,4.705980422823739,1.3457033568434631e-6,4.925357041976092e-6
214035_x_at,-0.21820501568825304,6.567481371897281,0.0034291819127940672,0.006822066078321791
214038_at,1.5372438467936511,3.8958264403488245,1.556183046440822e-26,6.832536465787101e-25
214039_s_at,-1.0793361525773006,8.298286364309993,5.520134892653512e-23,1.6611574467695806e-21
214042_s_at,-0.35758765525313485,7.174777986989247,6.902744679331967e-13,6.157294233945326e-12
214043_at,-1.0957693518486558,4.428179417851122,9.7768246140522e-10,5.673841933387932e-9
214058_at,-0.19313644424712034,4.042521647432424,0.016662030995381497,0.028592077215044365
214063_s_at,-0.8816584464380723,2.0568520294209036,2.102470299646171e-7,8.653002043837661e-7
214070_s_at,-0.8668595908660476,7.509526748473226,5.699862993426621e-13,5.127005226580973e-12
214079_at,2.579101115024262,2.2259207591582006,3.799798970370184e-52,1.5076757914657697e-49
214085_x_at,-0.5943946193963148,4.7436202217321055,1.5160583850377274e-6,5.5018744847253295e-6
214095_at,0.7421277757496225,4.161843805587574,1.0897713691747373e-19,2.19862912956101e-18
214096_s_at,0.568413370093349,6.923950831335823,1.2229560249460946e-15,1.5337204789011523e-14
214097_at,-0.5595929842965615,5.039097944191547,1.6373628532846672e-12,1.3877427410790063e-11
214100_x_at,-0.27395726175293467,5.297545970548802,5.064086059893716e-6,1.6843077913580062e-5
214106_s_at,0.5484030242243606,5.960043636616912,2.0601423900636245e-12,1.7161979334954592e-11
214110_s_at,-0.4035087110503111,4.289135179652764,7.740823528472576e-5,2.1106501008024103e-4
214112_s_at,-0.28678909615178205,5.024660451193378,6.165012337216501e-9,3.184463701475428e-8
214135_at,1.1977149508840415,4.373502171754216,1.054958889159576e-8,5.2468777063911504e-8
214143_x_at,-0.054321704811663186,10.066956894182278,0.025861161285496117,0.04249242651096931
214146_s_at,-1.3089668397168468,5.019958745896014,4.3990847339665394e-4,0.0010419499172006088
214150_x_at,-0.14120206788753134,7.166763611882048,4.9352073407789034e-5,1.39280495895059e-4
214157_at,0.5042061327049364,3.8096433565216308,1.0883686952513402e-4,2.8896391157937074e-4
214167_s_at,-0.09650482658375716,9.530594339130625,0.00952432560315766,0.017293915285869155
214173_x_at,-0.2586847817283039,6.143393021721827,1.2175782892447734e-7,5.196779367601298e-7
214177_s_at,-0.2631524892112153,5.080909721601302,2.3017604621004408e-4,5.746623125257987e-4
214182_at,-0.7139729284145326,5.612477496509995,5.7688271493591474e-21,1.367288611749658e-19
214211_at,0.2133850046818429,7.042290348584949,0.007972573417263326,0.014677810451820247
214214_s_at,0.6041119632786185,7.006763655108991,3.0634800153002243e-22,8.393621842432558e-21
214224_s_at,-0.41569353401710235,5.7260356505486785,1.2368099981429476e-11,9.265696160912865e-11
214239_x_at,0.20284910390766078,4.345177889470719,0.0060630963321081305,0.01146859539077907
214246_x_at,0.4276231324022958,5.655662710764499,1.0729249344335436e-11,8.100243003936965e-11
214257_s_at,-1.2097578426873081,6.520258853625721,1.615283563360284e-69,2.1630666017848402e-66
214259_s_at,0.4595301627815509,5.987939193408621,2.2093452123403448e-15,2.65642146574659e-14
214263_x_at,-0.11093703165176944,5.522808991016544,0.005058875175166256,0.00972644108965472
214271_x_at,-0.08290037588280504,9.800203953939459,0.020840898865137628,0.03500055644179643
214279_s_at,-0.48775587681198285,4.109272776817304,1.699199691703432e-5,5.192106759047024e-5
214280_x_at,0.20172004971906612,7.316156556331738,3.0431667071469294e-4,7.421225798694526e-4
214281_s_at,0.4168400417815794,4.728662817778159,3.4845574858757414e-14,3.599813341001622e-13
214288_s_at,0.16246789582949545,8.565397218252775,1.9658466808461996e-7,8.115651441967376e-7
214303_x_at,0.6514587013405266,3.0220309570233694,5.871884888150152e-7,2.255485937854162e-6
214305_s_at,-0.16697070617366475,5.792985944021051,0.004808387485454479,0.009298240998497081
214315_x_at,0.5278896409763675,6.309445255631101,1.6530723471363825e-20,3.674141920097939e-19
214316_x_at,-0.6703431947731162,4.6514057143309895,1.0331496298309473e-25,4.240663595547486e-24
214323_s_at,-0.6558237789917488,6.162492738459005,1.5511669055354677e-19,3.071654539556648e-18
214327_x_at,-0.11556216105570584,9.59390645881203,1.397552548859178e-6,5.104664321830335e-6
214328_s_at,0.12177859438841332,9.603746079666516,7.083403326378627e-4,0.001613877070087074
214329_x_at,0.4400454752436577,4.773266288636177,8.717417212450033e-6,2.8044952131224383e-5
214351_x_at,-0.15739847875693277,9.844269717466894,1.8334702248731562e-6,6.562634987994027e-6
214385_s_at,0.6957812418379073,3.1121900708921175,3.1320831154453115e-5,9.175282038765553e-5
214394_x_at,-0.1455748540273925,9.09378153605622,8.326220876440286e-4,0.0018682860117505238
214404_x_at,0.23159884869820022,4.5966945458839925,0.007497639667177815,0.013896576774130785
214428_x_at,-0.4398403767312301,4.729060296148488,9.632012508244364e-4,0.002135066211479865
214429_at,-0.17094460494853922,5.054403871526158,0.005729696538932378,0.010889167823591018
214433_s_at,-0.8004468102876762,7.110547748010757,3.160000227650543e-6,1.0899253843792745e-5
214435_x_at,0.19172899752058503,5.690582525482316,2.6166563622963246e-4,6.463509248162446e-4
214437_s_at,0.6411335208312224,5.666624891587585,6.309361236726321e-16,8.212902421512647e-15
214439_x_at,-0.21677796874588365,4.941367587128318,0.0010394664080020741,0.0022880221140181263
214440_at,0.24066970444471222,5.056812916570086,0.02392038835181752,0.03957058684574137
214453_s_at,1.1711833447520066,3.857886369279444,9.510766454110345e-16,1.2015193516849542e-14
214456_x_at,0.3120965612763877,3.9787588375882876,0.009724173230034971,0.01761499286664942
214476_at,1.5198443246012818,4.244414426433663,1.691596763422335e-16,2.387625313115082e-15
214494_s_at,-0.1771726763515081,5.893550005385887,1.7280767045295997e-4,4.4416712417527833e-4
214505_s_at,-0.9428758232196783,4.4219617977203285,5.773103412998881e-8,2.5791183012283993e-07
214512_s_at,-0.16147284523221256,7.285448693360533,0.004517425477763419,0.008781560359876522
214527_s_at,-0.3294528793105864,5.658996732665183,2.537318758107874e-7,1.0282620206115085e-6
214548_x_at,-0.3068941160867839,9.092659509164548,1.901924545344991e-8,9.108322599142103e-8
214574_x_at,0.3590363129359269,4.131892034149229,6.297961987101737e-6,2.0658318055058454e-5
214585_s_at,-0.18622143615450762,5.847015199040914,1.4606568553001892e-6,5.318836468671287e-6
214594_x_at,-0.2011878838518013,5.5118916140560845,0.01137529490253984,0.020307204514399154
214596_at,-0.9147813220938658,3.57324619776724,8.122073811990138e-13,7.155573745711378e-12
214598_at,-1.9546121424603853,2.8211744691167513,1.2170767149869558e-10,7.989303215475035e-10
214603_at,0.58343685770031,1.6997275102735245,0.0068387853790606735,0.012779331548208093
214617_at,1.0500638607676074,4.115341101116079,5.746933602091569e-25,2.1678485802537668e-23
214629_x_at,-0.4852319089187045,8.309816086837175,1.4270672873725187e-31,9.615202421145782e-30
214656_x_at,-0.1376059919467648,5.819131471350681,0.020864071895692223,0.03502849117983871
214658_at,0.3263344395733298,4.879636969756213,1.2872083913257786e-7,5.463495838460011e-7
214662_at,0.4100953500526775,4.887269970126762,3.2743782585156096e-11,2.3093096960814829e-10
214665_s_at,0.399001580326647,7.698333451799873,4.623218930934216e-11,3.178982311110286e-10
214670_at,-0.6157676358666069,5.919906913121272,2.356212101471201e-12,1.9446918523159457e-11
214677_x_at,0.36055909196407354,9.773894078499483,0.019521562804108345,0.03299692368577038
214686_at,0.18365671654397783,5.169623115729531,0.008649027512933153,0.015833395718737674
214687_x_at,0.26704281619993986,9.124881983903714,2.109580527536786e-7,8.675599305758766e-7
214696_at,0.3218070001751996,4.231711711572249,0.0032846956666462163,0.00656142917709881
214701_s_at,-0.42510316702371737,3.887843509820209,0.00421504863696309,0.008249400971597204
214710_s_at,0.4140346653632197,6.1769809042552435,2.5847772891606312e-6,9.040391478543206e-6
214715_x_at,-0.5109523810007597,5.872994838069743,2.055686317599004e-14,2.1978610299838453e-13
214718_at,-1.1847151423128606,4.622891333357697,2.0055817698324239e-47,5.5091788462089116e-45
214722_at,-0.37520957683727724,5.502290473815532,1.7192656800153277e-5,5.250425664197322e-5
214730_s_at,0.36841708294851216,6.332100176088752,1.5765442418604137e-9,8.805796904614501e-9
214736_s_at,0.1631578306175468,5.726859621138618,7.51869664848401e-4,0.0017039940172458047
214737_x_at,0.10772746929838894,7.628819249786919,0.0033971163740621826,0.006765812923466846
214743_at,-0.18168236949911304,5.305484822213492,0.00361126501836976,0.0071511057563392304
214751_at,0.25466906610577866,4.344471232629714,5.856954617595736e-4,0.001357247562584969
214753_at,-0.45584536542428417,5.177075329603477,4.037563137811979e-5,1.1571539297854395e-4
214760_at,-0.2399829541931301,4.528816554026863,2.922046055770102e-4,7.160082203903272e-4
214771_x_at,0.2983085500057171,6.135955981501579,1.8532730880104923e-7,7.686455513688117e-7
214774_x_at,-0.2642365516426837,6.463670590235158,0.00940493185988666,0.01710321422762957
214791_at,0.5595156594502004,4.166128187271537,3.1700978598117526e-12,2.58064273344706e-11
214794_at,0.22729050249267704,5.080914400554013,2.2986175855723668e-4,5.740114264390855e-4
214800_x_at,0.10290850191677396,8.14705067892247,0.007394964142592225,0.013718138676985368
214835_s_at,-0.1792505028682301,6.600755528478844,0.02210509875368584,0.03689233882976108
214864_s_at,0.16173623487616787,5.831799379098664,0.0013826968487688578,0.002970289019623175
214866_at,0.851089943875773,4.095107305110722,6.291916477873833e-28,3.106235079606561e-26
214870_x_at,-0.20130673665764598,6.725585934732744,0.010466545309190181,0.0188256990030732
214875_x_at,-0.12167292870655025,6.0947117372657464,0.03081238570800309,0.04966793380828124
214879_x_at,-0.1666964153514118,5.434099402671931,2.0687058812915158e-4,5.22443331123904e-4
214882_s_at,0.1259390152802302,7.029825496160988,0.003892915839569664,0.00766209946524156
214895_s_at,0.3788192667710184,4.111156685078079,1.1337914622612486e-5,3.580869084671213e-5
214898_x_at,-0.25739739143946444,5.9912480929667655,0.003356878173772552,0.00669189353844908
214909_s_at,-0.628505949919584,5.066438359750283,1.0879661839958376e-18,1.9458066325788662e-17
214911_s_at,0.2830184941179926,5.678206391763659,1.2991903312428067e-5,4.057791842158655e-5
214919_s_at,-0.2163802378903007,4.982202495228009,2.3150130774001457e-4,5.774327147424392e-4
214924_s_at,-0.6740455471437958,5.275662095701537,1.1583054997555858e-25,4.7182231250500345e-24
214937_x_at,0.2637849444440269,5.279996819857278,1.8179648670723392e-4,4.6475561041879685e-4
214938_x_at,-0.21670416512352497,9.665096339839257,2.340325828698287e-10,1.4897154250056299e-9
214941_s_at,-0.19097981194728123,5.244239466326933,2.6395992542791653e-5,7.818088695353248e-5
214953_s_at,-0.20709814072026977,7.654742442439869,0.00077968586781588405,0.001759590204742272
214965_at,-0.14992844401375854,5.062449847138484,0.0055739456635174114,0.010617462912885749
214974_x_at,1.365350867443324,5.301948127227571,1.9648185023865577e-9,1.085564755856998e-8
214988_s_at,0.0856242273395499,6.737071932099692,0.01540705081617298,0.02661330786740747
215009_s_at,0.20170209977112447,4.700451571518692,0.018713129942311287,0.0317607352775635
215016_x_at,-0.431631792262835,5.939093964653737,6.223835998560234e-6,2.042142574351479e-5
215017_s_at,-0.17349437046608301,5.208293729938569,0.010585562966463718,0.019014610338652885
215049_x_at,1.0026712192911622,4.759407027529876,4.373169982812386e-13,4.011110447420299e-12
215051_x_at,0.32485978214278133,5.364940576266192,4.4095637615495935e-5,1.253706384752675e-4
215071_s_at,-0.5301330368139775,5.545699588006737,1.8667485719282628e-5,5.670109852868579e-5
215076_s_at,0.23996998522669374,9.469201512763082,0.01691275571818115,0.02897722966465383
215088_s_at,-0.17018326165542622,5.684430677325737,1.4698133878532612e-4,3.818164603315225e-4
215091_s_at,-0.5726098623923594,8.449976738640531,4.561680422354129e-11,3.138682232798959e-10
215096_s_at,-0.34385811700701935,7.232262023794055,9.03163070195073e-13,7.924312834561684e-12
215101_s_at,0.9717497270656555,3.6748927637412274,3.248292054200648e-5,9.482661641174535e-5
215108_x_at,-0.25358317419815146,6.368148889065678,0.014308540915175331,0.024924780296629808
215111_s_at,-0.5290697963101234,8.351884587803676,5.829733966408544e-18,9.637953700946718e-17
215123_at,-1.2567254156607772,4.223956730204131,1.5146375933292373e-24,5.481862343694634e-23
215157_x_at,-0.28872767913637,9.974407821422597,4.992780113141215e-13,4.521357003557214e-12
215160_x_at,-0.5425672867905317,4.874177910145861,2.3219660058268e-14,2.460457153355342e-13
215171_s_at,0.14581212945744348,7.113791924862207,0.0026703114217067067,0.005430342874097181
215176_x_at,0.46179941958121395,8.151535743589923,0.009455585816462,0.017180748109185448
215179_x_at,-0.4238686940051057,5.826075590030647,4.0451192884835675e-12,3.238816363043682e-11
215193_x_at,0.8837340240397725,7.726392487941205,8.09935191248352e-15,9.123907154409669e-14
215210_s_at,0.26028923935753207,5.437638316776079,1.917077454766942e-6,6.84588359097275e-6
215214_at,0.8986890394090938,5.208962280672549,7.232791579412654e-8,3.18476856944686e-7
215222_x_at,-0.17238513447450493,4.902525810749439,0.006082224573772099,0.011496612101883762
215223_s_at,0.9474680374628223,5.928427561463074,6.389389953110811e-26,2.6326744064490815e-24
215230_x_at,-0.20871579600222248,8.498150393450262,3.8268309865192515e-4,9.175658092788885e-4
215235_at,0.21300146200380238,5.918448916080231,1.9846233291139861e-4,5.031062405300078e-4
215243_s_at,0.20877220257392437,4.295884588950243,0.0276921917893762,0.04518221910441475
215245_x_at,-0.28530409330019774,6.026356676017386,2.853331763624729e-4,7.006129540158543e-4
215333_x_at,0.3615033764853341,4.673227700876787,9.305292178644158e-8,4.022905371663231e-7
215373_x_at,-0.4295676392043553,4.862824250559738,1.9014295650620486e-12,1.5926516755676098e-11
215380_s_at,-0.3705607356159577,7.79293133276002,2.4069724579571837e-10,1.526888685200763e-9
215411_s_at,0.29804202942136265,4.96491689248859,1.36172323839929e-6,4.982288610987566e-6
215444_s_at,-0.3128005579241472,4.859026566544914,0.025398232855869663,0.041795893791848185
215446_s_at,0.5411421725111787,3.9954344575616076,7.628413634349767e-4,0.001726667975169851
215452_x_at,0.10381681543282152,5.717582839341851,0.002837023272945059,0.005744288475346894
215471_s_at,-0.14306249800717133,4.962525260950924,0.027276282848889388,0.04454433203660854
215482_s_at,0.12998599797290145,5.269910556551221,6.996481353249875e-4,0.0015964495151728627
215498_s_at,0.6504785340925892,4.363902575658017,8.177131564046382e-20,1.674982991312216e-18
215499_at,0.33339253297117993,5.422876280982364,4.635007385267412e-11,3.1850438818710573e-10
215504_x_at,-0.6910697623763822,4.725544373531316,2.3811373300591384e-24,8.446729873153494e-23
215529_x_at,-0.29990579579265575,5.101113594335577,1.320620174910749e-8,6.462090741857026e-8
215537_x_at,-0.6798833799278581,5.154931976995882,2.79732989563163e-19,5.341852971818477e-18
215548_s_at,0.15460774652204853,5.5408726667341845,0.004549081173354254,0.008839888737555618
215588_x_at,-0.40470223763389,5.1396583013531325,2.0447450131937757e-9,1.1268185867461377e-8
215596_s_at,-0.6667669876835196,5.324300144884965,5.1217653579456453e-23,1.5511158026261073e-21
215600_x_at,-0.44081807608724344,5.058946976159808,3.438731493559766e-12,2.7761213632634342e-11
215604_x_at,-0.4026290580148686,4.901802415436102,1.655348885014922e-11,1.2138092132214139e-10
215621_s_at,-0.41618541043853835,2.2556192897383394,0.0031775921971078625,0.006361716540388065
215667_x_at,-0.17755981701342258,4.951906116711408,3.011673843744012e-4,7.352794413862716e-4
215672_s_at,0.31968500541420614,3.8765834523051494,0.024908923061780035,0.04104742235976765
215693_x_at,-0.7863677272487426,5.905104441567211,1.7500976783414435e-32,1.2841641389090333e-30
215696_s_at,0.30060595283325625,5.847409911913096,5.444550378883281e-7,2.1003769610722574e-6
215702_s_at,-1.132437129217446,3.9677405036303925,8.96040903265143e-14,8.822873342536284e-13
215716_s_at,0.3861900708673896,4.8343661469787005,3.1597920226740077e-6,1.0899253843792745e-5
215719_x_at,0.7494552686599445,3.6527575867545057,5.048328777092648e-11,3.4491547314409145e-10
215726_s_at,0.29656280349796654,6.005376351198582,9.449134343708081e-6,3.02355365066143e-5
215772_x_at,-0.2222516902375576,6.691000493075438,0.002148842016278721,0.0044518554477652175
215779_s_at,-0.681691914767271,3.3379367155170354,4.666593766398004e-7,1.8232392056681917e-6
215780_s_at,1.1717615514827733,6.848395399519763,1.1402858280508114e-50,3.7017824472449523e-48
215785_s_at,-0.2870139256827904,5.07993465352792,2.963887733614106e-4,7.247689863092426e-4
215794_x_at,0.3132200850274295,4.456574300582718,6.319524555999247e-6,2.0703690082085606e-5
215812_s_at,0.34761382247680117,5.214303776653238,3.7892424119576843e-4,9.091635825151774e-4
215823_x_at,-0.3531410650082573,8.89222299708869,5.908745771506444e-13,5.2971040544057344e-12
215867_x_at,0.30504745174591485,6.36607701516702,0.030538167330069782,0.04928523449940307
215945_s_at,-0.300503738796335,4.6246697649939925,7.969428435018031e-5,2.1702208140403703e-4
215947_s_at,0.24190559307131682,6.063062034280663,2.4669060452916736e-8,1.1586130847527267e-7
215952_s_at,0.1089885721455423,8.753448556139311,0.001823849465430648,0.0038364224078457753
215978_x_at,-0.37743741549334925,6.6027133631506345,2.7487618172590022e-8,1.2814397453566445e-7
216032_s_at,-0.7212538639410632,7.487334841848953,4.3166299793775304e-32,2.9834875463917082e-30
216035_x_at,0.21146918486202065,5.687174303432188,3.7251578063948575e-4,8.943885159100876e-4
216037_x_at,0.13118848935624045,5.511384057201486,0.016934587608593732,0.029008672377816545
216088_s_at,-0.5554678660905684,5.833761871196815,3.44344275730017e-14,3.560772418818216e-13
216092_s_at,-0.2085079974281587,4.501450062645767,0.01291190999299622,0.02275461288945032
216187_x_at,-0.45312187498422285,5.9309402957429285,3.207886031916419e-11,2.2653976967647065e-10
216194_s_at,-0.12386496332488707,6.413310552228023,0.020207488547479495,0.03407568468584099
216199_s_at,0.22197316160069133,5.446305347251978,6.139270542838765e-7,2.351448170376535e-6
216210_x_at,-0.38742291209155966,6.55459670183832,1.0656464603233025e-12,9.243943748537279e-12
216212_s_at,-0.44883710941695654,5.394760742767687,2.715000810055102e-11,1.9377617373830986e-10
216221_s_at,-0.22223311928211079,6.394369756221156,7.828048117052782e-7,2.9508050484865043e-6
216236_s_at,0.5057488300987079,4.499973595109247,4.904085994580469e-5,1.384751535580932e-4
216237_s_at,0.6910934737258676,5.1721358225455925,7.04094291077732e-24,2.3209114277894594e-22
216238_s_at,-0.8830754617902641,1.555388117299879,3.89471735556177e-4,9.319657589933715e-4
216248_s_at,0.8392235772741232,4.2400750087299555,5.897055740690045e-10,3.5491661882029462e-9
216250_s_at,0.41065767167530487,4.204673056563119,5.432100111966914e-6,1.7955596574977336e-5
216251_s_at,0.316941921030156,4.931249851207466,7.148000920795478e-9,3.651718353098806e-8
216266_s_at,-0.574841106875816,5.169945269004283,8.091888536098774e-12,6.227615078105328e-11
216268_s_at,0.323476408023232,7.047201427717562,5.396140486611433e-5,1.5113425629560335e-4
216274_s_at,0.12859670282981692,6.679123821314056,0.007332632207453976,0.013604864710504753
216295_s_at,-0.11428093884369961,8.194666154310566,0.004079768967928703,0.008003399551990514
216304_x_at,0.1771923577315139,6.511314833445519,1.4639177151577254e-6,5.328899246511965e-6
216306_x_at,0.08986555912076544,7.901415919501965,0.024168692427545352,0.039944338472121775
216308_x_at,0.11069512580158278,5.622964673068088,0.03077856822447634,0.049620888094629806
216320_x_at,0.21105799251710763,4.040513112753787,0.011421794462776101,0.02038342230213566
216321_s_at,0.3747072891979011,3.9900252117908335,0.0024221716255573606,0.004965312786949101
216333_x_at,-0.34609116725682837,3.54204196766029,6.545777364249844e-4,0.0015012826568873599
216336_x_at,0.7818658699017803,6.374536626265721,2.0385638437892038e-11,1.478614384462677e-10
216338_s_at,0.22116496660560178,4.977762315421539,2.9264345118929067e-5,8.60106801808195e-5
216342_x_at,-0.1166492846176086,9.35036315215103,0.004512072786311121,0.00877482184863378
216351_x_at,-1.4202126117406617,1.383403354833999,1.9330951210418875e-10,1.2408177370714046e-9
216379_x_at,-0.45861609988575924,9.974579648285866,6.943506929072304e-9,3.562537822373161e-8
216380_x_at,-0.13634085867128826,6.160926196485,0.002631346352103513,0.005362300450843625
216381_x_at,0.40712978736223626,5.307187970321382,3.352300314851501e-6,1.1529115015410635e-5
216396_s_at,0.3758626298228851,5.425300251728796,3.8046537434258735e-12,3.060004170669774e-11
216417_x_at,-0.6767365617340355,4.125024611560347,5.707166334478602e-10,3.4496279904523364e-9
216438_s_at,-0.14170321649270914,10.180801719341874,1.3456529116245253e-6,4.925357041976092e-6
216449_x_at,0.23355464651253663,6.356366382965006,1.1133623953864255e-5,3.5215386305800934e-5
216450_x_at,0.46668868436796473,4.023396166313481,4.515599118088039e-8,2.0498141250880153e-7
216457_s_at,0.335649547018171,5.669742442198797,3.830772666719076e-12,3.078699743327941e-11
216483_s_at,0.4372084628373182,6.132605670826051,1.6901092871826108e-16,2.387625313115082e-15
216484_x_at,-0.15257991377439156,6.214162633492565,5.97273324450917e-4,0.0013807917835223726
216505_x_at,-0.12242350178246918,6.116691729537279,0.004620338362600744,0.008968596644055402
216508_x_at,-0.28980344628923543,6.444205051900447,2.0886455166236366e-9,1.1480584617541828e-8
216511_s_at,0.1783453857549969,5.4318220230161005,0.005042360206370899,0.009699911095502143
216520_s_at,-0.16732620664360826,10.655801960970324,6.095304845044828e-12,4.757364960275443e-11
216559_x_at,0.15388022142006255,5.847994891908636,2.8980233605056977e-5,8.524581071141554e-5
216560_x_at,0.4180911821883732,5.724187692557556,0.014564862615550667,0.025301341527548937
216591_s_at,-0.2202154438295246,5.637646842647514,0.0013143715727807273,0.0028331715612072298
216594_x_at,-0.3306038761800702,4.498025226208341,0.00451313995948587,0.00877482184863378
216598_s_at,0.5137246402077024,5.271585328816433,1.8525502028091613e-4,4.7264516129303513e-4
216604_s_at,-1.3519253630693302,3.781541477572984,1.9935000522411256e-34,1.7222875854563852e-32
216620_s_at,0.23651682047995468,4.348178233022758,0.00217015582547003,0.004493405364951766
216623_x_at,-0.3044398755899642,6.460482912141664,0.0031863323405911218,0.0063768313776859115
216640_s_at,0.22172236330439654,7.6556795960435045,4.896908065254642e-6,1.6347951418844805e-5
216693_x_at,-0.5712065058026768,3.6277128451201532,7.268147121651658e-5,1.9930205421011038e-4
216733_s_at,-0.749593788024886,3.947437410952021,2.078541578359285e-5,6.261927989022221e-5
216804_s_at,0.29319429257398316,5.0393979559448745,3.6860905042244276e-5,1.0652572854533665e-4
216834_at,0.4341681815915078,6.210419413522725,1.758756839127202e-4,4.5097084771588596e-4
216841_s_at,0.8629651907508586,4.434759296755298,5.125501672077308e-23,1.5511158026261073e-21
216862_s_at,-0.5258739100288556,5.0115196133553805,1.58199464886832e-17,2.503383851303739e-16
216922_x_at,-1.5667749262886859,1.586898913730193,3.834438867914198e-11,2.6708936015581797e-10
216942_s_at,-0.27088142882110333,4.571736934412381,2.958698502877288e-4,7.239288720024922e-4
216952_s_at,0.25238518236334323,4.749708747566483,1.0820525033071027e-4,2.8742941899154455e-4
216992_s_at,-1.714867543717711,3.618996375715607,4.576837318576641e-25,1.7511306497825554e-23
217014_s_at,-0.598473076774557,3.9595168908653395,1.300278488312952e-5,4.058823847697161e-5
217028_at,1.007499639851586,6.2389187004587745,1.9084992241874316e-16,2.6691582491801508e-15
217073_x_at,-0.7978546471239324,2.1381121207821536,5.2040134667761195e-8,2.3444321391746242e-7
217092_x_at,-0.13604145517189153,7.34050095869592,4.6333965796826064e-5,1.314206448454852e-4
217099_s_at,0.46930403920780506,4.429388885202932,1.0063351177759885e-15,1.268337425498137e-14
217109_at,0.5696877677249114,5.177904665072942,0.004289155079697381,0.00837886914091868
217110_s_at,0.7593013308968481,4.1993835652297955,6.24974286298674e-5,1.731406653508584e-4
217118_s_at,0.3686752062182972,5.206653863315044,4.055669052384884e-11,2.814014414391144e-10
217122_s_at,-0.17886634990697986,5.9329150094432626,0.0023453177932800592,0.00482809176007096
217127_at,0.6994327074787408,3.713371070525873,1.198368764004889e-9,6.836062070705205e-9
217140_s_at,-0.16711167196840565,7.061778048706457,0.0016301189219399515,0.0034581116852955844
217143_s_at,0.8006663939040869,2.310790027121875,1.3949895285027794e-9,7.902973463167783e-9
217144_at,0.2265316415547538,5.021344393502893,2.1285979765865895e-6,7.548384681619375e-6
217165_x_at,0.5949224716056117,6.0675253609290225,2.29541634337119e-6,8.081102624559828e-6
217168_s_at,0.383053322768088,7.504853515912719,9.591278360881854e-13,8.367375006525025e-12
217227_x_at,0.4820108243016882,4.973493937878021,0.0011960639689175218,0.002602240718727338
217234_s_at,0.3304482965812595,5.810610288903851,5.347868209032932e-4,0.0012490017903503338
217249_x_at,0.09228884836239339,6.545237655531571,0.030375458059080963,0.04903741443443857
217256_x_at,-0.37729685332439716,7.698640845566178,7.343269341588864e-17,1.0850819925026414e-15
217286_s_at,-0.34083749237199046,6.236009894491943,2.7094603655216926e-9,1.4652422461299288e-8
217294_s_at,0.3653812698826549,7.950988633364083,2.2691811064129596e-6,7.996624076645407e-6
217301_x_at,0.4414259686988734,5.924819656194176,6.4089857105986245e-12,4.9753234722929756e-11
217320_at,1.473946984404356,1.8567689719565699,1.3405504525170324e-20,2.998187264679534e-19
217362_x_at,0.5182905444116387,4.243217280283949,2.378242841841801e-10,1.512952230680001e-9
217370_x_at,-0.22762399781617168,5.157965219956522,1.9283427642507446e-5,5.8422896022110374e-5
217379_at,-0.1396074726830154,7.48405624474734,0.002757391224658385,0.005595743926835627
217388_s_at,1.1950596416709622,3.435592922501997,1.059437284570163e-17,1.709299944216891e-16
217398_x_at,0.11904283629022806,10.402345450380524,5.032757224117313e-5,1.4180938490786107e-4
217428_s_at,0.5545834534028041,4.3711454885120435,0.014091353651121437,0.024594439828032576
217437_s_at,0.3650427924726138,4.556008183750604,5.107463402400028e-5,1.436876455617424e-4
217456_x_at,0.1689181444159158,7.32554330668068,8.296555041398777e-4,0.001862552266523577
217478_s_at,1.3291523317702627,5.613494367815181,1.4250118571226784e-32,1.0601494462052259e-30
217492_s_at,0.14789375696660126,5.523188747933376,0.00857639229549162,0.015708478485484994
217523_at,-0.6305349874729198,4.129990131618987,9.166956954751529e-8,3.969507269856634e-7
217526_at,-0.426628803228709,5.187069292283802,7.052899778576856e-8,3.1093710011478955e-7
217527_s_at,-0.3716220179805416,5.269930944651101,1.5382887131508603e-9,8.64621562643503e-9
217546_at,0.5724318170839134,3.954795928780603,0.010738135407514575,0.019266060060409252
217564_s_at,-1.1373447481254466,2.9397546431174675,3.69349252575739e-4,8.873824944704849e-4
217591_at,-0.8225518373718413,4.791437358476052,2.483994818233004e-18,4.2871783592139467e-17
217628_at,0.409529982360992,3.165680377943175,7.893892634992965e-4,0.001779239886359765
217673_x_at,-0.30229975227149847,6.899987616116977,1.2313634969967072e-9,7.0056277978362846e-9
217678_at,1.5955149563418083,4.23436518610548,2.8862486328434303e-40,4.143788935950921e-38
217679_x_at,-0.5352458286220645,5.706159846268319,3.7780945596301525e-13,3.492211131778932e-12
217716_s_at,0.2073636171448645,6.473076705357782,5.566235766862172e-7,2.1450030133235416e-6
217717_s_at,-0.29915977532724186,7.138396513159811,6.263893917976551e-7,2.394899912322726e-6
217718_s_at,-0.3961985391146752,9.010750813867821,1.7539841342301373e-22,4.971013764552239e-21
217720_at,-0.09497298003545275,9.152970456657755,0.023460469967225686,0.03888782527601559
217727_x_at,-0.24960952614127443,7.451759296902762,9.823852420491644e-8,4.2385393065133704e-7
217733_s_at,0.26508967173880427,10.38611313552103,4.591890145373095e-18,7.71048889143918e-17
217736_s_at,-0.44311318743332906,7.184805475983094,2.4702394251351915e-16,3.4102673919424364e-15
217737_x_at,-0.5411113640690343,5.426932519855943,4.162941607016901e-22,1.1177341713276207e-20
217738_at,-0.2489340780606416,5.829894480746481,0.008862639356949071,0.01618296496181957
217740_x_at,-0.06176088222318047,10.407513072498242,0.020247184233414102,0.03413187800040366
217742_s_at,0.17793125238808744,6.345107160924596,5.298827873367122e-6,1.7569279791823574e-5
217743_s_at,0.35639714442005827,5.7018273329289055,2.0299322157985964e-8,9.673782841570446e-8
217744_s_at,-0.2947116911497964,7.617933319121023,2.338864164654303e-5,6.996998546758322e-5
217749_at,0.8267840142219586,5.278986421396149,3.283839427243051e-35,3.227501998537138e-33
217750_s_at,0.11293996785813769,6.23739864900114,0.00154394154791883,0.0032870122819663003
217752_s_at,0.5393474541988568,6.472377842672873,2.8652877206760353e-22,7.907695729211635e-21
217755_at,0.16174133694328938,6.904101866212666,0.015829471430309005,0.027259464303632915
217756_x_at,0.12644285976488884,8.410674565152727,0.002834440851354288,0.005740144582336198
217758_s_at,-0.1739747526255187,7.585410691476695,4.92359138453904e-4,0.0011562129439405247
217759_at,-0.42953114043332263,6.1201069183951065,6.437406736618315e-14,6.415250080873675e-13
217762_s_at,0.4847084378570549,6.176062436194716,2.3251326404767636e-4,5.795520236721166e-4
217763_s_at,0.3367721405476841,6.0961568750957476,0.012043269788650607,0.02135378173548725
217764_s_at,0.37089572676744414,5.820310840591143,0.0035214007204290103,0.006991246463668641
217768_at,0.09956133683478709,7.895957763579266,0.012310868987863563,0.021779012116837446
217769_s_at,-0.20345703059848233,8.629339505069362,4.23926982034771e-6,1.4299526947539363e-5
217770_at,-0.4986446668219437,6.156794455251026,7.31937653094152e-16,9.447286840479098e-15
217772_s_at,-0.10959821283728505,7.3389282732444485,0.014975496964013015,0.02593896507283289
217773_s_at,-0.27692993968091006,8.374386071895788,2.5632454544825872e-11,1.8331140556656846e-10
217775_s_at,0.5034832713288679,4.777294905270898,6.097763278626077e-16,7.956801218504405e-15
217776_at,0.2657757475797689,6.426021690970236,1.5343963523640108e-5,4.718136659838015e-5
217777_s_at,0.33776987998512825,5.461340803057942,1.8986200555981786e-5,5.7571233103943633e-5
217780_at,-0.13260681221414275,6.180720244315949,9.981560101414695e-4,0.00220524754313169
217783_s_at,-0.34370765290583677,6.15280745183735,2.6239330950571064e-7,1.0607620848055389e-6
217786_at,0.523841978077169,5.62479740790793,1.4885621477347297e-17,2.3625135242492085e-16
217788_s_at,-0.1595870698081598,5.450829789054906,0.003076872868623438,0.006183181212073324
217789_at,0.17513243228897285,5.634909692846642,3.0994642547399584e-4,7.548206538083468e-4
217790_s_at,1.0870080698812548,4.3563363148153345,8.177571840406398e-36,8.423685300603244e-34
217792_at,-0.3262672524846847,6.1926862249394015,5.713855998328142e-7,2.1987262683221764e-6
217794_at,-0.11375553472056585,7.640002728713996,0.03034268879752004,0.04899928023633286
217797_at,-0.313532970726201,7.418113853348186,4.292648261692365e-12,3.4216622639516603e-11
217801_at,-0.46734203736977575,9.120181320307028,1.3105156163258595e-27,6.239801687866193e-26
217802_s_at,-0.6465557147923979,7.446176458303151,2.803820478811883e-26,1.1967063262753665e-24
217806_s_at,-0.16552138656743337,5.362706249168064,7.794783845457314e-4,0.001759590204742272
217807_s_at,-0.22662758661845978,9.159311724731628,5.017121718739933e-7,1.9481125397919863e-6
217809_at,-0.1392574125522951,8.01784131410767,0.008451696120226122,0.015495981608075037
217810_x_at,-0.4505534361773164,5.885042618917114,2.0047241137088978e-15,2.4220823472185885e-14
217811_at,0.13907619509530303,6.46252524666307,0.020089392810012003,0.033897883946079475
217812_at,0.31770848500991167,6.218424958558904,2.7251413719811397e-17,4.206691573203739e-16
217814_at,-0.22750484522143766,5.84231766738276,3.6262895144380074e-5,1.049957826166875e-4
217815_at,0.27191825717782164,5.947487564607043,2.3974633901483438e-8,1.1299615177588741e-7
217817_at,0.22432311980549274,6.251766325645732,1.5698245534919004e-5,4.817396288043176e-5
217818_s_at,0.23133019070788638,4.907900477658503,2.0468223837501052e-4,5.172825712931086e-4
217821_s_at,0.12354546436144619,5.009758757358303,0.022834919245379278,0.037956631478005924
217822_at,0.20445562183272567,6.045721202758948,1.3341468699040623e-6,4.891415269432656e-6
217823_s_at,0.12288505147839758,5.5209172300017855,0.016655481846446104,0.028585417657958523
217825_s_at,0.16762875168257496,4.66890301545029,0.0031541406509329895,0.006324220249568616
217826_s_at,0.18035215022448875,5.288464842363457,0.003169356582456015,0.006348787783816621
217828_at,0.11535494373366328,5.423528224749982,0.021622601616933253,0.036165953336800304
217833_at,-0.26912145305157076,5.706824929447207,6.623070311823584e-5,1.8296274432843233e-4
217834_s_at,0.20797503628041608,5.749555594971197,1.5821612166423986e-4,4.090176909722494e-4
217835_x_at,-0.552266145494433,8.707258703175059,1.3142989642638658e-22,3.795171106242263e-21
217837_s_at,-0.3495792375176766,6.476431956748067,1.3954012837948492e-16,1.9852501930005607e-15
217839_at,0.11015083320259364,7.43461066434315,6.017050002887451e-4,0.0013892382905373547
217843_s_at,-0.31025693440210417,4.806347422608817,7.678439417151075e-8,3.3671355495677224e-7
217848_s_at,-0.2723264647017048,9.315004824780576,1.0702196278378832e-8,5.31783992255438e-8
217850_at,-0.1603807915563266,6.700525555654364,0.006986897845099706,0.013037909182120389
217851_s_at,-0.5241751487970179,5.556847441171224,4.647186238407202e-11,3.191365780260023e-10
217852_s_at,-0.10072977789065647,6.900629431628871,0.013934286306758938,0.02433616061367925
217853_at,-0.2579203886271548,6.630611218957784,1.8584757215682574e-4,4.7404405726573194e-4
217854_s_at,0.28377236567277103,6.409009819072427,1.6960100326075206e-8,8.184394360056022e-8
217855_x_at,0.18229262471988442,6.121857417979877,9.680617903834694e-6,3.092082874292817e-5
217858_s_at,-0.17910679228974333,5.528267268654791,0.029068018013844007,0.04717553052299816
217861_s_at,0.2690305369012619,5.159251565734627,2.082098349946524e-9,1.1450472085717203e-8
217865_at,-0.19465492833787362,5.565671077637276,8.875093979284601e-4,0.0019803974546985198
217866_at,0.16960101299478467,5.189352239405397,2.134142737911097e-4,5.373224712395201e-4
217867_x_at,0.22631831078693423,6.191922840491402,0.018872407674098913,0.03200566530549828
217868_s_at,-0.17435241131457385,7.336621422614634,2.6122320837500093e-5,7.749887098646871e-5
217870_s_at,-0.14474689254609127,7.267654774769884,0.022315632419607843,0.037208929200195924
217871_s_at,0.24713812557037962,9.13988176248289,1.4947461605230388e-5,4.602821390538464e-5
217872_at,0.26336004012290976,5.858330651382568,2.451313483826343e-10,1.550231484783448e-9
217875_s_at,-0.9272384251541861,4.186594546724755,1.54163272691044e-16,2.1845914554750718e-15
217882_at,-0.16205140004545537,6.065245867692584,3.3364567674933895e-4,8.086755961573909e-4
217885_at,-0.3466735442792056,5.447134354591539,1.9878212282073768e-10,1.2751813663344689e-9
217888_s_at,-0.20347362683974063,4.585729644519443,0.0018533339090985649,0.0038938549064861596
217890_s_at,-0.17462361607368318,5.161005976776366,0.005335129825464368,0.010200829166553592
217894_at,0.2121572622203292,4.656619298408346,0.005414337531068264,0.010343045287149485
217897_at,-0.5589502029984807,4.385621587623127,8.198653978023875e-5,2.2264177456671677e-4
217898_at,0.23136374199337917,5.998928052783124,3.292458940870766e-8,1.519694641686709e-7
217899_at,0.24089108488602387,5.371409575263261,2.090324791191968e-6,7.429877069687974e-6
217901_at,0.15167603504205043,8.12974790875286,0.01497115170659128,0.025935631991059572
217907_at,0.10069026153014715,6.750699607877121,0.01765254806695403,0.03011333557982142
217911_s_at,0.5771325845707925,5.834459399051978,1.3071215791828491e-15,1.6263871635059073e-14
217912_at,-0.13357499270495346,6.253168709019518,0.014790508336855503,0.02566419109373712
217917_s_at,-0.6435757680079262,7.8561348526891415,1.382666823748516e-26,6.095682997044383e-25
217918_at,-0.6328449552100663,7.7710542338975115,1.1519974584557297e-28,5.990946006037006e-27
217923_at,0.2444150444991153,5.376030703730423,5.441251955670817e-8,2.4369620485410306e-7
217932_at,0.18639734970010302,5.619623894825894,2.458799164829244e-4,6.105960930184444e-4
217933_s_at,0.7200306101472423,6.813931075232488,7.444179759720959e-29,3.9285466879749086e-27
217934_x_at,0.13232745126425036,6.237712143082461,0.0036853012508105687,0.0072909754939858955
217935_s_at,-0.48309138831659887,5.357008288565112,4.1676931967366063e-14,4.25223783015612e-13
217938_s_at,0.10964638954576525,7.2172403265851015,8.323478518568036e-4,0.0018682050150726874
217939_s_at,-0.24749515476937722,6.338943528690228,5.0417988613358876e-9,2.6386317147773015e-8
217940_s_at,-0.25152816544747747,5.793122024341309,1.7250894662685115e-5,5.265208960722097e-5
217941_s_at,-0.22254164437477947,5.9660379796448675,0.002345891919438679,0.004828345846867736
217943_s_at,0.33987598384990836,4.4073843525314995,1.0842901405268991e-6,4.020768527332873e-6
217945_at,0.12508468635817532,6.209841503908076,0.013023465954254194,0.022936115529824955
217947_at,-0.18958874339087461,7.820602027725335,1.2564424504157157e-4,3.308003925117612e-4
217948_at,-0.3135752890280959,4.060925478267527,0.002598517261039487,0.005302460079526862
217958_at,0.41130146822257985,6.0320499253928945,8.494174978344308e-18,1.3808512373748493e-16
217959_s_at,0.4019750921658675,5.940290545222647,9.267937237776438e-13,8.105094826799917e-12
217960_s_at,0.49650351884615324,5.26025808915795,4.712217967901942e-13,4.2999992410675894e-12
217962_at,0.2670838632614237,7.834286443380392,1.157678034799261e-9,6.621572230007732e-9
217964_at,0.41370609565463157,6.3537131618269145,4.764239280476081e-13,4.343769822275767e-12
217967_s_at,0.38288283758118136,4.132110175654097,0.010026986316415609,0.01810841274574518
217969_at,-0.18870035294911608,6.538383722514194,8.724939162011509e-4,0.001949796356522054
217978_s_at,-0.16644497256083962,6.526686060660892,2.0883340860857345e-5,6.28436041130238e-5
217979_at,0.4023226306277077,8.03559597660293,2.228979365788028e-7,9.11156461664302e-7
217980_s_at,0.311804752636973,6.4549203365186365,1.4791093745984444e-9,8.335454355640788e-9
217983_s_at,-0.17397660867409262,7.989696983580917,0.011459759698645197,0.02044436397195437
217984_at,-0.15864084217629298,7.670060341321407,0.018865236972249327,0.031998619962588196
217988_at,-0.14126830594883247,6.366805813473271,0.02703158744836474,0.044191881021567445
217992_s_at,0.16155747036366325,5.678946808421357,0.006221942519018355,0.011724832050350683
217993_s_at,0.16777561339846012,7.209306673221013,8.167779392459094e-5,2.2197214772048268e-4
217995_at,0.41752385882703624,7.822579163997788,2.1671549772505077e-7,8.888488235560755e-7
217996_at,0.35037319404322154,6.136376498432252,0.004083766359400858,0.008008582171827379
217997_at,0.610271007978323,5.212566154206543,3.7239581946139824e-6,1.2713436628075077e-5
218001_at,0.31818366863596736,5.085167091895902,2.5762726069367575e-7,1.0434634570175231e-6
218002_s_at,-1.64248617254231,7.267247944839908,3.629525446881791e-18,6.171921605149941e-17
218005_at,-0.22007456027595254,5.403286020751516,4.117400288018841e-4,9.804336360423615e-4
218007_s_at,0.22787740493831313,8.214759848288265,3.962630953584058e-5,1.1371997162000003e-4
218009_s_at,0.5427170017355295,5.762628213399874,2.6466267119945415e-12,2.1760024532308155e-11
218010_x_at,-0.3874710915822747,5.1180212731030466,9.259461395807062e-8,4.007943835688123e-7
218011_at,-0.24530747656535715,7.007681374182422,5.9968279977462e-9,3.103575765210388e-8
218016_s_at,-0.1470731386413366,5.391825819212654,0.006035500654214447,0.011425749868987341
218017_s_at,-0.1548666022192997,5.092513950050657,0.021915589087050876,0.036606025596489386
218018_at,0.5110576154972893,4.667057624673346,6.10061427901039e-19,1.1268255305351433e-17
218021_at,0.3953980371467456,5.549914958097905,1.735077691121366e-10,1.123814226419782e-9
218025_s_at,0.39881914248015177,4.96654013659948,7.268488059356867e-5,1.9930205421011038e-4
218027_at,-0.2521984565362886,6.886924992536314,8.531269006096399e-5,2.309716574736182e-4
218031_s_at,-0.19475021678354507,4.319616762069886,0.014351010152890047,0.024986571065807095
218034_at,-0.21005589924353615,6.4062900174082635,1.8919881581986778e-4,4.814458227739296e-4
218035_s_at,0.262987606209684,7.475633318222586,3.941857180695875e-4,9.42193573779449e-4
218039_at,0.37898211883094535,5.682369180140546,3.4315417168341185e-7,1.36408558116675e-6
218042_at,0.2109113664069426,5.608325064031571,9.649828646749217e-6,3.083167739117935e-5
218046_s_at,0.22142965993530195,5.504442726169444,4.78320570933166e-5,1.35204440010739e-4
218049_s_at,-0.37790281963035416,6.552139409979493,3.255081010048423e-7,1.2977924399199386e-6
218050_at,-0.23924029987605447,6.421128713402785,1.9622860664845272e-4,4.97797078622987e-4
218051_s_at,0.6132454292654742,4.345263538299658,1.003485212882619e-11,7.62976372293222e-11
218052_s_at,0.2028636170907894,5.221888260698475,1.9804139667976758e-5,5.988194983433107e-5
218053_at,-0.3423028531451761,7.178374898583742,2.1595025105670287e-11,1.5589454444544863e-10
218056_at,-0.32031150198827996,5.540882680870773,1.0329412916612425e-12,8.989358292093332e-12
218059_at,-0.23141457505820465,7.443600939186397,1.572576938724314e-6,5.688942502486952e-6
218065_s_at,-0.14905749850098604,6.02354895730792,0.003202781524093212,0.0064073573235500616
218067_s_at,-0.17391541384618678,6.45353907006322,0.020453299749029454,0.03444140210804032
218069_at,-0.21863276470154341,6.942189627942828,7.661104236401486e-5,2.0899158198539253e-4
218073_s_at,0.5046231898582852,4.252195620778728,5.945281692745341e-9,3.0798744088191894e-8
218074_at,0.13053590721913488,6.940307736008942,0.008790455735080223,0.016067591245506642
218076_s_at,0.23875579349337198,5.5989500450119,3.7154017694647425e-7,1.4714639244464247e-6
218087_s_at,-1.0127334363303913,4.753923202656684,2.1587207917173396e-8,1.0228383830901309e-7
218088_s_at,-0.23133884158548293,5.841011656973068,3.380868435920275e-5,9.836839639873413e-5
218089_at,-0.4993632179672107,5.222683825101247,4.166287380600236e-20,8.838304298687194e-19
218092_s_at,0.12510638287162915,4.92482845556996,0.008727124986554757,0.015970907068835177
218094_s_at,-0.4962841028515689,6.736737188574002,3.4402846320942316e-13,3.193740837402557e-12
218096_at,0.3544744735341565,5.54412344776539,1.4578997576464578e-6,5.310601871358892e-6
218098_at,-0.648899776303509,6.512998046825924,3.505411090303495e-20,7.480770719207438e-19
218100_s_at,-0.31207659262821064,5.392293941363228,6.445302766570864e-7,2.46162312079407e-6
218101_s_at,-0.4788602034919871,7.654032865714145,7.578466589351007e-34,6.29365213734243e-32
218102_at,-0.2079804236923229,5.589847064891324,7.551012887800067e-5,2.0620443810094854e-4
218105_s_at,0.1595155864222194,5.7531477694516795,0.00621066141355058,0.01170563260439257
218107_at,0.13158232696772107,5.972891469030237,0.0027884562432171733,0.005653431440875393
218109_s_at,0.31794137600797795,6.548896913870386,1.7871368951676628e-8,8.585469756919808e-8
218111_s_at,-0.2555391668246883,4.985926258433624,5.959984508917037e-4,0.0013784394223667574
218112_at,0.12595533138678683,5.4828922909570235,0.014516103808142089,0.02523710160607371
218113_at,0.15533033476343006,5.001675843252713,0.023993940386624706,0.039680006693718815
218115_at,0.4006016999283911,4.644664005575015,1.154967262358594e-8,5.7177284111125774e-8
218117_at,0.10171217005106364,6.502071040348124,0.0177246241520839,0.03022666325076008
218118_s_at,0.11027088478782875,5.791203270769354,0.013784035361467504,0.024116996705438733
218127_at,-0.21336563468923436,4.750746810584816,0.0011818468612897878,0.002574665019081386
218134_s_at,0.23067699257957508,5.507440034464146,4.905897878983304e-9,2.571276124146191e-8
218135_at,-0.1506417278845259,5.263152829483036,0.008115835446361313,0.014910812062573957
218137_s_at,-0.6821148514343824,6.327283902714033,1.7180365675272686e-23,5.461520993447961e-22
218140_x_at,0.21857628892784098,6.4996270787274755,6.454888217016854e-6,2.1121324822511167e-5
218142_s_at,-0.5629199379074927,5.117737728728556,1.1130295669754155e-22,3.222671824596656e-21
218143_s_at,0.2707380123421871,5.287778740038626,8.09261959214674e-7,3.0419731119532642e-6
218151_x_at,-0.22476562469801153,5.563946090773977,9.192398701711324e-4,0.0020448124437589996
218153_at,-0.2910024251903245,5.313735525741278,4.77766395643372e-7,1.8625587323607875e-6
218154_at,0.25588589583044247,4.868989079272136,2.481751231150666e-6,8.702782631527687e-6
218156_s_at,0.5756927294550689,4.622713242948805,1.2497045823881288e-18,2.212906643160996e-17
218157_x_at,0.5090540336586661,5.411045558666791,2.3112408616833595e-27,1.0812368275639227e-25
218162_at,-0.331703140721239,4.665503209725684,0.014503684305043545,0.02521960233077934
218163_at,-0.36196346204721647,6.611958945005836,2.307638674251405e-9,1.2645387783762302e-8
218165_at,-0.12559369732000286,5.461161932305997,0.01534592173176378,0.026516267663287962
218167_at,-0.22645441922249493,5.867857091967261,6.308973137330116e-5,1.745558605894048e-4
218170_at,0.3275283782969797,5.619225425275649,3.0853972157753605e-9,1.6568351063960622e-8
218171_at,0.4106351895470489,5.826112993719917,3.7574155460071194e-11,2.6240673236228337e-10
218175_at,-0.5115171215440176,5.131772034835404,1.5058286158104815e-12,1.2823483275975904e-11
218182_s_at,-0.4459741417241909,3.7842090139433173,5.628905320266933e-4,0.001308079451106717
218185_s_at,-0.2602568858255311,5.42226473290077,8.049561789765856e-5,2.189816034884754e-4
218187_s_at,-0.7852660652319667,5.660634682467479,3.825971310445574e-15,4.4600250978023326e-14
218189_s_at,0.2367625136361091,6.832237392916686,4.5533911687547726e-4,0.0010763565664357873
218190_s_at,0.20926062473648915,8.22469935039287,3.1025411863033336e-6,1.0718324324046312e-5
218191_s_at,-0.20124220696273867,6.592301578369253,7.028712183105445e-4,0.0016031210052716337
218193_s_at,0.49134246185643543,4.859005728179124,2.350914289019517e-16,3.2497219068730433e-15
218194_at,0.23025968806099645,7.3506431572152096,6.0295799321153244e-5,1.6751786777165838e-4
218195_at,0.21398075986794463,4.720406694114551,9.615510028077594e-4,0.0021322906009272466
218197_s_at,-0.6869833515643037,4.169618132428801,1.799726392650778e-14,1.939684994413258e-13
218198_at,-0.30105852008496925,5.957945051644868,7.551757982859339e-11,5.06904657082532e-10
218200_s_at,-0.19876476201390275,7.825330037021087,6.728265389893042e-6,2.196218986042784e-5
218201_at,-0.12633315919677202,6.547441237931845,0.00840066847809871,0.015405060151638391
218203_at,-0.25804445358405836,6.863440345123043,6.548116780141709e-6,2.1406766879968912e-5
218206_x_at,-0.427726148707165,6.302199403331228,1.823244020819218e-9,1.0104714534421254e-8
218209_s_at,0.2946534438910398,4.247950947408293,7.755013235596581e-4,0.0017516225341122954
218210_at,0.17140039509977073,5.32779577357004,4.994039590419565e-4,0.0011714724355630566
218211_s_at,0.7935246491489816,6.134032320473079,5.532241538874045e-10,3.3503054610490476e-9
218214_at,0.2105392041292129,5.099288539601898,3.248517522926402e-5,9.482661641174535e-5
218217_at,0.43296990737359226,4.408135957118349,2.4710281819888097e-8,1.1598571513517283e-7
218220_at,0.33913265337779963,4.801634531377762,9.831020541429733e-10,5.702204821891539e-9
218223_s_at,0.34342303853230743,3.881940912177228,8.829749061469469e-4,0.001971608073541398
218224_at,0.5866836027174254,4.494144485858632,1.5037765810662497e-8,7.302791710318555e-8
218226_s_at,-0.07093293025521064,8.343875049716345,0.01871292061904604,0.0317607352775635
218228_s_at,-0.13471765778106723,5.331198252902763,0.012271145970867233,0.02172187488200606
218229_s_at,-0.24461042813390046,5.639676861810565,1.4276007515026994e-6,5.209089526855728e-6
218230_at,-0.15069122294437837,5.4921517493623755,0.007028438218715772,0.013106293931610455
218231_at,0.22167019643222205,5.671250083675068,3.824840783677597e-5,1.1014924547187661e-4
218232_at,0.8122444293321243,5.2536160698791186,9.230632222021961e-12,7.033269060776763e-11
218233_s_at,-0.26799536466030643,8.253573734344108,8.266100480410704e-10,4.868319650722368e-9
218235_s_at,0.3579557635570004,5.520896375447685,4.703431912812526e-13,4.295640757200391e-12
218237_s_at,-0.9664297507960393,6.868311083291059,3.996274249756003e-32,2.7800055868594847e-30
218241_at,0.14558677495375097,5.411004856185359,0.0058346222083219485,0.011074824188120665
218242_s_at,-0.7340546510324801,5.52721881133141,5.132536197616672e-26,2.1394887270454243e-24
218244_at,-0.24906467380878447,5.260110028707917,2.4499613265433736e-5,7.298786343509222e-5
218248_at,0.1339511508184285,5.3714331641697,0.015058622606733213,0.02605766822580083
218252_at,-0.30198369937467046,5.033697908845484,8.296429627636532e-4,0.001862552266523577
218253_s_at,-0.16085880768660943,5.807202720357939,0.001928060224156212,0.004039639693579552
218254_s_at,0.3312279557999278,5.062374170528625,8.941625168704482e-8,3.8829197581001666e-7
218256_s_at,0.1241505138384499,5.763495059858506,0.010630480378015315,0.01908889310923199
218258_at,-0.3521504208694481,7.418589738856116,1.055130386776219e-5,3.35418748769544e-5
218263_s_at,-0.30620581507574796,5.4908444702297805,1.7480565320334305e-8,8.409038898820899e-8
218270_at,-0.2862251691411062,5.660014257319921,5.21520345855794e-8,2.3474989349382862e-7
218276_s_at,0.47683151421053704,4.204798861464622,5.965752214420986e-12,4.661641391181038e-11
218277_s_at,-0.2206797939205984,5.106470701241653,1.9955155120764473e-4,5.056281381474688e-4
218281_at,-0.16159321687100545,5.884431496396169,0.001839811845225898,0.003866203275383493
218283_at,-0.1649036922084662,5.713469152418635,1.497275978033234e-4,3.886677381310888e-4
218285_s_at,-0.36161891898984055,5.439802908850059,4.912211802219888e-6,1.638882747965794e-5
218286_s_at,0.1423771619416887,5.427016603132601,0.001104210193760398,0.002419100982772013
218291_at,-0.12333666879171984,5.661662884383569,0.014672959997438584,0.025472600948397272
218298_s_at,0.26281415190182533,4.780613947555599,5.266023960957235e-5,1.477990953464366e-4
218302_at,-0.1617066183738831,4.751592430639327,0.013436885239160682,0.023578927365622993
218303_x_at,-0.4738679298875795,6.341149189506149,1.0650315486394372e-7,4.587729385031882e-7
218308_at,0.5166487241897408,4.563022967677756,2.1992109769680167e-14,2.337316190104996e-13
218309_at,-0.4303102738456137,7.193433872864762,5.591719719607274e-6,1.8432028724970067e-5
218310_at,-0.17861774341862238,5.037649997233693,2.008097506135063e-4,5.085756166247028e-4
218312_s_at,-0.47535617993464263,3.9693770779068602,2.9915693057122654e-4,7.310374537430543e-4
218315_s_at,-0.3367364441286805,5.015954694436333,7.632222495637105e-9,3.87690846826744e-8
218317_x_at,0.18831104592973952,5.312163994790522,0.0010373581477380288,0.00228385076792386
218320_s_at,-0.24135036506435945,7.357176679620654,8.771704850723716e-6,2.8185745070726804e-5
218321_x_at,-0.21359243538707715,5.1687385499654654,7.50035667206277e-4,0.0017001972286882874
218322_s_at,-0.7790685052819785,6.797206929195513,2.052856395013243e-18,3.5759757007767264e-17
218323_at,-0.1712606172509341,4.7030767940608484,0.007981279195420785,0.014686266578588606
218325_s_at,-0.9017494002879733,4.641483133323281,5.257313339248208e-24,1.7600499313551892e-22
218326_s_at,0.26736851750119356,4.904511790158296,0.002942102274493046,0.005938405583573392
218329_at,-0.12529957422850613,5.259238440710632,0.002367123614392452,0.00486736768004191
218330_s_at,-0.35416855377790735,4.4367321273676525,2.5749513719473282e-5,7.645635822525423e-5
218331_s_at,0.17763894658696372,5.158638386439161,0.005312364149083271,0.010159114089455388
218333_at,0.4498552956208029,5.471688440593086,2.3815607640572003e-19,4.588787853479278e-18
218334_at,-0.26977445171955333,6.1849826296225965,4.427767124396619e-10,2.707458287880193e-9
218336_at,-0.1218988567634716,6.333916342082419,0.015004820176584537,0.025977155551349412
218339_at,0.1839967869236566,5.5646719149219415,1.6737581662188246e-4,4.3072234529671556e-4
218340_s_at,0.6999116162963859,4.080353113725803,1.2608866236918407e-12,1.0797664588018135e-11
218342_s_at,-0.30900060808965063,5.266739954484293,3.9873466293767325e-7,1.572770413862774e-6
218345_at,-0.9780828097625504,7.449938710865424,5.194048648060286e-19,9.677190115942582e-18
218346_s_at,-1.4540643106133015,5.5700074190999285,9.12983553225994e-30,5.286915030113553e-28
218349_s_at,0.37720075458085867,4.46230841093063,6.887399615952975e-6,2.2420149524674633e-5
218350_s_at,0.19037862444345033,6.173940567294486,0.00652298281362869,0.012246883084893823
218353_at,-0.847571230572887,5.176799257871618,1.99660762851222e-9,1.101991629276219e-8
218355_at,0.2817385216030389,4.830650706939917,4.261943596949363e-4,0.0010122429721698596
218358_at,0.6964321789450714,6.100858686035556,6.244350402794265e-35,5.717583407276493e-33
218360_at,-0.3204712544306277,5.184378202761754,3.383910095975128e-8,1.5581053252348432e-7
218361_at,-0.18257933127018414,6.074390547887216,0.005217992247083968,0.009996486220137796
218366_x_at,0.37733671448768896,5.736454135892015,4.307543729889913e-16,5.7472866449176754e-15
218371_s_at,-0.21899235943703865,4.214904753171996,0.0055162611834320705,0.010520866309080964
218379_at,0.262634077588004,5.793947680984301,4.182098872756712e-6,1.4115571904172228e-5
218383_at,0.25966342796819214,4.997593289178641,1.646618773572281e-6,5.934692945543832e-6
218385_at,0.2892001261368974,4.798111812962423,2.171205533370225e-8,1.0269370807503409e-7
218388_at,-0.1652791524342041,6.060773848004043,0.002075001558904548,0.004313893207945745
218392_x_at,0.7122484957252694,4.627567464232589,1.4163956815420584e-29,7.944422479769671e-28
218395_at,0.2646219373399529,4.476481030641469,7.129071894528065e-5,1.958301210412286e-4
218397_at,0.23105114046209013,4.846463914849241,4.1692791751400963e-4,9.916848979412932e-4
218398_at,0.15257289017005377,5.701076516516394,0.007790790332286254,0.014377732442684348
218399_s_at,0.2823694478751413,4.789333439124733,1.1032298071815157e-5,3.4925830154655964e-5
218400_at,0.6244880764200994,5.232137924010224,5.971027895932226e-11,4.05885925438591e-10
218404_at,0.5499397068202522,4.516159092279892,3.213066887011852e-8,1.484328829692021e-7
218407_x_at,-0.14845100684294382,5.90003869028746,0.005682162093795605,0.010808416638997216
218412_s_at,-0.6526744868856823,5.974069943741853,7.752615535436055e-16,9.958485639223796e-15
218414_s_at,-0.689493171163881,4.674392946657537,3.653200943135343e-24,1.2665612201879913e-22
218420_s_at,-0.4237134264486546,4.781371056091808,3.7910845482393985e-6,1.2922013606518828e-5
218422_s_at,0.19947856345895107,5.560003003085952,0.00262913297566689,0.005360849175546134
218423_x_at,-0.17890026580285873,4.9448039604752445,0.0024183012142182147,0.004960226097629663
218424_s_at,0.4666290125489093,4.745952252700159,4.866235788313535e-13,4.429225488547401e-12
218429_s_at,0.19533545607446642,4.910089880033696,4.195964006006375e-4,9.975890456357366e-4
218434_s_at,0.1541154873264291,4.887694635511093,0.006902655719341456,0.012889689859038699
218435_at,-0.441328394316503,7.4877994773655,5.778358242830194e-8,2.5801763176584713e-7
218438_s_at,0.1875963795878355,4.911269899772597,3.646165594907541e-4,8.769953304500334e-4
218445_at,-0.33174218757508456,4.76250154506028,6.190527364913624e-5,1.716333324542434e-4
218446_s_at,0.4841105323889183,4.9955021898462375,2.825680290987616e-13,2.6391903188622782e-12
218447_at,0.10508450015673074,6.033165909170677,0.027909330661700833,0.045515703969980364
218448_at,-0.2819488262677275,5.479711167607476,4.031861201801196e-6,1.3677431619663146e-5
218451_at,0.6155553353224885,5.026613361652417,1.2881833939476913e-23,4.119495134137796e-22
218454_at,-0.48916023727099084,7.051436345949631,6.715499116008858e-7,2.562077707614063e-6
218456_at,0.40791194574765355,4.292175400928221,6.614507506946232e-6,2.1610618762401642e-5
218458_at,0.3980856099240154,4.403800720354387,9.455382841725498e-8,4.084496628363115e-7
218467_at,0.14680273842906472,7.5095538975771445,4.483513768483936e-4,0.001060774801275804
218473_s_at,0.21163474668765705,5.809404779888959,3.790253779219722e-6,1.2922013606518828e-5
218474_s_at,0.1347070489077319,5.183822928150845,0.022744427293913173,0.03785320018637437
218478_s_at,0.30343218791682247,5.238756129637324,1.5313922982318772e-10,9.997444052990922e-10
218481_at,-0.34770389420997266,5.195899732316765,2.0001279676884305e-8,9.540236383724914e-8
218482_at,-0.14430827228850707,6.569588195627244,0.01932901666902509,0.03269726126247683
218484_at,0.9500377574817889,3.9272806946904506,1.0883491161230461e-21,2.8095142363918537e-20
218493_at,0.3403087182332523,5.710188066580118,2.0567601375607478e-7,8.468128883046999e-7
218494_s_at,-0.31185684110695466,4.396147720144499,9.160725071351879e-5,2.468280877499816e-4
218495_at,-0.33692872228300086,7.240208627372898,5.206744261961534e-10,3.162123088344326e-9
218496_at,-0.23785010193788475,5.126323758938544,1.1179555336726647e-6,4.138005387687781e-6
218498_s_at,0.5405147746368922,5.123481477143761,6.297440504665019e-10,3.766860978586061e-9
218501_at,0.15209572731823437,4.659043914399498,0.017072303526621077,0.029225884896243465
218507_at,-0.399000748969021,5.870771012377043,2.2724422788561726e-4,5.686679311699644e-4
218510_x_at,-0.7705055794200172,4.968859397270307,6.388108793875219e-9,3.293349831991589e-8
218526_s_at,0.2685623859681468,4.514671526803797,9.966981507991418e-6,3.179757977817512e-5
218528_s_at,-0.23618728813600004,5.2561957754040485,1.075023041219602e-5,3.412362026840177e-5
218529_at,0.23471268687383473,5.291056687967749,5.455133874477886e-4,0.0012715589468512093
218532_s_at,-0.7516355138245111,5.001809906833355,8.848139511980666e-9,4.4460655999929114e-8
218533_s_at,-0.2815113004165395,5.441332757337088,5.173319790317806e-5,1.452733287383346e-4
218535_s_at,0.24199026149484199,4.835579118764879,4.92420009787929e-6,1.6423709728698888e-5
218542_at,0.3267862946859762,4.784392362019836,3.61535902246812e-4,8.699762176033461e-4
218543_s_at,0.689462553563131,5.339813269409802,1.2909746009719743e-19,2.5850861495724786e-18
218552_at,-0.3765946332170652,5.704692996919253,3.862637381974597e-7,1.5263900506489804e-6
218556_at,0.20121966786392828,6.322850692784763,7.452300481395826e-4,0.001690376774448306
218557_at,-0.41248377636922373,5.898483147476883,9.051412622002957e-13,7.935021561401256e-12
218558_s_at,0.17640284606710419,5.436828079822084,0.0042429253630692065,0.008299152713996788
218559_s_at,0.6810098424781003,5.458646965580456,6.084831150196821e-8,2.7093431468021006e-7
218563_at,-0.1700955523877673,7.189744462832349,9.403929229625744e-4,0.0020892636631476688
218566_s_at,0.3075509866154651,5.35139813649077,3.7921945368737616e-5,1.0932664174792413e-4
218574_s_at,0.2653506141859817,4.036195056537495,0.007001438474901886,0.013062767394918826
218575_at,-0.16960333376391867,5.233900727514066,0.0011125638081719244,0.0024359076388607856
218577_at,0.33186082363793257,4.73791905677237,2.422689369309279e-6,8.504020712126574e-6
218580_x_at,0.2927541403509448,7.074996049654931,1.5533537235103767e-9,8.694398348989899e-9
218585_s_at,0.27431658536015163,4.792598095549435,9.219259055655423e-4,0.0020503616828573086
218589_at,-0.5090842628463256,4.727806190490497,8.073375999614515e-7,3.035804741448589e-6
218592_s_at,0.24712946710589795,5.183596874911225,6.821535882244342e-6,2.221925019959977e-5
218593_at,0.2035115272615189,4.7585181381861785,6.013275280262347e-4,0.0013886660503869483
218594_at,-0.27971329247026727,5.515940886522599,2.361998201434169e-6,8.301865725710057e-6
218595_s_at,-0.17319924474994466,5.597096397232106,0.0014923204036195418,0.0031859761825380932
218597_s_at,0.2064458401124174,5.6261588187491824,5.437792588671934e-5,1.519829689601942e-4
218603_at,-0.31230598724117853,5.6414798948874205,6.538031541505019e-8,2.899086585436394e-7
218604_at,-0.267705572968084,5.711672704545419,1.544574037916714e-9,8.663362129948565e-9
218605_at,-0.16328925419258097,5.452731603547586,0.005629357848463471,0.010715584689159412
218607_s_at,0.31320756025516994,5.091187452254938,4.974748193063303e-12,3.92737489994747e-11
218611_at,0.4230858265804776,5.787914792848737,2.142365109657853e-8,1.0164446643359954e-7
218614_at,0.22299682607592491,5.101178529037014,0.0017007441318222926,0.0035958302514727094
218625_at,0.7461395260405931,3.6284134475293963,1.3143321799823943e-5,4.09791636907782e-5
218627_at,0.5645262250398217,4.609200031762595,8.22474862097294e-14,8.113419150689052e-13
218628_at,-0.4733407359136708,5.715719783946039,2.145786149303793e-12,1.782000543991592e-11
218631_at,0.21578631023692857,4.967954429221153,0.0011907744968148231,0.0025923119659372485
218632_at,0.1701428041004223,5.202086899771414,0.009415125984131746,0.017118846684997184
218633_x_at,0.3405183899361398,5.065480495554721,2.8905025538664075e-12,2.3602098978331423e-11
218640_s_at,-0.19737189980977662,5.329709042225643,0.007816554004353582,0.014422794186813628
218641_at,-0.5529789138641334,4.578737113761402,1.1598434480550603e-8,5.736566416903907e-8
218642_s_at,-0.41608669210829136,4.919835626725237,1.3425805428574519e-8,6.564612211607431e-8
218644_at,0.5450687779416084,6.271868147748962,1.4765238775120694e-17,2.350371515570104e-16
218645_at,-0.26934973214952995,5.349745437127269,1.4644710986697285e-4,3.806132673471325e-4
218646_at,0.35138185867297345,4.723421197652653,4.7605184076815626e-11,3.260833356872927e-10
218647_s_at,0.11756335829663744,5.079669552827167,0.025488445822145992,0.04192502995434516
218653_at,-0.2051069920285941,4.937108738052974,0.003574188347130302,0.007082922634629472
218654_s_at,-0.4095586939436945,6.700487410051042,8.77384807982934e-13,7.710765748909903e-12
218659_at,-0.3012459363592136,6.344821119050417,2.697458290296776e-9,1.4594884173711797e-8
218671_s_at,0.19408810453265837,6.901495569995192,3.250317009487726e-5,9.485329916274042e-5
218676_s_at,-0.5042680060515018,5.146285521062934,2.958919331447877e-13,2.7588253087729423e-12
218677_at,0.8362075535910224,6.394904749457166,7.2816719435357e-16,9.409957965150537e-15
218678_at,-0.4747483754236637,4.39764395839885,1.132729352032783e-5,3.578569610240992e-5
218679_s_at,-0.14797798997610856,6.711532315922403,0.013133406110093533,0.023103149369036458
218680_x_at,0.32462138351961833,5.300813365776675,6.7235001164452115e-9,3.4629258051671896e-8
218681_s_at,0.6712890584216586,5.33543339795031,7.687498787749925e-27,3.4458650423918387e-25
218684_at,-0.20241329464725927,5.439825967779413,5.5613904898519715e-6,1.8348991782502056e-5
218686_s_at,-0.2502131121641325,4.960495978309398,1.2348985367895512e-4,3.254481678874898e-4
218689_at,-0.4125458143491313,5.0122452064483545,1.721717455444692e-11,1.2573114587715736e-10
218693_at,0.3074808077092453,4.817533550763689,9.257000430711505e-6,2.9665045053608242e-5
218696_at,0.17331852547222334,5.2837652170168505,0.0014172876325590188,0.0030373278991158376
218698_at,-0.7144123572473349,6.2257747870007,8.375852960518722e-10,4.9275405143348194e-9
218704_at,-1.26320556053243,6.659427373056449,3.2313754433974586e-25,1.2588263681860716e-23
218708_at,-0.31235298544108736,5.649374646414635,1.414436909121226e-5,4.3819729923122306e-5
218709_s_at,-0.5714788426425846,5.1086646105570646,3.807693349680632e-19,7.143926244330755e-18
218715_at,-0.10419954713313562,5.745393804038455,0.026934590388340455,0.044040028515001724
218720_x_at,0.2944510466830267,3.8731488475520113,0.0020349858783318673,0.004237279633541165
218722_s_at,0.2543700132795281,5.042216627154145,1.7039288539502785e-6,6.121458689594008e-6
218723_s_at,-0.387281876919783,5.111776527154541,3.485839900149574e-4,8.420248669741237e-4
218728_s_at,-0.20493991793814093,5.37409747324268,2.8604894098317914e-4,7.020486379731497e-4
218729_at,0.257746422915486,5.278850378074955,0.014784597358503406,0.02565809031291868
218732_at,-0.14436536793999938,5.604294199334586,0.016800723714610784,0.02881622688994962
218735_s_at,0.46569733613477693,4.430664562903733,2.878368632507478e-8,1.3395292424002004e-7
218738_s_at,0.3957562942293244,5.742327829993277,2.397570014786434e-9,1.3091318842205438e-08
218741_at,0.6497143874054084,4.447788364401705,1.6448483715155197e-19,3.2392023169201766e-18
218755_at,0.43144882082144603,4.3395806941718,1.3394934510980552e-7,5.665216479120989e-7
218763_at,0.16038599989070015,5.155939083039088,7.01705832117705e-5,1.930501946450173e-4
218773_s_at,-0.16603950732898237,6.662312600849884,0.015001356191511524,0.025975356211356545
218774_at,0.36422820729192673,4.686960013181689,3.48687223055674e-10,2.1617397109927286e-9
218781_at,-0.162230379377604,4.941301617441333,0.008466788127572965,0.015520996100391714
218788_s_at,-0.21534783936230817,5.180145071609234,7.021766031366254e-4,0.0016018777575388984
218793_s_at,-0.3175742249203602,5.292667420939701,0.005210794769086593,0.009984482983585168
218796_at,-0.679354650213598,7.737446947985995,4.2135150920481544e-13,3.874625509108316e-12
218797_s_at,0.4260023416595325,5.134763035828471,3.1670036269224e-17,4.833064081940124e-16
218802_at,0.8858457534602364,4.0410293496148935,3.6455428538483883e-32,2.56938819692617e-30
218804_at,1.0015554872374988,3.4764810825733687,2.5629656084130494e-10,1.6179758728891572e-09
218805_at,0.3355927841884743,4.154633296648948,1.9397087984699598e-5,5.871743531508528e-5
218806_s_at,-1.5285538255392719,5.176634952408675,3.6438254439761615e-22,9.882608096535853e-21
218807_at,-1.6808221398237386,6.576543911027753,4.613523946752024e-26,1.93065164224822e-24
218810_at,0.24028993322438646,4.709155384356543,0.012636687169644185,0.02233204052266548
218819_at,-0.21456381056348622,4.869005639062481,0.0014517185995070838,0.003106724202261164
218823_s_at,0.683187020564328,4.458841091562451,1.2824151915569463e-15,1.6012254017656838e-14
218826_at,0.3370699515329986,4.420793064932815,9.445594884079065e-6,3.0234956836542147e-5
218829_s_at,-0.264090325414791,4.7014569848564465,6.280963435829829e-4,0.00144643081014714
218831_s_at,-0.5443399400922783,5.838960242302928,3.0738430241672326e-11,2.1750383301125207e-10
218836_at,-0.1505128975654388,5.496006645814026,0.002297123254197907,0.004736158857240604
218844_at,-0.4117140478232289,4.344951592737505,6.728018211102872e-6,2.196218986042784e-5
218845_at,-0.2524217046035421,5.333519613730243,1.4155223609252384e-5,4.384067953915027e-5
218853_s_at,-0.5219576346432402,4.258708643009009,3.6412363732321217e-9,1.935908946225098e-8
218854_at,0.5596307506199182,4.003253091323351,3.2902044872599465e-6,1.1326465511573202e-5
218857_s_at,0.42843684615264654,4.999336598820169,1.3580528885747165e-4,3.5510911875276884e-4
218858_at,-0.35771174051755855,4.847314230411314,2.8859040835125193e-4,7.079617688726727e-4
218859_s_at,-0.493607447370878,4.249123529464292,1.3991727335733811e-6,5.108840318599738e-6
218862_at,-0.23801939123528384,5.064120395086685,1.1986886418564914e-5,3.7680608627372626e-5
218871_x_at,0.3760739558203311,4.437537215185205,8.057329533862955e-6,2.599944918562465e-5
218876_at,-0.4683828786863339,3.826634845333366,0.0011074188436200633,0.002425138608279178
218880_at,0.7341149317916997,4.012890135809298,5.929491108577974e-18,9.787771686624936e-17
218883_s_at,0.3288688191599675,5.748761901941254,3.966351289724769e-4,9.478367469734877e-4
218885_s_at,0.23688339516494183,6.030859984153757,0.013872519421502107,0.024248050344681363
218889_at,0.17542486528976747,5.236027422272337,0.0038986193203437375,0.007671915646370767
218898_at,0.49340772083324735,4.857666070509863,9.407032511202042e-11,6.240095312229565e-10
218900_at,0.3542736539185111,4.528260578157992,5.4595137820707774e-6,1.8023966455261706e-5
218905_at,-0.31793477898443234,5.935395097343413,5.880759775886709e-7,2.2580852859883264e-6
218919_at,-0.2111263124982047,5.365362990094816,0.00648000683012587,0.012174730475471492
218924_s_at,0.2614214371591119,4.575543276775256,9.505683681657782e-5,2.5522403328721757e-4
218928_s_at,0.38650120746494976,4.839068356921498,8.75440873315799e-9,4.405165841161181e-8
218930_s_at,-0.31717864241324434,5.466797604359115,6.129680999911973e-6,2.0137158096306947e-5
218951_s_at,0.4678140343584206,4.547863050424701,1.8194562259727364e-10,1.1742069005328872e-9
218957_s_at,-0.41736311579591995,5.088997336265257,5.529032107203201e-10,3.3502557106599488e-9
218962_s_at,-0.17050855413780874,5.752136195237708,0.017258894994159484,0.029493466593145726
218963_s_at,-3.1805494452739707,5.62658448952845,5.429067912438335e-32,3.7283079837148646e-30
218966_at,0.3569009750827324,6.068617105619755,2.1974677129470214e-7,8.999033489602996e-7
218967_s_at,-0.29996155633177435,4.732038892628398,1.6392414164897217e-4,4.22652064858108e-4
218968_s_at,-0.3134352522800437,5.3762508500816635,1.1571227490972276e-9,6.621572230007732e-9
218972_at,-0.17023603001811455,4.521603141220616,0.01880675283579873,0.031904472387951195
218984_at,-0.30710622917201236,5.616325462274476,1.3479425194508983e-4,3.526258751915271e-4
218986_s_at,0.5665552376512789,4.904294561574703,3.56429725920516e-6,1.2203360990049498e-5
218993_at,0.5282663849485447,4.369106015373561,8.664267462996395e-19,1.5679104278898713e-17
218995_s_at,-0.7038201939071301,4.705961135414792,1.2349217110425083e-8,6.077040096646023e-8
219013_at,-0.42596194848273256,5.168329237066239,5.232326610124617e-12,4.118583025295005e-11
219014_at,0.7278964713953227,7.440719413379955,1.1476819462201326e-4,3.036581054545883e-4
219017_at,0.5661330700382462,5.076201621796155,3.129253680819208e-8,1.4499867942308034e-7
219030_at,-0.19648740645056853,5.85241895264372,9.028305532061219e-4,0.002011233877416757
219031_s_at,-0.3664142885493423,4.9844002948915795,1.0462591004049659e-8,5.210866454039237e-8
219032_x_at,-0.3667781164467532,5.233932782215856,2.0674569642156797e-4,5.222510364923975e-4
219035_s_at,0.16087105827697945,5.461807009383553,5.4063555199567946e-06,1.787601440904233e-5
219038_at,0.8639469359458934,4.554441078384343,4.6984227049855496e-23,1.4381200696717198e-21
219041_s_at,-0.3678450358441472,7.306983824126833,7.2346125546763106e-09,3.6924442257383186e-8
219045_at,0.9029911214271057,4.821978210416019,1.9560604420459185e-20,4.3206753640490567e-19
219061_s_at,-0.30367584231646744,5.198815829238095,1.1073307393320647e-5,3.504530047404552e-5
219065_s_at,-0.10877482263490021,5.91655575839901,0.014822148535739984,0.02570660146727901
219069_at,-0.3977662544735335,5.018632411322894,5.914016179603768e-12,4.6313490739835643e-11
219072_at,-0.1354119700817943,5.3999128642832614,0.010576455161636059,0.019004623305368517
219073_s_at,0.1622491329522104,4.617662395199464,0.00889799158581132,0.01624198055184813
219077_s_at,-0.47780567622140024,3.962057854277126,9.8165749523457e-7,3.6617328504345224e-6
219090_at,-0.26734658588917837,3.836648998223053,0.02706982260912837,0.04424088628704687
219093_at,-0.756549529870393,3.6341543789994737,5.333818394880037e-8,2.3958572941027185e-7
219108_x_at,-0.8863351424713194,5.961251392670793,5.9165875980004565e-34,5.030508169633245e-32
219110_at,0.11471377726888542,5.757251953795837,0.009989023241364055,0.018045936928285516
219115_s_at,-0.5097381858945476,3.6862254963232086,1.8181961472102168e-5,5.530475674350668e-5
219117_s_at,0.5480429909994043,6.8643780862697445,4.573313420659665e-14,4.635185115943897e-13
219118_at,0.6485780118743153,5.3663065868837645,3.5197852176352384e-15,4.1255425641713686e-14
219119_at,-0.2515290927919781,6.117730046413372,4.179281167490526e-6,1.4110507137512135e-5
219121_s_at,-0.4068973690905132,6.370096384528196,5.668710844208852e-8,2.536712584545089e-7
219123_at,0.8407004145338748,4.259476172367586,2.727826390158779e-35,2.7311405717542988e-33
219125_s_at,0.22542366210695275,4.941994312757817,2.1159421813706463e-4,5.333667903299703e-4
219126_at,0.306087697774604,5.563885726525221,2.7096030981723217e-12,2.2226629395650907e-11
219137_s_at,-0.14736490125848095,5.21952392175399,0.0015051558306413203,0.0032115836507707126
219140_s_at,-1.140839178687301,5.035699529136702,7.743557903272211e-7,2.9210118245688446e-6
219143_s_at,0.28367637646768534,4.592479637901293,7.624337340712203e-4,0.0017261100154490668
219148_at,0.8250983217881278,5.346157352684803,1.5796909810791103e-14,1.7180943634822853e-13
219155_at,0.3684941711901145,4.650208802818123,1.1614520993554002e-5,3.6617528959371406e-5
219173_at,-0.2578768253190027,4.467802786416111,0.012244894841843755,0.021682571643086304
219181_at,0.7411565077127636,4.522399340971933,5.286019902801891e-12,4.1577923068073904e-11
219194_at,0.4459617814561267,4.427324467682894,2.200503955214612e-7,9.008024024537308e-7
219206_x_at,-0.45553558419400475,6.250002205045848,1.25709252714849e-15,1.5714390015567995e-14
219209_at,0.6806284440090898,4.173215637586153,1.1510052857786484e-13,1.1189400750042342e-12
219215_s_at,-0.4370112440442798,6.105425835663066,4.051372498479528e-6,1.3730576898516667e-5
219217_at,-0.22162091372462434,5.524131200253109,1.6911500339768137e-4,4.3498896312109495e-4
219221_at,-1.1533282519485397,6.030852830598651,1.7094194289847866e-34,1.501066421533936e-32
219232_s_at,0.3280820849831002,3.8362572214780855,0.010503655194391226,0.018886481721636993
219233_s_at,0.5265368961164337,5.373248537630432,1.0724288931514046e-7,4.6177374326089214e-7
219244_s_at,0.25970711820655573,4.756742493285187,1.0312417222601918e-5,3.2831181487588214e-5
219253_at,0.24812728907567422,4.3756138967314895,8.369246298517934e-4,0.0018769046597450834
219257_s_at,0.852769294521971,3.437436030395734,6.7694912735041855e-18,1.1105905055597297e-16
219260_s_at,0.5416131439922927,4.130529779065046,6.8417359570353865e-9,3.5153725327443694e-8
219263_at,-0.67266680219889,6.793784059897389,9.997920143679657e-13,8.70794459343416e-12
219269_at,-0.529397611824726,4.235820614345103,7.26610985786451e-7,2.7554631825593808e-6
219274_at,-0.2835747460028811,5.4641294083715355,0.012872050196759568,0.022703041448449993
219283_at,-0.30482287249810675,5.953956423800911,1.9489139042524967e-7,8.055059666765818e-7
219286_s_at,0.10469518778959756,5.567439955263295,0.020784713260255723,0.03491714492035746
219288_at,-0.6842538707790036,3.368801730071704,9.34097910970478e-5,2.5106849110311007e-4
219299_at,-0.5896313447171695,4.275208946118574,1.7564756767356107e-13,1.677105519150499e-12
219303_at,-0.25461725409907454,4.3723478114896235,6.47313317596633e-4,0.0014865310978376697
219329_s_at,-0.13467745131089406,7.048331348542752,0.0017019346946110458,0.003597637407925835
219332_at,0.3405421104569252,4.586602015039264,2.751463396225578e-7,1.1085531163506814e-6
219350_s_at,0.1012365609582521,6.223365783261693,0.009954845372941867,0.01799936851988628
219351_at,-0.16785886021129906,4.346144620012838,0.022795823320985245,0.03791517702805697
219352_at,0.6711393658347147,4.091358709981823,1.1729000699725489e-11,8.817739262888362e-11
219360_s_at,-0.2744093491464238,4.921100672133869,0.017514550273683552,0.029894881003607647
219363_s_at,-0.30847429550682537,5.162446588305731,2.371901567251713e-5,7.081990381819287e-5
219371_s_at,0.2632993587663926,5.107963456953075,0.0062068825171884496,0.011700568785261281
219375_at,0.4699353357431521,4.738387861830044,1.3199130917041023e-15,1.638496981625266e-14
219377_at,-0.26915834191313104,4.3889372239635165,5.995398423497392e-4,0.001385732541767585
219386_s_at,1.1184528159676985,3.234394063046052,1.3639606728444583e-22,3.927986744135129e-21
219392_x_at,-0.3410984228223292,6.218831817934297,1.5322404665374864e-9,8.616741269299784e-9
219397_at,0.2683531769946156,4.9753770344126655,2.7901259501891214e-6,9.701596658349905e-6
219399_at,0.1870627357649874,4.151164842152158,0.017683416740515972,0.03016119145695711
219403_s_at,1.7014553963903953,3.558349472234647,1.1964073198308695e-76,2.5634223234696207e-73
219410_at,1.098437367060484,4.1234934916754336,7.999009568086259e-15,9.0203567897798e-14
219411_at,0.34166850161287754,4.839594902716317,1.2054272564851358e-7,5.150223822970707e-7
219429_at,0.3486069997463967,4.939087201840413,2.6817753688857816e-5,7.936425283666679e-5
219434_at,1.1928098705909038,3.3488399907018085,6.599769430872766e-18,1.0860726561127488e-16
219443_at,-0.2511123636945925,4.210100489222759,0.0015802000028621523,0.003358199291938551
219454_at,0.438159750984874,3.3259819773165247,0.0016332121662332314,0.0034639877127017635
219465_at,-1.6430367428762525,2.2650256910271334,1.026071561688242e-8,5.1174602608780895e-8
219466_s_at,-1.8470484688575879,2.737224048547657,1.2048102116039553e-9,6.868182660992397e-9
219471_at,-1.770174509071432,6.109520425630844,6.835034660589785e-25,2.5513493490905354e-23
219477_s_at,-0.3902818685725966,4.341001604133718,1.531189157176898e-4,3.9699006391181286e-4
219478_at,-0.5116702291952406,4.852065107276058,3.296513760747844e-5,9.609673991535142e-5
219481_at,0.14763077202958605,4.736613572331258,0.009722006883054196,0.017614046970769424
219485_s_at,-0.21020043597109783,6.139304176240183,1.559401878118182e-4,4.037185190981171e-4
219489_s_at,0.531057905302898,5.3407060299775635,2.362399780824321e-5,7.057554057995246e-5
219496_at,-0.5135065825007398,5.087702123760369,2.7387541028484878e-9,1.4795901514783586e-8
219497_s_at,-0.5719715939874245,4.532201056751153,1.1688766063549603e-7,5.004866140639763e-7
219505_at,0.28870926863273016,4.540807861826472,0.014286037808262448,0.024893676486648603
219506_at,0.3841952512490086,4.681295791012509,1.6042809683628412e-6,5.794559006767066e-6
219508_at,0.6732997671879484,6.451791669126736,5.104216705921877e-5,1.4363402566467317e-4
219511_s_at,-0.7254039564714563,3.3669444537794795,8.108079450278377e-8,3.5381611059402135e-7
219529_at,0.4955424013201741,3.1120957420276065,0.0017948057231095588,0.0037812691665039732
219539_at,-0.15991237024277438,4.770401376059399,0.004966613906707162,0.009574830804850429
219549_s_at,0.19052898269194785,6.500855815547245,0.0010194324379088034,0.0022476187913803274
219559_at,-0.30493448711505494,4.295314102228775,0.0029016394938504845,0.005860720946006833
219562_at,0.3695602113644067,3.167111095507855,0.004249273922478093,0.008310053218603106
219571_s_at,-0.7614464049287595,5.383437904929919,1.6626042227251718e-21,4.2107515456394244e-20
219581_at,-0.5456178784182065,4.357503014413558,3.6090154897506985e-11,2.525367925649852e-10
219590_x_at,-0.26110798968575205,5.448822206583483,1.2481061744524538e-8,6.133468553628046e-8
219593_at,0.8113359187720312,3.8685726619381304,3.999554401348563e-24,1.3777243183809372e-22
219599_at,-0.6559097276606528,4.351544916624926,5.925142557847407e-16,7.778927968409226e-15
219600_s_at,0.2320986457292503,5.488416181669606,4.820914760645475e-4,0.001135087029248241
219607_s_at,1.010203993357379,3.9558286095739064,2.622509410457616e-11,1.8742457180942256e-10
219612_s_at,-0.9400088805945221,1.2064283393211115,2.8566613404950074e-6,9.92328564874287e-6
219614_s_at,0.860350571268938,2.7193212470898427,7.34513855669335e-8,3.228907236678534e-7
219620_x_at,0.3684711462342592,4.281249687756854,1.6613311355526262e-6,5.9796276785203376e-6
219649_at,0.13451035486389903,4.938714744212777,0.011885321308706741,0.021108661667800947
219664_s_at,-0.2829596542494098,5.278776030613136,1.3770505145085988e-6,5.036648058016599e-6
219666_at,0.5190239997368908,4.545070737037476,1.8743305451809215e-6,6.704408390825781e-6
219679_s_at,-0.3767323938082412,4.742985997433062,1.5457093434184073e-8,7.499630523569474e-8
219684_at,0.6204762564183063,3.7346110871550584,2.8681393516918653e-10,1.8010771907781334e-9
219691_at,0.4957857399347861,3.314333835360691,5.285035061680157e-6,1.7528972326866722e-5
219694_at,-0.5134885266416185,4.914721246706202,1.3602714936239255e-7,5.743979589241773e-7
219696_at,-0.692400773644069,5.263422373662151,7.43352164622739e-15,8.435944639410383e-14
219715_s_at,0.18088205877187088,4.65216138519897,0.0019114528531984825,0.004008102254123183
219716_at,0.7529322997907408,4.600354812465191,4.547437833590257e-28,2.2554028477431678e-26
219718_at,-1.4507773406976665,5.104777767437244,4.003119035626352e-14,4.0999439989163587e-13
219727_at,-0.544696297228879,5.9555209723271645,0.017548312811687353,0.029945058163683754
219739_at,-0.3991879727719265,5.087140993489324,0.005507738505581352,0.010506481946277247
219756_s_at,-0.2910207962794429,5.083772961766901,9.612724964713173e-4,0.0021321143384466297
219757_s_at,-0.808830649558315,4.602688987243044,2.0393115697298804e-22,5.7191478655801596e-21
219759_at,0.957001312843812,4.662470245069644,2.958865669071785e-8,1.373411088074785e-7
219764_at,-1.1530772843668304,3.3335110198743076,3.5450512373832037e-05,1.0286601816383062e-4
219787_s_at,0.3544926151983996,5.7660796017364575,5.6688614650487805e-5,1.5811120248650765e-4
219795_at,0.5950458494147294,3.7140854963281265,0.0025688892051717355,0.0052439996293835375
219798_s_at,-0.1817853126613033,5.584191915993642,5.10096646818108e-4,0.0011957692291821424
219799_s_at,0.4974365810074999,5.165344419218007,0.00645921303905456,0.012142051112018161
219806_s_at,0.3763256066758099,5.783089604600683,1.6882710853759527e-7,7.034791185388013e-7
219862_s_at,0.1703197006543541,5.489440616869624,4.8374660738333895e-4,0.001138483612675244
219913_s_at,-0.2766173224276689,4.884630369537875,2.509427877111561e-4,6.217275866673486e-4
219922_s_at,0.4128939842230777,4.2982282267047385,3.693639718049293e-5,1.0668633674699939e-4
219935_at,0.3519034635986333,3.5592229094400594,0.00173712548786175,0.003667683356614688
219939_s_at,-0.1544173200812203,7.57688240133485,0.0016090793813423035,0.0034161845842885646
219940_s_at,-0.1743446932122751,5.274346799788089,0.002033870505778182,0.004236604069298399
219948_x_at,-1.104768302228266,2.651509925111973,6.3785923340606575e-6,2.0884431440951045e-5
219956_at,-1.5888427553903486,5.2006620997007795,2.2159042300135175e-32,1.614896735791484e-30
219959_at,0.7758592903267864,4.234726646489408,2.6465667132024248e-12,2.1760024532308155e-11
219960_s_at,0.1349619423270704,5.007786499062173,0.02900658577063947,0.04709009749369005
219961_s_at,-0.452173589648586,4.228642797321948,2.0097481164002676e-4,5.088733531315543e-4
219962_at,-1.6841801724049064,4.569284791471283,6.252884759469731e-16,8.149288859878252e-15
219981_x_at,-0.3933142971185312,5.40955823835745,4.942371539835016e-11,3.3789168032069254e-10
219988_s_at,0.09754148092092842,5.343802229075336,0.019467634127873567,0.0329109617187801
220026_at,0.9909315817257741,6.096166609281699,7.352927719833936e-4,0.0016692501517817536
220030_at,0.735723707645119,3.1700755587546836,8.655851211903963e-8,3.7695176436230547e-7
220041_at,-0.7394555767286722,4.678339374043866,1.3958596808184783e-8,6.809583224320746e-8
220048_at,-0.6745261024552355,3.955080784955277,4.567050943959354e-6,1.5318352148602553e-5
220051_at,1.0947806418571078,2.060079718761183,1.883446032002981e-12,1.5800593062527752e-11
220056_at,-0.3263013309018046,4.437097841894577,5.11965726549419e-4,0.0011993634000708345
220073_s_at,-0.3586489373872745,4.503005427387742,1.3361119375072662e-5,4.161830456352902e-5
220079_s_at,0.4683469072312227,4.743468727345003,9.469101988635724e-15,1.0523079834466236e-13
220081_x_at,-0.20031162033506952,5.5689684307359695,2.506337586213825e-4,6.213310320014807e-4
220082_at,-0.7794427379507206,5.344708072246496,4.360491250946415e-9,2.2977837073973902e-8
220088_at,0.9529036762346852,3.8401211072286814,2.003144236805037e-16,2.7956506038805266e-15
220094_s_at,-0.20949805091380228,5.634840246896125,7.218257437942469e-4,0.001641460240557794
220133_at,-0.9284955981298787,2.6699974966090223,5.388843887462295e-6,1.782361363580845e-5
220147_s_at,-0.3562791092507925,7.114798015555557,1.5554548579945252e-9,8.701571035407257e-9
220161_s_at,-0.5616888578499247,7.223002622349694,5.210697544855605e-9,2.7203802533156967e-8
220177_s_at,1.4510092477706449,3.4093568505340945,3.636822653917841e-24,1.2649766588123973e-22
220180_at,0.9252806052499406,3.793420939235136,1.224055828862583e-15,1.5337204789011523e-14
220189_s_at,-0.20531250430593725,6.049218041232514,0.0019764273007410412,0.004133827737766258
220192_x_at,0.36011525315714077,4.4329839461988785,0.0011955681456150072,0.0026016903400311944
220199_s_at,0.21348866396195543,5.439130236831066,9.385123410190068e-4,0.002085518089470363
220202_s_at,-0.22086971610162923,4.79837758808072,1.5602573774626277e-4,4.038424084261206e-4
220230_s_at,0.44656188191789037,3.6567921920536435,1.9131261855600236e-5,5.797827673523205e-5
220261_s_at,-0.3002315594242347,5.028893271943919,7.301474430176471e-7,2.767894393859892e-6
220310_at,0.5845970454550056,3.850240056923144,1.563177502629459e-4,4.0440281539892286e-4
220330_s_at,0.9135108873996172,3.599059530946682,3.35975243827792e-14,3.4809504711094153e-13
220349_s_at,-0.7923335545466185,5.008344867069415,7.7433593488009305e-19,1.410792665028986e-17
220357_s_at,-0.4399110824994792,4.467012940617615,7.417337956180233e-7,2.8088349778917934e-6
220368_s_at,0.14769464372668922,4.629256880525902,0.026435380510343845,0.04332959476856083
220376_at,-0.49366291537995133,4.106433318385101,0.01095652305700277,0.01962501780800379
220408_x_at,-0.3713874699714291,4.788720113072673,4.3031674097006044e-9,2.2709277073952005e-8
220442_at,-0.4115765418038981,4.75151934051715,0.0012703396795999383,0.002747103146458244
220477_s_at,-0.5373872533414427,5.925728957035177,1.5558512770594392e-11,1.1487136272321e-10
220495_s_at,0.5022507102977635,5.5202852659098305,1.7817925961824245e-16,2.5050320318769443e-15
220525_s_at,0.09878572608114525,6.16444487605135,0.029611499064839758,0.04794136156591028
220526_s_at,0.304984738731256,7.06617201216568,1.1850042935670368e-11,8.902490180212949e-11
220532_s_at,-0.8970788326288655,7.694385206202078,1.2133145861000027e-19,2.43869402643327e-18
220547_s_at,0.13509198158223973,6.283149961482792,0.015854507602749757,0.027298190284194494
220553_s_at,1.1816075578597787,3.995035163891907,2.743592644359084e-66,2.9392107999018864e-63
220607_x_at,-0.6585106120683367,6.9367339979444695,2.2285214655236286e-16,3.088505881003187e-15
220615_s_at,-0.2578399625559324,5.226213215829991,6.138774054319159e-4,0.0014152073691396847
220622_at,-0.6873322662270318,3.3052738921679157,1.0381994477542675e-5,3.304287190668885e-5
220639_at,-0.643600192077608,3.9467744424745708,0.0032951264228048074,0.006579811624884978
220645_at,-0.7237227600509547,5.041813202409383,7.8433633997367e-4,0.0017689674126606164
220647_s_at,-0.10119743564192278,5.829749849415567,0.023116525079841764,0.03838898359639511
220690_s_at,0.14222529615150645,4.628907795934437,0.029132368501352618,0.047272805779307876
220753_s_at,-0.42444378248430714,5.489353812060687,3.4845893053751332e-6,1.1943242118760137e-5
220755_s_at,-0.3394695698088374,7.073472366771912,3.6572526713579496e-7,1.4489699655420753e-6
220761_s_at,0.16963296385859072,5.627811602817842,0.001543714053854371,0.0032870122819663003
220773_s_at,0.3593895717848368,3.935709718079428,1.1447462147933358e-5,3.612272812689545e-5
220782_x_at,-0.30362557547330904,3.470921745524807,0.01562304926857631,0.026942969545115585
220789_s_at,-0.2850361660054572,5.321138166731662,6.021141742396304e-7,2.3095056028031366e-6
220796_x_at,-0.427595642444289,5.923068032202718,1.5909188824875502e-11,1.172987886310332e-10
220856_x_at,-0.3335483236115826,6.669234309770177,1.0405811719240332e-18,1.8735707722390197e-17
220890_s_at,0.13670580657439926,6.606657981386717,0.0018700326947157493,0.003926628823694595
220892_s_at,0.3057459365740443,4.467473374216739,0.007147909093394241,0.013294366339849394
220920_at,-0.6419737232400703,4.1321250543618575,6.274686877654694e-8,2.7880846337749784e-7
220933_s_at,-0.20765457831394582,5.252878555463999,1.549016934745606e-4,4.014179589242786e-4
220939_s_at,0.2539898110064907,6.00385433566767,5.454661374939468e-7,2.1035200615452314e-6
220945_x_at,-0.406649415814097,6.090907365187864,8.255997062009276e-9,4.166109115652632e-8
220948_s_at,-0.1634093320683784,8.025334092448794,0.010733592882378433,0.019261135770338382
220951_s_at,-0.9008338924345938,5.161557654056341,1.5719451329357246e-12,1.3344095252884642e-11
220952_s_at,-0.6450196333769773,5.048086416684665,1.9195802119346895e-15,2.331571747217271e-14
220960_x_at,-0.17954886504193088,9.374713339228254,7.436897952182518e-11,4.998211277398451e-10
220980_s_at,0.2969654504210585,5.32158645334461,6.98474710932731e-14,6.934902296776967e-13
220987_s_at,-0.2754456136441251,4.817574752309432,0.0012129294143236008,0.0026325188038186257
221021_s_at,-0.5952023616466517,5.294018164388905,2.34648957507451e-19,4.529359066265446e-18
221031_s_at,-1.3100496563998882,4.76040972064204,5.134269061187408e-13,4.6416391943038565e-12
221041_s_at,0.1792359826578037,4.536230275737069,0.01384084317349748,0.024204530348951765
221059_s_at,0.4936808412340919,5.8258716811385085,3.0238881698415314e-10,1.8897969932045315e-9
221081_s_at,0.23403303965661923,4.96736478087741,8.368247823108287e-5,2.268129275085221e-4
221085_at,-0.3500749001655923,2.473825713047818,0.006198176316890138,0.011688270178286225
221091_at,-1.0045335234250556,1.9517591335040596,6.860603048485276e-7,2.6137140988059304e-6
221122_at,0.3013562842276287,2.5482288662427157,0.02082192768138978,0.03497417862193927
221173_at,-0.5723292427536308,4.118109601863733,8.950892427103933e-8,3.8853691479564196e-7
221196_x_at,-0.37873769440401794,5.4998003058168,7.715511656340713e-9,3.917359069875738e-8
221214_s_at,0.2573619566357156,4.36746576052005,0.0014173062790702952,0.0030373278991158376
221255_s_at,0.28294769727275043,5.623438649616711,1.2417196029758073e-8,6.104883940651594e-8
221263_s_at,0.16560542969780692,7.367602884234236,8.258372438372302e-4,0.0018551466540633777
221269_s_at,0.2520108659300312,7.375397286093123,0.0010473521079418047,0.0023034865802464694
221270_s_at,-0.2372617720927824,4.8329095033280005,3.112766072885308e-5,9.121187893550411e-5
221305_s_at,-0.47300133701919306,2.645496834935341,0.012924797382781232,0.02277357802002226
221381_s_at,0.28598535080853155,5.941655675486474,1.2040672554380399e-5,3.7816395507205286e-5
221419_s_at,-0.17206121803011232,6.400064705189255,0.006680670072248159,0.012512240993705338
221434_s_at,0.29467688121129065,7.08331162374403,1.9464260800866288e-7,8.047882128895429e-7
221437_s_at,0.15846654388386208,5.287465431645495,0.0043931874280372174,0.008561800421423087
221449_s_at,-0.1187181978836331,6.287473966629487,0.026133425187659855,0.04291345555416923
221452_s_at,-0.20454913452845727,6.143586256901278,4.572637301759899e-4,0.0010806676243934215
221463_at,-0.9817420738250108,3.816930976537295,8.480949224663449e-13,7.459475290953984e-12
221471_at,-0.40940984067513997,6.981487554770006,3.379866475336243e-16,4.589164708526892e-15
221472_at,-0.5067896811677303,6.528571721811799,2.688565556493135e-19,5.143321929769813e-18
221473_x_at,-1.1145815410184012,6.565550112326634,1.3167679544430938e-57,8.816584434968039e-55
221474_at,0.1707175731540131,8.625736432611944,5.1900778362384116e-5,1.4570572290257365e-4
221476_s_at,-0.36749383692857174,9.133765722720401,8.712713475715552e-16,1.1138341224980992e-14
221477_s_at,0.33782603486994994,6.297286851931174,2.4432880726825695e-6,8.570708946512235e-6
221478_at,0.5907736801928687,6.047629761525194,1.858729120487401e-12,1.560545851707016e-11
221479_s_at,0.5753119182228518,5.533681463717349,7.148742252551131e-15,8.129986810146525e-14
221481_x_at,0.14444056125054425,8.037126697117284,4.0175913848438077e-4,9.58798318240849e-4
221482_s_at,0.44091868846576054,4.8904253033284055,4.490373560913003e-11,3.0916048816234574e-10
221483_s_at,0.3225915375730421,6.672584299830565,4.391096446677792e-12,3.4949343412525403e-11
221484_at,-0.2870699939977427,5.425757026310022,1.0637020073672519e-4,2.8290565056915016e-4
221485_at,-0.18934494223011408,6.028188293658544,3.9174219860750223e-4,9.36771020911199e-4
221488_s_at,-0.17525892381494665,7.321717849016662,0.0011324549924286356,0.0024754112087100534
221491_x_at,0.8063341527721803,3.722182553395556,1.8370618834235018e-10,1.1848551449196855e-9
221493_at,0.10859674546101607,6.410231695449475,0.02257059168410142,0.03760478207026104
221496_s_at,0.38702111443586446,4.127165419557971,1.0277091281717054e-6,3.822863850730375e-6
221499_s_at,-1.1514253519366573,4.7915501593367065,5.893339551435863e-37,6.508798620054886e-35
221500_s_at,-0.5234229901174073,5.548143237433896,1.1213275262869719e-12,9.67992086149261e-12
221501_x_at,-0.19088780638582517,7.240366960569719,0.014491796139877824,0.025207113500001807
221502_at,-0.34090712921701144,6.384190139707519,1.5286127036620704e-9,8.605374616044015e-9
221503_s_at,-0.7517207350871662,4.8541141167806465,7.853092413627381e-22,2.0569725923518368e-20
221504_s_at,-0.3095062433553529,5.3712975230579145,1.1597231337639738e-8,5.736566416903907e-8
221505_at,0.6388972678090186,6.198069682564936,6.855501984861008e-21,1.603558793969781e-19
221506_s_at,-0.6454374708139065,5.4079172066471966,3.1170887760242394e-25,1.223200441668413e-23
221509_at,-0.1395461873571627,6.357694038697106,0.0047176915307828365,0.009141007301370326
221513_s_at,-0.5013385120901345,4.987873654893532,3.075249001905516e-16,4.2021865506905345e-15
221514_at,-0.4355104390220398,5.183154044847816,8.842502115565129e-8,3.841432488404267e-7
221516_s_at,-0.841235119360804,5.026758910460026,8.777175180053161e-43,1.6496469772615704e-40
221517_s_at,0.189771924810505,5.300132531101086,3.124020762642406e-4,7.60251479099301e-4
221520_s_at,0.34361705273315346,5.052265868982132,5.616699913052319e-7,2.162116642778638e-6
221521_s_at,0.23151132045765171,5.041722604532942,0.0088567537084272,0.016174974851411627
221522_at,-0.2618348472750908,5.592144747528912,3.233869324139836e-6,1.1143275030398863e-5
221524_s_at,0.21103280708578362,3.831503430853573,0.02831295221136249,0.04606875106930838
221538_s_at,0.18142041083173535,5.144294333778288,0.009993964220278121,0.018051819034199883
221539_at,0.3400431799163509,5.5577289558484875,4.691490858708871e-6,1.5701325076334938e-5
221543_s_at,0.3634983846288143,5.1888021616475,1.9720931534675102e-7,8.138302755430445e-7
221553_at,-0.38384958116560797,5.093465666113269,6.06086076929124e-8,2.69979215889468e-7
221558_s_at,-0.5282832138008576,4.789712561335951,1.2303652087126366e-4,3.24413056385392e-4
221559_s_at,0.4964753843628394,4.666511874477958,5.53374700577362e-19,1.0274355575884366e-17
221563_at,0.3257023807687817,4.073902007813214,5.289856645900725e-4,0.0012359920228469895
221570_s_at,-0.29188020290315997,6.793762876837205,9.132849757036453e-10,5.332726544900772e-9
221579_s_at,0.26992614335837267,4.6633402403450095,2.710380423022323e-6,9.439631167697706e-6
221584_s_at,-0.5788878353137379,4.788752321440625,0.001203830296731773,0.002614889288095597
221586_s_at,-0.4038953864983301,4.374171359625412,2.7709821485026825e-5,8.175580213965639e-5
221588_x_at,0.27320570178904025,4.664265270875162,8.490725922876762e-4,0.0019017592893953324
221589_s_at,0.3117738383562155,4.204857269717649,8.000168885902262e-4,0.0018005422116527507
221593_s_at,-0.25648318718096774,4.973337626564171,2.669642019752179e-4,6.579221292294708e-4
221605_s_at,-0.8360067554296188,2.480890839879597,2.4424427215281127e-6,8.570549910163993e-6
221637_s_at,0.12964746945449437,5.997586617282638,0.0054330589613774795,0.010373259784929057
221647_s_at,0.1144379561651838,5.684699491778182,0.0018545494260019712,0.0038956447060311994
221648_s_at,-0.35260434964315446,5.725120595365094,2.642411384488881e-4,6.519611506685717e-4
221653_x_at,0.7809238175466195,4.474206286486257,4.463522851093507e-33,3.4650521959249814e-31
221654_s_at,0.2407112233542264,5.764262742664266,6.770174191398086e-7,2.580180580307638e-6
221664_s_at,-0.21257103785842268,5.426501072079663,2.14590188314858e-4,5.401561765547636e-4
221667_s_at,-0.61142805465338,3.7468058086303913,6.658040528459207e-4,0.0015237681730695038
221675_s_at,-0.21713241525185378,6.48885602694831,6.95113707447266e-4,0.001586778851029738
221676_s_at,0.4391287430464397,6.83228603767748,4.472936122332428e-15,5.180385370653762e-14
221688_s_at,0.2027348329287882,5.482636554118572,8.444868195456778e-5,2.287480985535486e-4
221689_s_at,-0.2219914640412613,6.201540444517591,1.1875282632244228e-4,3.1358122464686324e-4
221692_s_at,0.13183657959070752,5.526420509422121,0.005632505212780757,0.010719671050723086
221693_s_at,0.29230888983898307,5.211554709665967,1.0770682111468478e-7,4.6358504403439854e-7
221699_s_at,-0.1352139635471631,5.8208128140013615,0.004876276636151079,0.009414228077687244
221704_s_at,0.3883411660627687,5.060862549054138,2.0210370575504866e-9,1.1149006177929127e-8
221725_at,0.4662987312221445,5.216766776768783,9.461417295986758e-20,1.9197000661345857e-18
221726_at,-0.36727132102027316,7.795505191571516,1.165027266222598e-11,8.764703021799644e-11
221732_at,0.3127584707516298,6.996316126551119,2.335209807854465e-7,9.515824523219812e-7
221736_at,-0.6072418166336712,4.7477672675653535,1.0245315991087095e-19,2.070906985141812e-18
221739_at,0.478909665727671,6.405660963347121,1.8469514121334985e-22,5.2206835034792e-21
221741_s_at,-0.48646155790420964,6.888598624309601,4.654642453031386e-15,5.3792000646521295e-14
221744_at,-0.3841310223716493,4.954758023768537,2.30461071350559e-10,1.468726625448268e-9
221749_at,-0.23020615649403717,6.570684981768816,2.8466214871449343e-5,8.387199117652277e-5
221756_at,-0.435304950108488,4.84388390032246,7.58808474193047e-12,5.856711227687401e-11
221764_at,0.1619388136063746,5.48381336625481,0.003156677637935028,0.006328122667514587
221766_s_at,0.569413152926961,5.9086121201229735,9.038511491664661e-10,5.291233530612214e-9
221767_x_at,0.11448438154941813,7.118202851749926,0.0027429727289332746,0.005567538242717349
221771_s_at,-0.44279747764009636,4.979540042038727,1.3487530263906418e-9,7.657229025820321e-9
221775_x_at,-0.19779847697924113,9.416950211343732,3.2857386647476924e-10,2.044141597877005e-9
221776_s_at,-0.12404608278065148,5.102137418199498,0.008010150031236028,0.014731800392211428
221778_at,-0.2583956816625857,4.991571023248408,4.8640161621468146e-4,0.0011437270663976916
221780_s_at,-0.9005041336683689,5.438991229505469,5.329393022002396e-35,4.964677169105363e-33
221781_s_at,0.25396917920908707,4.884216112822152,0.0013788567650681383,0.002963707412327298
221782_at,0.26368113985604996,4.565802855613943,4.958626960763868e-4,0.001163675150726469
221795_at,-1.431742152923829,2.2829156635829198,8.236042385426366e-10,4.85328504263326e-9
221796_at,-1.1428578798492914,2.3274029389515487,6.168101235160681e-7,2.359959590438442e-6
221804_s_at,-0.5570064909713317,6.095803757611012,9.262403777065471e-24,2.997828751169257e-22
221806_s_at,-0.3845893668359251,5.632032519700614,7.386559436207958e-9,3.761036655898092e-8
221808_at,-0.19840978127162323,5.762915151850109,0.0012757485851515944,0.002757686560276237
221810_at,0.2963599217886549,4.913368901552729,2.4931089650894383e-4,6.186860399120489e-4
221816_s_at,-0.23022913237755524,6.33781491722096,0.0011998155651564999,0.0026072259938177654
221829_s_at,-0.32477864168700565,7.677998791832464,5.795155906963861e-7,2.228410094447374e-6
221830_at,-1.0973974132760302,6.308027105411676,4.043109337333374e-35,3.867306279540396e-33
221839_s_at,-0.15086951048079214,5.204044490091997,0.007004221893767209,0.013065685033593613
221840_at,0.6187658266030622,4.555406892629014,5.999594504583224e-29,3.197694324756223e-27
221841_s_at,0.3045274327307682,7.35082579687901,0.014607871794608618,0.02537194074832071
221844_x_at,0.1475413709158754,6.832302790526387,4.2591620427213635e-4,0.0010119406290457743
221870_at,0.18992677478426856,4.525163350261323,0.018966644979156934,0.03212992847275589
221872_at,1.0886237487793007,5.411767931279758,2.8482306086768785e-11,2.0287961775768217e-10
221874_at,0.5298286884598332,3.841605870471518,3.648285817553286e-4,8.773083269011974e-4
221884_at,-0.2850803536406613,6.467212144945023,8.49864716943904e-4,0.0019031356004640557
221891_x_at,0.08212391049842965,9.356846790552035,0.008940808510756765,0.0163145770014882
221898_at,0.4301332335857383,4.0338213906380895,8.756746560726877e-5,2.3671719885204903e-4
221899_at,-0.255375181890979,5.425338293989156,0.012857827017311238,0.02268542503894191
221918_at,0.14277923169426304,5.359893179624352,0.013817953825763967,0.02417239375169977
221922_at,-0.8882607154892919,6.025294910733727,4.993716744890305e-18,8.345973087053016e-17
221923_s_at,0.24525672068747,7.954044846138842,1.7894074226907237e-4,4.583912414941588e-4
221927_s_at,0.21449282878907824,6.145908350977955,6.302321948950552e-4,0.0014507257206512088
221931_s_at,0.35167877674535325,6.061602058351377,1.0390892379349905e-8,5.179973478826223e-8
221932_s_at,0.21567063939765674,6.411047222175426,1.387824280267419e-6,5.072590076596677e-6
221934_s_at,0.12988691793412427,5.044070822182054,0.010698481489639361,0.019201345652287902
221952_x_at,0.11203163981448686,8.057245267448863,0.0086236460526774375,0.015790620742665223
221953_s_at,-0.41698448572098007,4.699187700774661,8.684886874912974e-10,5.092566671644373e-9
221954_at,-0.4606776304977841,4.453465557436943,3.76361739054541e-9,1.9989902382207723e-8
221958_s_at,-0.3987733466218052,5.372197812394555,1.1313998315549734e-6,4.182431468408706e-6
221970_s_at,-0.14453966016491498,5.7572785097531,0.010987397816281184,0.019677029890641982
221972_s_at,0.36890207753314014,4.908647899364421,9.82505456540984e-11,6.497272195014544e-10
221984_s_at,0.11235252500832896,5.749176405172403,0.015104166525332507,0.026132257103663948
222000_at,0.4376491461370879,5.1705597085264206,4.853591221168014e-22,1.2966713903334897e-20
222001_x_at,-0.5795642084015412,4.994793841684033,1.1936132281531233e-16,1.714098996408098e-15
222014_x_at,0.21990943968071353,4.783339611090113,1.5474372268825664e-5,4.7536441324570164e-5
222021_x_at,0.24024206178334684,6.7594981680735815,2.388267285384593e-6,8.391442252648456e-6
222029_x_at,-0.20098297587607866,5.108555007323459,2.2504628791938624e-4,5.638262119926063e-4
222036_s_at,0.2591221250081069,4.797961664849699,0.001696891542144451,0.0035891014987154
222037_at,0.6437528358701183,3.9527614379747074,3.9884319791325694e-12,3.200604628647732e-11
222039_at,0.3915939453159153,4.460028544311111,1.8113319772444532e-7,7.52415644521901e-7
222040_at,0.257871552182376,3.9711045013357684,0.0049706804512309665,0.009580946324943747
222047_s_at,0.1963577747959791,6.861403374510534,8.995281807429173e-6,2.887817021366159e-5
222065_s_at,0.5019443091505226,4.95635058785155,1.2754599314136006e-19,2.5588019185831278e-18
222067_x_at,-0.4434225851787129,5.676424752428025,8.869500027111204e-6,2.8491440416924235e-5
222088_s_at,0.5094116405160682,3.934875502402705,2.541264631628647e-4,6.291788305670833e-4
222104_x_at,-0.3445500141745167,5.529103441178727,1.3142101702458838e-8,6.434704549288918e-8
222108_at,-0.6479302924347848,5.412075527220884,2.0845485802947628e-5,6.276488103040145e-5
222116_s_at,-0.37056376397231233,4.445178226731327,1.3445606901709384e-6,4.924539717538893e-6
222119_s_at,-0.18271188370471006,5.019880210238992,6.875699940149147e-5,1.8959941688241394e-4
222122_s_at,-0.2570639546968996,5.136274659406838,2.473706087220005e-4,6.141555808201139e-4
222125_s_at,0.10574605179207487,5.3956238984769085,0.02338460342995782,0.03879808836071521
222127_s_at,-0.17827844531401402,6.016198089403492,8.269901997890475e-4,0.0018573471719790496
222132_s_at,-0.29849163368500686,4.966394793184601,3.0943790086465654e-8,1.4344475257304481e-07
222138_s_at,-0.14901657001208668,5.525407831763655,0.014344921493680697,0.024980029902763542
222146_s_at,-0.25195984090691487,4.304886888066869,0.018435232125468926,0.03134369810508627
222148_s_at,-0.25810474948522155,5.130418665914866,1.4488586095517152e-6,5.2830572784641e-6
222158_s_at,-0.3932560507931942,4.749955557496673,7.055363918758656e-7,2.681238512297321e-6
222163_s_at,0.6028747417130267,4.604976618116,2.6419407489969225e-22,7.332412239379282e-21
222165_x_at,-0.16908551760286966,5.418699681135401,0.0035461647269836114,0.007035196800032487
222182_s_at,0.09556861212543703,5.973628446599604,0.026814399761938577,0.0438702908750226
222206_s_at,0.558665193180537,4.364734951788169,1.2578456916826926e-18,2.2236470123756905e-17
222231_s_at,0.26282133197844304,7.2705872775928695,7.215143895746042e-7,2.7380742669191406e-6
222235_s_at,0.33231305560015056,3.9816712935908374,3.4144749644812955e-4,8.264634047557189e-4
222244_s_at,-1.27851022315704,7.141009027779121,1.0530707247115752e-59,8.047768715923897e-57
222245_s_at,-0.6275217677577665,3.479242801136191,1.1254716874531367e-8,5.57944386288082e-8
222257_s_at,-1.6253715564603444,4.902927785015696,2.943527651638283e-17,4.511303538197557e-16
222258_s_at,-0.2192629943138614,6.306180714840944,0.004067342593936838,0.007981945632688284
222262_s_at,0.7303040121906302,4.0886217067246005,2.2606876022250253e-12,1.8716187235422485e-11
222266_at,-0.8447505236073314,5.0161655129433464,3.8833883017650646e-18,6.572312618769217e-17
222271_at,-0.5663718335799393,3.3892848184748336,9.937055887310825e-5,2.657770057086563e-4
222288_at,-0.5087801940758628,3.2761766461507564,0.002549087503662079,0.0052075466107421526
222303_at,-0.6960242137899029,6.422252532117293,6.78176340333234e-10,4.043017882019998e-9
222380_s_at,-0.6977012543411351,4.285991884726787,2.2048461243695355e-11,1.5884678231587648e-10
222385_x_at,0.21009096783099043,5.7817686543053854,0.0013106541930992578,0.002827434226877235
222387_s_at,-0.3290914578567418,4.4195628750385305,1.572159651783405e-4,4.066283522345634e-4
222388_s_at,-0.3187879014094324,7.452184025286222,1.8060908394482367e-11,1.3144464105305e-10
222389_s_at,-0.14538108034785793,6.329586783732208,8.056232493827476e-4,0.0018123985448629514
222390_at,-0.0883726862881546,7.155833395508247,0.027323777221894288,0.044615093031268635
222391_at,0.1390901933317856,5.893698618783213,0.021923732636873975,0.03660675619370806
222392_x_at,-0.23215606208812486,9.123308331380466,1.683752998751939e-5,5.14931369558365e-5
222394_at,-0.5438364526210554,5.268794946770546,2.1001824306128504e-15,2.5308497614348102e-14
222399_s_at,-0.1864102556422674,7.750968472805417,0.0011613254299516406,0.002533349487084489
222402_at,-0.4188547263647692,4.477952253390728,5.286503436225868e-7,2.043822133247482e-6
222403_at,-0.19038741124611094,5.362520215601279,7.811607800529076e-4,0.001762547480351053
222404_x_at,0.2609422420761296,7.387513070034808,2.7871223575016063e-4,6.85140931985193e-4
222405_at,0.24246195200795084,7.362782136869161,1.3613604117164808e-5,4.232226956099437e-5
222406_s_at,-0.19043812838223206,4.705058489104406,0.005076262594516746,0.009756369066210604
222408_s_at,-0.22457380372190913,5.9366169222105984,2.6121568518475385e-4,6.455371707922186e-4
222409_at,0.6391779120528447,6.009125375278662,4.189152791575891e-25,1.6085445826577964e-23
222410_s_at,0.15566926917413218,6.348003368497351,0.003935263029912268,0.007734080506228237
222411_s_at,0.4228777534267946,7.167379217055471,1.6040914869681768e-17,2.534606504408566e-16
222412_s_at,0.7357743796442431,4.675867614649757,1.1115045760302076e-27,5.41252205591437e-26
222413_s_at,-0.2928348931966009,4.52081292740964,0.00266800114544971,0.005426674818910716
222414_at,-0.2590247260370839,4.725612066712874,3.082714170668838e-5,9.038072498734335e-5
222415_at,-0.32324010140353143,5.212080497438648,4.1304245293926435e-7,1.6238252470966382e-6
222420_s_at,-0.24368347413180316,5.516337280860034,3.815141203935584e-5,1.0992901484067217e-4
222423_at,0.1262469234295425,5.114173304645254,0.023766829377371915,0.03934085956733395
222424_s_at,0.4100390920927901,4.659317941406834,9.689637314194834e-11,6.411679094933246e-10
222427_s_at,-0.11378346032348323,6.153915786507007,0.021402967910269195,0.03584336333011003
222428_s_at,-0.18640728161894782,5.806520617751658,4.954356765698386e-4,0.0011629277833244262
222430_s_at,0.22553053709095233,6.847712890526641,1.1942047278176809e-8,5.8929135187060415e-8
222433_at,-0.40221632227765614,6.06429164539996,4.1112403798192323e-7,1.618659249871497e-6
222435_s_at,0.30548903484478945,5.585515406351659,4.595088385846103e-8,2.0826791817416066e-7
222436_s_at,-0.32036354148122764,6.094892493213323,1.3969980087414362e-12,1.1944165736350363e-11
222437_s_at,-0.6795141098872066,7.361406743594448,2.0307601012651824e-44,4.805696375280731e-42
222441_x_at,-0.4241813788155173,6.45083501834891,3.053993467511381e-10,1.9043906878608512e-9
222442_s_at,0.166735169692918,4.767493466211977,0.0027772776098641495,0.005632899476424581
222443_s_at,0.3724183330331272,5.9631098921755665,4.432647907476672e-16,5.8891948648062704e-15
222444_at,-0.30395218788052536,4.475692797275761,0.0011473377749970613,0.0025048766218755897
222449_at,-1.192490571186939,6.695399670306987,4.366145898068385e-20,9.225743788166984e-19
222450_at,-1.4180781730143905,6.707114286003275,1.8135326225377667e-24,6.476124995082365e-23
222451_s_at,-1.0254845627569786,5.7687072464071845,1.2101734857750434e-30,7.537551484365139e-29
222454_s_at,0.2451536959393987,5.04653458708364,2.4988902203642763e-5,7.436280814100693e-5
222459_at,0.29665933240064,4.666906077634479,7.639424963431794e-7,2.885795473668717e-6
222460_s_at,-0.2885063847789628,5.872752227146402,2.1951820570610078e-13,2.081149148433148e-12
222464_s_at,0.14751731910733332,5.843374840496884,0.0012315375748613527,0.002669660469342305
222467_s_at,0.21679760071306123,5.7782092271650844,1.9796254449733854e-5,5.9875006753246405e-5
222473_s_at,-0.19808956305812644,4.451081223799054,0.017031718433683337,0.02916106753716631
222474_s_at,0.5230211968585534,5.9467423552053225,2.307012456820765e-16,3.193155613684865e-15
222476_at,0.2110735883628607,4.812071469149032,6.774078843722726e-5,1.8689938548552263e-4
222477_s_at,0.14229261861812678,5.911901898369016,0.013401092553306676,0.023523825089886027
222478_at,-0.5634875960393926,5.6711918803399,2.3367051656794085e-12,1.9300788311429067e-11
222483_at,0.410192474188599,4.630335754860554,4.69485311507186e-10,2.860976190089013e-9
222484_s_at,-1.522896259987435,7.3667319219228995,8.429487335851241e-17,1.2336761998493763e-15
222488_s_at,0.15792705065921184,6.019801718521785,1.0725507873971757e-4,2.8504680191977034e-4
222496_s_at,0.30389045867289405,6.314941170994018,1.2633019075212998e-4,3.3236132945176045e-4
222512_at,0.11503256455185447,5.792603657990023,0.024353026888673378,0.04021797087380267
222513_s_at,-0.6590202055847576,4.522845515901274,1.1610814777823857e-7,4.97745733152569e-7
222514_at,0.2000268366652597,4.871490594037738,1.830084257566588e-4,4.675815084977547e-4
222516_at,-0.10941944953457367,5.238540930339979,0.015612006738382866,0.02692826085788048
222518_at,-0.8678306547775533,5.758552774529077,1.3298602028668204e-28,6.882508383242631e-27
222525_s_at,0.16169764475856743,5.212415088496598,0.005034911980132418,0.00968732256522245
222529_at,0.3352197623957813,4.540914995649908,4.443755388700488e-4,0.0010520652260585265
222532_at,0.655175215541596,4.746298529020847,6.727151699609623e-25,2.5198593062209055e-23
222533_at,-0.3435971479428287,5.693584934675612,1.3593866528062062e-8,6.637697908620276e-8
222543_at,-0.15292745923970882,6.174225246040446,0.006176239871828833,0.011651005061965538
222549_at,-0.699778426030192,5.932272273642981,6.3859942496167e-7,2.4407119656134038e-6
222550_at,-0.2621645363071082,5.942152799424193,5.750925181595012e-6,1.8933516124900847e-5
222551_s_at,-0.5422355952804231,4.591898482567623,2.2868103839051292e-10,1.4582499787366457e-9
222553_x_at,-0.7215040462734684,4.82747423493529,4.436273925043088e-16,5.8891948648062704e-15
222555_s_at,0.3890919731016343,4.748210943912644,1.0828708102711502e-11,8.163824764556532e-11
222559_s_at,0.16611326285017888,4.646778691319895,0.02397898504321849,0.03966139675281761
222572_at,-0.5615223352719497,5.794736516192215,3.5225227696253357e-10,2.1825787409483066e-9
222574_s_at,-0.23859173784355872,4.728211562060981,2.3110262723062772e-4,5.767068356677649e-4
222585_x_at,-0.5899603188868155,4.613058826699753,2.2749968900106568e-11,1.6353795140892787e-10
222592_s_at,-0.6682689096349479,7.484255527409863,4.686176192738529e-16,6.197901920099736e-15
222600_s_at,0.5171359902202604,4.5376756815493,6.446109744563545e-14,6.417952945493426e-13
222602_at,0.2880172191235433,5.076588167525828,2.4497420415679306e-5,7.298786343509222e-5
222603_at,-0.2622961452088304,5.271725209335145,1.370394134906027e-4,3.5807396017678697e-4
222606_at,0.3462109055463979,5.2650540093575415,2.594083561735535e-7,1.0498835359604377e-6
222608_s_at,0.30404710328643725,5.417330334078521,0.002487900756286296,0.005090313369384089
222609_s_at,-0.10010790820998156,5.173427793760564,0.026263163557082806,0.04310007217938543
222617_s_at,0.20382511202378764,4.90051195746788,4.397065185308557e-5,1.251148986194172e-4
222619_at,-0.19022089561256497,4.723536659495253,0.013208724328144433,0.02322039115973274
222620_s_at,0.2848545012887988,6.6633063589167465,3.955169511572084e-7,1.5606530746766755e-6
222621_at,0.23990439968734403,4.830148872403362,2.8514192549774216e-5,8.396716459200966e-5
222622_at,0.2348580888745035,4.95510923651747,0.00017938514588916311,4.593100066707946e-4
222623_s_at,0.34393480686610406,5.350955372193041,1.9913574464093587e-9,1.0996604290403845e-8
222630_at,0.420264668147391,4.468110990653356,1.0939900841687883e-9,6.297644154594428e-9
222631_at,0.12938396197787944,5.240892170966098,0.023136806565964407,0.03841670935232124
222641_s_at,-0.48999321700758164,4.612983270713947,1.6879822404279555e-13,1.6145851555093471e-12
222642_s_at,0.2625896380056528,4.5398069664311995,1.2236482699232496e-4,3.2272141594504614e-4
222646_s_at,0.730605785804666,5.875331299953675,2.7541575707931367e-14,2.889842316935051e-13
222649_at,-0.2452990797510733,4.562826243033694,3.3659988319649546e-4,8.154668812039926e-4
222653_at,0.2624103403867617,4.40654690677936,5.600438716769986e-4,0.001302029079269897
222654_at,0.46838727522879303,4.259449925167044,2.927130608219889e-11,2.0808460654186912e-10
222667_s_at,-0.18775905529553277,4.664775915854603,0.01326651526838257,0.023306687122037137
222669_s_at,-0.22638332666514652,6.187673104297887,6.7803589515630535e-6,2.2105290763266887e-5
222670_s_at,0.4569239034639087,4.881764206824136,3.0353427485051934e-6,1.0496328878223414e-5
222673_x_at,-0.5093826842008478,5.425512945837396,2.5579842005375458e-9,1.3889348575954753e-8
222680_s_at,0.4493315051391974,4.3797317064694035,1.1456700233344467e-7,4.915323572279507e-7
222688_at,0.43531290678767987,4.425851674824783,6.960724520668317e-10,4.140490937807867e-9
222691_at,-0.24959578190496626,5.805334466934575,2.1585963645042954e-4,5.428413815242845e-4
222692_s_at,0.1583130516333918,5.0650758812708645,0.006671597282346573,0.012501805437428518
222696_at,-1.563107491346868,6.865874344777036,1.7781097374562207e-24,6.370866092765382e-23
222697_s_at,0.3909076698479451,4.26615361689576,1.065052722380268e-8,5.294621723832859e-8
222699_s_at,-0.21479324657242557,4.6428472413789414,0.008923765279151655,0.016286251692598244
222701_s_at,-0.4938392239453148,5.8864958069769555,7.085755613861553e-11,4.792279033541592e-10
222714_s_at,-0.22739322130423498,5.534068842421863,0.024073914236322446,0.03979997580458679
222722_at,-0.9892519352357296,2.4951262831683443,1.2491772906530454e-5,3.91184925892022e-5
222731_at,-0.5065570441662788,4.589046860583479,5.136322931049393e-4,0.0012030045378297364
222735_at,-0.19710806615689483,4.8216966578685705,0.025739759671293855,0.04230592902095291
222750_s_at,0.3943855323292687,5.083450199729786,1.1877720375113573e-5,3.738132149782365e-5
222751_at,-0.3645426109930544,5.6053657204234195,1.167029408309635e-13,1.1334892158858675e-12
222753_s_at,0.6482518964159517,4.368101115297193,5.226910015370656e-24,1.7553569590804339e-22
222754_at,0.14787603251061637,4.72391039447273,0.01690711776568132,0.02897551633718509
222757_s_at,-0.2823401752977156,5.0219203376694175,0.0013624583204663498,0.00293151556279494
222760_at,-0.2756529752963976,6.203846155308758,6.686065815888748e-4,0.0015295285732568045
222764_at,0.5262213899421028,4.408539631938957,8.56779186396712e-6,2.758015451883406e-5
222768_s_at,-0.29910500656179834,4.519729460658407,2.1730958652586052e-4,5.457190812122699e-4
222785_x_at,-0.44235266879646346,5.14216624802276,1.7746260154977012e-9,9.84545235837746e-9
222787_s_at,-1.6308258330772651,5.3427214232306595,2.2960198207380313e-39,3.0366988073538928e-37
222790_s_at,-0.5797254826337254,4.954840692216355,8.948872790367546e-16,1.1385899549074528e-14
222791_at,-0.728364746926319,4.790603729198767,7.042820751340243e-18,1.1536657294970644e-16
222794_x_at,0.19224305718815984,5.187715456721895,2.5527053361988237e-4,6.317193870801108e-4
222802_at,-0.8893499872089528,5.0136721711164265,1.628676144454254e-10,1.057455002153844e-9
222808_at,0.1539778112286179,4.800061948278792,0.026821643881544024,0.043875442190102476
222810_s_at,-0.21212358389877092,4.799379693872549,0.007974471005340183,0.014678781422716388
222817_at,0.592797065579034,4.652119384815124,1.1692950759691003e-18,2.08084022406262e-17
222819_at,-0.6857376053841069,4.7840893196921055,5.1529169166624836e-17,7.67777453799794e-16
222824_at,-0.1863935678897595,4.614010289084671,0.02874217890824066,0.04670331603882636
222826_at,0.3364703057070573,5.001960099509737,7.704467799453281e-7,2.9083144304278717e-6
222834_s_at,-0.25904022096119905,4.315542785194597,6.976009300271156e-4,0.0015921173334854045
222838_at,0.8643057855726898,3.6202776223376594,1.2687126993503024e-11,9.49805670729545e-11
222845_x_at,-0.23997643677418215,7.805453499654106,1.3615000338880157e-7,5.744682892100162e-7
222847_s_at,0.849697952732974,3.8741742971077997,3.6210781904413017e-13,3.3499663777372764e-12
222867_s_at,0.6326804697608757,4.597053424669346,2.570544432107111e-25,1.0237264870320997e-23
222868_s_at,0.9383787237053608,3.5332781899800336,3.301609177594723e-24,1.155886899332427e-22
222891_s_at,-0.7936533008262937,4.282003497528068,6.923867488859453e-13,6.170997704505102e-12
222895_s_at,-0.46558627444318457,4.397896742081686,7.826559691688362e-8,3.427879557524833e-7
222904_s_at,0.23831367602815964,5.613416030810624,0.020946998506683842,0.03515255923580708
222906_at,-0.2826000716708438,4.316244131993524,0.002021872571748257,0.004215310945391975
222938_x_at,-1.2671983793052508,4.47509656967204,3.1970495005339415e-14,3.3284734012847537e-13
222943_at,0.5477610018839759,2.056949106211299,0.005186354461982565,0.009946547681922524
222977_at,0.26019199723420494,6.191126745167645,4.8213434548824775e-9,2.5294344971672858e-8
222978_at,0.24777478089401567,7.14672883089552,4.210128174151429e-9,2.2262143696783937e-8
222979_s_at,0.2912025890160621,6.049305846386506,1.5413903696728804e-8,7.482063901361834e-8
222980_at,-0.18779273566555676,7.593429820317876,2.03889584743137e-7,8.397805157067386e-7
222983_s_at,-0.1995834946586523,6.3267860025176015,6.676473077932085e-5,1.8439045136346076e-4
222984_at,-0.2801131799074361,6.5081406141704905,7.601413121781809e-9,3.8685956662065806e-8
222987_s_at,-0.46203410829505664,5.019562575780515,7.59911892168594e-11,5.097643143896147e-10
222988_s_at,-0.47550471586795684,5.910114366123606,5.825803685420006e-11,3.962656182978065e-10
222991_s_at,0.39022504453646745,5.033652708733726,4.74955234951742e-17,7.116357247605611e-16
222993_at,0.16125413250410814,6.075269707277696,0.0024433891131020514,0.005004976590566401
222994_at,-0.6435784192939263,7.733943346541721,3.543357892562988e-14,3.6482938046210417e-13
222996_s_at,-0.5287052358170485,5.646857569115063,1.969800763917631e-11,1.4297070178759876e-10
223000_s_at,-0.28028163868505646,8.230582911343909,1.0051336718685699e-8,5.0177059770400694e-8
223001_at,0.2286579987567113,7.104402664835752,1.5069510844416618e-6,5.470714261360166e-6
223002_s_at,-0.33881126129930833,5.561361013175836,2.416633298650991e-7,9.825196405483137e-7
223006_s_at,-0.4744761764566417,6.497980070483161,1.0354649229554566e-13,1.0139794990513535e-12
223007_s_at,-0.911192217681872,4.980672225785275,3.058330518873816e-37,3.448831036704757e-35
223010_s_at,-0.13840949396562874,6.789800199609337,0.00489318522767789,0.009441767533161605
223013_at,-0.17037322519119658,7.451567800733667,7.565617445640204e-4,0.0017135403741045138
223014_at,-0.2543407867856427,6.593007266090269,2.8854565376879504e-8,1.3416621479275613e-7
223015_at,-0.18261481135518667,7.427233259102705,3.5589098976534134e-4,8.579343324383667e-4
223016_x_at,-0.20119304166708304,5.471121662519383,0.0012045200771736936,0.0026158572038844073
223017_at,-0.11621048524596694,6.783919508896174,0.0038794856496681823,0.007641281442341467
223019_at,0.16281911078413536,5.647653330599163,0.00585352249913616,0.011104796623560419
223020_at,0.12249283859248032,6.712036001904746,0.008313372246399333,0.015255422554929093
223034_s_at,-0.1614628777213798,8.447859640822738,3.6710175583842587e-6,1.2540692315998267e-5
223037_at,-0.4502064971982669,6.712305828792729,1.2113701842551763e-18,2.1521407601866837e-17
223038_s_at,-0.7295209541209086,4.762090407300435,1.5846149176172088e-15,1.942331763436288e-14
223039_at,0.1407296145285637,5.843980291346563,0.0026342952991288814,0.005366268404557465
223040_at,-0.3127716138509133,6.666327015169565,7.284258964265277e-6,2.364735341944664e-5
223042_s_at,-0.5086962040930207,6.757443162877432,2.0675204051737988e-17,3.2287676531526104e-16
223044_at,-0.6439305057006551,7.668178821648088,2.2474204704265128e-10,1.4348400178593106e-9
223049_at,0.12673099616189845,5.893852303258767,3.3977616458980323e-4,8.2262209329758e-4
223051_at,0.1603689737319862,6.291180082528711,0.0021018701078102395,0.004364670375067086
223053_x_at,0.10781601420171671,5.466333361210505,0.026158302561280485,0.042941142405608
223054_at,0.17066907766479,6.313718321353765,9.306351978586863e-5,2.5037405511451797e-4
223056_s_at,-0.16967043805694076,5.240285048225064,0.0014169120646458848,0.0030373278991158376
223058_at,0.509179895367125,4.90212024324293,6.114542831694542e-7,2.343652857099951e-6
223059_s_at,0.3466656781472498,5.368378946168468,0.0014307697578407308,0.0030649542922910914
223060_at,0.12269642015694555,6.447231045245609,0.008188492417676092,0.015036564838972227
223062_s_at,0.4721221301215179,6.1955916134859645,2.6836006647917057e-4,6.609060671704263e-4
223065_s_at,-0.15587152885802302,6.10932764555685,0.0020744697697036418,0.004313624736575139
223067_at,-0.1569594668012672,6.552902930140942,1.6040263465887507e-4,4.1397095280667996e-4
223070_at,0.13198426597838822,6.8995851349721065,0.0031917024513343512,0.006386385573616904
223071_at,0.3530450450697694,6.464167337740324,1.6134612789468525e-9,8.99792331148237e-9
223076_s_at,0.1346896532062469,5.461961759138677,0.003777351839974111,0.007455189805018912
223077_at,0.3162581144010556,4.962900053819779,2.99719293650094e-7,1.2021313339099429e-6
223081_at,0.34447624131800075,5.164173424978043,1.330904611356012e-15,1.6502292941501107e-14
223084_s_at,0.31186152979058623,5.538605421058405,4.082232138871768e-6,1.3822045797640092e-5
223092_at,-0.7171508366673242,6.864612547039241,1.3080805570343357e-20,2.9316876584746524e-19
223097_at,0.3877055330148508,5.135158127864165,4.7604778581746035e-17,7.122765264612364e-16
223098_s_at,-0.1519255143439607,5.278243996248328,0.005104128881085065,0.009801135096444577
223099_s_at,-0.19268143508806193,4.918384811097808,1.3959162555117949e-4,3.642097137188957e-4
223100_s_at,0.11559217635788915,6.221964962465535,0.020884920854641265,0.035058000174831065
223103_at,0.1874165191906046,6.310820972686471,0.013043872448596207,0.022964503786657545
223104_at,0.1068187055171306,6.025509402193375,0.012163271975439644,0.021545160825543138
223105_s_at,-0.24132296773142595,8.059236514529138,2.0527322701008073e-11,1.486877674752532e-10
223106_at,-0.16037317222813982,6.926532549873702,4.268227641661901e-4,0.001013420273163208
223110_at,-0.39959840628900273,4.729022864108992,3.3650334770516e-12,2.7248377656578828e-11
223112_s_at,0.16613629194732152,7.244860030211087,8.90878489301035e-4,0.0019870874986221087
223114_at,0.15053680759992644,5.3427288812961065,0.007672192223676204,0.014188191833634244
223124_s_at,0.26427030870408624,5.481641004818014,4.163429820688739e-8,1.893962788494202e-7
223130_s_at,-0.3513034987132907,4.99548137101338,4.038620202436608e-8,1.8403121322289825e-7
223132_s_at,0.15216221446379052,5.119367206854423,0.014151319034614692,0.02467899736575406
223133_at,-0.27754602745652646,6.901235284750117,2.125480480968278e-8,1.0097681770560161e-7
223139_s_at,-0.27523598061446314,6.140394275493466,9.337592581858323e-5,2.5106849110311007e-4
223151_at,0.2507116159489024,6.190710216726783,2.1495825124689155e-4,5.409555427784706e-4
223155_at,0.22810703538285423,5.200545579330144,8.597982088243632e-5,2.3254274706224195e-4
223157_at,0.11177354305613656,5.90157988674828,0.022142822329674072,0.03694954137348883
223158_s_at,-0.13662233310645733,5.307684759104255,0.02711006814422023,0.044299902383927905
223160_s_at,0.3923107518456625,5.175970710610752,3.541020937967277e-14,3.6482938046210417e-13
223162_s_at,-0.48638727650688324,5.60503062355534,2.0646973800405586e-14,2.2052944199775177e-13
223165_s_at,-0.24162135254858028,5.866485694477967,5.468850782711733e-4,0.0012742017928488647
223168_at,-0.5119045932477579,5.435976453894261,4.1302250296610116e-7,1.6238252470966382e-6
223170_at,-0.449856494083295,6.300871491768115,9.874409374163389e-10,5.7211761830942335e-9
223172_s_at,0.37420825758386966,4.599908222447762,4.790470568732283e-10,2.917584491349002e-9
223180_s_at,0.5823518290760724,5.250386944264243,1.0550563855930831e-21,2.7367600626776513e-20
223186_at,-0.24908034756947375,5.428172241859575,1.9549760226474813e-6,6.9719234789022865e-6
223189_x_at,-0.37068166652144047,5.250243429442495,4.573010917656196e-7,1.78928655810266e-6
223190_s_at,-0.2915748450588339,5.667630311089718,2.5307626165322538e-5,7.52276912067426e-5
223194_s_at,0.33461417744488714,5.098504826437351,3.610932486295642e-4,8.691062620913325e-4
223203_at,-0.2020077134016454,5.682089063664801,0.0016072269381268896,0.003412928084866872
223209_s_at,0.27366844202663504,7.180785786528475,7.691387908422302e-8,3.3714336605126073e-7
223210_at,-0.20045756534475925,4.346668884712615,0.005417348429675664,0.010346951992710891
223215_s_at,0.29868325711434607,5.604577165029554,1.510888673567573e-7,6.337568660896402e-7
223217_s_at,0.3015305018060155,5.282767843728295,0.00832538847498789,0.015274856436469477
223218_s_at,0.35348153216898653,6.518683421204601,0.00048666761018277066,0.001144101406163709
223220_s_at,0.7445881022422997,5.003439639850152,2.3355639368397758e-21,5.832376796122266e-20
223221_at,0.4292890124221943,4.956942957970235,4.1509532640777767e-14,4.239195645192109e-13
223223_at,-0.3140570142211308,5.031312221223088,2.0284762918497784e-6,7.222022769885901e-6
223228_at,0.22220319987907178,4.955861982216663,7.280474817811248e-6,2.364223301703907e-5
223231_at,-0.4761265854036652,5.570460575091903,2.2661566478752837e-9,1.2437159922483562e-8
223232_s_at,-0.49176053352080407,4.412920354156685,5.1738784659093795e-8,2.3328181820407066e-7
223239_at,0.549870606465087,7.0013432784955585,1.6201689111337647e-10,1.0532081034572828e-9
223245_at,-0.32201931929744393,5.2054399035766545,2.55303377041116e-8,1.1948733413025234e-7
223249_at,0.18738807098560528,6.4415491039129,0.0075007668765190464,0.01389996809343514
223250_at,-0.21070896899276204,4.779922560649391,0.00288242893967603,0.005824115660269579
223253_at,-1.6889243580493074,5.427094988939161,3.028621323286208e-33,2.4033792767677887e-31
223264_at,0.41678605599527907,5.641027368809695,6.934107512684743e-16,9.0042537919262615e-15
223276_at,0.5330895156421729,4.879654675194754,7.239263596621614e-11,4.880694204569373e-10
223278_at,0.5849263623435386,5.639312271877913,1.105195778589572e-7,4.749282942651458e-7
223280_x_at,0.44760945763949345,5.069536826348793,2.4521609661306046e-5,7.303308432070384e-5
223287_s_at,-0.6752744705268452,6.273921020651636,2.9003530086800193e-16,3.979902919490006e-15
223294_at,-0.22568881962680507,5.844710674507601,7.993694245660694e-5,2.175722724943166e-4
223296_at,0.21683927493133495,5.023450430989281,0.0015275235242190061,0.0032559410097409893
223299_at,0.4188150214515651,5.419420155402955,4.8893201190658615e-11,3.346919261057673e-10
223304_at,-0.1766580715701509,5.741956833356962,6.741151556725759e-4,0.0015411522105887765
223306_at,-0.19709128280910426,7.0755399104029,0.0020220743907746995,0.004215310945391975
223307_at,0.18150933485547718,5.362477015103708,0.02049046431966774,0.03448772101439128
223309_x_at,-0.21136996916785408,4.799935258831146,1.1982486550884478e-4,3.161782719695207e-4
223310_x_at,-0.1934229300785585,5.642931667605243,0.002554786272030797,0.0052171988814841645
223319_at,0.39155727725822015,4.208388291869408,1.1516094777126333e-6,4.252496174628299e-6
223322_at,0.6013125469439473,4.748793413853703,8.57991828682446e-14,8.45599490402488e-13
223328_at,-0.23911170701180268,6.1402614355828,6.773956929130293e-6,2.209114172961121e-5
223331_s_at,0.1280210208631119,4.764523984599524,0.01290487694672559,0.02275344745396169
223335_at,0.16486701697936781,5.265605540577672,0.002027761630966376,0.00422552234050628
223338_s_at,0.2209832244047655,5.214012711380461,3.649840193042521e-7,1.4465681830582512e-6
223343_at,0.5849857466874199,3.931360237335808,2.0757347065412113e-5,6.255230917349085e-5
223344_s_at,0.49812261351064124,4.092269639161412,5.357276162408444e-6,1.7730151228879105e-5
223349_s_at,0.48563874980583444,4.125382083916021,3.871175779941829e-8,1.7700344059119424e-7
223354_x_at,0.21782991050240572,5.194657174684115,1.0734014169128125e-6,3.981769175688005e-6
223356_s_at,-0.5799614645562016,5.196998852207303,1.0042200221339551e-15,1.2671624378234467e-14
223361_at,-0.2577392598897491,6.155241168195368,9.684449622281034e-6,3.092384763144463e-5
223363_at,0.3394496426303209,5.029256229115496,3.9414675963285125e-10,2.428116294391452e-9
223366_at,-1.005730993335563,4.669132630293221,2.764261682515034e-22,7.652076331985417e-21
223368_s_at,0.19463871583675993,5.308268047612563,6.576815413649521e-4,0.0015074331092517614
223384_s_at,-0.16678833021040404,5.1104654269276715,0.011731741136480246,0.020877432357992172
223385_at,-0.23926783884534378,5.144113735296211,0.020848368121380023,0.03500761248970912
223391_at,0.5211679008099648,4.5431659038639856,1.0761190621435778e-12,9.327235851734749e-12
223394_at,0.1646293419428237,4.558231191440007,0.010428729874739298,0.01876750934790561
223396_at,-0.28393897866349194,5.182912438158088,2.5613278036045532e-8,1.1982316489089773e-7
223402_at,-0.20643556186361162,4.872514419557671,9.785925232762489e-4,0.002165151115625455
223405_at,0.3244462412823479,4.25258281920409,2.90546264025849e-5,8.541773124338419e-5
223406_x_at,-0.3369517673574535,5.575275987962072,8.324893781542013e-17,1.2200353909939752e-15
223416_at,-0.1759436634535384,7.830401094577491,5.5395473439077703e-5,1.5466554781152968e-4
223423_at,-0.9626166763486058,7.247700677229284,1.0134557089893297e-18,1.830885499224737e-17
223427_s_at,-0.6273144134983232,4.917144619004527,5.001573390988954e-8,2.2570284640970795e-7
223433_at,-0.7579335999538374,5.626700249191829,2.6285092087495406e-19,5.0464550454003276e-18
223434_at,0.5186527044302764,6.140377712962967,1.0504595154149891e-4,2.7959187052523673e-4
223441_at,0.5015637517873394,5.0553094185483145,5.446033111694416e-11,3.7137716566252245e-10
223447_at,1.455029497237608,8.259181797608187,4.858322875692065e-10,2.9572280095050616e-9
223452_s_at,0.40861371682626396,3.8550881366936967,1.6616588816349337e-6,5.9796276785203376e-6
223454_at,0.8554020560704236,5.294093522643311,6.113409621836667e-33,4.711723545232822e-31
223494_at,-0.2723337736772908,5.302489099840469,0.0015036546335216502,0.003209534187869583
223501_at,1.193955774792232,3.78313023667133,1.4882184092256633e-25,5.948986499266616e-24
223502_s_at,1.2892495255308485,4.290266439425019,1.7258104323150213e-28,8.804098648281345e-27
223513_at,-0.28524306425173285,4.108637694790712,0.0023892758689325355,0.004908209469582791
223515_s_at,0.4723366251123309,4.590741855620156,7.974486014261368e-11,5.339416791923877e-10
223516_s_at,-0.2853934386869984,6.622968156760143,6.752036470439724e-8,2.9902673297982956e-7
223519_at,-0.48408068909823465,4.990489101150879,1.1244082816351369e-4,2.978680989405841e-4
223531_x_at,-0.3117520998724979,5.423343774658699,1.213645501058917e-10,7.976554756346121e-10
223538_at,-0.29164041478504527,5.578899933847255,5.1462790892063046e-5,1.4464232465391454e-4
223539_s_at,-0.3908862935367649,4.79854095801646,1.5322266347526813e-9,8.616741269299784e-9
223559_s_at,-0.15780884276486137,5.688369702504259,7.475647486203688e-4,0.001695313537673584
223577_x_at,-0.30343396488923086,4.567767418736852,0.023425573047547183,0.03883836166607975
223591_at,-0.23683661523684577,4.790420312022168,2.126206339468272e-4,5.355760290318268e-4
223592_s_at,-0.2715658792116474,5.915734170783296,4.1784149133727555e-5,1.1946452886832753e-4
223597_at,-0.7966460273403322,7.18316279473981,0.011041560144252498,0.019760814204038926
223598_at,0.18136702807809119,4.862438397327529,2.1728121802566436e-4,5.457190812122699e-4
223606_x_at,-0.8086786166553359,4.285396870700657,1.4805611228747142e-16,2.1008292621197166e-15
223639_s_at,-0.16906965480761083,5.278162883107245,0.002524034194435136,0.005162271539706684
223642_at,0.941516237600677,3.300528285515272,2.0320049851995997e-5,6.130349030257199e-5
223649_s_at,0.15389407189641158,5.897910782318529,0.008308944500116574,0.015249909616198192
223671_x_at,-0.22379689417118448,5.425684759478139,1.2274925511255135e-5,3.8506962518909594e-5
223679_at,-0.2534246255056308,4.87181246312572,0.012299188387901538,0.021764321968878293
223681_s_at,-0.39131707621458245,4.858640174929788,1.3887233323588014e-7,5.852647099570854e-7
223696_at,-0.23690834781038114,5.123706500796121,0.008231590167055922,0.015110525267249843
223697_x_at,-0.35769023457110893,6.202587231367924,7.878665039339527e-10,4.652929358679402e-9
223705_s_at,0.13969479749691138,6.170408390479132,0.0032503786310807276,0.006497724626752722
223743_s_at,0.22832132935366187,5.121298660236486,9.716348710351639e-4,0.0021510899717709676
223748_at,0.9463085696043085,3.328889884353231,9.564121403121372e-11,6.336452232012323e-10
223761_at,-1.199231006803737,2.227232941715471,6.284966621620429e-10,3.761499855721768e-9
223773_s_at,0.4546737082333798,5.485616657366472,4.944921647731754e-10,3.006523587522718e-9
223776_x_at,0.17863966884239407,5.351120897022727,2.11317330702633e-4,5.329196242507786e-4
223779_at,1.6593167324747413,2.831750110496147,4.800416018526513e-29,2.5842641611293736e-27
223785_at,0.359451886653068,3.0318258262364113,1.447113988543208e-4,3.764675123667651e-4
223839_s_at,-0.5094142493684892,4.872720951053193,4.039748816084115e-6,1.36998509233014e-5
223880_x_at,-0.5279451008419628,8.51339813147439,1.3519472345787211e-20,3.0173772341753834e-19
223886_s_at,-0.2229003967449756,5.173554489809006,2.1989401614632515e-4,5.516537414891179e-4
223892_s_at,-0.2337936082361837,7.7747720484690195,4.454537446923734e-7,1.7467591386857233e-6
223922_x_at,0.2616180168299602,5.324596015290545,0.006808760477381889,0.012727665502389142
223940_x_at,-0.47161087092937404,4.5690754366619855,2.1666492512752045e-4,5.444830736315099e-4
223949_at,1.2308815648953304,2.6119917326076174,4.733086699332679e-18,7.935142067284974e-17
223952_x_at,0.6774543114432409,5.052089461339479,0.0013387319144945108,0.0028833604744631473
223969_s_at,-1.1290997331099801,5.49257265472314,1.3970958246998347e-5,4.332007979742208e-5
223970_at,-1.3467363892425617,4.20875898332876,1.5319391256312163e-7,6.418327670272672e-7
223978_s_at,-0.18285944836395962,6.3397352711990695,0.014432505939825797,0.025112138400739607
223988_x_at,0.4003758301248377,5.7800559791209,2.6128722305033916e-17,4.0450433822807565e-16
223993_s_at,-0.2682672142644863,7.561925106392468,7.500669130097314e-8,3.293224114374284e-7
224009_x_at,0.7153435480692918,5.006680118115731,8.830183456409621e-4,0.001971608073541398
224068_x_at,0.11904722213779154,5.42885281643964,0.0015733747962219978,0.003345576585771396
224097_s_at,-0.16614055889365711,5.262667396742204,0.013270607493712424,0.023310053792448136
224129_s_at,-0.2852627015847267,6.7398035041620865,2.3176710455387825e-11,1.6630415211558593e-10
224130_s_at,0.3243970764431882,4.977001249876167,3.2725864504940442e-9,1.7529609322071348e-8
224159_x_at,-0.22562935130848846,4.173165914172914,0.005704914585891504,0.010843993960016975
224176_s_at,-1.046660184736906,4.562629321262017,7.862709466718463e-20,1.6136629600949213e-18
224187_x_at,0.11162992774280911,9.644641710461206,0.0012283438137626744,0.0026638152382266254
224196_x_at,-0.21818893160224923,5.468372603618683,1.4660827504796336e-5,4.5249624044622055e-5
224209_s_at,0.6213738592376494,4.894650578061747,4.2827382787825354e-7,1.6812376394502492e-6
224221_s_at,-1.699480781503358,3.8525897462025838,2.6705909011799412e-20,5.756547348961914e-19
224232_s_at,0.18379481345989632,5.078081350376484,0.0011970871746976614,0.0026039380512763548
224247_s_at,0.15470444648523193,4.718940086625881,0.017453464252837603,0.029802193583144603
224250_s_at,-0.5058220103102368,5.630627239101168,1.642879828531123e-11,1.2078464798730179e-10
224298_s_at,-0.24938360039325222,5.329941239896391,2.8978596261127067e-6,1.005335821714554e-5
224301_x_at,-0.9158170612963004,7.245874032069737,4.491909312971297e-29,2.4303951752455306e-27
224320_s_at,-0.5077627046140393,3.8805270439690944,4.361308542782686e-6,1.4665002642445361e-5
224330_s_at,0.19985011711803044,6.116372365895108,6.984228024038855e-5,1.9238121974888452e-4
224331_s_at,-0.2254415042773165,6.796920655996517,4.905912646233068e-5,1.3849022972093507e-4
224332_s_at,0.3045536766153052,5.244399924058114,2.8606672842876507e-11,2.036300904755721e-10
224333_s_at,0.2727027376071368,5.754258989595378,1.3953519392189898e-13,1.3454910283396074e-12
224336_s_at,-0.6668723423275357,4.2254171440679915,9.07925884707913e-16,1.152441943468705e-14
224355_s_at,0.6832677095166482,3.1833863631799124,2.929623578311321e-7,1.175910730402742e-6
224356_x_at,0.4339701651221541,5.1033760181139955,9.938417668896455e-5,2.657770057086563e-4
224361_s_at,0.2063566659171981,5.09428568117877,0.029265923733106207,0.04746795472411307
224368_s_at,-0.19590039921659866,4.1769449568336805,0.028013815052858576,0.04565829920299314
224372_at,-0.08659978623323512,11.11484562853783,0.0027992091924888543,0.005673085145503801
224373_s_at,-0.11930851027044409,10.92602801636944,2.7578282616920222e-5,8.143498943634684e-5
224376_s_at,-0.602782326586729,8.080654354882446,4.4543024182575506e-21,1.0723357709391716e-19
224378_x_at,-0.4077538427780642,4.965735289729921,3.7880767694954266e-11,2.6420355749742515e-10
224396_s_at,-0.43377365764018894,3.587228384974041,0.02953841908525754,0.0478447359631636
224407_s_at,-0.2388455477306937,3.7892454718371833,0.020650355797535776,0.03472410322696606
224410_s_at,-0.27081376260573803,4.275457343541436,5.7817577136454e-4,0.0013412726372083836
224412_s_at,-1.010294067377492,3.116586735818722,1.367730929845432e-5,4.2495653861467844e-5
224415_s_at,0.17982517161478864,5.921416467356431,8.919743644905078e-4,0.001988703718373946
224428_s_at,-0.2579820178710112,7.1592225563700715,0.0071626708407237566,0.013317197625247067
224435_at,-0.6796187096716112,5.985182159141719,2.0918412107970958e-16,2.9103759599051025e-15
224436_s_at,-0.2533525337384626,5.0342240553968,0.003072618351266111,0.00617578994317333
224437_s_at,0.1245881207951869,5.45383031849544,0.020430585441889845,0.0344133295615595
224445_s_at,0.13301577130202138,5.604804083670145,0.012796526015601235,0.022592152802428482
224447_s_at,-0.13588908143497555,6.355857158997719,0.026746068360952852,0.043778553147576456
224452_s_at,-0.3255888431067413,5.818494157265946,3.187012509107838e-10,1.986181792325321e-9
224464_s_at,0.17420257384223078,5.120900275265036,3.6872644632038304e-4,8.860848854711224e-4
224472_x_at,0.22379427365418292,6.071677834792508,4.93945323432172e-7,1.9221344896218156e-6
224474_x_at,-0.22513338214556672,4.997052704756231,1.5466307967403584e-5,4.753028033700361e-5
224478_s_at,-0.32665917032512626,4.491799561607996,1.2432292207808207e-6,4.572164312469939e-6
224479_s_at,-0.22633430845181784,5.077836467537953,3.8945953393455275e-5,1.119474104384455e-4
224492_s_at,-0.30055047032195337,4.702383727842669,7.020688999136987e-7,2.6709034534003745e-6
224502_s_at,0.13849925282448258,6.50372470299167,3.086459734024412e-4,7.521665862284696e-4
224511_s_at,0.3227435921111744,7.536039280605135,7.012724492485896e-10,4.169107518757015e-9
224512_s_at,0.6351894158831528,5.6224615237763205,1.2181770414854862e-25,4.9246530737486844e-24
224516_s_at,-0.4809511622499989,6.538850133607627,2.3997793610870413e-10,1.5248420103989012e-9
224523_s_at,-0.19640089789623935,5.2642502068609085,0.009097194792939018,0.016568896262624228
224549_x_at,-0.5993135491484113,5.760626269328748,2.857883853431277e-9,1.541616803716479e-8
224558_s_at,-0.3391057116967641,6.135389699005351,0.003371382296929279,0.006715808580699771
224559_at,-0.46740792205337384,5.1010247705768625,4.402702222320354e-5,1.2522039237943455e-4
224561_s_at,0.22147005338298872,7.587199660609498,9.455125515247975e-6,3.024567322927786e-5
224562_at,-0.22570664810821747,5.9853775061986045,5.24374502823337e-4,0.0012270913168952401
224564_s_at,0.21765192073564363,5.904135073056138,1.266656724179343e-7,5.382663025042959e-7
224568_x_at,-0.4272110282058854,4.420563823212367,4.7172325436548745e-4,0.0011126312690483194
224569_s_at,-0.38822245005163897,7.853099188866776,1.6538392751112225e-13,1.5847567222063083e-12
224570_s_at,-0.5201157182843987,6.021386862137837,2.6183911154609304e-20,5.655408068534869e-19
224571_at,-0.8193062082959596,6.718721891773836,3.019469148054672e-35,2.9951456465842317e-33
224572_s_at,-0.4396191694842974,6.110764062635773,8.194854921054243e-14,8.091380716060286e-13
224573_at,0.30933216136831515,7.630710061236309,4.025273706082065e-12,3.2255305938356935e-11
224574_at,0.32460634961783547,5.46796132177205,7.991522022897623e-8,3.4915650665294553e-7
224576_at,0.26297190695824346,6.1454505798909445,7.162160996584931e-5,1.9668862024202607e-4
224577_at,0.4035158971948875,4.5617544646572155,1.5927336791683992e-11,1.1735182878219438e-10
224581_s_at,-0.27383542297812125,6.386818893560761,3.4912962704643144e-6,1.196106713958561e-5
224582_s_at,-0.3763910859761233,5.300257859504592,5.245427048777756e-7,2.02940628290199e-6
224583_at,0.6627259926036259,5.538492693009631,9.017714038840804e-15,1.0043879552417823e-13
224584_at,-0.36628528341717714,8.117856566358446,1.6139153967452907e-10,1.0497827363819274e-9
224586_x_at,-0.124790302237005,7.837003847478599,0.001463396079547782,0.003129214012015048
224587_at,-0.35759327026870236,6.142402911246772,1.2425991928434659e-6,4.571416604715676e-6
224591_at,0.10587342438650867,6.898518471302669,0.022581102471557705,0.03761644390884741
224593_at,-0.15054879426396933,7.299064813684918,0.0029850895686317673,0.006015663007665937
224596_at,-0.18113565495355458,7.823654896703255,0.00135462329057539,0.0029158286742885582
224597_at,-0.5308839017056828,8.148222616956623,1.7755464491906935e-23,5.611041035451298e-22
224598_at,-0.1787372912061121,7.29918776000052,0.002472901000424527,0.005062524062210578
224599_at,-0.2336904812802783,6.247016062919024,6.461220998217451e-6,2.113559100882551e-5
224600_at,-0.2174153387947331,5.0439558847258406,1.0089407809134227e-4,2.6934419601110137e-4
224602_at,0.2735246196953205,6.172974226066746,2.643900109628085e-6,9.240667336971752e-6
224603_at,-0.14427257114098452,7.388743441444427,0.01409423948596933,0.024595469557450633
224604_at,0.23575582736366685,6.492903691349303,6.60391578932024e-4,0.0015129972166592759
224607_s_at,0.24930818948085154,6.267222647023525,1.5971053428335542e-11,1.175930552424458e-10
224608_s_at,-0.11763162386739949,6.361641352634901,0.024583824169455537,0.04055536007505038
224610_at,0.2716734592489597,6.312884312820861,1.7399268790952135e-4,4.46891312772645e-4
224611_s_at,-0.3642221342197976,5.162495870297792,5.630204845286583e-10,3.4077053394098963e-9
224612_s_at,-0.37704257855228174,5.0123835483910195,4.071192024671571e-11,2.8229566446800346e-10
224615_x_at,-0.2732587545647652,6.097345358586259,8.278913898682831e-6,2.6698375856890178e-5
224617_at,-0.1762610449281627,7.803120059570676,6.934067273358284e-4,0.0015832195801254753
224619_at,0.20719844011543995,6.791828630933837,1.6822046627025958e-4,4.327919921117413e-4
224621_at,0.09628240811836364,6.665529144504125,0.011634521960941792,0.020725080440234356
224622_at,0.13763891744006335,5.48102965551131,8.562366452940652e-4,0.0019166032555443628
224625_x_at,0.14846629813944018,8.720320060693389,4.509798744900005e-4,0.0010667580912809395
224626_at,0.1777929938033956,5.3811843314780345,9.902066605400124e-5,2.6506956407709026e-4
224629_at,0.3314855020462428,7.196369149891806,3.668779826961098e-8,1.6817988141306907e-7
224630_at,0.152388253139683,6.077381943451353,0.001941588869674374,0.0040649289741687645
224636_at,0.17674164165874107,5.712782699301145,1.0944338403449616e-6,4.054173489493629e-6
224639_at,-0.2757202884565693,5.705985799665897,9.393457336055936e-8,4.0593831561584205e-7
224641_at,0.14618475781773543,6.217410276660951,0.006983065146565112,0.013033027337134502
224643_at,0.2733704646498944,6.038174302182681,2.406966733945343e-9,1.3135932053365492e-8
224644_at,-0.2298234891253621,6.014142139942439,2.775306573176437e-6,9.653201077415315e-6
224646_x_at,-0.7666876650129554,6.1169622015056335,0.004548498160242731,0.008839888737555618
224647_at,-0.14522213315977955,5.3148735753582015,7.13828685820952e-4,0.0016253446782571433
224651_at,-0.13515575443738234,5.409168636728494,0.02057757457957988,0.03462889671238442
224653_at,-0.27709785515354995,5.316753477727768,5.0001674469457154e-8,2.2570284640970795e-7
224655_at,-0.4157173870946616,7.8560033422502125,3.1956237020358364e-13,2.976931888687819e-12
224656_s_at,-0.1767245329213965,7.377472234820733,3.4369156427933898e-6,1.1789842229025164e-5
224657_at,0.3640523667044392,5.854515645119986,2.9100175634986283e-4,7.13223934059959e-4
224662_at,-0.4276871219354875,7.544048382629949,2.844107255164508e-11,2.027206987663165e-10
224664_at,-0.17126971182237835,7.115343107253234,1.8695958263552266e-5,5.6739320361879725e-5
224666_at,-0.36414855617489006,6.2599887335428415,4.378059950042996e-12,3.487149163182945e-11
224667_x_at,-0.38638550640461633,5.401063725764821,6.205579998355979e-12,4.834936619810008e-11
224675_at,0.43687354930210354,6.786943039470372,4.1636497609472145e-24,1.4250856194577479e-22
224677_x_at,-0.2090350957617292,7.157431975017103,4.66466354134e-6,1.562130056841995e-5
224680_at,0.20637078013523388,5.775174422794117,2.5206291066223487e-5,7.496807223555031e-5
224682_at,-0.1886245827456549,5.226282333694557,8.219911265869194e-4,0.001847281506004965
224684_at,-0.38119482269969285,5.424843197671191,4.998817169781698e-14,5.042592122398431e-13
224685_at,-0.1811226354586903,6.522474741028158,6.822951618369772e-4,0.0015581812126965544
224686_x_at,-0.43757710953116863,5.452804139679085,4.312814140555224e-9,2.274897975764063e-8
224687_at,-0.6817230213222283,5.0694984425933685,2.089624249075654e-23,6.545656310043122e-22
224688_at,-0.2720436132794192,5.6966386415222265,2.871359625288047e-8,1.336848138448972e-7
224689_at,-0.2804243979799234,5.4007496300731885,1.6027547674793608e-7,6.700504364733275e-7
224690_at,-0.3845975051281751,6.686623924722591,7.37037115991903e-6,2.3912412548822704e-5
224691_at,0.17571452227636267,7.062597222959237,0.0010416935920235452,0.002291512002330234
224693_at,-0.38363293576790597,4.719106093216268,1.6730752730182081e-6,6.018688851525878e-6
224695_at,-0.12589869247375635,5.799865197816932,6.506181610285314e-4,0.0014934802569313598
224699_s_at,0.3559742042449333,5.7982933129220005,4.476094390240139e-12,3.546775088952856e-11
224700_at,-0.12437441581592247,7.291760421401995,0.022174219299462207,0.036990409740756555
224701_at,0.6319109449408155,4.747083815527292,2.0540567992048615e-17,3.2124248890338223e-16
224706_at,0.22213399696453878,5.866232394478148,2.0431517164287185e-6,7.267026672676249e-6
224707_at,0.3142843386983788,7.885266626593101,4.593930731527205e-6,1.5403686988059767e-5
224708_at,0.10640854722075362,5.208902475064361,0.022766379080785697,0.03787796538165199
224709_s_at,0.14770291020414814,7.112891000308707,0.007043283279815664,0.013122555439420036
224711_at,-0.143519051871993,5.7143540185118935,0.0027649803684991793,0.005609020012825546
224714_at,-0.18713830558607117,6.464546016048447,0.0010750476060202932,0.002361489645949436
224715_at,0.5216054121342312,5.156332090104324,1.2240162211546774e-13,1.1834734455983809e-12
224719_s_at,0.7050040438083229,6.641502080391655,1.5019162323817879e-19,2.9851630051031713e-18
224720_at,0.16730657242949476,4.599365221944887,0.025220555673515513,0.041516258901409295
224727_at,-0.1400421808010092,5.638491999261891,0.006082591000977985,0.011496612101883762
224731_at,-0.23226027801553664,8.267190958352728,5.055114813393516e-6,1.681846117884619e-5
224739_at,0.3906709016858653,6.118288620157885,4.4723799716277356e-13,4.095094584277601e-12
224742_at,-0.32765627232829136,4.96994193252531,1.248697738855131e-7,5.314779052981731e-7
224744_at,0.4056287346285222,4.201206556992892,4.898484845295004e-9,2.5686474864241495e-8
224746_at,0.21702538837635632,5.583710176564491,4.612667496580066e-4,0.0010894071184052525
224747_at,0.19029097681211604,5.426098292847409,0.017106930485269106,0.029280483509935763
224748_at,-0.1301895343845755,6.321423601796327,0.00564957470919023,0.0107502475771856
224749_at,-0.2071907372580506,4.580546781384096,8.752661739877171e-4,0.0019555216938332456
224751_at,-0.1993611581601823,5.372047368517618,6.209184160738442e-4,0.0014311314525385314
224752_at,-0.2183207225101361,6.595230385594559,1.9409688987180063e-6,6.925512126935722e-6
224753_at,0.3190272287213692,4.906848159847382,6.251879934543294e-5,1.7315509239597288e-4
224754_at,-0.7621207069898214,6.114687553820548,3.6523742060004034e-55,1.956394243444116e-52
224755_at,-0.22825322899400677,6.087641463540842,0.00695294953488579,0.012979081437050266
224759_s_at,0.5552657849971158,5.470296058348917,1.9725647511786768e-12,1.647083879920278e-11
224760_at,0.7095472050545234,4.943806888691201,5.3988242918056536e-30,3.213200257672998e-28
224763_at,0.2549790887511563,3.883600914225898,0.008732874046826381,0.015978698490802908
224765_at,-0.1676472769742456,6.299184407231546,0.0016990604903890948,0.003592979674997705
224767_at,0.1776054311697839,4.388369280970851,0.03020778260389515,0.04881085596312651
224769_at,-0.15901119054589144,6.126782808509327,0.002119670431142097,0.004397372062127282
224776_at,0.22793636158727992,4.934886654870394,2.8703256417493466e-5,8.447746868148559e-5
224777_s_at,0.12240463885837372,6.505596294851873,0.0015305168571395722,0.003261023685468623
224778_s_at,-0.1818619828409804,5.474453918090188,0.0022595138610567024,0.004664901135768057
224781_s_at,0.1007574136116039,5.413173315044501,0.0035489002721813654,0.007039320239933155
224782_at,-0.16417493286009446,5.524254425484013,3.2667961225017656e-5,9.530824308377291e-5
224784_at,-0.21932279600819463,5.276779160270252,4.058876232160473e-4,9.677885839113097e-4
224796_at,-0.214481611083342,5.172137959183716,0.0060186259347314,0.011397172102063707
224799_at,-0.3237000045878182,6.207212674898482,1.477602713464611e-6,5.3732375659695786e-6
224801_at,-0.5137238930147158,4.360691828273643,4.761336985997607e-8,2.1531533613757855e-7
224802_at,-0.5228384581310541,6.517737720541994,4.419553866913852e-12,3.507161524166525e-11
224806_at,0.24374860204396312,5.6948906402781345,2.2105107345264702e-5,6.635248388619242e-5
224808_s_at,-0.4202997794061905,4.781832217117903,3.9355860141497427e-13,3.6252736861209107e-12
224809_x_at,0.19399540382951666,5.273313826046956,3.641963165387218e-5,1.0533572189739002e-4
224811_at,-0.20803878557379038,6.550773902040625,0.010568141354820718,0.018992870044320473
224812_at,-0.4732202717468172,5.697604433419079,4.232854381019158e-12,3.381548768371233e-11
224815_at,-0.7326738406088343,6.932721580348362,3.027058483308384e-31,1.9773705812001659e-29
224818_at,-0.3940679855070843,5.998004359455304,2.2760672598778256e-11,1.6353795140892787e-10
224823_at,-0.5450012459734574,7.159606992236216,8.178384776606272e-4,0.0018387205899639662
224825_at,-0.6317289850004939,5.694567454783346,3.6763424136856347e-16,4.954044814819397e-15
224826_at,-0.6247260636863523,5.620374401373736,1.3887266803984982e-7,5.852647099570854e-7
224832_at,-0.5650759879104784,5.300779790714608,3.419104234823447e-14,3.5390206442187036e-13
224833_at,0.24621876048805064,5.580798727411505,0.0015713213590403282,0.0033419824735753494
224835_at,-0.9179227836635113,5.099315283046422,3.4135622080191487e-13,3.1744350637594737e-12
224839_s_at,0.361012258412105,4.088656942318902,1.0694657030775922e-4,2.843679840424484e-4
224840_at,0.3210376584023254,5.747299271287658,1.6545012088335126e-5,5.0685363026117874e-5
224851_at,-0.8734264434931548,5.19190627414987,2.8382241708266456e-15,3.356059110603295e-14
224856_at,0.1941672499315134,4.580682964536187,0.011876360631917571,0.02110674377069226
224857_s_at,-0.536610394421612,6.394604235711608,5.371663108968396e-13,4.8399181569704305e-12
224858_at,-0.09821222444967967,6.211631272740148,0.0023675770541116766,0.00486736768004191
224859_at,0.14967478207683313,5.17758708973538,0.008758553495172112,0.016014743743604513
224862_at,0.2072058160921315,4.7302697681893715,0.006113745206783912,0.01154938324815307
224864_at,0.33355644385492556,5.018286905904549,3.2784031562368946e-12,2.6607221979368068e-11
224866_at,0.20580806655767445,4.993554027853232,0.005064558396149247,0.009735620688668022
224869_s_at,0.11949528076793715,5.415270054472975,0.015503636431226233,0.026768864329760576
224870_at,0.2686687657516135,6.651895333315372,2.197023508790644e-4,5.51340193246057e-4
224874_at,-0.5816714612892635,6.266950753862824,1.7188599157179254e-12,1.4522197379405468e-11
224879_at,-0.4755490730461565,6.865813663701826,4.879548655946015e-13,4.437572559520345e-12
224880_at,-0.29312716045842796,7.268632524254674,2.407101135717853e-10,1.526888685200763e-9
224881_at,-0.2431425228580976,4.850428157905252,2.7670231120741758e-5,8.166148374559407e-5
224882_at,-0.3033437130941234,4.580322006393705,6.0018474243827565e-5,1.6683391659940962e-4
224889_at,-1.0090454605929593,5.406554231891205,2.8566264339996796e-40,4.143788935950921e-38
224890_s_at,-0.2489412032073542,5.500215934719146,1.2638390836182464e-5,3.956606692811886e-5
224891_at,-0.6496081369210898,6.993054434969193,3.305061183268364e-22,9.009445408741471e-21
224892_at,0.3287572064386764,5.905282853847636,4.130302480104321e-8,1.8796911839149358e-7
224894_at,-0.3282244404748624,6.227878775843634,2.579991679614657e-6,9.026600543341548e-6
224895_at,-0.4074071113077423,5.896956954599246,1.0843543153953524e-9,6.245531064962586e-9
224899_s_at,-0.12962079319786204,6.966004426651408,0.008894520768560836,0.016238411893931874
224900_at,0.4732369246187515,5.078061134814689,2.149318399271446e-20,4.708721474722904e-19
224904_at,0.2930329453037644,4.572962212542266,5.363285646432552e-6,1.774455810075106e-5
224911_s_at,0.44381983528406116,3.9623543052348227,7.056730421489411e-4,0.0016081419486368021
224914_s_at,0.2628748637368237,5.158655935278252,4.249347768316576e-8,1.9314069852344284e-7
224915_x_at,-0.37231826303639504,8.310073023267952,3.215990292657761e-6,1.1085232948919753e-5
224916_at,0.6056657839995845,4.1715970216526745,7.277142988739851e-13,6.464347664873137e-12
224917_at,-0.34627752622886365,7.806632575881646,6.983674532420458e-5,1.9238121974888452e-4
224920_x_at,0.2814563256877525,4.5416610599501,0.001055620919508656,0.0023207196615424243
224926_at,-0.3411781745549843,5.366973553646807,4.952243032449488e-13,4.488441591085564e-12
224927_at,0.49457863027165716,5.067297546091614,1.6438236076443582e-8,7.95046605358646e-8
224928_at,0.320816448720358,5.870604041355169,4.580029105797935e-8,2.0773010927355325e-7
224929_at,0.34006830677371075,4.502493454923815,9.446130918688189e-6,3.0234956836542147e-5
224930_x_at,-0.06864259264764357,10.328310799187754,0.027202204428680724,0.04443690394090525
224932_at,0.4830602473426023,7.1281125227717315,3.885904763814124e-10,2.396643508044946e-9
224933_s_at,-0.1887490981121336,4.84949438234998,0.00596258131049796,0.011301686762095656
224934_at,0.3694084486289958,6.142906073834159,5.780685126842809e-13,5.194580608233759e-12
224937_at,0.14095166954934288,5.793353930094015,0.013647073374623776,0.023912511786448237
224938_at,-0.497164653679103,4.585441093833236,1.072360019896784e-9,6.189759101915004e-9
224939_at,-0.4415936403342287,5.605889349845223,1.7861538615013756e-10,1.1541053267951892e-9
224949_at,0.1581980334054393,4.948518884980647,0.006189036242289726,0.011673088954867928
224950_at,0.4049999904235906,4.891885659860419,2.6410436019512587e-15,3.1402330863156306e-14
224953_at,0.2474717718165355,4.323652310649875,7.304620210573168e-4,0.0016603945749176818
224954_at,0.17431175934191886,5.6040485620614735,0.0033397356879195286,0.006661438917274606
224955_at,-0.43799343021429893,6.142625969731144,1.4774036147553909e-9,8.330223644670791e-9
224956_at,0.2242310897570932,4.7222968071338105,1.6398676592472458e-4,4.2271179580163004e-4
224957_at,0.39754047912146,5.1436596364389295,1.3899025272405705e-8,6.783610831129036e-8
224959_at,-0.6329583382325507,6.9429795805969015,0.0022779847549961947,0.004700317927633712
224960_at,0.15628674400608158,5.8005382217568275,0.01314594652269744,0.023118616626012743
224963_at,-0.7792431302568971,5.693481292129722,2.1993028375805307e-4,5.516537414891179e-4
224964_s_at,0.284836346705662,3.774685945702771,0.007696648976209747,0.01422605253314959
224967_at,0.2208229085892068,5.942729510618881,5.883191160210748e-4,0.0013621488415677056
224970_at,-0.3784006751487427,5.593597524056462,1.635547748709026e-6,5.9015234193060945e-6
224972_at,-0.552486048831814,5.987535449879808,5.6717989358024516e-18,9.405879566447627e-17
224974_at,0.2546690727969319,4.714928375713169,2.0692867592578056e-4,5.224668642924552e-4
224975_at,-0.52142813317029435,4.764360077492946,8.649426261572808e-10,5.074551124875656e-9
224976_at,-0.38261318247107085,4.485664429132409,2.3966504208040905e-6,8.418136379696466e-6
224984_at,-0.44092234505331374,6.200191295801842,5.209258363750533e-8,2.3458085267280141e-7
224986_s_at,-0.12491444783879976,5.997395230204925,0.011364996324029443,0.02029220093655457
224989_at,-0.4263506419826621,4.69499941648296,0.001311768137219125,0.0028281828463688364
224994_at,0.20210637654923438,4.446057507633824,0.011787930608670666,0.020963496117312228
224995_at,0.2312044082287783,3.999628623165303,0.01483764126901061,0.025725141756742297
224996_at,0.44004889747608283,4.9377355035901065,6.941165293440574e-10,4.133448425242227e-9
224997_x_at,-0.7239902181721954,4.456716192770375,0.00608070428927403,0.011496612101883762
225000_at,-0.6061520425497059,6.303661036943491,5.706261493654403e-32,3.893705693090421e-30
225001_at,0.16627040822992406,4.853094228964696,0.002536160551715961,0.005184103795178991
225002_s_at,0.15471549809765292,5.556458326233568,0.014210004791620857,0.024769245254252236
225006_x_at,-0.6672528372720354,6.868144694635596,1.2870118177269525e-16,1.838367680441179e-15
225008_at,0.39790603149867176,4.370164122585032,1.6122646841959014e-6,5.821432949710378e-6
225009_at,-0.2636140555765759,6.663684648302532,2.3149885867672896e-4,5.774327147424392e-4
225010_at,0.09615151530631467,6.5127910793311345,0.02890240073797733,0.046956539142546425
225011_at,-0.15135061116077125,6.590603560940615,0.0012016307208995906,0.0026106408259982386
225012_at,0.2888448730132385,4.718340300079218,5.4453703092107335e-6,1.7988360198142026e-5
225016_at,-1.257242581456547,6.3024139797647365,1.5441468348015703e-9,8.663362129948565e-9
225017_at,-0.3427256934774568,5.4648057626156445,3.664825901065932e-5,1.0593977301165496e-4
225019_at,0.16910967578337485,5.928437624290008,0.01529845414645696,0.026451313633149356
225024_at,-0.45770961004156274,4.799159196412645,1.823710249702773e-13,1.7397513717778992e-12
225029_at,-0.28072040474127513,5.731266197891036,5.4295356971042665e-5,1.5191072322558896e-4
225030_at,-0.2553401858677008,5.5771149212047595,6.7971644339022e-8,3.007766318892782e-7
225032_at,-0.21880115686069077,6.713541296779573,5.998549695622383e-4,0.0013861618397153276
225036_at,-0.19102380128327057,7.0324968259997656,7.942045979895662e-4,0.0017885881560357837
225037_at,-0.49166564190972384,5.104434732986279,1.483234742755249e-17,2.357551008774033e-16
225039_at,-0.22445472086742566,4.738870945320162,2.563320740467244e-5,7.613211836048124e-5
225040_s_at,-0.20489927262929986,5.267341752922631,9.649795136071774e-4,0.002138565479783552
225041_at,-0.3524556864570565,4.31141010719031,2.077721126639353e-4,5.2434926807273e-4
225044_at,-0.16804824347203437,5.6032525992761455,0.025944798934449707,0.04261677874651329
225046_at,-0.2988361632300812,5.487016159523977,0.01224879304134391,0.021685889911075413
225049_at,0.400007205751807,5.810793158343488,1.5878372905220072e-13,1.5256054612880954e-12
225053_at,0.16753545692331118,7.171690415722212,0.005262566182938269,0.01006789154367711
225056_at,0.6037379159512976,5.187379792592162,1.0657969011144566e-11,8.052103104117894e-11
225058_at,0.10745055546248634,5.239670853297306,0.028514161344345996,0.046371581789379744
225060_at,-0.24151284262999947,6.016470492321842,6.789608379818326e-4,0.0015515587579563509
225061_at,0.259311607519073,5.340530290113393,2.6220903759927382e-5,7.774828175480266e-5
225065_x_at,0.5517199939544499,6.738043147171753,2.408701463632306e-10,1.526888685200763e-9
225068_at,-0.2534303483544389,5.263283478500746,3.0971868727037747e-7,1.238527919644477e-6
225070_at,0.16617564290359313,4.927957569555034,0.0021524869897157164,0.004457682799308809
225071_at,0.2619045212864199,5.038617141051052,3.3928615264446195e-9,1.8119504253639685e-8
225073_at,-0.17466789451215398,6.149096962413267,5.277433354114073e-4,0.0012336273952132679
225075_at,-0.45572337977635824,5.239398401755754,3.3881670335670167e-12,2.739428938158751e-11
225080_at,0.4369507971708381,5.180260461251288,4.497908274110014e-12,3.561425819699969e-11
225083_at,0.18260260586938215,7.162698001394154,6.391536404718766e-4,0.0014703141400848646
225084_at,0.1726178457354422,5.370841722987293,0.0023372209833018667,0.004812932478452
225086_at,0.20780373675189043,5.527696174859955,1.5882778622236768e-4,4.103019227876115e-4
225087_at,-0.162553716028721,5.921496726837201,0.0016667685091308038,0.0035288717467032212
225092_at,0.44249145119258965,4.316949844758273,1.0359939367855894e-9,5.989532134260129e-9
225095_at,0.591906459086073,4.857291029336443,1.9439463173441909e-22,5.4803939204495575e-21
225097_at,0.298417825196455,4.965653472672585,1.76131702712427e-5,5.368133516808622e-5
225102_at,-0.22142953119726874,5.783830380281658,0.00944550517569353,0.0171653429935886
225106_s_at,0.3263228952558375,4.608584475224605,2.5292507413908137e-8,1.1842597549178229e-7
225114_at,0.20108299100741242,4.45627898574042,0.005004260859542917,0.009637512774643916
225117_at,-0.09949477669316378,5.879684463633325,0.017018221764114008,0.029142616649449067
225119_at,-0.8141427259058559,5.783171415307192,2.9383990395531833e-24,1.0354956878530676e-22
225120_at,-0.3082372368508392,5.431863481754135,2.6105139469546953e-6,9.127426864792968e-6
225121_at,-0.14776387977419592,5.184556558736451,0.0026674969147818537,0.005426674818910716
225123_at,-0.557597920363092,4.2169680631554325,1.3009621565520999e-5,4.059775002371875e-5
225129_at,-0.24019974927495644,5.690805447858645,9.150512361480651e-4,0.0020366935749359283
225132_at,-0.24741398931989134,6.5749929406104375,1.595493097777629e-4,4.119671621232041e-4
225136_at,-0.1916003260968189,6.03283269179225,0.005305314245587062,0.01014744358381971
225140_at,0.1847174248693782,4.185594126916999,0.019897727409628637,0.033600938483504345
225143_at,0.18710958188493432,5.281058631794768,0.001239199721505891,0.0026851833771222916
225144_at,-0.3630380461194521,5.566856201423606,6.493076556375102e-6,2.123331170587499e-5
225148_at,0.22354722608164268,5.420265445011512,1.1569434162612055e-6,4.269491842372131e-6
225153_at,-0.13947506907520518,6.49820565232465,0.005521374865272594,0.010528744914856765
225154_at,-0.20598856516477498,6.466031133114313,0.0010787029499234374,0.002368547797198152
225160_x_at,0.7637541714292567,4.299293978342856,9.525570987696358e-21,2.1666123565008722e-19
225162_at,-0.3184292510143299,6.314399995196065,4.658653509139533e-7,1.8208009866257504e-6
225165_at,-0.2809975735468423,7.16755441740515,0.011147433037313987,0.019933642151351152
225171_at,-0.213399776149734,5.901691218515643,0.0034975652133089554,0.00695036470602464
225173_at,-0.3529143401829921,4.048350738303188,2.112335008402602e-4,5.328336459858035e-4
225177_at,-0.3167379358518136,6.673410630747594,7.207811415605268e-5,1.9779017340004927e-4
225180_at,-0.4052125965295496,4.4199081637832,8.046679630801397e-6,2.5972907166247474e-5
225181_at,0.2761541695298973,4.761671904403024,4.111590741851138e-6,1.390387361661971e-5
225182_at,0.2722012721406426,5.523507229810286,1.2349178686092033e-6,4.54471835328423e-6
225194_at,0.10313094060714294,5.504213183846911,0.024089737717516126,0.03981999076805281
225198_at,0.33763109511720996,5.1771313433738,4.890356138300368e-7,1.904412406747068e-6
225202_at,-0.5100112252447165,6.5330798311565585,3.5188193518879865e-5,1.0218788754886419e-4
225205_at,-0.39663521528150586,5.593057219583042,4.89118979404963e-13,4.440620022343533e-12
225207_at,-0.4223528691357399,4.099935541078737,0.010430908602628,0.018768277437009366
225209_s_at,0.3443916871045416,5.12025694884302,4.431502023654244e-16,5.8891948648062704e-15
225210_s_at,0.2186233320530157,5.214035375073249,2.3760517932148716e-4,5.912809026878263e-4
225213_at,0.33749851894889943,6.142025323133728,1.0227535326285133e-8,5.103287654890202e-8
225216_at,-0.31398337828873024,4.727289492591931,8.754449569888701e-6,2.8147184346403858e-5
225219_at,-0.3685544023550613,5.241599401809078,4.857058057838404e-7,1.89213319904083e-6
225221_at,-0.5012718027785342,6.811875628110624,1.9226134574719324e-10,1.2355703641209845e-9
225224_at,-0.6658907271802742,5.455648853408075,4.879394526226581e-16,6.437555857077015e-15
225227_at,-0.6482206998053306,6.150618292978176,4.442583499734758e-14,4.511222467550565e-13
225230_at,-0.17041110893515485,5.5063855033303675,0.00444506995890794,0.008651895797561912
225240_s_at,-0.17133039827966032,5.780203162674749,0.018480225518937417,0.03141022623899358
225245_x_at,-0.9456473716505637,7.301849797378163,2.823400434606146e-29,1.54321881918039e-27
225260_s_at,-0.10547213275932514,6.977409025708674,0.023671027421444422,0.03920651155935902
225261_x_at,-0.6532485621398065,6.675758711959391,1.7066343157030404e-15,2.0823659936362954e-14
225262_at,0.46052316615210076,5.478715283643109,8.576205800820162e-10,5.0343502873526795e-9
225264_at,-0.17608126090383072,5.656112032087518,3.101882380617201e-4,7.550662563860958e-4
225272_at,0.2561965851369555,5.222092357891919,1.2395879124261602e-5,3.8852268302578864e-5
225273_at,-0.86837979883885,5.042788933883207,4.499983518298987e-24,1.5304229660805414e-22
225275_at,-0.5957871113561861,6.012520545620188,2.458487553536199e-7,9.978223554627744e-7
225276_at,-0.794809809242509,5.341610937326211,3.3432425258666934e-33,2.614318042307291e-31
225280_x_at,-0.2666052357960515,5.186719006486612,0.0019386945314248784,0.004059662727747209
225283_at,0.32609815284175925,4.785633700148526,0.0020541645950643327,0.004273891106413711
225284_at,0.35775812143997054,6.359577776696922,3.231727033756976e-10,2.0128774251534004e-9
225285_at,0.8593539107224398,3.8794335711395425,9.438578776042986e-10,5.4954073058558975e-9
225288_at,0.30246699472306987,3.281528996388023,0.0247204950714223,0.04076199225798786
225289_at,0.710327966683613,4.94805041548705,1.454591040650719e-31,9.739396136556969e-30
225294_s_at,0.1673205981800846,5.88885271160055,0.00471105252063999,0.009129794799858214
225297_at,0.33114645113704927,4.808252714676037,2.541718352088062e-6,8.901415072219486e-6
225298_at,0.22224896011316295,5.083909272268711,1.5573915257971837e-5,4.780611867010094e-5
225300_at,0.4317632745115625,4.368104698737027,1.1652265957010662e-10,7.66773496298865e-10
225301_s_at,0.2115705595846887,6.477647685911691,0.0013551183600416397,0.0029163083549871606
225307_at,0.20252125733527956,5.56176236358171,0.004170144469526036,0.00816723175539898
225309_at,0.16020352839420587,5.423270357079779,9.010932270761638e-4,0.0020077811442734904
225311_at,0.27483882587346375,4.809326809408447,1.0163486814902532e-7,4.3815466498209586e-7
225312_at,-0.6155767082429237,7.818260293848898,3.707377446797702e-25,1.4286739060267547e-23
225313_at,-0.6044300586252633,4.400645750502953,1.6343737481470875e-9,9.105068103952027e-9
225315_at,0.18062054845269926,5.827581559508693,0.0016208872602773744,0.0034398900989206643
225320_at,0.4968146816319326,5.129845143118841,6.6860771400749115e-15,7.628109094954476e-14
225324_at,-0.3743873378658258,5.783689239029145,1.9451013588509445e-5,5.886404196997223e-5
225326_at,-0.31599283170886056,5.207302438267735,1.2156287216626128e-10,7.984690677603661e-10
225330_at,-0.2935582726134332,4.724750129272518,6.289798391069693e-4,0.0014481540976473161
225332_at,0.7317793063719055,4.066315526671861,5.4365079711808196e-21,1.2942513310057806e-19
225342_at,-0.5925030401431614,5.314694156986512,2.4998816908678578e-5,7.437165385800434e-5
225343_at,0.29505514935589006,5.060458604363202,2.1542097666605102e-8,1.021152620806816e-7
225344_at,0.2735316241643361,7.9363390219520475,0.001018730977621106,0.0022465345745687343
225350_s_at,-0.6344046264732157,5.620764334986883,1.0144109826699238e-29,5.780523860288773e-28
225351_at,0.37927697806586247,4.786804386524185,8.559604712810054e-12,6.548094723036174e-11
225353_s_at,0.7582638182127892,5.769389354486487,1.1514836383845843e-10,7.581957110027076e-10
225354_s_at,-0.45041922130165185,5.948060453986275,5.2563324406706333e-8,2.365018455980869e-7
225355_at,-0.5952024856996533,5.453226705663814,3.401912611236479e-11,2.394526268342733e-10
225356_at,-0.21621318988748434,5.759831926107379,1.486764264947652e-6,5.404718551199252e-6
225359_at,-0.31452049453469544,5.270815648252564,1.2482212341822294e-10,8.183717308319597e-10
225361_x_at,-0.5230203710435191,5.403460686675628,1.472491820185538e-9,8.311277592016685e-9
225364_at,-0.4901365096091595,5.888623096632261,2.0787823744680245e-14,2.2181270495693173e-13
225365_at,-0.2550904040039537,6.721885806551641,9.84809879616823e-6,3.1427668276243746e-5
225367_at,0.40532125594287327,5.156551141654245,2.1693018441931856e-12,1.8001340555260726e-11
225368_at,0.3165844478590944,5.708580428818809,5.047103588719805e-5,1.4217623125415533e-4
225373_at,0.5018446208008059,4.397238973719293,2.5679493323448935e-12,2.11456119887862e-11
225376_at,-0.4615351404137516,5.342793466018826,8.36809554451468e-15,9.377343887906461e-14
225381_at,0.6655932558198159,1.9767728362608628,1.3682852277975387e-4,3.5761014016577294e-4
225383_at,-0.17769715492262236,4.996359840328143,0.007818174967124813,0.014423300916619274
225389_at,0.27231015096410516,5.288552524708079,4.0104969581121566e-8,1.829831938341377e-7
225390_s_at,0.4343106319245813,5.296621235487183,2.591500398112752e-15,3.088180619019123e-14
225392_at,0.20042664024241194,4.732698945323375,4.356396932467389e-4,0.0010329809724994056
225394_s_at,-0.23551904457498768,6.137866440450231,2.1631612084073015e-7,8.878906523244224e-7
225395_s_at,-0.1960247185922902,5.515644208655281,1.5982095723033262e-4,4.125691360984466e-4
225398_at,0.13644947233607058,4.806901515021427,0.007643700685027434,0.014140384292643568
225399_at,-0.4097168647629668,5.087514166396572,1.7114348289983823e-8,8.243975415044815e-8
225402_at,-0.8206010259976977,5.021807358678373,3.375554518494363e-17,5.136692550657687e-16
225404_at,0.2500636717179584,5.480403662392099,4.9259527291472644e-8,2.2257162204704614e-7
225406_at,0.34382021680854297,5.606413227871429,2.530644019780404e-5,7.52276912067426e-5
225412_at,-0.3225658200665837,5.050873471332022,1.071090668448344e-6,3.974573720501251e-6
225414_at,0.10371775185907484,6.775678398115702,0.015288944581533528,0.026443407055532563
225415_at,0.433929946936858,6.48589720545296,7.962823264254663e-18,1.300392158993296e-16
225418_at,0.19455792580064452,5.4556501440139495,0.001381081014870528,0.002967412938689925
225419_at,-0.47313717224068597,6.246979748366027,2.742063144417012e-20,5.898739451032017e-19
225421_at,-0.5726917601978149,5.408248863225487,2.3401627792237787e-6,8.233222940500605e-6
225425_s_at,0.13332215206984194,5.316372071615761,0.01392587492853835,0.024329402822803547
225427_s_at,-0.13403335185772397,6.599379664557522,0.010400553220760137,0.01872309303545679
225431_x_at,-0.4471741373175948,4.646414695601869,2.663376799873658e-5,7.886333791334023e-5
225433_at,0.20425653817322836,5.090955207160764,2.9473876970328622e-5,8.655527521467394e-5
225435_at,0.2563247000856642,5.8438261274967855,7.484205325886307e-4,0.0016968950615073016
225436_at,0.36304769509450285,6.225794486769868,1.9290882634960607e-7,7.985441486411631e-7
225439_at,-0.28885640348041136,5.701509942297819,5.906796027586997e-4,0.0013673186223755293
225440_at,-0.17445106727802273,5.5877481166255265,7.446538353759504e-4,0.0016894274753033794
225441_x_at,0.6048459459709162,5.4313721011100204,1.5816808566877663e-26,6.916141639875935e-25
225445_at,-0.673144277586389,4.843502410967411,2.5335795561556905e-20,5.505524905698968e-19
225447_at,0.27096584349764524,5.3170069209171995,2.798342367945018e-5,8.249488659272145e-5
225448_at,0.4605924823544,4.3489771702555515,4.256307984897717e-10,2.610064535902075e-9
225460_at,0.2936591261752383,4.981861908483432,9.287057002529487e-7,3.473891119696173e-6
225463_x_at,-0.27038640869832387,5.344218948635093,4.637655980236044e-8,2.0989948676074666e-7
225464_at,0.2958046399798265,4.289326225681128,0.02793437177121541,0.045542676120077716
225466_at,0.2331580287219767,5.50600362833122,2.252727002344495e-5,6.756289019069588e-5
225467_s_at,0.22795820216863125,4.855327669143354,6.840680130362379e-5,1.8868230235986655e-4
225468_at,0.2034307169324167,4.569371447934728,0.0014312695320311437,0.003065411934556106
225469_at,-0.312877480186953,5.110411981875716,1.0961126747349004e-5,3.4741583090044345e-5
225478_at,0.26785737265616005,5.782518836361942,1.2202138290227462e-5,3.830105698892669e-5
225479_at,0.156689880778531,5.396691002681077,0.007419745550163615,0.013759344656206129
225481_at,0.359250176912963,4.0318368386509364,0.009018952728936219,0.01644036763401288
225489_at,0.2247605667044263,5.214416659883834,1.7504739190998808e-6,6.280250199369399e-6
225492_at,0.15296444292001551,6.080201012768396,0.00535433782766177,0.01023572825619924
225493_at,0.15816909698074497,5.105097551615129,4.3784493415203676e-4,0.001037291636349131
225496_s_at,-0.6110444862046472,5.591095583393305,7.968080597132643e-8,3.483369976269453e-7
225498_at,-0.7235497973937121,7.901441497649476,2.5776764865710115e-38,3.1740974943258903e-36
225499_at,-0.45130787366435665,5.318954444546535,6.91973748242095e-8,3.0531774155344163e-7
225501_at,-0.14225205735917837,5.473685456160981,0.02521054829139992,0.04150616318514943
225503_at,-0.24881634883155646,5.036954500260482,5.4015590093386756e-5,1.5120695497006855e-4
225508_at,0.6078352326156727,4.5124512007492825,5.628628089028927e-19,1.0432438186464861e-17
225512_at,-0.40283972024543147,6.202607890673477,9.851394618507263e-9,4.9224809024285594e-8
225517_at,0.24467260475210262,4.667429461980898,2.3212341020773268e-4,5.787149391564907e-4
225523_at,0.15517883789011802,5.7495110002010446,9.305100791128901e-4,0.0020681648293643965
225524_at,0.58062446600889694,5.764952883133949,2.4237926032902273e-10,1.5346388982889009e-9
225526_at,-0.1509896826336161,4.584350667654267,0.030647556758383872,0.04943943315051444
225527_at,-0.24368607900194986,5.445130101708187,6.009945637101706e-6,1.9761985147412702e-5
225528_at,0.17737493607110816,5.521304791709569,2.945962714956085e-5,8.653714989121068e-5
225530_at,0.3557742054196992,4.580983264580002,6.270012690041458e-9,3.2371395637789944e-8
225534_at,-0.186901861796437,6.2246332109502225,0.00954613732022152,0.017327646409951398
225535_s_at,0.15573736875368374,6.947504956955025,8.88378910812382e-5,2.3984887277049013e-4
225541_at,1.2943347657685476,6.843327617215337,2.294845565956156e-38,2.85868378466143e-36
225547_at,-0.2556960639672772,8.347761348700164,1.3266291079945492e-4,3.4740106658385735e-4
225548_at,0.266209926647665,5.129273449414113,1.380252353672561e-4,3.602983300412804e-4
225549_at,0.14966467915681095,6.071295779762663,0.0038306764574340094,0.007550696759611875
225552_x_at,0.2919008715950878,7.073033104749291,1.5562596941883976e-9,8.701571035407257e-9
225553_at,0.1746753636171797,4.963225989784671,0.009490873276332941,0.01723901753295266
225554_s_at,-0.1271243155768543,5.499460542202099,0.0024302459627182863,0.004979006501931727
225556_at,-0.2959768402552254,5.891158663439714,8.3302865227889e-6,2.6855961335732014e-5
225558_at,0.26404718849974623,4.836535774552872,6.14775381026578e-6,2.0184151568917345e-5
225563_at,-0.5432522226522205,6.317283624573824,1.665762118408117e-11,1.220582485314748e-10
225564_at,-0.5051341588479371,5.246547884944589,1.6590415242224746e-9,9.232889272205387e-9
225568_at,-0.19994944999026845,6.175291497531517,0.010351010847898101,0.018646440089714538
225569_at,-0.18899963987864135,5.44194117373063,0.006428461355801357,0.012092731607497794
225576_at,0.2530803689296697,4.892865515971328,2.2075024216763084e-5,6.629933681922706e-5
225583_at,0.11921607965097276,4.8263146850010346,0.01615082247171559,0.027781592989641796
225585_at,-0.37254068788853045,5.514884346277379,9.567093277557202e-7,3.5736495914389926e-6
225589_at,0.15176267931739312,5.064593398145886,0.02139468428207352,0.035835092669458044
225591_at,0.14104566458933163,5.266878901687559,0.020121047723183207,0.03394060529971055
225592_at,0.16900819103014109,4.870282352921128,0.002176968341019638,0.004506639968568769
225596_at,-0.3594959651404477,4.824460544840903,4.023090780838687e-9,2.1315218365541468e-8
225601_at,0.2843685180089554,4.854236286140936,1.9403138175371474e-4,4.925730314520252e-4
225606_at,0.2051463299953505,4.97871469584039,0.0011998122682161081,0.0026072259938177654
225609_at,0.45216058278187765,5.208371888334418,1.3145094404738613e-10,8.613051765013135e-10
225621_at,0.10830649814884787,5.957919888637978,0.026555837093941968,0.04350041021214072
225622_at,0.3842895506913411,3.6803588363625743,4.3335174758637687e-4,0.0010277833234210438
225626_at,0.4031485967198673,5.152797198839964,8.918619307793878e-5,2.40728568013091e-4
225636_at,0.6414875189029502,5.969260737597727,3.492423969651026e-22,9.496024869764325e-21
225638_at,-0.13745728176323502,5.012468431459771,0.005691142575143426,0.010821656089370166
225640_at,-0.5733932642952594,5.2342294842734,9.446394513792586e-11,6.262328244199256e-10
225643_at,0.4494454283969352,5.286144509838844,6.667920546836964e-21,1.566522649523342e-19
225644_at,0.5476248916578792,4.801420811148371,4.71696172537044e-19,8.80362560346577e-18
225646_at,0.3333281809344624,5.58594576578945,1.768158683974261e-5,5.38745278197277e-5
225647_s_at,0.3747571418664949,5.749580684281628,2.067746225252008e-5,6.232910892269207e-5
225651_at,0.3634036523667243,3.84023602563872,0.0029423183830493385,0.005938405583573392
225655_at,0.5673823787886573,5.380023873502271,5.17262397680961e-12,4.077580622778614e-11
225657_at,-0.437876342772606,5.712886946734174,9.873199603296451e-17,1.4351640074642454e-15
225663_at,0.311354747708198,5.919401143703571,4.779148717588174e-6,1.597473329532671e-5
225665_at,-0.4222349497866976,6.304071048731139,7.457618571645185e-5,2.0415149579846217e-4
225666_at,-0.5220313861694768,5.114595587869334,4.433649510309461e-10,2.707963922687871e-9
225667_s_at,-0.5477556184957061,7.653983912384608,7.185380682017372e-6,2.3350761664885566e-5
225671_at,0.2910065291320656,4.029009150525363,0.0012742890474591918,0.0027550875005913867
225673_at,0.3316968433211168,6.76174512746977,1.0633267489137382e-4,2.828760730348368e-4
225674_at,-0.24182551170483674,4.879353694174098,3.397836985757297e-4,8.2262209329758e-4
225676_s_at,-0.4241637250511161,6.348135475443934,2.049095022780093e-8,9.760762551819981e-8
225677_at,-0.22054793805094827,4.7044396325641635,7.142436318579875e-4,0.0016258714614630174
225681_at,0.4675123394657004,6.875789129593087,0.005005425284991949,0.009637512774643916
225685_at,-0.22986557942907512,4.090633418289291,0.01806313277335737,0.030764760159137917
225690_at,-0.21850835986346087,4.507931013681701,3.075941925763349e-4,7.497739670239534e-4
225693_s_at,-0.11340982162569296,6.5254355640675215,0.01533704536187673,0.026505205188221557
225695_at,0.35021530273534346,4.880750927601084,1.1829078438686041e-12,1.0170539110244267e-11
225703_at,0.2143992766793582,4.560851402785269,0.0030889189414258886,0.006204097966380053
225710_at,0.517298238046018,4.583796200492174,1.5461443149890664e-5,4.752896426535974e-5
225712_at,0.13111012390454183,4.808659227473755,0.01852392733883488,0.03146737278379985
225716_at,0.3504695200734327,6.561120931267702,4.6771894563186735e-7,1.826047035187389e-6
225720_at,-1.3090768405159527,4.272199514866781,1.4923434629483534e-7,6.266088343702427e-7
225721_at,-1.0216480445321192,5.157026066850707,1.3961259166991605e-7,5.879204774213092e-7
225726_s_at,0.3139312507890867,4.992017181684435,4.0499788222325586e-4,9.65882081980797e-4
225728_at,-0.4962367408581093,4.49186448146344,0.0011225916606519355,0.00245580919320809
225731_at,-0.1859817166705131,4.803906861564961,0.013054496925809898,0.02297943239668114
225750_at,0.29313718523852317,6.74176871709473,1.082921610397264e-5,3.434381057485462e-5
225765_at,0.2985065852255385,4.979760556023271,2.072530434126003e-9,1.1403707519667114e-8
225766_s_at,0.33944631613005444,4.919649743963304,5.678335565468518e-9,2.951577336868716e-8
225769_at,-0.36882325509918096,4.833736401838125,1.5241791803180615e-6,5.525729799914515e-6
225771_at,0.13662545208203536,5.417644816832647,0.0014643589695557415,0.0031306481023449725
225772_s_at,-0.1547944611741087,5.66983626737894,0.0022842678657553736,0.004711467394269795
225775_at,-0.269685115690328,4.421899937118906,1.0711643787915421e-4,2.8474898238197994e-4
225783_at,0.37521220167340746,5.215390341383966,1.4640392752692801e-18,2.5711889763868522e-17
225786_at,-0.3507807797681533,3.970206143899298,0.003555666693537723,0.007050130906509278
225787_at,0.3304065397250713,5.67331234135233,1.0533248696008237e-12,9.144464609427572e-12
225788_at,0.27601226702541787,5.10154271660912,1.1718007138717135e-8,5.7903602618577804e-8
225790_at,-0.34528309743141633,2.854148034136565,0.023001660125189314,0.03821007674386
225793_at,0.2844344419877755,4.437094074863442,0.001040449461930754,0.0022894727734256983
225797_at,0.3130402090416768,5.511414836766332,2.570642609133302e-8,1.2020643505737698e-7
225799_at,0.31357453539782887,5.822346532680155,1.28702673293988e-4,3.381878192294563e-4
225802_at,-0.4287551391906213,4.860858319856374,5.300037561889542e-7,2.0483153824142373e-6
225806_at,0.4395997253782743,4.457973249458226,2.6800576177241414e-5,7.9335333679687e-5
225808_at,-0.24543284287896333,6.040884559722166,6.109225653468261e-6,2.0076114854480207e-5
225814_at,0.27699597907661544,4.677541680656891,4.701748802496641e-5,1.3314785863374707e-4
225822_at,0.3941865064253909,5.214105548892974,5.189728220147599e-8,2.338980160809475e-7
225823_at,-0.23328262892745705,6.044454978659098,1.3489592652508206e-5,4.1961093520998956e-5
225824_at,0.2941441166546983,5.823894485212514,1.0076093544994956e-10,6.659172741982169e-10
225834_at,0.556370997412523,4.631061929662616,2.586982395401238e-8,1.2086499085012412e-7
225841_at,-0.8347985920408373,4.7113294769959415,3.550057621135649e-16,4.808061604959065e-15
225846_at,-0.4553667650485165,7.333686241180666,3.334810903494814e-10,2.0734665820742856e-9
225847_at,0.4665256095409591,4.2903718170764105,1.1061837507998604e-7,4.7516225029346053e-7
225849_s_at,0.12051569261632583,6.695978347590267,0.005745560427365501,0.01091738007420479
225853_at,0.30724540250388643,6.271841397127379,5.303198850973778e-6,1.757315471563523e-5
225856_at,-0.5682317095882303,4.395412092331826,4.1229294114301785e-12,3.2986514402278945e-11
225857_s_at,-0.4677870989157328,5.940627239583002,1.1941210010958422e-5,3.7570097752539666e-5
225858_s_at,-0.8094542056547749,6.098665605855694,1.7933691265897245e-27,8.46359623487036e-26
225859_at,-0.6993309208981109,5.126376421338306,1.532431706151756e-17,2.4285415485212663e-16
225860_at,-0.477882001182772,5.243826666435182,1.2851136652058558e-11,9.61412199395973e-11
225864_at,-0.3661779396632557,6.065518882933173,1.1635010788222451e-4,3.073880901953813e-4
225865_x_at,-0.6497210638998945,6.835473537421819,1.3563211400546628e-15,1.6778600893078063e-14
225866_at,-0.2377819926683217,6.00198187787358,0.00030250054619377573,7.380296860336869e-4
225868_at,0.3660381783135494,4.57741285725045,5.111742637848757e-9,2.671321896549938e-8
225872_at,-0.4490296348022677,6.0223061332691055,7.751236112745497e-9,3.933632992697419e-8
225880_at,0.23621948631583123,5.068658591530179,1.459809827960924e-4,3.7949387738280465e-4
225885_at,-0.4391657359417948,5.503530472768673,3.8051653597031896e-7,1.504789091860475e-6
225887_at,-0.6930607501282691,5.673446401462103,1.1541938724986591e-12,9.939613308744481e-12
225890_at,-0.3169057658869556,5.326246207535764,5.400060662546337e-5,1.5120452137443519e-4
225892_at,0.2843587429538441,4.9867648881341,4.255468180793895e-5,1.2153780490761129e-4
225893_at,-0.1477382965990713,5.228723360585579,0.012278233067064579,0.02173082948082981
225894_at,-1.173800010351706,3.4387595747697945,4.969571828596633e-7,1.9324509255809705e-6
225895_at,-1.1514669002195652,5.64255184822434,1.4700854778913976e-6,5.349533194514451e-6
225897_at,-0.6154726692484664,6.357455064856383,2.818238831583713e-15,3.336109679862576e-14
225898_at,0.6334649525398196,4.370176991942517,5.435615448906755e-14,5.467769793815781e-13
225903_at,-0.5269551108157101,4.9074673357769765,8.85256858356195e-12,6.754812481175155e-11
225913_at,0.16327326035467468,5.589002636815279,0.0027279571560782354,0.005540209481149978
225914_s_at,-1.638792019026109,3.788380206326021,2.1118689391434218e-29,1.166208863146571e-27
225915_at,-2.066687685499067,3.7202066738306034,3.266305701048308e-32,2.3173465546576507e-30
225917_at,-0.3045622707906945,4.962205034384124,3.839115816713e-8,1.7561250104375048e-7
225921_at,0.3093137456239336,4.32363340247751,1.1221952100783004e-4,2.9735536199774505e-4
225922_at,0.24750973683514782,5.7899296011527355,4.7827294223281913e-4,0.001126839241288804
225923_at,-0.6165623382777252,4.267295409065791,1.7903311875974997e-12,1.509033675273959e-11
225924_at,0.19973126390668577,5.243304757344293,0.00192837836208026,0.004039639693579552
225925_s_at,0.6842328935395621,4.883247205592566,1.3502550278584156e-40,2.0090669602010008e-38
225929_s_at,0.49313250327348673,5.246900499036107,1.3806771752617134e-11,1.027880095801163e-10
225931_s_at,0.5380508251534276,4.425412191687905,1.858883583095772e-13,1.7717277425004454e-12
225932_s_at,-0.20277478346847647,6.548856600446784,0.010507831153942779,0.01889081979395687
225940_at,0.36840365952135784,4.031505958302106,1.050861034235227e-5,3.342599245772561e-5
225941_at,0.5127716584673356,4.491170488952734,2.918984106181839e-7,1.1720793376883825e-6
225949_at,-0.27885229374186077,4.011409787982955,0.0013648740480918771,0.002935534165269681
225953_at,0.300533534376886,5.237687792850558,1.8835095083978954e-5,5.714539043745866e-5
225954_s_at,0.2551031750929487,4.725382795444718,2.972643362575323e-4,7.267299609655742e-4
225955_at,0.4699639476045971,4.508652173464882,1.7615403785671347e-10,1.1395762122940648e-9
225956_at,-0.20099562115879843,4.221718971494691,0.020081317586245432,0.03388959598321476
225973_at,0.774895233263886,4.763603293985004,8.305391326651512e-19,1.5080619878375875e-17
225974_at,0.5635864817982763,4.7125895077857924,1.1188701980489383e-6,4.138969762326753e-6
225975_at,-0.611834536586778,4.975394807478064,1.1364825404303959e-9,6.517739537275606e-9
225987_at,0.34986278266426485,2.7665834708493495,0.016621807052361725,0.02853219339079493
225990_at,-0.3962703449832573,3.5639907432823725,0.00185864715015279,0.0039034869475763263
225997_at,0.21618646333039532,4.399149244154645,0.0036628751374146755,0.007249285303366602
226000_at,-0.25333004090085975,6.068428631174915,1.5171162075500207e-6,5.503848943949669e-6
226003_at,0.18728640126672508,4.402180198894301,0.02370955109990481,0.0392642480960396
226004_at,-0.3148685488057721,4.151779988276739,2.2704426981994265e-4,5.683002949955714e-4
226005_at,0.3970067905725479,4.772393104331162,1.827608028253939e-14,1.9657795990647037e-13
226006_at,-0.208091248223808,6.148630695606417,2.3170795885439842e-5,6.939578873936735e-5
226009_at,0.15038912363137347,4.965599583341536,0.003933361663165777,0.007732360844373244
226010_at,0.3458140680057566,4.344408375409659,5.723666657153172e-6,1.884956683002826e-5
226015_at,-0.4330904853992626,5.63893108009965,1.4966955657686644e-10,9.776889997609575e-10
226022_at,0.36346599509414607,4.511732307637283,6.872191805734126e-7,2.617198393701731e-6
226031_at,-0.2562303753911256,5.050634934385816,8.829629844294177e-5,2.385068696972353e-4
226032_at,0.19750220338090205,6.069285388998691,1.8144428000874794e-4,4.640278280577027e-4
226034_at,1.3273693270358762,3.576187796677849,3.0910268837411066e-25,1.2174327575558261e-23
226039_at,0.25460341784948604,5.66286090382381,0.0037893483903724905,0.007477489280910019
226041_at,-0.2387144755200128,4.301414516497154,0.00501993113539399,0.009661969502960083
226047_at,-0.44091827346062684,4.996862543881659,2.3400453569592244e-4,5.829978118396319e-4
226050_at,0.558129720866635,5.852366849249094,2.981431382684763e-14,3.116104819775792e-13
226052_at,0.135734078334642,6.182293720626507,0.0077198516448901576,0.014261557280860192
226062_x_at,-0.43198761505643424,4.862570074136642,4.537345593501924e-12,3.587349324220377e-11
226064_s_at,-0.5487646286814019,4.0387295587321965,5.025406996174161e-9,2.631338472630195e-8
226068_at,-0.31102539094589265,5.097762683226479,1.994142697905826e-4,5.053998278368846e-4
226072_at,-0.19959547485864693,4.927850986584203,9.729903152671962e-4,0.002153645712284602
226077_at,0.45642190233380436,6.752138763598657,2.8486399420917895e-17,4.378404548009949e-16
226085_at,-1.6481434458853645,5.725868636732924,2.280071272249606e-44,5.19710713608724e-42
226086_at,0.7050919729218738,5.644527919829949,4.7456641875583113e-7,1.8514311886858045e-6
226091_s_at,0.3203765373538262,8.375682602981373,2.5796536535906484e-20,5.582995876952851e-19
226092_at,0.16158962824456324,4.7629288991401975,0.006247204871776644,0.011766228163035018
226099_at,0.5865207284571146,4.225002389166595,1.7168146834317066e-9,9.534596010162714e-9
226104_at,-0.528145310406561,4.695973433541183,5.207459416900683e-12,4.1020229950924274e-11
226112_at,0.47027023925052447,5.0053437254630735,4.851408255882024e-12,3.832827186228917e-11
226117_at,0.7144291221218515,4.316273843730837,4.421686330658656e-26,1.8640807552974662e-24
226119_at,-0.5389123668636285,5.922954959304558,1.0961197491930713e-10,7.230745611518087e-10
226123_at,-0.278406381048243,5.555289243441425,3.1252695408453727e-4,7.60251479099301e-4
226126_at,-0.38622420237924326,4.897989545145674,5.733430336880457e-10,3.460407842197202e-9
226128_at,-0.1805622782418095,6.204266212274969,0.002619049303296387,0.005343339399393296
226132_s_at,0.4590274457516084,3.8016925652911606,7.575214410867855e-6,2.4539846381502065e-5
226142_at,-0.5477107968319881,3.22513955556874,3.60510349076421e-5,1.044388147554272e-4
226143_at,0.3276209362649929,5.375571124472994,7.622101753855286e-9,3.8736041787975177e-08
226147_s_at,0.6748777603873614,9.458789894137137,1.8819806347216865e-4,4.794040700583555e-4
226148_at,0.22536159571683195,5.238034275479896,7.691653403192501e-4,0.0017388155340718526
226150_at,0.6992616416077215,5.497655761384881,1.9021520613125947e-23,5.975881241302589e-22
226158_at,-0.4708229645926885,4.291715515955857,1.6030423491842978e-7,6.700504364733275e-7
226159_at,0.1404785923765301,4.795108489732704,0.005043910633968893,0.009701151637649686
226165_at,-0.48316853799937576,7.032979861463845,6.933490930225989e-13,6.174437933126436e-12
226170_at,0.3653549866826745,5.125899201403769,4.849897229391728e-18,8.118273284136496e-17
226177_at,0.2234906115540199,6.388574024469703,0.0010016382137285368,0.002212484573953364
226184_at,0.18155196744409072,4.9564221552462895,0.00998054092313695,0.018033654057946727
226189_at,-0.38296848315101845,5.13744067834776,0.0018138803211742525,0.00381845153875806
226190_at,-0.20264295101022067,6.328186543256729,1.8827781938719968e-4,4.794040700583555e-4
226191_at,0.11524520208610554,5.355755924445853,0.011242966989302631,0.02008770936564361
226200_at,0.23686924281080032,5.210348398010465,3.066716569948616e-6,1.0601398713733308e-5
226215_s_at,0.12070271087994722,4.852135778935249,0.03009818781279606,0.048648443880278246
226217_at,0.27429064524413094,5.485812189501344,1.162721876956735e-6,4.286386602834653e-6
226218_at,0.4524766884613105,4.2213822852173974,3.376512896794662e-5,9.826835822700683e-5
226223_at,-0.2535795350873657,6.142478958588573,7.639036160172082e-4,0.0017287071057018064
226227_x_at,-0.37710463371126485,8.448217562808368,1.085203721377404e-6,4.021372351129758e-6
226230_at,-0.4257076472066887,5.120371467029196,1.68334622377811e-11,1.2309684706713237e-10
226235_at,-0.5060284219571926,4.461417681719576,5.3667893367349093e-11,3.6620645964612155e-10
226236_at,-0.37636311580079107,7.144625154782156,2.3062540868168697e-8,1.0884096930426928e-7
226241_s_at,0.27880960467345,5.653797117755412,9.25586196652426e-6,2.9665045053608242e-5
226243_at,0.12594403800120654,6.095177817261767,0.028949943392450845,0.04702664800050431
226247_at,-0.14320574439058295,5.887848760498023,0.015445396510519505,0.026675243078703118
226255_at,-0.39230929030207884,6.069092444207886,2.895000172218976e-8,1.3455156982638562e-7
226274_at,-0.4394373610929506,4.223309444832129,2.3647154260309009e-7,9.626231469180859e-7
226275_at,0.23322249101682366,5.233227252454711,0.0227417612557922,0.03785320018637437
226276_at,0.41581776868020454,6.406115830639731,2.395243996347171e-13,2.256838076769327e-12
226278_at,0.21973895807115523,4.687801690752558,3.8293638997632335e-5,1.1024986685881087e-4
226279_at,-1.0371203540519267,6.095405350054501,4.37493675128892e-17,6.591940564916764e-16
226282_at,0.2459163261573397,4.735945511826112,0.004689824319944566,0.009091944976396333
226296_s_at,0.13279002505410278,7.555161448165764,0.00481098426322013,0.009300299336971832
226301_at,0.8332922433960407,4.617347933772566,7.006303865571586e-24,2.316621398514457e-22
226302_at,0.3648286846470798,6.841936490863065,1.9654193981390617e-4,4.984739112751839e-4
226303_at,-0.8339835285311448,3.3708832255765095,1.0132375945040695e-4,2.7028920194029126e-4
226311_at,0.6634061716109041,4.83757963132351,4.304293648462024e-6,1.4496038307442206e-5
226312_at,-0.16599427310678233,5.052539846170971,0.0254359834430626,0.04184516133684423
226316_at,-0.4299641401392238,4.020181606632689,7.204060857253061e-5,1.9773790408340262e-4
226317_at,-0.2564029712419564,4.572322051067932,2.0113253449248873e-4,5.090320911925423e-4
226318_at,0.25175196547866424,4.925127511265225,0.0015109319751269769,0.0032224993528837953
226319_s_at,0.8346636565768994,5.958050919463546,3.597911693662954e-23,1.1140008085032146e-21
226320_at,0.7762399198446939,5.588659470341732,1.4351826550076636e-24,5.2296298581962925e-23
226321_at,0.3972081864752929,4.477785273714398,9.60558990196819e-10,5.5835423016703864e-9
226324_s_at,-0.15684871711722476,5.272869312426307,0.029326291285935925,0.04754427338774691
226330_s_at,-0.3311114818535639,4.758081310297662,2.1298029795613955e-6,7.550158610205569e-6
226331_at,0.4255164670636624,4.536231224269382,9.670277904311555e-10,5.615050796145782e-9
226333_at,0.2687648981495513,3.583686242999369,0.014306455344587011,0.024924780296629808
226335_at,-0.4857422365745539,6.251451396584126,2.2703468262143799e-10,1.4486137909014087e-9
226336_at,-0.3788663273945439,6.078537727538839,6.733690405250705e-9,3.466507703577645e-8
226353_at,0.47007305281994094,6.116710426205244,8.844721777693751e-9,4.4460655999929114e-8
226354_at,0.3229165215270573,4.784082759836424,7.309713041576704e-10,4.32646164720504e-9
226360_at,-0.6988202387005805,5.568337706847315,1.563104639463084e-10,1.019205112755205e-9
226372_at,0.6241762483311658,3.5229819224826455,2.4901376013564628e-9,1.355957504007062e-8
226374_at,-0.42906349547341266,6.765801633005413,7.861994333431794e-7,2.9625587511099125e-6
226381_at,-0.5565523594152203,5.729746688107682,1.6740053369786078e-11,1.224973987366928e-10
226382_at,-0.4730443603418513,4.019723656177531,1.8768801193780554e-4,4.7846555990139675e-4
226384_at,0.5951777193032607,4.787585842023108,2.144083330671126e-19,4.161153029253582e-18
226385_s_at,-0.16009795763376036,6.886261906306404,8.41688821680429e-4,0.0018864042566239406
226386_at,-0.1482741744608129,6.096197742127273,0.010044417299738062,0.018130723257303093
226390_at,0.5123555087769281,4.5377757704230115,2.3354100063440103e-9,1.2771438181706679e-8
226398_s_at,0.23762973572845908,4.697742822643105,1.0876326024660488e-4,2.8884006123497223e-4
226400_at,-1.4060092876413601,7.703389904926579,8.793849455042011e-64,8.56440992835137e-61
226403_at,-0.3133856095942685,5.75691222001924,1.7371145321378614e-4,4.4627597081038157e-4
226414_s_at,-0.14736979629851127,7.285208135020865,0.002709621457247762,0.0055041776082182265
226420_at,-0.21209513209073944,5.390904104289393,0.020777947643052058,0.034911253622963725
226423_at,-0.4943095022091338,5.573946794092295,1.5737476797059845e-6,5.690030000907936e-6
226426_at,-0.30364336856622537,5.025630785803803,1.8846198088734657e-5,5.716288791750124e-5
226430_at,0.5046587105385871,5.622625648960757,3.164261459642854e-9,1.6966332841418367e-8
226433_at,-0.5160661687147624,3.6438847696260357,7.01333682346687e-5,1.9299737320781037e-4
226434_at,-0.25728395732557174,4.950841601240291,1.5248821870222537e-5,4.6902276398419186e-5
226438_at,-0.6198308433292642,4.611175783558361,1.895246551554312e-10,1.219446024432513e-9
226444_at,-0.8957971774596414,3.7434548445901137,3.326764965031754e-12,2.6958875242348852e-11
226452_at,0.41805785962370406,4.677442038081995,3.398361156207385e-7,1.351899111268092e-6
226458_at,-0.7053787496742094,4.059907614045691,1.9153358304564937e-14,2.0560112977635689e-13
226459_at,1.0647483762790821,5.127464304414527,9.361348045461808e-29,4.9160843926976645e-27
226460_at,-0.2574320997789435,5.560684003923602,6.821175009429467e-4,0.0015581076306187183
226461_at,-0.6710135595808412,5.386689657336579,2.50673948567456e-8,1.1747462865280649e-7
226464_at,0.19599010565031938,5.2642482524888194,1.8315673230266986e-4,4.6784884910789276e-4
226466_s_at,-0.14320010357748353,4.753936707568637,0.00978000005650531,0.01770713885505178
226474_at,0.8191268145663083,4.655610354976925,1.7224959613761134e-22,4.894721282287083e-21
226485_at,-0.5478308659458092,4.7159445454031035,1.205404447561609e-12,1.0346088822489405e-11
226488_at,0.11802647817259423,5.140653104838654,0.021986800145609702,0.03670634096305388
226495_at,-0.2399580813800059,5.806541000517314,6.47700586020273e-4,0.0014871016669599623
226505_x_at,0.1782570845342449,4.559315390878565,0.004334020979685127,0.008458802469551243
226507_at,-0.12343405108254972,5.59795031819399,0.0050774246668681255,0.009756852099759324
226510_at,0.24401889784564795,4.583714022381179,0.0013732290463646666,0.0029523184374281902
226517_at,0.9332355266728581,4.082881506196396,5.859652771192584e-10,3.5306220549935965e-9
226518_at,-0.2902639974796161,5.34750856791569,8.466109929348586e-9,4.264101348054133e-8
226520_at,0.24029720951679312,5.172905591182421,9.97821282514822e-4,0.002204962747438384
226523_at,-0.2783179266564959,3.9493472314115987,0.006467150411702172,0.012152706956773437
226525_at,0.26129133300767277,5.355845236921267,7.033851563866473e-4,0.00160395171995959
226529_at,-0.398161630874005,6.461691302042164,5.3559693993261455e-8,2.402784764446441e-7
226534_at,0.32336429677568496,5.251127007630244,5.85555046971324e-4,0.0013572157546957583
226535_at,-0.4793579656613536,4.760776573540235,4.363252060248274e-5,1.2431787053574403e-4
226536_at,-0.525322641529234,5.320534426679849,7.388720003580899e-16,9.52062255004471e-15
226544_x_at,-0.3336180273094649,5.220722849025,8.290770040041589e-15,9.300420883661314e-14
226545_at,1.4141219416366781,3.832285082335354,7.032035891404488e-21,1.6412679848500278e-19
226554_at,-0.31339838079859195,5.663414187959761,3.3908156474597495e-8,1.5603869429225214e-7
226556_at,0.4945102674909599,5.234847218795259,2.1904221501253823e-19,4.235738717381448e-18
226560_at,0.8031069219937121,5.752928306784278,4.8442380299400787e-17,7.237980755194988e-16
226567_at,0.24607796756172087,5.114365565894985,1.4470933807843971e-5,4.470216663305434e-5
226568_at,0.6181843777519976,5.081000435978562,3.1946434576963866e-19,6.057383249964847e-18
226574_at,0.34236607788252693,4.8611345876699845,1.1895764121416136e-11,8.930576106007783e-11
226594_at,-0.6032770668384386,5.357065765709614,1.3675141721842275e-5,4.2495653861467844e-5
226599_at,-0.4519212024571917,4.8531375950460225,2.6972383369888486e-7,1.0887533648892816e-6
226601_at,0.36526143514909465,4.7974740457516925,5.989589910296808e-10,3.6008123854663134e-9
226603_at,1.361898107484464,3.962746509196227,5.910330385442599e-35,5.45839391545229e-33
226605_at,0.20686301753604125,5.333223134113525,0.0033665481614631627,0.006709921944884625
226609_at,0.45902727777309205,4.530662239553941,1.0263128363691056e-11,7.78123808635685e-11
226610_at,0.3514647927349727,5.144023567089921,3.831154073336994e-7,1.5145075124597498e-6
226611_s_at,0.30313624132255024,5.362839749067861,2.6886582515344076e-5,7.954585314276428e-5
226617_at,-0.16552424243542882,5.7557159871525245,0.01039608673795905,0.018718197852731985
226621_at,0.3861149527869123,3.9442633327106886,8.165930486645392e-4,0.0018366914403407956
226622_at,-1.001227650101556,5.852297073150167,1.1812227454317583e-14,1.300559020741051e-13
226625_at,0.31975337514081875,4.323914990215558,0.0037666136868915235,0.007438107359938966
226626_at,-0.22494305326560007,4.892726493532052,0.0015142566973584733,0.0032289474519907094
226633_at,0.5380241228582273,4.341805213024592,1.1905784465225782e-12,1.0228281393421316e-11
226639_at,-0.48333853400600796,4.965124821116773,6.088228070015983e-21,1.439260579379635e-19
226649_at,-0.4973824126400505,5.410582498162613,5.833249560341887e-8,2.6016487318877036e-7
226654_at,-0.9558394766873685,6.551432971534771,1.2354394932695737e-5,3.873357708925064e-5
226661_at,1.022592674324989,4.297660504733345,2.813527695714148e-32,2.0229075304822594e-30
226663_at,-0.3185917286268092,5.204684925013962,0.008825348433503685,0.016123116945451054
226670_s_at,-0.8337972058133866,4.761384264936661,1.9195772766893705e-10,1.2343596257606978e-9
226671_at,-0.7940556248439171,4.557609799943448,6.735414020013577e-11,4.5582116485410897e-10
226675_s_at,-0.33206506290051496,3.889104487398045,0.004292115898935722,0.008383124453108183
226691_at,-0.36265400905307293,5.550830612607482,2.7476600509441286e-7,1.1074372507812058e-6
226695_at,0.5003055822125017,4.544046160731785,0.0011731738338560402,0.0025576890629908306
226702_at,0.9441700912456472,4.7227189985363625,7.530737481445617e-13,6.673018249687915e-12
226707_at,0.21066604882684917,5.569847908680909,0.00626227481227802,0.011792538242913417
226725_at,0.20434137745592684,4.008493715329245,0.013217017769369961,0.023227347664576837
226726_at,0.24648334004728717,4.52341288845093,0.011885074407863358,0.021108661667800947
226742_at,0.2890202581480069,5.3251837320447475,1.3690308093850505e-5,4.251138278533926e-5
226748_at,0.6937831901764318,5.355921639065033,6.350006231846159e-27,2.907163109477261e-25
226749_at,0.21319265021240566,4.933859173764422,4.466577731532992e-6,1.5001193201108599e-5
226752_at,0.16422248284772759,4.726915845525924,0.011190270092586253,0.020003564742512355
226756_at,-0.3201614229573354,4.860828088804569,3.000331728995117e-4,7.327263069982964e-4
226757_at,0.9682944041839352,3.7671644906281943,2.736989958306922e-16,3.763976049209506e-15
226760_at,-0.3682726634242393,5.670144083393742,3.035850862034673e-7,1.2162703921083563e-6
226762_at,-0.44751032805490487,4.761785043728161,3.3999446167342124e-9,1.813924635412033e-8
226777_at,0.631060922507606,3.842039643822987,3.5646469500786324e-4,8.588605350881327e-4
226779_at,-0.35458578017055153,5.371053382862963,1.9341802867248616e-5,5.8566629202044783e-5
226789_at,-0.6758304033136939,4.611348411536056,2.359216238217061e-5,7.050009361232741e-5
226797_at,-0.28730822781692605,4.965329183316547,6.571799310158919e-5,1.8164005678465557e-4
226801_s_at,0.1714688919009438,7.221578993826263,2.4052798545991632e-4,5.979986790977219e-4
226803_at,-0.46025804153369126,5.642510339027668,1.2061898228165316e-7,5.150223822970707e-7
226805_at,-0.7814048501924137,5.05562496623738,3.141172661890258e-16,4.281346402904623e-15
226806_s_at,-0.35262934547508845,5.174412572041923,3.373948420520995e-5,9.822040605717777e-5
226810_at,0.5846403485956184,3.9909901788551756,5.672876299239341e-8,2.5375166510960777e-7
226811_at,0.7502071453098677,4.587966691701094,9.240397104855038e-11,6.137158969889152e-10
226816_s_at,-0.14947142437946476,5.493724861950489,0.004422365092980655,0.00861239724433771
226817_at,0.32532310114706375,6.753111810095408,1.469392928228534e-4,3.817998166410935e-4
226818_at,0.5904107369497258,4.459200012241921,5.111529658863832e-7,1.9808595381885478e-6
226820_at,-0.40600591662874164,5.1874313291675325,1.4510469887161034e-7,6.103284801772915e-7
226835_s_at,-0.4013224744263616,7.8284328180368705,1.865370184300088e-6,6.674586100336286e-6
226837_at,0.47295049596819966,4.632208685204722,2.445009535450197e-9,1.3329968016935349e-8
226841_at,0.5483424785335222,4.099020179814377,7.621468450256903e-7,2.8810441604658505e-6
226850_at,-0.31257606258919424,5.620526252512952,6.2684289477788e-8,2.7866287393891085e-7
226858_at,0.3761686200438,4.7881797743364025,6.575912760092055e-8,2.913472018149966e-7
226860_at,-0.34158117762653684,4.720628129449129,6.052970832900744e-5,1.6803699542074544e-4
226866_at,0.3943189725218448,4.542802095401605,1.7304496742629972e-9,9.605340601232896e-9
226867_at,-0.33750919254545036,6.220075405345139,1.4953236850218225e-6,5.4339900399046074e-06
226875_at,-0.6400973904351872,4.602603175407399,9.494636474223175e-8,4.0998001027147475e-7
226876_at,0.3088423134146028,3.8340971152106724,7.217251414355991e-4,0.001641460240557794
226878_at,0.9763964151757123,3.3512409491034014,1.7079082584031674e-23,5.445482491747957e-22
226880_at,-1.3748225048899583,7.672422928082862,4.0553497671801825e-75,6.206423150828756e-72
226881_at,0.37500459660891816,4.4474368930781445,1.0435597128279926e-8,5.1998396295471086e-8
226886_at,-0.20693200593668576,5.724366550830938,0.009527248347284896,0.017296290720973242
226895_at,0.48017600461806836,5.328295021289397,3.372926998566421e-9,1.8031021424971092e-8
226896_at,0.17221289360631817,6.28890631730625,2.3602871172970628e-4,5.876308595771191e-4
226905_at,0.28937157406579084,4.428242896545524,0.003120920471878562,0.00626464699554713
226907_at,-0.8786374745198299,4.480828205061935,2.494889461403141e-9,1.3574276688680474e-8
226921_at,0.1549351849020027,4.819264561393063,0.011643953196272844,0.020732381653324364
226923_at,-0.5344886001419868,4.827468028397767,5.888531709909195e-23,1.7621184415714305e-21
226926_at,0.4892824553347109,3.474702659764351,7.325018674497803e-4,0.0016643250277814416
226934_at,0.23415231674424922,4.127799043577996,0.005390796576768133,0.010299911490443554
226941_at,-0.4459365199603706,5.235153595722537,6.120935916468453e-13,5.478160941781665e-12
226950_at,-0.37605838934135755,4.945169178279022,1.5515395474387892e-4,4.0187725270096104e-4
226959_at,-0.35812834502098906,4.397126185193451,0.0013020775887286852,0.002811196535278195
226961_at,-0.9808076626599005,6.180942120772724,9.407555562834698e-21,2.144322186056343e-19
226965_at,0.16070353679533242,5.722869182581053,2.2660798931647142e-4,5.673408248533205e-4
226979_at,-0.5078494087315776,6.420603994359802,5.618438072917796e-14,5.646372145888213e-13
226989_at,0.3267409681774793,5.596266341705135,0.013377431837918608,0.02348998971965613
226993_at,-0.2628818629246319,5.1409457509479966,2.209599348013855e-6,7.80977823004699e-6
226994_at,-0.37574586144854055,5.791800439080165,3.3940549040092394e-10,2.10864219392862e-9
226996_at,0.15136966863301768,5.562533404692303,0.003006314806702766,0.006052743943658472
226997_at,0.2900866889706304,4.485842934112813,0.024703452895921532,0.0407401617724765
227001_at,-0.6607158099147284,5.028806326535091,7.469912578491007e-13,6.624600451438259e-12
227006_at,-0.5547596716790432,2.9685668501222837,2.161133662628981e-4,5.433519110008044e-4
227012_at,0.14803764522191148,4.712934958914536,0.018746356233760277,0.031812088441671764
227013_at,0.2933763487569281,5.118353333073016,9.468898162762304e-4,0.0021015186662041137
227014_at,1.3021291825767143,3.530553550539733,9.939778474235829e-53,4.0955710305572476e-50
227026_at,-0.21636753947324247,4.996693899507976,1.45883295159657e-4,3.7933197598189454e-4
227031_at,-0.4934802566185602,4.827922539705396,2.4909216539586466e-9,1.355957504007062e-8
227034_at,-0.2849690635137347,6.004311703997563,1.7677492020727782e-4,4.531681551042277e-4
227038_at,0.6331169423366361,5.098962543241688,6.358410591601152e-12,4.939641237695659e-11
227040_at,-0.2712593556336458,4.919134101084093,1.0371569150066595e-4,2.7632584010112767e-4
227051_at,0.5483621409197229,3.5744778544954374,8.235139155676903e-5,0.00022351924442555528
227054_at,-0.46906923938270145,4.3378321012586225,1.009729898286285e-11,7.666361729511673e-11
227063_at,0.39277576032561984,5.0693778507568705,7.118618191748866e-9,3.641917702397593e-8
227074_at,-0.5331262817276278,4.465232931661907,3.1697137265170106e-8,1.466831237675021e-7
227085_at,-0.23980819294173406,5.352573379737903,5.318141179017322e-6,1.7616959323071297e-5
227095_at,-0.42381318130829165,4.87741655666918,5.845322948639726e-9,3.0339605013942535e-8
227098_at,-0.8540684535231936,4.692600685036498,1.964233602915599e-29,1.0903023102608711e-27
227107_at,0.3388804310985429,4.474361140230956,3.1887938701522955e-7,1.273734106299088e-6
227112_at,-0.4884398379272669,4.584207612110404,1.1912628453258179e-14,1.3102668236114461e-13
227117_at,-0.23696320093554765,5.15125482610228,0.002933729138652357,0.005923301971802242
227121_at,-0.5376651187483431,4.199650738725807,1.9545637177350543e-7,8.07218238554188e-7
227126_at,0.29312148756024176,4.219976388973864,1.1611052340152392e-4,3.069064981989947e-4
227133_at,-0.2676370302655584,5.1746424751262925,8.687522399979977e-4,0.0019425887595697245
227134_at,0.981372526275696,3.854586855591763,6.328904766100088e-21,1.490144104598467e-19
227140_at,0.46872274675399617,6.03043827703126,0.003554057436055775,0.00704824459690217
227153_at,-0.645436802730993,4.870503989777988,2.490093026103754e-22,6.965108769882381e-21
227158_at,0.19187691135435628,4.661814738229734,0.0038816391912109105,0.007644117767544574
227163_at,0.26741874710106944,5.27021432230247,0.004788461465660084,0.009266399508962514
227180_at,0.8193856903194209,5.005246141953201,1.432722337457656e-17,2.2840408335095045e-16
227183_at,-0.4435567765632178,3.2867509528037653,0.0011259477854207755,0.002462192003513527
227186_s_at,0.19562010190569787,6.882421662752626,0.0012670071165921041,0.0027410030775547683
227190_at,-0.3424692440850712,3.7970957963556535,0.006590228935651337,0.012370969438870293
227195_at,-0.6913938067973304,5.284931913141795,9.593233634068325e-10,5.579387183592506e-9
227212_s_at,0.18029078691576156,4.75432861051967,0.025430177847624476,0.04184203582884365
227223_at,-0.7260259472865753,4.32465208810388,1.0326600521693379e-9,5.973481176506542e-9
227226_at,0.4675939427594593,3.668135915798096,3.9069833605585153e-4,9.346921112475073e-4
227230_s_at,0.481133287650654,4.0571757159043775,7.662829590578006e-5,2.0899158198539253e-4
227236_at,-0.5864108531771262,3.3011261010491113,2.8558601633318307e-4,7.010730964659464e-4
227249_at,0.5348224406298001,4.726338392008192,4.924522419525335e-13,4.46709641662785e-12
227252_at,0.5115512405308452,4.660679886216833,2.6755191828929956e-19,5.127520036911031e-18
227260_at,-1.58484469725599,6.2410687903106945,6.553482713453525e-25,2.4634196599728985e-23
227265_at,0.3317970000414418,4.90180621340322,0.013213865952225139,0.02322561869502673
227277_at,-0.2330022649779504,4.657516400527924,0.003170197922031639,0.0063492859111469345
227278_at,0.43579012020146574,5.204568484648949,1.503391104240795e-11,1.1145902352755457e-10
227280_s_at,0.29923960949671824,4.143331632526073,9.864827801917219e-5,2.6427081830942526e-4
227297_at,-1.0115799900777025,4.192140555026364,3.2232711639254416e-14,3.352514949430413e-13
227305_s_at,0.2819577100482158,5.2552754677186755,1.4023204974658047e-9,7.936111721791425e-9
227314_at,0.33243301166933015,5.765601945943751,1.8378822575155693e-4,4.692381464433817e-4
227319_at,-0.3516700255067236,5.8384371928498995,1.5536658312531926e-10,1.013667603545399e-9
227334_at,-0.3967728995949067,5.425665302450083,6.130693606664037e-9,3.16826438052059e-8
227337_at,0.6465676264402391,4.892975520218549,1.496550794372322e-7,6.279885883317934e-7
227338_at,-0.7485156951650173,4.9557741958939525,1.9296588615691282e-45,4.9220084247595406e-43
227340_s_at,0.35900696752298217,4.044772679382784,0.008785211739710896,0.016060746308450995
227342_s_at,0.3614569173108624,4.19517869710491,0.0012278789602020467,0.002663346284803508
227350_at,0.5289941507652215,4.025694828882017,6.525041675128373e-9,3.362326669824447e-8
227357_at,-0.38622214231505536,5.047676566049755,6.467522688156763e-7,2.4683495033211045e-6
227364_at,-0.9372924917924923,6.968448320367894,5.982894899606752e-22,1.5825864952959787e-20
227367_at,-0.24660119578645825,3.6075197227865554,0.01580936539114494,0.027233595664147896
227369_at,0.1464245106821363,4.803506151075198,0.013746926312743345,0.024059928375824123
227379_at,0.6432061609883053,4.2982243710576,1.1375019140540215e-14,1.255000824434679e-13
227383_at,-0.5992775288401823,5.004055638557996,4.7624752350667473e-7,1.8573133306614513e-6
227384_s_at,-0.4938114268404607,5.298804382801756,5.019548528198902e-5,1.4147441037251998e-4
227388_at,-0.4118187178955623,5.4253970746692834,2.1599822999657145e-8,1.0229836595726216e-7
227391_x_at,0.1376608010002504,6.378717724040107,0.007958844054735004,0.014655052656991423
227393_at,-0.6212153459841774,5.178466589178628,3.477429457583609e-11,2.4428871684781686e-10
227402_s_at,-0.3836871152154233,4.604924113631029,4.7135764487150476e-9,2.4765347962277737e-8
227404_s_at,-0.6103173109764718,8.463518863494485,4.5593592527949655e-7,1.7845968460063013e-6
227410_at,0.4347369410454918,4.167645285595936,2.2164241829138066e-6,7.831316712254489e-6
227413_at,0.21386024309010784,4.59308171724439,6.543226204659557e-4,0.0015010188935871058
227415_at,-0.4253422058096997,5.022987328659565,6.786040725487539e-6,2.211708375179434e-5
227426_at,-0.11938935573354291,4.978709171037431,0.023539055280257314,0.03901205124031507
227432_s_at,-0.7276684333600771,6.691123406358493,1.1748449504588527e-16,1.6894112690289514e-15
227442_at,0.18547006386883919,5.0011587365872625,4.3229026143371636e-4,0.001025492819029983
227443_at,-0.24623629603488906,4.818427997567984,0.0022490229923017133,0.004644137108043225
227447_at,-0.1523219539696308,4.878572120244046,0.004811188175627546,0.009300299336971832
227450_at,-1.7735985088482138,4.040353258198409,8.59522520549269e-17,1.256216202270712e-15
227452_at,-0.5794684896050725,4.636430123426982,1.2179275925586954e-11,9.130621622870052e-11
227455_at,0.323417703007816,4.400099821554044,7.67592165662637e-6,2.4851057330745934e-5
227458_at,1.5279190178866036,2.719248002615364,2.0634932629787515e-44,4.805696375280731e-42
227462_at,0.7803672095426035,4.498265605313398,5.806219294156979e-7,2.231062672105585e-6
227473_at,-0.9103472224615041,6.499480291556284,3.0715305943918392e-33,2.419507886597042e-31
227475_at,-0.88754473756625,7.070751314198971,3.184443047258255e-8,1.473011155668294e-7
227476_at,-0.2118784762033507,4.25781207376545,0.010288493862233869,0.01854005630716761
227477_at,0.19441209849421645,4.818036952939911,0.0012106212020505619,0.002628041527369335
227493_s_at,-0.11318661419412765,5.1826101255978525,0.012311555808790028,0.021779012116837446
227506_at,-0.5110851553068554,3.8853738095849275,0.0022229569969281146,0.004594740171346883
227510_x_at,-1.3093817334444762,4.363279507830346,3.1847316352316244e-14,3.322106135173943e-13
227520_at,-0.30053475223831416,5.090038299243888,1.915303804740089e-4,4.8645447274017485e-4
227522_at,0.743019116771313,6.746457402837463,2.991093323436543e-10,1.8727985256560894e-9
227529_s_at,0.9497141786908534,1.8444032496609672,1.3768834216476358e-7,5.807303974846899e-7
227530_at,0.51117312166398865,4.321849492561301,0.0022367940223884486,0.004620666093684429
227536_at,-0.6692788618562096,4.976397912444245,6.94248132705837e-23,2.0545525540545944e-21
227542_at,0.5873005581012558,4.058683574468772,4.395416879033635e-12,3.4957758741712944e-11
227547_at,-0.39469129099363554,4.563508795867762,7.861219559090713e-8,3.4388421860571176e-7
227556_at,-1.6835291232684946,8.5728941134967,9.768547347378624e-43,1.8043180643528827e-40
227560_at,0.2965841097231773,4.4531237860579,4.0609820295436745e-6,1.3758792056452052e-5
227569_at,-0.5141327656357472,5.626960570347377,1.4247031050716289e-12,1.2171327244523412e-11
227576_at,-0.9969267088509104,4.7447446882241255,4.307916714149998e-16,5.7472866449176754e-15
227609_at,0.2637784876638848,5.611420057164926,0.023427003928517442,0.03883836166607975
227614_at,-0.2288967551643659,5.224092394357303,0.02816420581483026,0.045861549915530715
227620_at,-0.2861432422864142,4.228437499027424,0.00110610938926262,0.002422766282390196
227621_at,-0.5827265586783986,6.417357657220858,1.3093123980617505e-15,1.627223169424076e-14
227625_s_at,0.1348119688428427,7.814743055669646,0.0020355058492169485,0.004237538702421525
227626_at,-0.30331442828390615,5.424660918821696,0.007855902409394018,0.014487912293310057
227628_at,0.7500697655015816,4.2383639118078635,1.2069532637436645e-9,6.874051203873406e-9
227641_at,1.3986188142120066,4.023959076542626,7.90483090887618e-33,6.005989611829115e-31
227642_at,-0.737683857085613,4.6242959498889045,5.69437702898467e-9,2.9584801702964487e-8
227655_at,-0.5337844111225074,4.300720205554105,1.8882539529376482e-7,7.828507971292966e-7
227662_at,-1.1094851609810759,4.046003321153278,1.2822813608459942e-5,4.009655638862561e-5
227672_at,0.18602794001142672,4.497366665333618,0.003933666256121925,0.007732360844373244
227676_at,-0.8903610397080353,7.022948787421359,5.450619685793987e-9,2.8414836347401938e-8
227696_at,-0.14131214290675417,4.749274264215773,0.01201960186045942,0.021318873299851288
227697_at,0.4883571168096258,4.817664364603594,3.0067523927438572e-5,8.822607062028195e-5
227719_at,-0.5427506382638145,4.565690702832108,0.003083008015403343,0.006194348250003003
227727_at,-0.36347030926714297,3.5108144008934863,0.020682300838024147,0.03477236171967243
227735_s_at,-0.979854663921125,6.884102205597787,1.5069614286636655e-6,5.470714261360166e-6
227736_at,-1.0574071086499781,6.830537668533176,9.046466466801955e-7,3.386261190036665e-6
227743_at,-0.26064067201331864,4.183003618838465,0.004568173332533938,0.008873769884213251
227750_at,-0.2666554524960286,5.035283570907395,7.373144591374609e-4,0.001673485127275343
227759_at,0.5623565330623332,4.118793574502959,6.773866566374004e-9,3.4838421759752623e-8
227761_at,0.40403423586070863,3.0708771792518346,1.753690433548212e-4,4.5010267404413027e-4
227765_at,-0.7331283321676436,4.706523709761746,6.537502302128126e-17,9.700313318933325e-16
227776_at,0.24643372869325783,4.963885877943844,0.0010670386977866713,0.002344858578336125
227787_s_at,-0.41792934009553107,4.822305206493659,1.5273203224878774e-7,6.401479896249073e-7
227798_at,0.17945410754145044,5.156640758997525,0.004215179773968365,0.008249400971597204
227804_at,-0.32229266603000434,4.367846757389687,4.719266123167724e-4,0.0011128659030925781
227808_at,-0.4817371495054456,5.229291962637995,5.77886240077232e-6,1.9013806173057085e-5
227812_at,-0.8222094990376343,2.0726047109574606,4.022610281551611e-5,1.1534856516665528e-4
227819_at,-0.5481864170352746,3.897208433999302,1.4219264644379977e-4,3.7027462842791124e-4
227826_s_at,-0.9988333615644711,3.4209461337356903,4.370286266966601e-5,1.2445209138227858e-4
227827_at,-0.8622007208575359,2.9621568079056284,2.0184190070624488e-4,5.104656001572241e-4
227836_at,-0.5914510251507662,4.9432206164961094,6.961089950820375e-13,6.193866830825472e-12
227847_at,-0.8111832490282219,4.364572718061058,2.4266676626980102e-20,5.294682417613806e-19
227850_x_at,0.23705698735719816,7.039930860464548,0.0193056977057045,0.03266297212906069
227861_at,0.17583012589415625,5.120668765542793,0.0050296772160526035,0.009678989045369417
227862_at,1.3418287512862361,4.042565379394121,3.8278325240386103e-23,1.1817743466866178e-21
227867_at,-0.34741629607983776,5.564294318169721,2.929211197890787e-4,7.173311252502063e-4
227871_at,-0.33445353264006616,4.581865972990196,1.1182232425423435e-6,4.138005387687781e-6
227889_at,-0.643327773726031,4.211641264382936,2.4469277450537607e-8,1.1507435001212001e-7
227894_at,0.23277407781779116,4.254645770632424,0.0017562881976370425,0.003706681532956193
227897_at,-0.7721788733180581,6.249487609488529,1.4778285623981494e-20,3.2914713906385397e-19
227919_at,-0.5169493978696987,5.083566740107845,0.021916461138419017,0.036606025596489386
227931_at,-0.8579295240159189,4.176897641676088,3.359857319314246e-20,7.209926416369604e-19
227935_s_at,0.42657188635104204,4.500741992102178,2.878917035489584e-10,1.8057282319203698e-9
227947_at,-0.24163066702505687,4.622450074732443,7.529317324711169e-4,0.001706040112090329
227948_at,-0.40302068823265536,4.943824281268576,2.0639544766038994e-5,6.223232284789635e-5
227961_at,0.25316553539463904,6.217765063406405,0.007919457940301949,0.014590052091909677
227962_at,-0.5020260945404624,5.435549121058753,2.6370315964703174e-9,1.4289590031859641e-8
227964_at,0.3882136530360267,4.756332658332933,1.5308145139848772e-11,1.1341366451120325e-10
227970_at,-0.443508413523614,4.356417840057261,1.6795759674512105e-8,8.108741477830022e-8
227973_at,-0.2547700420450266,4.7267118290233086,4.5284533552192346e-5,1.2861431811893865e-4
227983_at,0.4440462558905672,4.824903640527833,1.6517724313550472e-11,1.2120163052812753e-10
227985_at,-0.5163733830057996,3.654529951181368,5.803080701020997e-7,2.2306567473999978e-6
227988_s_at,-0.3894571843724897,4.2214032291376515,7.488737211503563e-5,2.0470541450887304e-4
227994_x_at,-0.4265672633539042,6.6672171830076605,1.3705774272595743e-10,8.974936417012114e-10
227996_at,-1.2663075803574035,3.7310664487285057,1.1561507126377008e-23,3.730675477255328e-22
227997_at,-0.6525658437376054,3.515595263083697,4.376052549039583e-5,1.245831808606459e-4
227998_at,0.7533966507745418,7.799611072150395,7.365812253946577e-23,2.1678556779266398e-21
228008_at,-1.1300561077652664,3.591689769216675,8.026468157286204e-21,1.8571825781643004e-19
228009_x_at,-0.2007539982737868,6.186088172584603,1.403707421309746e-4,3.6588607310197836e-4
228010_at,-1.00850456693484,2.7341060984029917,2.5377809973833927e-7,1.0282620206115085e-6
228011_at,-0.593120212982077,4.022435091587072,1.3092617333437043e-8,6.416340781935546e-8
228030_at,-1.834910862848524,4.737306321453707,2.693270933966462e-33,2.1532098145957246e-31
228038_at,0.5779561873876595,2.1024275381338198,0.00898394991538009,0.016382137096760323
228046_at,-0.49621983338623965,4.432981416810453,1.0527583215250138e-11,7.970459292224363e-11
228049_x_at,0.47298229012251336,5.728090055540257,3.0477469425678072e-9,1.6390819776972347e-8
228053_s_at,-0.12543924929480368,7.2370817726844585,0.028529210290136036,0.04638540443743017
228069_at,0.4228887941574218,4.294480892871825,1.6162535658652451e-6,5.8338694242299095e-6
228084_at,-0.26009664320556947,4.31534907637336,0.00428866366897707,0.00837886914091868
228089_x_at,0.21043407943959344,5.635440053124093,2.6707227985299762e-6,9.316656900244753e-6
228095_at,-0.3870150369969217,5.546521931518817,5.0855669609804604e-9,2.6589399147381002e-8
228098_s_at,-0.5961666282200959,5.351805825596031,2.5610045911725835e-18,4.403859098753112e-17
228106_at,0.19365094731128796,4.570745131744894,0.0020784701634649315,0.004319427907119265
228123_s_at,-0.43824085491739745,5.729683875161424,3.985244489682943e-8,1.8198603673475436e-7
228124_at,-0.35577689186184713,4.16408725076031,0.0014147220890381952,0.003034217765738976
228133_s_at,-1.3508978959631799,3.7468506829070605,3.140518967127617e-8,1.4545775916488614e-7
228150_at,-0.38339767618734066,3.8625351030835073,0.00239421095018621,0.004917404507159676
228151_at,-0.29958589450867884,4.921336974505921,4.942636000095482e-5,1.394534091888936e-4
228152_s_at,0.34677359660715956,4.007265905136721,4.358011732738003e-4,0.00103313520010671
228155_at,-0.40067660469909155,7.105979259447591,2.5017616051512325e-6,8.76434665663347e-6
228156_at,-1.0037739151762108,4.048572254583983,3.9717142417980825e-21,9.583102403689833e-20
228157_at,-0.33944206387607306,4.008678125657038,0.00554095020998768,0.010562313096013883
228183_s_at,0.2523010569709427,5.0949120660371365,2.3224348401456895e-7,9.474578995613393e-7
228188_at,0.38287773482268606,5.152124291057054,1.3552841366901397e-8,6.623703903449574e-8
228189_at,0.27937960624898517,5.150128815922155,2.3635298177192152e-5,7.058961510238626e-5
228191_at,-0.23977511138692456,5.26224377053788,0.004822152990849055,0.009318132213377692
228196_s_at,-0.8531760714028224,4.312807762024419,1.0245813102385373e-28,5.354311988578268e-27
228202_at,-1.083796850961912,2.815340628326747,1.1076816039581859e-5,3.504605145659789e-5
228220_at,0.18843641976978093,5.599042416597066,0.006619381280410158,0.012417568919999358
228221_at,-0.33386073928635485,5.412581435676748,3.8747217747790193e-4,9.280101581311789e-4
228222_at,-1.2950557368657922,7.9923340130258564,3.155827166746551e-41,5.0460263339337014e-39
228228_at,-0.2890424624396865,3.609413616140465,0.005160657772559932,0.00990258404396105
228232_s_at,-0.8078728444331562,5.244289856572093,9.950087784900663e-5,2.6595631347215765e-4
228241_at,0.6200269175989342,6.937016347931739,8.327327271640764e-4,0.0018682860117505238
228245_s_at,0.28187939844067345,3.1906380157356513,0.024767966391985308,0.04082770025501441
228248_at,-0.5709888543108275,4.921753497141445,1.485470140518012e-13,1.4298150597816228e-12
228262_at,-0.9525189599570656,3.2045379130738234,1.0444880696809319e-5,3.3233147283907996e-5
228283_at,-0.14730675758892725,5.608579725114663,0.009749178910553876,0.017656179036062352
228291_s_at,-0.3901876327011637,4.857238536117535,9.051815934086551e-4,0.0020160520603299216
228297_at,-0.7317488835400507,6.653645224389548,1.5422506619640873e-11,1.1407017869309055e-10
228299_at,-0.12000736981421337,5.633403991684948,0.007630987827032502,0.014121743408360544
228301_x_at,0.10205135238434816,5.985639655667793,0.027576600827632556,0.04501418934426749
228303_at,-0.4169327817122445,4.462170508507566,4.1195958076657364e-5,1.1793531569917199e-4
228307_at,-1.0005671669154022,4.222132393559794,1.1263426839190188e-34,1.0225855231207159e-32
228318_s_at,0.33051451108700186,4.523062511020607,2.316466865382409e-4,5.77660836332443e-4
228332_s_at,-0.22113285402583976,7.763354403794141,8.658458375109751e-7,3.2444233848391313e-6
228355_s_at,-0.1450182594033766,5.405289824600527,0.016398775831129902,0.02819000087915511
228363_at,-0.2235880574496672,6.219530682443318,4.634578682302512e-4,0.0010943407851775801
228396_at,-0.5519958054411218,3.9036494368241486,2.1682208387084434e-8,1.0259783500478601e-7
228400_at,0.39952003326767904,5.517161891443819,2.1649124192180182e-7,8.882691209146927e-7
228415_at,0.24054125209180105,4.893282962687309,0.004726695008239783,0.009155140774412006
228439_at,0.5716695704236575,4.617286568807316,1.5200345210346355e-9,8.561582452073634e-9
228442_at,-0.5078676234569917,3.8343381391900997,3.2370840735949695e-6,1.1150765813640807e-5
228443_s_at,-1.0803793548643386,5.456261138797067,4.835012202444806e-53,2.2520645967300524e-50
228454_at,-0.2815542272725985,5.586333843802709,2.0559861532716564e-4,5.194759353773409e-4
228462_at,0.474394111187385,3.0982612300360164,0.0074660776210726965,0.013842867697222533
228477_at,-0.7779128246256055,5.680406564597338,5.698537557498193e-18,9.435615587863701e-17
228478_at,-0.2971650163500885,4.717162263117922,0.0028538275800281893,0.0057761297685324006
228483_s_at,-0.7178730649421118,3.6538539431851826,1.6229519523842744e-9,9.046141657592473e-9
228487_s_at,-1.0740063835012568,5.600497159276906,1.4474159398741092e-21,3.6831750508007914e-20
228490_at,0.38676848103565686,4.308516344421344,8.0803403854827e-5,2.1970732626821362e-4
228496_s_at,-0.6766631967402293,5.250976686239611,1.1645739112587659e-17,1.8732853320293033e-16
228498_at,-1.2970768147688223,7.786053929334876,6.917560214907718e-34,5.789673639242686e-32
228531_at,0.7999357533657889,3.558763376143166,2.964282472206543e-11,2.1030700744866685e-10
228532_at,0.8863689801495818,3.330703157625958,3.5354059196653427e-15,4.1393227997130945e-14
228544_s_at,-0.25454549507413154,4.642260581026268,1.5746221134493418e-4,4.071669491040984e-4
228545_at,-1.0072009492069656,4.863043365262178,1.1781493631964828e-36,1.2749004169620123e-34
228559_at,0.3340665942402049,4.54040880140808,2.1368926277261743e-5,6.426875553293236e-5
228560_at,-0.3929382508010021,4.628843054345155,5.012288483256648e-6,1.6691528293791878e-5
228562_at,-0.9310179707753117,4.165766884908851,8.174757863591013e-12,6.282365924867326e-11
228571_at,-0.19618481085513884,4.6438070091087065,0.0026670642172994504,0.005426674818910716
228573_at,0.5856566658866962,4.062942323319811,1.3089973345606798e-11,9.772326442612239e-11
228582_x_at,-0.9814617374108642,4.248021681700556,2.142380334239408e-8,1.0164446643359954e-7
228588_s_at,-0.29578162268011693,5.654387357541588,4.108175124411242e-6,1.3901099212829322e-5
228592_at,0.6869706264368011,2.4483985666550856,1.7478566566424034e-4,4.4871287712940495e-4
228597_at,0.3116570637452865,4.649003788706713,9.311887515018772e-5,2.5046008272256115e-4
228600_x_at,0.29176427118943976,4.635763012970366,0.004374819273099765,0.008529106255271663
228601_at,0.8714772320836023,3.56872411117888,4.305237597876867e-11,2.9756135732938625e-10
228613_at,-0.4915885747293514,3.671874333045839,3.2222069643185185e-5,9.41098778864348e-5
228617_at,1.0343269876189598,5.0875420638173825,1.0754513707138872e-18,1.926640557601651e-17
228623_at,-0.5990756149800239,4.1525860438159325,2.127900345176282e-7,8.747581119675176e-7
228624_at,0.30699942120454354,4.522295104787219,1.3763179665787683e-4,3.593588685342029e-4
228638_at,-0.9663448449992407,4.815456204754956,1.711634877461277e-30,1.0538358874852105e-28
228649_at,-1.122668320969677,4.1296519262686475,1.4450616199276076e-15,1.7835190246871497e-14
228656_at,-1.3374356858476733,4.486127666835112,7.060064088562499e-17,1.044674952773067e-15
228702_at,-0.29530366375431305,3.819091129580401,0.010035247087666245,0.018120276765577023
228708_at,1.2630504754978311,5.025468700140026,6.321000143289154e-19,1.1643829342869069e-17
228726_at,0.29131177732691066,5.732917654792017,3.463034878455082e-4,8.368995793234398e-4
228728_at,-0.5937390691382748,4.100439752482923,1.5667753581000828e-6,5.6705623011237125e-6
228729_at,0.28224659903009525,4.4926732437081665,0.0029514108498711793,0.00595339191012426
228754_at,-0.906202346428315,6.377309567801143,5.923069295462279e-14,5.93581303669667e-13
228760_at,0.21306431109304336,4.624515460956772,5.84131751443057e-4,0.001354209792947299
228762_at,-0.43838402882938377,5.66202789315501,2.509429094972051e-9,1.3646453753520602e-8
228768_at,-0.2015449169304098,4.761921846613219,4.7845662821000787e-4,0.001127024155236107
228785_at,0.1562158342860538,5.024338459270516,0.01573134788470816,0.02711664197729341
228834_at,-2.2239378021826006,6.55309752585877,2.2787350981690137e-61,1.8778530082065113e-58
228841_at,-0.18072513564298884,4.84613896219464,0.023877766387127602,0.039506179352169574
228846_at,0.42220371586857924,5.2462605703391905,2.6570600890057797e-4,6.549720371265282e-4
228868_x_at,0.39407971188917945,5.029768168055572,1.344477302717766e-6,4.924539717538893e-6
228912_at,-0.5800323745486565,7.274385845883263,4.179199534265795e-10,2.565717169661287e-9
228915_at,-1.3431313471548172,4.515586393602448,5.788929049179008e-17,8.601497490132415e-16
228949_at,-0.24364427033423847,4.604203227518093,0.007666654808683269,0.014180399337953014
228950_s_at,-0.4166671301383375,4.721481500914909,1.887512380031586e-6,6.749305783470755e-6
228956_at,0.5878639410941056,5.528791760539152,3.491922810577494e-11,2.4514396507022735e-10
228959_at,-0.5393750378330759,5.96042990083922,2.0848846355589587e-10,1.3350489599966003e-9
228964_at,0.4094372668963353,4.391770776111864,1.64394272712279e-5,5.0376311314835375e-5
228969_at,1.291311522374222,6.629789559243736,9.137308789188062e-21,2.0961025494340837e-19
228970_at,0.14938055661611624,5.089327097038265,0.004335179823400003,0.00845952303243793
228977_at,-0.700560822863007,5.2805204943725625,1.5428702410742856e-11,1.1407017869309055e-10
228980_at,-0.12993903530036874,5.6648191123370495,0.021879374605525536,0.03655548037258188
228992_at,-0.24297859633366564,5.52292242583921,3.869412091823017e-5,1.1128325299248318e-4
228993_s_at,-0.8823051477775844,5.289656163307325,6.643367936506869e-18,1.0915705629416885e-16
229025_s_at,-0.20426317705038177,4.64088999932084,0.0023505056204932914,0.004836912545590594
229026_at,-0.6420315007767979,5.5645867860580855,2.623319286244984e-5,7.776319732579556e-5
229074_at,0.3825130253543539,4.543580392296736,1.0494066950421914e-8,5.2241142769456307e-8
229119_s_at,0.41628139993031793,4.323798764442369,2.520237901152395e-8,1.1805556902075036e-7
229120_s_at,0.4776669999119451,5.2744843138292605,7.417408333656209e-23,2.177060150094766e-21
229126_at,-0.19290030645054898,4.653652678331302,0.018008024424544754,0.030680656116435744
229128_s_at,-1.4906231543421615,5.427446993178026,3.802084432250276e-35,3.7028845929724735e-33
229145_at,-0.16978485576392846,4.96459821474938,0.003992939572378843,0.007841679493839513
229147_at,0.44790360808104607,4.802225492982845,1.6421405831218587e-4,4.2319586401213545e-4
229150_at,-0.5738665895563025,3.3888512072640564,3.820582099318209e-5,1.1005618722773858e-4
229152_at,1.6301016826698724,3.314998635934447,8.29855820772281e-20,1.6933800777016089e-18
229158_at,-0.39744323043158014,4.275350561849079,3.1472880786518074e-4,7.65249595701244e-4
229215_at,-1.4837715349728753,6.633863584172212,5.3571073347032645e-20,1.1209119311850795e-18
229235_at,0.2278288348395082,5.052276698164611,5.570519967952637e-4,0.001295917055736734
229256_at,-0.3766882263999051,3.9349571267208776,2.4242851800443843e-4,6.024441459943282e-4
229265_at,0.3628195715867691,5.094765562352335,6.444381669664026e-8,2.8587437195490977e-7
229292_at,-0.2704377072463146,4.428840350619319,3.5539240091575974e-4,8.569252286766901e-4
229310_at,-0.490053151633728,3.774134090948268,1.3363853981008105e-5,4.161830456352902e-5
229353_s_at,-0.22594559521622856,6.976483398077317,0.002195989689441443,0.004542505800924151
229358_at,-0.9165980305981152,4.629747770411547,7.680244748544578e-17,1.1301986537246986e-15
229376_at,-1.2029869420122863,3.5259840874477035,2.854814113530164e-17,4.3816079653651355e-16
229377_at,-0.25423646121831156,5.472106671942359,0.004401447237928189,0.00857502216198726
229390_at,1.2814761908203236,4.044260060178934,5.708044682886725e-25,2.160787374125989e-23
229391_s_at,1.0018677406384064,3.93379723261022,1.2219870559596022e-18,2.1674084984263606e-17
229396_at,-0.35650181024483263,4.845785755479749,5.602235235280549e-7,2.157323726655662e-6
229400_at,-1.3416254184116123,3.093478788729468,2.2836778207593077e-12,1.8891923161231244e-11
229402_at,-0.9183237821442692,4.143555664284372,7.1960725844036504e-12,5.5661751333369175e-11
229427_at,-1.1343249206639516,4.219374421426374,4.4370446429651253e-26,1.8640807552974662e-24
229429_x_at,-0.6977695516933042,6.555345824210901,3.126512921767565e-21,7.629688594737114e-20
229434_at,-0.4973485235487456,4.915654279823306,1.470497908868659e-7,6.180244840215749e-7
229436_x_at,-0.36527423097190453,5.65225138153853,2.4357638849937346e-8,1.1459964207263013e-7
229441_at,-1.0967809152388566,3.7437632935693403,8.223443764750972e-18,1.3409094832842795e-16
229450_at,1.278356003873484,5.012064500131085,6.559689677859533e-22,1.7308856039140193e-20
229460_at,0.2975383724794443,4.093414687237694,9.90169381535179e-4,0.0021894085829486836
229465_s_at,-0.5786781806539072,3.8880747537449243,2.913609839129687e-7,1.1703600377426446e-6
229475_at,0.4374314366463073,1.2057962409168352,0.007744670597260834,0.014300009670536937
229481_at,-1.2681880669537855,3.496019260057792,2.6107008733656316e-21,6.474175568603243e-20
229490_s_at,-1.3176888037306909,4.737583633484001,3.0305521649474105e-28,1.5171170721066173e-26
229519_at,0.20595423818034855,4.547169933279472,6.674700793848988e-4,0.001527254797191461
229528_at,-0.8466366304597893,4.728515331327618,3.122255352319959e-40,4.4011475775531213e-38
229545_at,-0.26592007491246894,4.9761262491979386,0.019057502220086016,0.03226853505354536
229546_at,-0.8048055400609214,3.6193232552903982,1.3748029609484945e-9,7.796857660477088e-9
229553_at,-0.5488173042306811,4.341560102248339,1.94131549679716e-6,6.925512126935722e-6
229555_at,0.37619835682120334,4.995521000038397,2.840039990753328e-6,9.868747460571003e-6
229574_at,-0.32374174666025973,4.31487309835731,0.001982661422576226,0.004144439379523728
229580_at,-1.319630586038729,1.7951728386648598,2.387916257376411e-10,1.5182045617372994e-9
229582_at,0.5729268561914515,5.073342647753811,7.393968040359562e-16,9.52062255004471e-15
229599_at,-0.32752287550781406,5.8912503561425416,3.6001525848705365e-7,1.428460542285854e-6
229613_at,-0.9939537238278384,3.222876920356384,6.121575575364539e-10,3.676033584017954e-9
229630_s_at,0.3063900117962708,6.033243104042979,2.256471535303245e-12,1.8695730516398812e-11
229632_s_at,0.3250316571388318,5.62075781119725,6.80301126714722e-8,3.00911064017127e-7
229649_at,-0.43932605936036084,3.2235466763268055,0.012898625674015188,0.022746169028102833
229659_s_at,-1.2077170596474396,8.638964319424934,8.804026484552359e-8,3.830931589318011e-7
229661_at,-0.8874095480828403,3.6413651781595178,4.606096143855285e-15,5.3288453551967244e-14
229667_s_at,0.5644425805275125,3.1593677999406973,3.162424013893937e-4,7.685809541934154e-4
229676_at,-0.3905681582679914,4.7860508470345025,1.267868615350847e-7,5.385676636103737e-7
229704_at,-1.5798169852996082,4.215962965118699,1.7661535076509187e-29,9.854584649720985e-28
229711_s_at,0.5927998316341162,4.458165845427324,3.047001258308742e-17,4.663217782894508e-16
229725_at,-1.2257516325285567,2.9908807653425518,3.594329020161165e-8,1.6490812331043496e-7
229733_s_at,-0.34581100177618485,3.992442604354875,0.001762370295250747,0.0037187853009693224
229742_at,0.25745284629226495,5.342936152531725,8.010920152821185e-7,3.0154949963869766e-6
229744_at,0.6390070848784625,4.290553733113918,3.274703470065644e-16,4.4520175475651325e-15
229765_at,-0.7253679263591815,4.1161121633860285,3.860770929883867e-13,3.5624839769031756e-12
229777_at,-0.3817638050611963,7.307626165918959,4.078452898497158e-4,9.720237130500567e-4
229802_at,0.5733241783630146,3.121161819925163,2.4283377117946932e-4,6.03171386655612e-4
229829_at,-0.537864286373014,3.6312057444846424,5.16308323799713e-7,1.998992075484758e-6
229830_at,-0.557731013729145,4.82292759655365,4.941983969948159e-7,1.9224209974602263e-6
229835_s_at,-1.5163549635824058,4.680610563302556,5.852399368112667e-43,1.1195849005462678e-40
229841_at,-1.2222287074215863,4.240935772361974,2.001727009033081e-43,3.971203971809518e-41
229860_x_at,-0.3231619637887798,5.268758454939496,4.351396254101228e-6,1.4636266270074239e-5
229872_s_at,-0.5529627794330991,5.774674473469843,8.282607621484072e-12,6.351580203934063e-11
229874_x_at,-0.6788678513137659,5.840248889785251,3.112501925854843e-17,4.756666637900561e-16
229891_x_at,-1.065127973714681,3.6834665404908886,2.2645047977661927e-21,5.668140163193744e-20
229899_s_at,-0.37864444996757846,3.7956908538708123,0.0013089619942840735,0.002824921403055052
229905_at,-0.9083049097037197,4.715181269581364,1.1115987024288995e-30,6.964068362058948e-29
229943_at,-1.1858062576066069,4.77620217394148,2.7132193324728807e-26,1.1673381007542959e-24
229947_at,0.7792064730151077,2.5522729901801355,6.7486243664118636e-6,2.201522924402262e-5
229949_at,-0.6650156775447823,5.5987649932958945,7.107421581103407e-18,1.1624703419597069e-16
229963_at,1.3613311360605402,3.3240983125383106,2.872825367849781e-19,5.466532533885382e-18
229964_at,0.22586425559773785,6.2784342604833405,0.029323952003125608,0.04754427338774691
230002_at,-1.7061121594221627,5.1853430470423865,1.0756248045077247e-38,1.3718057774632447e-36
230030_at,0.6156113532566114,3.663035233824248,0.0013115028046330318,0.0028281828463688364
230083_at,-0.35961378223425283,4.614331651865949,2.815809309205772e-4,6.920340704180186e-4
230085_at,-1.6801321462514323,3.9836731743490192,4.3474571859504753e-41,6.849163063689329e-39
230097_at,-0.8288707524962455,4.601691147617576,1.2219221125843589e-14,1.3426104197042294e-13
230105_at,-0.3356687492818331,3.861030060859418,0.021211805192718012,0.0355510120509368
230130_at,-0.6908388548742266,3.4390289818905426,3.307370531515775e-4,8.021702627151572e-4
230131_x_at,-0.28887216788707143,4.474141141767417,4.642800369655671e-4,0.0010957990826199868
230206_at,-0.4672174352849898,4.474489801563075,2.299571521254365e-6,8.093071520104472e-6
230214_at,-0.4386577772925397,3.681700365579261,0.0015354178545187466,0.0032701653032722335
230229_at,-0.350670150612254,4.280102620890109,5.44329072793969e-4,0.0012693507524688266
230233_at,-0.9492485812084714,4.5196167737048984,4.8501832589853666e-20,1.0208254077310459e-18
230238_at,-0.756803479908647,4.022630995434749,5.321207257840935e-8,2.3921986300146846e-7
230250_at,-0.4028746407085969,4.624899001456701,2.426479298599358e-7,9.854007856669797e-7
230252_at,0.17842692363370258,4.452835639689307,0.01896384856943658,0.03212992847275589
230263_s_at,0.9052467106249027,4.515173419711757,4.984662101891143e-29,2.6700342548779906e-27
230291_s_at,-1.9242730481450139,4.46968396002747,8.372250231577284e-52,3.0928247148581873e-49
230296_at,-0.5082084203292406,5.134636182052481,1.7404664777144112e-13,1.6633021744651638e-12
230318_at,0.509101410723066,3.0302380604252313,0.0013508037810880161,0.00290819150056188
230326_s_at,-0.27011053268690277,5.980616237477907,5.168467957450716e-7,2.00035394610439e-6
230332_at,-1.0781376594954433,4.023065711624216,3.874402009771024e-22,1.0481431497645702e-20
230333_at,-1.083992584521587,6.467496810420514,1.3032476952717853e-14,1.427575926323787e-13
230352_at,-1.0477194986824752,5.4718172330653445,1.8634460274392852e-23,5.871499203516782e-22
230391_at,0.7733948320048566,3.5829157318582525,5.3790651386598036e-14,5.421065365048211e-13
230398_at,0.5549475123181516,5.30176417024496,1.827662262301268e-7,7.586108413806076e-7
230422_at,0.8458217043056702,3.7747616850826806,4.731230624557264e-14,4.781667328385091e-13
230466_s_at,-1.1421349040713715,6.310443554184049,6.491406962714406e-33,4.967317342254245e-31
230492_s_at,-0.45862390485343063,4.2589046982098235,8.98743406958341e-5,2.4252488964092458e-4
230494_at,0.39933371543337803,4.582143356364727,0.001147828319979435,0.0025054369991727153
230560_at,-0.26148571435247187,3.9834255425244387,0.028492889247077033,0.04634745255146314
230615_at,-0.6735628653780251,4.695578232460121,7.083492535547782e-5,1.9462799572537417e-4
230621_at,-1.0604061966929392,4.934136426363792,1.946692171603942e-34,1.6955214011701652e-32
230656_s_at,-0.2257037830972071,5.810799535443301,1.8818341474891555e-4,4.794040700583555e-4
230746_s_at,0.6943410072141192,4.578277944467724,1.9041932038547108e-6,6.804410204434795e-6
230784_at,-1.5885825532426723,6.545068151752864,1.0054327944051254e-6,3.7439004262989598e-6
230793_at,-1.0275189854275095,5.422007825792981,1.8926998403710756e-21,4.770939621151843e-20
230795_at,-1.6742928671475634,4.8293136342999805,6.6835823017847114e-40,9.298859376496055e-38
230875_s_at,-0.3061427948739554,5.19530911292154,0.0036821702427364197,0.007286126673519628
230921_s_at,-1.1304773029393327,4.009083611926233,8.367892803739935e-37,9.147473021067951e-35
230925_at,0.6126504127392663,4.1004568033435,8.352141103365543e-11,5.581814575193703e-10
230958_s_at,-2.1509496897188334,5.083760326572653,1.4064124100426023e-75,2.5111493581310663e-72
231034_s_at,-1.0461999577314551,4.817698359342201,1.774444044211471e-23,5.611041035451298e-22
231045_x_at,-0.21274053950781766,6.968423580021213,7.353054099827294e-6,2.386345609556189e-5
231059_x_at,-0.4224784249230516,5.748422693802616,5.752692453844962e-10,3.470078505520331e-9
231120_x_at,0.45906520739546886,2.0174634862957723,0.023655348939658902,0.03918660169948443
231154_x_at,-0.5657326483660571,4.336275613005743,3.0944540323531056e-5,9.070009862817734e-5
231166_at,-0.47548740376579873,2.858453789040862,0.00951423770564471,0.01727852662155819
231180_at,-0.6510201553867995,2.9740393891800663,5.218403799137903e-6,1.7329435802902774e-5
231250_at,-1.1849168716305503,3.9563173939649405,1.8238262076849946e-16,2.5574149427917994e-15
231341_at,-1.707228787331085,3.8365045831392623,6.270463784052401e-11,4.248923372457519e-10
231439_at,-0.8652812543576445,3.501741804218332,1.0381458925254571e-9,5.9987362171657074e-9
231513_at,-0.664343396359021,5.031277320044803,8.835459473678957e-8,3.840805596090555e-7
231530_s_at,-0.4761973066831796,4.95230605526544,3.5835577621965266e-11,2.5091930919223133e-10
231550_at,-0.41615752178239696,4.368107158605034,2.261841685386687e-6,7.973382683628687e-6
231576_at,-0.7632583009915703,5.430267106036635,5.631558659702075e-9,2.9286838796790454e-8
231577_s_at,0.9638554786373356,6.203769636492176,6.936583147410058e-19,1.265955966919999e-17
231693_at,-0.6178755357149708,3.5437428680816017,7.507888925850992e-6,2.4351200140067115e-5
231715_s_at,-0.16466402375294675,4.910281511649886,0.0018151331395153038,0.003820338177529951
231716_at,-0.2808045253716874,5.572697165064917,1.3849189364263616e-5,4.2967380729613706e-5
231734_at,-0.9024802788201716,3.2494953151930646,8.496185313352079e-10,4.992848780139376e-9
231769_at,1.291923720347345,4.27421519484665,2.493118233668593e-46,6.677193909322909e-44
231775_at,0.5074604866568443,4.178836610409474,7.436708048297102e-11,4.998211277398451e-10
231779_at,0.2851850236418274,3.9064837418599163,0.004353787910570611,0.008491194226459668
231784_s_at,-0.47866809973557817,4.431101888495176,1.2279474690500607e-7,5.236863549336504e-7
231786_at,-0.47781299554807477,4.113832637034224,0.0014167734404537749,0.0030373278991158376
231807_at,-0.2631061232165735,4.705179894518534,2.74662956866118e-4,6.758071329597432e-4
231814_at,-1.057067071624089,3.736412422219828,4.974793295931153e-7,1.9337794114408726e-6
231825_x_at,-0.38994139697144925,5.607801090289116,3.918547769515561e-11,2.72416627221416e-10
231832_at,-0.4335556110825601,6.155314776058205,6.684035951536148e-5,1.8455174522888338e-4
231835_at,0.16403988889894308,6.212415744734324,0.014409637757641942,0.025076421263420745
231839_at,0.16858382909961447,5.516043760390742,4.965195271881814e-6,1.6550135951359636e-5
231848_x_at,-0.4108819514152564,4.658841210897597,1.2106315766098674e-5,3.801141875797629e-5
231896_s_at,-0.12958710718758296,7.047020987604327,0.0035352745309624348,0.007016190450203883
231899_at,0.300119474263307,3.3368486628522227,0.030420534149443137,0.04910278474355648
231913_s_at,-0.3215585938038784,4.35692717745277,1.0151823639047055e-4,2.7074056919370454e-4
231941_s_at,-1.1899357667699335,5.110837983302695,8.461652219451262e-18,1.3776547146957657e-16
232017_at,-0.35091196244533757,4.486586445483495,3.238358980729565e-4,7.86322297383405e-4
232032_x_at,0.2271730586033568,6.999025951608164,1.5154428642458408e-7,6.354183720025711e-7
232058_at,-1.3226701997691346,5.145318094634072,5.181199561853177e-26,2.1470263062523996e-24
232083_at,0.3791584655748612,4.453042694044741,0.0010215088981060235,0.002251270278833539
232138_at,-0.6412004089493846,4.501473702139303,6.424829921897218e-7,2.454679135281202e-6
232151_at,-0.9784539727795131,4.413364368047005,1.6306041337303826e-14,1.7662954585089577e-13
232165_at,0.27180684337848116,5.7914942983518225,0.003054351590775349,0.006141379240235795
232176_at,-0.7601523856679638,2.857215728454407,0.0011177580714047959,0.002446280330737401
232201_at,-0.7170763291565762,4.5585559720300335,3.568650071428716e-14,3.6689969496368364e-13
232202_at,0.2931449577190893,4.703421375901902,8.474688984555115e-4,0.0018985642637293796
232203_at,-1.5218640528126495,4.305163470707893,5.860992265591544e-20,1.2215721817370078e-18
232209_x_at,-0.17933983233126657,5.460183201458189,4.3773546005764137e-5,1.2458714090322827e-4
232215_x_at,-0.4342995348602306,5.619826077896306,6.15380511812622e-14,6.161281703783756e-13
232266_x_at,-0.45845208853291103,5.990871943025252,3.911106967173605e-9,2.0762977670629748e-8
232304_at,-0.45646806891256825,4.193174535896032,9.831679164055987e-5,2.6351458314869097e-4
232321_at,0.6346366870880922,4.0410980630641395,0.002804773813532623,0.005683287661126347
232322_x_at,0.19440716020549886,6.228174399753523,0.007549578227849796,0.013980748756258403
232353_s_at,-0.14747471582393196,5.190400966903467,0.02260531000575364,0.037650915126187616
232369_at,-0.9582183551396142,4.368627354782995,1.3601074157511465e-16,1.940190511976303e-15
232382_s_at,-1.3327518080443337,5.306444152521226,9.456397058999438e-27,4.203584302616638e-25
232392_at,-0.9733876535614611,4.427216185199471,3.6260669377464655e-19,6.82707471073425e-18
232423_at,-0.9225650466177215,4.509641570353626,2.5035975633047824e-15,2.995969815897345e-14
232458_at,0.5092009900701837,4.206861615811871,0.0021139284140118545,0.004387651909037668
232481_s_at,-0.904230002805622,3.5327169920947776,1.9575043585638217e-4,4.968193364912159e-4
232578_at,1.1209322899078773,1.851852834022557,9.292217551623868e-7,3.474608259355899e-6
232591_s_at,0.27224794749266523,5.04090113021472,0.0026954956009874946,0.0054784375589791365
232615_at,-0.7260443620464336,5.6635303297654875,7.262204610877652e-9,3.7029984767411846e-8
232628_at,-0.8155558207114078,3.8515350232599097,4.622016964494326e-7,1.80714115841707e-6
232644_x_at,-0.20848279119544874,5.441224375461843,1.477914422442052e-5,4.556229412265238e-5
232652_x_at,-0.35384316986668785,5.660360141954053,1.306703208941326e-6,4.795721643504086e-6
232676_x_at,-0.6027819685724775,3.6131513117481857,1.7597093299162193e-5,5.364759832496431e-5
232707_at,-0.5598915433468737,4.417111430482502,0.0017522767696481836,0.0036989440459588158
232909_s_at,-0.24718973291249136,5.155981228279749,1.706998040995228e-5,5.2144482501231475e-5
232914_s_at,-0.33841089843352407,5.966832514728578,0.0019882731340510494,0.004152928462680618
233049_x_at,0.11647199306473095,6.245637460037862,0.01214191435651651,0.021518003060605684
233056_x_at,-0.49111470411781577,4.790564825239844,7.0617343409807755e-15,8.03957066896143e-14
233080_s_at,-0.16407489696771488,5.664717629287142,0.0029707515178038785,0.0059901488820314226
233093_s_at,-0.11111195243029955,5.768424293195181,0.021520627897682214,0.03600101290878663
233177_s_at,-0.3738577979649549,5.098633175444063,3.08882156689712e-6,1.0674369498764144e-5
233223_at,-0.8747733973725396,3.4759386949263833,1.9280247655135272e-11,1.4003341907082317e-10
233329_s_at,-0.4503176154157909,5.0517166758832595,2.149583387996539e-6,7.610207149903147e-6
233337_s_at,0.2669135642965883,3.7871603977612733,0.0071243544003829085,0.01325285790784895
233565_s_at,0.32123484701666427,5.804930599628451,0.011484314318610717,0.02048134830951833
233571_x_at,-0.4353320706514226,6.986613749996095,8.619046160920917e-11,5.749429733620534e-10
233588_x_at,-0.2090648067194073,5.109494702906609,1.2573754656087745e-4,3.309647017952531e-4
233632_s_at,0.3588534368591458,4.492988570723002,8.21233447827654e-8,3.579281499828176e-7
233656_s_at,-0.18722738895461827,4.625972961709966,0.002361141286109739,0.0048560004987701355
233702_x_at,-0.41930633575716325,5.7637942514229374,1.0229201437392395e-11,7.761008144389853e-11
233746_x_at,0.2936702888448822,5.300827760451573,2.6686928436210685e-8,1.245196273245318e-7
233759_s_at,-0.3013717709832524,5.722071494384847,2.4484038228582708e-8,1.1509324332725167e-7
233842_x_at,-0.5525515714552854,5.472726299508425,1.0103095974112902e-22,2.9411539992030307e-21
233864_s_at,-0.24262625813296743,6.451209654891764,7.095533981382982e-7,2.6955480688849607e-6
233878_s_at,-0.38799886649317455,5.314148288582454,1.5017941454667592e-6,5.4556529943660195e-6
233893_s_at,-0.2755473432771679,4.348613389492603,0.0014568796483903027,0.0031171463297793717
233952_s_at,-0.18185011830824183,4.826118689732708,0.004423767336222087,0.008613562245173977
233955_x_at,-0.5830725411683961,6.489691954699978,5.253855380532824e-13,4.741748331225624e-12
233982_x_at,-0.18547386626588266,4.921495988731113,0.004624943331338861,0.008975909041419062
234000_s_at,0.241220530760607,7.482039881343005,7.823825835747566e-4,0.0017649325369206922
234294_x_at,-0.1536210926886532,6.010032574577935,0.004642439057901194,0.009007858828180008
234302_s_at,0.42103318319381494,5.3992956335890385,3.052748793675475e-21,7.466689001517207e-20
234311_s_at,-0.18978783506165212,4.429581914036554,0.011653549970284392,0.020745177938128398
234331_s_at,-0.8347561162339341,6.110360858899736,6.554974380002073e-10,3.916533214331411e-9
234339_s_at,-0.22801544500468596,6.763887966571595,1.65501560806719e-5,5.068662724192055e-5
234464_s_at,0.5008553176371586,4.357661559706397,9.134279109393182e-10,5.332726544900772e-9
234675_x_at,-0.35745726429940256,5.852148787870098,7.675012902580818e-4,0.0017361151441163069
234725_s_at,0.6348696573481305,5.702267407729735,1.4677161479872529e-19,2.9226102404065876e-18
234762_x_at,-0.43005818671974383,5.290358409638091,3.610956273295235e-10,2.233497376201608e-9
234764_x_at,0.6798378716507908,5.3273105588604714,2.9732637159638863e-4,7.267299609655742e-4
234873_x_at,-0.1093345230698169,9.526172237380385,6.467708090358039e-4,0.0014859222983488244
234926_s_at,-0.5747563333330598,6.227546624862675,1.1695622747446217e-23,3.7513534878260877e-22
234942_s_at,-0.7396172745644917,6.05368601132078,4.4706372978947195e-17,6.72484566989759e-16
234950_s_at,-0.33914262488565267,5.279575055549363,8.856969104782481e-16,1.1295798811849371e-14
234969_s_at,-0.3992460199500454,5.791348406988901,3.474371619636051e-12,2.8027818645452573e-11
234970_at,0.27709449551609666,4.156057906168033,0.0034259726889262427,0.006818213898656295
234980_at,-0.3399910328874508,4.214405542979837,0.007716916782860481,0.014258594255740659
234981_x_at,-0.3719267123770151,7.054852458764134,7.877427997287686e-11,5.277728964036459e-10
234983_at,-0.23909921169483453,5.637927319953891,9.548384466392173e-5,2.5630629613745764e-4
234985_at,-0.4098049243816199,3.9791247965383096,2.3548130596645842e-4,5.86404284244228e-4
234987_at,0.7419104179294095,4.817921013616583,1.1342171476118958e-13,1.1046243911242035e-12
234989_at,-0.48359000766031823,7.80168335622798,1.8959212120082193e-4,4.8229239758562913e-4
235028_at,-1.0257243547636559,4.9162930305081565,1.4692283908092795e-14,1.6044692916146597e-13
235037_at,0.1492597254456017,4.910245817365751,0.007052076150439454,0.013134412455267279
235048_at,0.615997114461237,3.6970926918418177,1.2301625517965144e-5,3.857942452399315e-5
235060_at,-0.6244005958596482,4.896233380348515,1.4865120218531683e-8,7.22878043128143e-8
235067_at,-0.2049725238580266,4.776217983342062,0.007515816003054165,0.013923039398360587
235072_s_at,0.31292775709082343,5.3819013272700715,5.036279770048013e-6,1.676100191877116e-5
235074_at,0.22403832814662425,4.407353185217621,0.0017681348841609844,0.003730214457269915
235079_at,-1.1053293595848825,3.966817433341317,3.3383912876133027e-19,6.318760753392458e-18
235085_at,0.312197663929234,5.366728523710824,1.0110989532279013e-4,2.6985309132861255e-4
235094_at,-0.9313002806015565,4.997648243606567,5.944196301677119e-15,6.803437497849037e-14
235099_at,-0.15911245953557748,4.5539307577365795,0.01817958994128207,0.030938489394941544
235113_at,0.27595446971915616,4.865154426498669,2.3470091981982886e-5,7.019405231797394e-5
235138_at,-0.5134222886549956,5.05440345123098,9.49486108464276e-10,5.525173644746218e-9
235141_at,-0.23625306977584018,5.983641191823753,1.5616306533422543e-4,4.041002219626949e-4
235142_at,0.22978587881787652,4.521862870861066,5.416707666650314e-4,0.0012634267196347663
235147_at,-1.0966370317897625,4.70930712460654,1.095844286262712e-12,9.485394165936945e-12
235148_at,0.2457726850248008,5.643370029924729,1.4136514473275978e-4,3.682988315958306e-4
235165_at,-0.2532953373882576,4.207198165820068,0.004121332148293594,0.00807901762208038
235174_s_at,-1.14721727844507,4.749331672459063,2.1034442479012483e-28,1.0679714799889134e-26
235175_at,1.4527435247550151,2.9170431800401593,9.601521112458721e-51,3.2144092399303215e-48
235199_at,0.8016959142498017,3.2698971031665396,8.951516629838769e-10,5.243171003579154e-9
235201_at,-0.6737659102307498,3.3631482170940616,5.158165770951444e-5,1.44923760567015e-4
235222_x_at,-0.534644495773094,5.913949439937255,1.1201401409523207e-17,1.80452050075522e-16
235229_at,0.9043503769349662,4.746513945672318,6.305112534067534e-9,3.2536931877391855e-8
235242_at,-0.2593608062158112,5.1511254319428295,4.0364714418600285e-4,9.630895001480287e-4
235244_at,0.8968763277753299,3.9462812223118036,1.2395909151863433e-17,1.9879846518549845e-16
235308_at,-0.7223944401022891,5.109523947124235,9.058649649578769e-13,7.935021561401256e-12
235327_x_at,-0.35147241996487477,5.64912568993585,1.546862412748651e-12,1.3152013514108175e-11
235341_at,0.20152282951747347,4.1227048331953755,0.020584782740422088,0.034635586225560205
235346_at,-0.20118891864822722,4.834773215959143,0.005100330988719519,0.009796476140180112
235350_at,0.41464912691695605,3.731549870044259,1.1540197465661358e-4,3.0518423956956336e-4
235371_at,-0.6898166358712011,3.8745256111875372,1.9925653457108234e-5,6.0215380955148244e-5
235381_at,-0.7723093640775928,4.90179071942236,1.8798112492611597e-26,8.15320563292907e-25
235391_at,-0.4240262454265614,4.152234758535466,6.637749257493052e-4,0.0015200984992629985
235419_at,0.490524928914004,3.8207852347022677,1.2749978439300917e-4,3.352737334811751e-4
235457_at,-0.3868661023345969,4.432296272384274,2.0159970207355114e-6,7.179978751043728e-6
235458_at,0.958300032972295,3.375682533832287,6.811578724279107e-24,2.2592087576842747e-22
235463_s_at,0.2907367608957364,4.353460188204342,1.3278995023608775e-4,3.4764876267820335e-4
235496_at,-0.2706606378952694,4.025715945343743,0.020710673683230072,0.03480913824418634
235501_at,-1.1425996165257535,4.766248709791386,7.610434260563925e-20,1.5648864152288164e-18
235509_at,-0.19237087356756985,4.597554885313776,0.013619090174973038,0.023875194410814295
235521_at,-0.4430059840981282,4.102447826816791,3.3797994149316785e-4,8.186251669039809e-4
235529_x_at,0.33650076389130673,5.9332242337382395,3.960855903824861e-6,1.3457865302148981e-5
235589_s_at,-1.5501628659266835,5.307148473197252,1.964826928935231e-55,1.1693994938712848e-52
235626_at,-0.6484237999702137,4.291678825578065,1.5729944752524148e-10,1.025029794001163e-9
235652_at,-1.5004633734452335,4.397076213865009,3.9695368772670564e-24,1.371795115037483e-22
235705_at,-0.29665888079663016,4.09823683169528,0.0024484421830011567,0.005014368401164479
235716_at,-0.5925385093415085,4.507500149140099,1.1807371591296187e-6,4.351302781477677e-6
235739_at,0.5095002598550318,3.554906559273515,4.899404494966976e-7,1.9072427454426313e-6
235766_x_at,0.4127835410404844,4.416900041742297,4.4602841144701604e-5,1.2677904939856414e-4
235828_at,-0.1435654991946067,5.722374507838711,0.016504957547771388,0.0283634280091875
235845_at,-0.45659387471731105,4.448825619029366,0.0012599674914133589,0.002727426093253448
235871_at,0.6872273253326908,4.116321663653128,1.5103426489414802e-12,1.2851708338451211e-11
235907_at,0.3703851325587167,4.535543867212207,1.1728518564311147e-9,6.694066029806357e-9
235964_x_at,0.41390369687407136,5.019718085600519,2.0644365722342276e-8,9.825103953063208e-8
236044_at,0.4482100781719427,3.225833069375045,0.007027471355716705,0.013106293931610455
236083_at,-0.5363919896716671,4.003485851276171,4.66298941601028e-5,1.3222500162445245e-4
236129_at,0.6856412317421211,3.844494769582079,1.5456320276652708e-9,8.664759765765591e-9
236225_at,0.4528900260777892,4.511968454591243,3.99362742326419e-4,9.537166871473309e-4
236251_at,-0.23945141120669067,4.348123170186524,0.026792071005068044,0.04384045466279119
236259_at,-0.6764536487922119,5.019889306570212,1.6917704211642293e-22,4.820195883492656e-21
236300_at,-0.3606059126532873,3.637547547222491,0.016671088214263004,0.02860303780259442
236471_at,-0.2751123615227692,4.061481995459342,0.007036376097712227,0.013116529865110681
236492_at,-0.4593977282608261,4.119735549760416,3.2784558366344653e-7,1.3061397314193017e-6
236545_at,0.5737950487068336,4.235091728776218,8.1055659749938e-9,4.099854971204371e-8
236565_s_at,-0.5826446742640439,3.6966165482742466,4.490754479699041e-5,1.2761128048014808e-4
236814_at,-0.5498448275714152,5.790240576763304,9.395800776929012e-13,8.210213191128916e-12
236907_at,-0.9420466021623006,4.13626420614018,1.0273767955773469e-16,1.4893487971610443e-15
236979_at,-0.31997988991195203,4.989485247837389,0.0052548187697480766,0.010058044216600169
237131_at,-0.7172234621396069,3.035266116160801,1.2551418903188673e-7,5.335847250391281e-7
237206_at,-0.6480375398516792,3.2885463208564185,1.2981000654245183e-4,3.4067971584744895e-4
237269_at,-0.5330672649348012,3.577102178527638,6.033378088445073e-5,1.675799311939644e-4
237475_x_at,-0.42016922111487065,5.711263784846675,6.682164963409917e-10,3.98807984696437e-9
237732_at,-1.427012422736032,1.5738098801565514,1.6438347499812003e-11,1.2078464798730179e-10
237974_at,0.5676164971490176,2.330182160817056,0.007172301369409048,0.01333278927129605
237992_at,0.5266476753861342,2.2504250146627496,0.026607545713983983,0.043565128722896286
238017_at,1.120028068832019,4.793001840673617,4.021494938984603e-10,2.4717312266977655e-9
238025_at,0.36077300298161724,4.895482868325605,1.6495090126879125e-11,1.2111850618866076e-10
238029_s_at,1.0523953355894398,3.283046256141119,7.849433294071265e-17,1.1535113700875922e-15
238103_at,0.6696236558483779,4.364443972618796,6.109130348596854e-6,2.0076114854480207e-5
238127_at,-1.222850817524259,3.22358916145945,1.1223892320106152e-15,1.4112858970105304e-14
238156_at,-0.669858335274211,3.8482842483424626,2.7027026792969757e-10,1.7011782493130728e-9
238199_x_at,-0.49504790435703677,6.071758611266618,8.439633815055381e-12,6.462744607626039e-11
238320_at,-0.49227485808368104,3.91699851753124,5.909102722999051e-4,0.0013675570851477388
238429_at,-0.7164886180798453,2.506130132327012,9.118729078775942e-6,2.9256946577096934e-5
238449_at,-0.5043228850929987,4.135883240783982,1.6389664550491494e-6,5.911867889879306e-6
238542_at,1.696930727064444,3.071582677225194,6.530490193001526e-49,1.9988897553607243e-46
238549_at,-0.7929099546907338,5.546442323473562,8.51897022246079e-15,9.536439706710809e-14
238567_at,0.8119683727344816,4.0311177936598455,3.1275622564018437e-18,5.3352825561835904e-17
238571_at,-0.4502306660934034,3.9475517192440677,9.248955796570222e-5,2.4895493328808236e-4
238604_at,-0.38224830860482284,4.974835798003914,1.836907388267021e-5,5.584219310585868e-5
238619_at,-0.32027762323884534,4.354931862825876,0.005453486125697754,0.010404843609011583
238673_at,-1.9948063664293116,4.899853948857517,5.461577967822103e-53,2.4379118653865915e-50
238701_x_at,-0.2830224970633202,7.416264772400325,5.904901415269044e-5,1.6435232232210254e-4
238725_at,1.021891100455813,4.889919344618898,1.4231006290454505e-34,1.270473086580326e-32
238755_at,-0.8217727290237717,2.917216043590459,6.790337229033237e-8,3.0059868898608705e-7
238756_at,-0.2710294560387206,4.525173763246327,0.005191275364885429,0.009954203147309396
238761_at,-0.2828705621154626,4.3680221919755455,2.7661938805422523e-4,6.803084261306049e-4
238762_at,0.7056579791973021,3.821455306750767,5.394506977991532e-17,8.026576841003234e-16
238807_at,-0.29414298793528854,4.147271691226351,5.94627832837169e-4,0.0013755663945550836
238808_at,-0.4387800496506051,4.436480726131194,4.698912297275346e-5,1.3310271665973239e-4
238846_at,0.7664063014482674,5.054708664339187,5.551599848713862e-9,2.891312065108002e-8
238880_at,-0.7509618404914634,4.707834355422248,3.0432207189945914e-10,1.8987783088287164e-9
238902_at,-0.8987099154063575,3.775011140101462,9.000614510418455e-16,1.14381474792542e-14
238909_at,-0.7270191738544445,4.215672916787571,7.225034445287265e-11,4.874168388687813e-10
238949_at,0.7134905069951857,4.415938780178827,8.29114455874173e-20,1.6933800777016089e-18
238974_at,0.1844756610127781,6.121254374454026,2.7823483587914436e-4,6.841243508775015e-4
238984_at,1.2494438096169649,3.2564992765624154,7.128291952016002e-9,3.6433870077264994e-8
238996_x_at,0.3952032635897485,5.5808175419611,8.03869797102752e-8,3.51074485787272e-7
239196_at,0.2912061222273877,5.175917325703298,7.104720101415034e-4,0.0016183896756636032
239238_at,-1.018163115785302,4.078514175147021,4.25320470207432e-23,1.3055754147083722e-21
239246_at,-1.2614751518241047,4.620160343200057,5.603129862153564e-22,1.4931922938619683e-20
239331_at,-0.6121759141717295,5.366271534794441,8.323799512662933e-7,3.1233927908636775e-6
239332_at,-0.4495803095157444,5.11070162202382,0.0013097757048707152,0.0028261081825337302
239355_at,0.3392376332605885,4.630435573044214,1.4084724446446722e-8,6.861111156841752e-8
239435_x_at,-0.4561545745548882,5.095688852095936,3.02706211176979e-10,1.8897969932045315e-9
239595_at,-1.0198313015191833,4.169531044865767,4.2497847826283594e-13,3.904626447366862e-12
239597_at,-0.8981797600456473,3.975615279832191,1.1426786001619629e-10,7.52860752984939e-10
239673_at,0.3922781757343754,3.492108685255574,0.012516373551887137,0.02213036967508944
239748_x_at,-0.3968137762609068,6.051395153224777,4.025515172181763e-12,3.2255305938356935e-11
240045_at,-0.9450211057072169,3.8232768743929975,4.081986319145017e-15,4.748134575135784e-14
240277_at,-1.1728702212397808,3.996305315058041,5.519341460825405e-38,6.497659897782699e-36
240303_at,-0.34266431117586754,3.952663132469624,0.003945354456232153,0.007752491249012298
240304_s_at,-0.530876992270994,6.299479287589832,1.3227713350530217e-4,3.465445977281575e-4
240389_at,-0.9122963519970133,2.9473690758691564,9.880784423586609e-8,4.261386615534756e-7
240452_at,-0.4481776877537336,3.962251973346321,4.82339122129545e-6,1.6107540571614137e-5
240770_at,0.4106004662023716,3.6583867405810624,1.7798045216820425e-4,4.560403214728467e-4
241031_at,0.6897424885321869,5.109139642952508,1.1297206153784944e-5,3.5711705377839517e-5
241397_at,-0.8525192081937978,3.7391166049495546,1.627145293583589e-11,1.1972257919066614e-10
241547_at,-1.504483003899519,3.3502807465329094,1.104456098750398e-19,2.2240673281791377e-18
241607_at,-0.6150666628398866,4.5978252008048806,4.079540747462021e-6,1.3817300040329003e-5
241681_at,-0.5630901590338231,4.635032587745206,2.27728936603318e-6,8.019921426138545e-6
241879_at,-0.6066241845195643,5.874856917971328,4.489268089334368e-7,1.7590903087431999e-6
241937_s_at,0.23222299321968126,4.691804087956957,0.010665656997238086,0.019145640652046183
242013_at,-0.4477730840713384,3.9425813456189966,4.0777721704375467e-4,9.720237130500567e-4
242093_at,-0.6781641295866547,3.553974002754524,2.561659392618382e-4,6.337888469542893e-4
242110_at,-0.841582857581463,4.200424447146162,3.009598538492299e-11,2.13239610733254e-10
242121_at,-1.5107446913060887,5.884606929868009,1.3617362877528882e-30,8.432532283639706e-29
242133_s_at,-1.0504164095795467,3.964010460268533,2.2437689082015013e-20,4.905611492563813e-19
242277_at,-1.8610617420242221,4.019633686413013,6.163846752480869e-44,1.347618168557705e-41
242320_at,-0.25549210838505143,4.1962030819837866,0.00240344001179846,0.004933522292852444
242343_x_at,-0.5325884301543189,4.14924117070845,4.4172945908343005e-6,1.4848596470539021e-5
242414_at,-1.85792161667652,5.945478227503285,4.1904848636039174e-35,3.97280215431759e-33
242438_at,-0.9036030144795527,3.8332715781818196,3.511039113579875e-18,5.979930369440573e-17
242463_x_at,-0.19956854884336397,4.5215904232296795,0.006671435056927311,0.012501805437428518
242476_at,-0.5682585313553631,3.534900346642031,2.8100654571597444e-5,8.281769255172584e-5
242488_at,-0.9520266678307036,3.934734010036824,4.325469437451525e-11,2.983821898481532e-10
242517_at,1.845897198528308,2.3697745073897645,6.1970072159634e-38,7.216145467893033e-36
242558_at,-0.6859682611012268,5.318772823344718,5.543437655579365e-9,2.8884653503998896e-8
242560_at,0.5028382727379135,4.355078134495496,1.7095182211000952e-12,1.4454671430659289e-11
242608_x_at,-0.3298521159254087,5.550277200548871,8.126313477708034e-8,3.544674115907417e-7
242625_at,1.4077920315793953,3.48697700361976,3.0601938936529437e-18,5.2370378886108607e-17
242837_at,-0.5630813355711853,4.005284369708024,1.9708023487275407e-8,9.419175767000403e-8
242844_at,-1.3263237240186088,4.089594919638643,8.003651215525722e-36,8.324574317662821e-34
242881_x_at,-0.5362988690902522,2.9769496881027773,0.01515368378696299,0.026213695205834737
242907_at,0.9795525260676574,3.787822818093982,6.270559934503376e-20,1.3018703212855556e-18
242961_x_at,0.36851569603552986,3.904986539752541,9.352357878625582e-6,2.9961665656015507e-5
243495_s_at,-1.69826674260165,4.16221693648865,4.985925700517561e-42,8.478447941213433e-40
243582_at,0.48312816291682803,4.018657088249063,3.0418037136767115e-7,1.2181997452193871e-6
243594_x_at,-0.6058311581164469,4.353759703262009,1.2460925313111261e-14,1.3677652958950915e-13
243669_s_at,-1.2678622227048186,5.573645286801487,9.170573638815758e-17,1.3348417852259947e-15
243768_at,-0.2926688162893594,4.465091632772118,0.0032988715342057227,0.006586062382770389
243916_x_at,0.19585598894214035,4.915838604824523,0.0035602910541996436,0.0070579937201407815
243_g_at,0.18656011409165693,5.524016216949912,3.2100823753117454e-4,7.796330194222336e-4
244197_x_at,-0.3797703502282596,5.108613588566335,2.180065446687635e-7,8.934598749183105e-7
244353_s_at,-1.2536224188873584,3.5316748688518507,2.8387097301380117e-17,4.3694105372081206e-16
244414_at,-0.38990156427845674,3.98931885084199,9.830859666934049e-4,0.002174194872251537
244447_at,-0.5361009607503536,3.8480948724492494,6.285738892823912e-8,2.7918375107306203e-07
244650_at,-0.56958859807527,4.249286891496149,5.948354531942246e-9,3.07997690191867e-8
244753_at,-0.7188095955837238,5.0211753033087545,1.0968820964597696e-9,6.310901127483089e-9
244826_at,-0.2749249179598697,3.9654878344616282,0.007875284807452268,0.01451116720712696
266_s_at,-0.4687981624984044,8.235926052099865,6.268809168232756e-8,2.7866287393891085e-7
31837_at,0.3930875052682501,5.203943117698784,1.376731305142151e-18,2.4258096171032672e-17
31845_at,-0.2223953222308821,4.884089839830505,6.00395622890919e-4,0.0013871119922429188
31874_at,1.0856314623408423,4.1293184408222725,9.801815785532763e-53,4.0955710305572476e-50
32069_at,0.2908163904828537,4.686429572595459,8.37550419168637e-8,3.648913233246689e-7
32099_at,0.4656104278087911,4.90847429813808,3.577661808515758e-27,1.6664126502012746e-25
32128_at,1.3937975833797787,6.033900169827404,4.2830478178509225e-16,5.735536409079616e-15
32502_at,-0.569531092203538,4.51840886633954,4.9743173754114276e-8,2.2466215026468225e-7
32811_at,0.16739334504325218,5.190147380253102,0.0023179942107560275,0.00477551384227487
33304_at,0.8796290435450429,4.985276048922731,1.109418012856548e-24,4.07027231908637e-23
33307_at,0.375418674655617,4.45901543281767,1.9985195900716846e-7,8.241008609868344e-7
33322_i_at,0.508815201009917,8.682364869977745,6.267473937056215e-11,4.248923372457519e-10
33323_r_at,0.4369479566427759,8.423101694177697,4.5451301375274196e-7,1.7803283057890766e-6
34031_i_at,-0.46060474237997845,4.63280301150186,1.5624366654375607e-9,8.731551380716007e-9
34210_at,0.5335438614975841,4.307667912172249,2.637576520655237e-5,7.814258093412487e-5
34689_at,0.22398608226826244,5.243124494773356,1.0849645852327714e-6,4.021372351129758e-6
35147_at,-0.279339152392127,4.610828617121696,2.651796090238396e-4,6.539754031934607e-4
35201_at,1.6959722222068179,5.985063357167754,4.0956137467652715e-126,1.4625436689698784e-122
35820_at,0.5077873905672668,5.185125249581204,2.7334739678437343e-17,4.2134829665481905e-16
36553_at,0.3263079027086968,5.449092828769534,4.742957790601924e-6,1.585870999086093e-5
36564_at,1.091515092300303,4.952839164665783,2.2353296288773153e-48,6.651968420600744e-46
36711_at,0.42781338495096954,6.268678415194504,4.8050705056114106e-8,2.17201351589093e-7
36742_at,0.465408264314826,5.4377235654641245,3.021741138919739e-8,1.401988428811051e-7
36830_at,-0.3048960429050004,4.4339011388959495,7.521984642402714e-5,2.0546410370744588e-4
36936_at,0.3274768007558322,6.813289788577116,3.759786536804995e-5,1.0845070858586944e-4
36994_at,0.14175557930101906,7.783562208101939,0.0031268902256929346,0.006275454287719822
37012_at,0.19610348389538262,7.120977048437314,1.3981528487299225e-4,3.64704442864467e-4
37117_at,0.3044621520303047,5.2296395473690716,1.2656945763641068e-5,3.9612579598564645e-5
37145_at,1.732698985288532,3.0303297089224723,5.593310914381557e-56,3.5247729309276244e-53
37512_at,-0.5040179157693573,2.14640806963668,0.004680524551349061,0.009075558283909954
37892_at,0.587968460596439,5.546608279316375,0.004874546563636818,0.009412584235083135
37950_at,0.1749496641060335,5.19999022406864,0.005603494565404371,0.01067014526825045
38037_at,-0.2682185732907016,4.8492394819286915,0.010198306473808936,0.01839413173935389
38069_at,-0.2695653952609325,5.228590137519055,1.1650327969028871e-8,5.7595737670607426e-8
38158_at,0.2367465501331705,4.483603824302454,2.2945670343264477e-4,5.731335192058576e-4
38269_at,0.2320615104183558,5.315761893556398,1.2700551214706541e-6,4.667615957569509e-6
38340_at,0.1261105462456905,5.10723228365475,0.016082522812951864,0.02767744046508487
38671_at,0.29237946795634195,4.5612152520017,7.567636997549426e-5,2.066057470814144e-4
39248_at,1.0594178510696162,5.577825878329094,7.030871776470987e-9,3.598744832361858e-8
39249_at,0.3271470890755408,3.9281692714497347,0.001388691120094093,0.002981372338590785
39402_at,1.2956333509093199,5.149768399349559,1.1653452858255088e-20,2.6276450109608945e-19
39729_at,0.24264665867216198,8.186408250254454,7.649275104558296e-7,2.888497856719529e-6
39763_at,-0.2874359916032332,3.2043654241480337,8.902824188632995e-4,0.001986171502141301
39854_r_at,-0.19042450942892322,6.7005492583624555,3.603635779039125e-5,1.0442453367824223e-4
40225_at,0.10702352324563731,6.34150239106663,0.029424576808447803,0.047681968136273074
40284_at,-0.3215107704136828,5.060536816919193,0.0020876568715079793,0.0043376780574990266
40472_at,0.5004402286004773,5.244464644395596,9.360418050423887e-11,6.21302097733526e-10
40837_at,-0.9522207223389377,5.23110922635246,1.168744063213964e-16,1.6828971974746232e-15
41047_at,-0.15607215179524137,6.228361766992849,0.021180478730073532,0.03550406331329647
41469_at,0.6897383591769919,6.5292750943206865,7.036173066357459e-5,1.9342705173181285e-4
43544_at,0.28369724896602044,4.6926721263389215,4.146592317286623e-6,1.4013389115170848e-5
44654_at,-0.15647227213801337,6.166577713249133,0.005618043833911777,0.010695948745814265
44790_s_at,-1.7717400757347461,6.233898415681962,3.826435612207884e-21,9.274344957824222e-20
45297_at,0.2260650999534384,4.199454474944191,0.008833046415775559,0.016134429028508705
45572_s_at,0.23574420588732642,5.72883358686639,2.3194768453855314e-9,1.2697269005935205e-8
45687_at,-0.141605854013646,5.36766358621668,9.444084509471996e-4,0.002097315036276399
45749_at,0.13261106442468057,5.138018471343823,0.016102731370947223,0.027707767615958494
46256_at,-0.14705255951522506,5.704477235687742,0.0012702602349624508,0.002747103146458244
46323_at,0.37299543317305733,6.619130963644289,3.2995964619416514e-9,1.766545572053019e-8
48580_at,0.3106328865700801,5.7188711755413655,1.2944844055818495e-15,1.6144134385329864e-14
48808_at,0.5323078618191512,4.587818224106268,1.911659650590211e-12,1.599969518497885e-11
49878_at,-0.20015763317129842,5.572853388585411,1.3212147456554695e-7,5.592324603005549e-7
50277_at,0.25686084668801146,5.723881462944765,3.8760922422224676e-11,2.698153098825815e-10
51200_at,0.1958633814530692,5.1795974770522175,1.0118086118059094e-4,2.6997523432818694e-4
52164_at,0.30067356004206913,5.31109631475872,5.93068940991867e-9,3.0738014343714904e-8
52940_at,0.31884825885682966,5.223282652051054,2.3776614260236614e-8,1.1211217806774421e-7
53071_s_at,0.47086604368104384,4.86833812295541,1.0468500582058075e-12,9.103007040226312e-12
53991_at,-0.22587883397553166,3.7117982847967936,0.02676720430702711,0.04380645581136289
54970_at,-0.2420222203254775,6.098418532223564,5.996091672027154e-5,1.6671718163100677e-4
55616_at,-0.2724388990578304,4.528489966634469,5.4336661885695384e-5,1.519265203871004e-4
56197_at,0.21146591693035718,5.541616504796309,8.270059050536029e-5,2.2435336188501514e-4
56256_at,0.282745791161668,5.7454505082994265,4.627582029502459e-5,1.3129048273850593e-4
58780_s_at,-0.19813598653003306,4.713838873233032,0.013857108832403962,0.02422902022548452
58916_at,0.22819241108419255,4.727829972288808,0.008738572782184149,0.015983665735963597
58994_at,-0.28645665893233463,4.427872753931087,2.2293426498372465e-4,5.587961583459622e-4
59375_at,-0.272696781418123,4.741368609535425,0.006890650281248874,0.01286951472507308
59697_at,0.30420098382284505,5.669285510165448,1.7258294148608092e-4,4.436959568371454e-4
60474_at,-0.5949560015279708,7.141198083942243,5.838441932927319e-10,3.519821520959503e-9
62987_r_at,-0.24485588473587191,5.733478647062305,4.419853283225692e-10,2.704162662661156e-9
64942_at,-0.43914260913743247,4.786621864224463,2.6601431874392424e-12,2.1854381876561812e-11
65588_at,-0.40396349540220794,5.320824425677994,2.16353142078959e-4,5.438271260187443e-4
65635_at,-0.5566927171632583,5.361807552172937,5.537665041774359e-24,1.8481310153435736e-22
78047_s_at,-0.4898152524153747,5.661508400368295,3.038859791886664e-19,5.772217189801743e-18
823_at,0.7198662682605996,3.4176946347101373,1.4833815550843475e-15,1.824508220392493e-14
91826_at,0.22457084498187602,4.553677260231137,0.004616890880918272,0.008963528816106821
AFFX-BioDn-3_at,-0.27095369598647207,7.931809938402978,9.145984456038978e-5,2.464929093774732e-4
AFFX-BioDn-5_at,-0.17462710520421224,6.223061049233926,0.013932308499131065,0.02433616061367925
AFFX-CreX-3_at,-0.1859150009247359,9.511539839489457,6.08080206046229e-4,0.0014021444785564468
AFFX-CreX-5_at,-0.15265349110361262,8.80597355853172,0.006351236728705192,0.011957961173043713
AFFX-hum_alu_at,-0.15891319552577943,11.086769935921856,9.420345284568861e-10,5.4877737375522684e-9
AFFX-HUMGAPDH/M33197_3_at,0.11861567533731143,10.273882339903647,1.138047200090185e-5,3.593250708684395e-5
AFFX-HUMGAPDH/M33197_5_at,0.104658487349612,10.070329729029078,0.004385075155538454,0.008547545513333962
AFFX-HUMGAPDH/M33197_M_at,0.15236325256739153,10.159415887959664,3.3855448978622183e-6,1.1639711967521805e-5
AFFX-HUMISGF3A/M97935_3_at,0.6936882631386194,6.715214307315241,2.168929274044013e-19,4.201761177727579e-18
AFFX-HUMISGF3A/M97935_5_at,0.746927186492465,3.3541719028895374,1.2750643611755418e-12,1.0910355032966118e-11
AFFX-HUMISGF3A/M97935_MA_at,0.8968786302505843,5.10212687559475,8.45625135450461e-21,1.9440304884293537e-19
AFFX-HUMISGF3A/M97935_MB_at,0.91956439982547,4.78066253347262,1.8576904765992967e-19,3.625034257888573e-18
AFFX-r2-Ec-bioD-3_at,-0.1978311130434766,8.299915001241107,0.0033706778994855463,0.006715654144911412
AFFX-r2-Ec-bioD-5_at,-0.2706786663297821,7.55072925211141,1.849764284168429e-4,4.7215927510832457e-4
AFFX-r2-P1-cre-3_at,-0.16494295580310955,9.88691100909768,1.8359879595754425e-4,4.688662457909825e-4
AFFX-r2-P1-cre-5_at,-0.14008813847217563,9.845354706535545,0.0037728882944267476,0.0074477524043106225
