probe_id,log2FoldChange,AveExpr,t,P.Value,padj,B
213048_s_at,2.108054862912692,8.532223833790258,25.77785551458161,4.26287174944587e-96,4.566814505181361e-92,208.48585049748354
202072_at,-1.8544923386372405,4.795617720229772,-25.396311365634432,3.529169356138402e-94,1.890399565615535e-90,203.98152001540586
219403_s_at,-1.742432560604145,3.1180167118463675,-23.372436632868066,5.701485769639923e-84,2.0360005683384164e-80,180.10495197538262
206108_s_at,-2.552373386084245,4.072341260315476,-22.286379372065674,1.7456538630944995e-78,4.675297458832843e-75,168.00101388421945
35201_at,-1.6618762103386817,5.6674047611749,-22.10138116568401,1.4989930500360235e-77,3.211742509007184e-74,166.00163896571593
214257_s_at,1.3152332176204018,6.377602005357492,19.769851418355096,7.77099942920641e-66,1.3875119480848046e-62,139.1516486374576
220553_s_at,-1.1653379842615477,3.7766263250589676,-19.722450709473684,1.339685137665535e-65,2.0502924114015536e-62,138.45678999565317
31874_at,-1.1110561936027616,3.917885531989496,-19.45890485849275,2.7568174811262286e-64,3.691723209413161e-61,135.49663272503915
226880_at,1.453436512819805,7.503520085717258,19.443664314187384,3.2830001846294946e-64,3.907864553103975e-61,135.44592358365833
226400_at,1.5954728736300627,7.506577269532512,19.220552638592604,4.2234409826593194e-63,4.524572324722929e-60,132.9056044048824
208103_s_at,-1.2835539810263685,3.7817042983898532,-18.711256753363443,1.4094664394884577e-60,1.372692178749077e-57,127.02820416967195
222244_s_at,1.4243607596978956,6.96698112848395,18.639563134245265,3.185517510080354e-60,2.843870757124236e-57,126.31697295675637
1554411_at,-1.6967682836688314,3.6214213441996828,-17.83887669122497,2.736844360629895e-56,2.255370279648313e-53,117.2519303057996
227014_at,-1.2638715643705851,3.211503225258913,-17.191305768681225,3.8640931338252854e-53,2.9568592673335915e-50,109.87949101989003
209207_s_at,-0.7980796618987359,4.7171737856128875,-16.807907891588464,2.731068574521693e-51,1.9505291759233932e-48,105.87924001818229
224754_at,0.7817593577381462,6.04263531797629,16.79830136252624,3.037443644237837e-51,2.0337583600449965e-48,105.77268348369792
213038_at,-1.0241029406741373,4.750411200091295,-16.78323906731775,3.5883249356887556e-51,2.2612779432960962e-48,105.60823972566148
36564_at,-1.1314408137929224,4.727548400831658,-16.71336927034412,7.769572939775147e-51,4.624190827989508e-48,104.84112836510718
212229_s_at,1.1243390796466628,5.640749780583117,16.619886420297004,2.180756907332918e-50,1.229602565697766e-47,103.80538003826925
211769_x_at,1.1296185013471705,6.528136248253141,16.567235837741162,3.8966851627216417e-50,2.0872594074118474e-47,103.23627423954441
221473_x_at,1.0930007086918552,6.426323507845672,16.383394720528432,2.943738950981963e-49,1.5017273991366556e-46,101.22815186299755
213619_at,1.0604053584947069,8.703402032101945,16.35879359368923,3.85634605484999e-49,1.8778652402549064e-46,100.89285430927634
204020_at,1.1149357206355082,5.792984965513893,16.324716667277713,5.6043988547616375e-49,2.610431518741801e-46,100.59274584115097
213094_at,-1.8984407630612512,2.805568616544868,-16.046739156628846,1.1712228305220265e-47,5.2280459097426957e-45,97.44166530239735
231769_at,-1.2300889349891206,3.9365395680010846,-15.641170344841868,9.558791399303907e-46,4.0961332904297104e-43,93.20399650707691
1554696_s_at,-1.1155240032632279,4.487656761771586,-15.560151859104138,2.291790241458841e-45,9.443057252595601e-43,92.34063633769775
226661_at,-1.1051941301887656,4.023515774107017,-15.554272623886781,2.441772114526218e-45,9.688409134414583e-43,92.27595306606005
206858_s_at,-2.48099586330148,2.554938386567439,-15.335824647502731,2.5575914608039417e-44,9.785527614140223e-42,89.88798042895178
209811_at,-1.381015762157501,2.6427252576095976,-15.299306917107193,3.7829197565206623e-44,1.397462736262271e-41,89.27052500550033
202520_s_at,1.3026872176041202,5.05594450228486,15.237470407575012,7.3337861012703745e-44,2.618895016763651e-41,88.79590295286543
201986_at,0.9945504051071581,5.915485585530706,15.155232552757987,1.7659487652685587e-43,6.102777136232926e-41,88.0258735118683
202375_at,-0.9803632938012269,3.771211305554117,-15.005478443509718,8.706726909386302e-43,2.914848918132983e-40,86.43369322620154
204653_at,-1.7953363934360127,2.100193673415038,-15.00017133793338,9.212110438880546e-43,2.990586034294766e-40,86.02574818594158
202397_at,-1.1804388972839661,6.12632084904905,-14.962794489476888,1.370371198892159e-42,4.317878427568147e-40,85.94697917992843
213470_s_at,-1.227188155004904,3.4250085467303757,-14.909538087482401,2.411536156336751e-42,7.381367669381605e-40,85.39988775078623
203590_at,1.1899956453590537,5.964762101150769,14.811915782615076,6.781093397606308e-42,2.0179403769043438e-39,84.409931207543
217790_s_at,-1.0710994500359605,4.071484231237361,-14.764849677409225,1.1151720897592423e-41,3.143904894102832e-39,83.92559782681796
215780_s_at,-1.202677087771181,6.599367663621765,-14.769708418968246,1.0593819223061974e-41,3.067340144234133e-39,83.88982909806795
225541_at,-1.487154303141114,6.454488909531971,-14.752686934352157,1.2680160594345675e-41,3.483142575569877e-39,83.7065147049446
219123_at,-0.8449187967033256,4.091824729228018,-14.732371394446085,1.5712912602910154e-41,4.208310817874412e-39,83.58494016151498
204630_s_at,0.9477164950875928,5.859132942738179,14.683547392195063,2.6294189796487815e-41,6.760810282108855e-39,83.06154353182853
208050_s_at,-1.1118383277937045,3.293068035533346,-14.68278761761921,2.6505556972703434e-41,6.760810282108855e-39,82.9848184181706
37145_at,-1.4367829275501498,2.4540331685509966,-14.608975900744236,5.764715132642575e-41,1.4362184468837189e-38,82.01380967640804
230263_s_at,-1.005551754743138,4.283570758749427,-14.573155506505929,8.399943430201113e-41,2.0451953174487392e-38,81.92150230076092
212274_at,-0.90126846900606294,4.364193742779038,-14.56094640144582,9.549146137278975e-41,2.2733333904148813e-38,81.7932671135237
228834_at,2.595666225538986,6.096166601609919,14.531394391016299,1.302191023921896e-40,3.032689660712016e-38,81.40299815579824
202589_at,-1.1117197322459995,6.337169873648477,-14.519823993383653,1.4702304273613172e-40,3.3511869294301684e-38,81.2937884050774
201533_at,-0.8687426652650679,7.5285156666863005,-14.445135179920948,3.215192437736368e-40,7.175907621972857e-38,80.43671298333241
218392_x_at,-0.7603466034087859,4.491009343733826,-14.388718463997218,5.7994998994977924e-40,1.2679600494555072e-37,80.0020143913012
228222_at,1.4851250226852206,7.75526000970282,14.356172329953655,8.146688784591798e-40,1.7455095389866386e-37,79.6122636420551
202478_at,-1.2786887555978506,3.952309533592387,-14.31324236521262,1.274783606692557e-39,2.677795446764189e-37,79.2304431188028
222437_s_at,0.6999937390106833,7.295314462537296,14.30473038127313,1.3930346045619202e-39,2.8699191766676636e-37,79.07681893857044
213753_x_at,-1.1895397298440755,5.535233959624791,-14.274937352606704,1.8998803385683937e-39,3.8402675598270185e-37,78.78281559972326
227641_at,-1.3805338205888598,3.481437945075584,-14.232570667841319,2.952239031079685e-39,5.856914211103087e-37,78.38907801214039
202419_at,-0.6679680204561549,4.63395450576215,-14.205780422724533,3.90002448682998e-39,7.59653860498356e-37,78.10722924165809
228443_s_at,1.1465352356735354,5.313098619622404,14.172802090455287,5.492537875261858e-39,1.0507421117442908e-36,77.77929367415504
225925_s_at,-0.6817888036559593,4.785464732425739,-14.148846070496957,7.042038742190424e-39,1.3235326499137897e-36,77.51348676926293
204858_s_at,-1.0079013049599619,4.198673957123269,-14.10057135637021,1.1612710330610105e-38,2.1128999776624475e-36,77.03848803382502
201737_s_at,1.1376442087634184,5.997824209161744,14.100374258056522,1.1636432248864409e-38,2.1128999776624475e-36,77.01802920566597
200967_at,-0.7491889139716537,8.60624710983711,-14.096377961134987,1.2127966258520643e-38,2.1654483754588612e-36,76.67938116753379
212341_at,0.7915130400657843,6.337968172806948,14.01507956523927,2.810735139847007e-38,4.9362959923247516e-36,76.12112014611525
202725_at,-0.6510943691899315,4.3244262720408,-13.985973548223598,3.795533719537983e-38,6.55831495764684e-36,75.86711903047707
209678_s_at,1.1170434487803664,6.035160154694167,13.939562143395815,6.123944032458037e-38,1.0413621019003642e-35,75.36774737927888
201122_x_at,-1.362210538308246,5.756657687258768,-13.93183904523407,6.630899834304871e-38,1.1099504675766889e-35,75.24160327760345
203349_s_at,-1.0345668935578511,3.5754121380268358,-13.782191077428708,3.0839898310158064e-37,5.082889701488051e-35,73.78397723038951
211758_x_at,0.9467385385550099,5.671293243727909,13.733656880611504,5.068589636074364e-37,8.227242541100705e-35,73.28630036658146
218802_at,-0.9073384625820441,3.834988832498748,-13.70631794052556,6.703059600564056e-37,1.0717892164304885e-34,73.02786286507244
200629_at,-1.1684101627753316,6.4237918059591035,-13.693840390060744,7.61440326444153e-37,1.199604443705325e-34,72.79029698085048
212952_at,0.8890275128096433,6.735680958862476,13.641322636749354,1.3013506069359845e-36,2.020488268421044e-34,72.30713703300665
226603_at,-1.2972706885199154,3.479344515131898,-13.630106175840282,1.4589837411756853e-36,2.2328704027450166e-34,72.25438601117574
205495_s_at,-1.3087027697259737,2.3602667876928387,-13.617671953755279,1.6560556387835826e-36,2.498778036378665e-34,71.88140011126667
210968_s_at,0.6525618546879867,7.814731147880924,13.584305085974892,2.326016141668479e-36,3.460918184124224e-34,71.67666490593508
201818_at,-0.8745976635847944,4.474195851422539,-13.543503760509633,3.5219824955701366e-36,5.168629928088065e-34,71.36312644671547
227473_at,0.9884128730356362,6.3519730934631635,13.525224928264027,4.2405283304567666e-36,6.13902432488964e-34,71.14609676265984
201313_at,-1.2888125630711897,3.10310772682939,-13.511838313682592,4.8577875546388995e-36,6.938863743046204e-34,71.0211640747687
218237_s_at,1.1234223693167482,6.698166551368391,13.494847712636592,5.7717234086844106e-36,8.135851694373171e-34,70.83359520071703
238542_at,-1.4539041062787796,2.460406662409763,-13.462241747233135,8.032518064505217e-36,1.1175631951304467e-33,70.39965821188227
222867_s_at,-0.6879639765229807,4.474147398731018,-13.393437378107562,1.61140311038285e-35,2.185185002725503e-33,69.86118504044616
227556_at,1.919160918773312,8.203855728914682,13.396410314637208,1.5637079489219147e-35,2.1476927252308296e-33,69.81188455957027
203431_s_at,-1.0450725087628143,4.58437066030867,-13.265728474393212,5.839622661496516e-35,7.62925336251368e-33,68.56990078282637
213655_at,0.9937350938192535,7.889417685906777,13.2688645163639,5.658290076001975e-35,7.572374852178452e-33,68.51775330799168
201123_s_at,-1.941249377714641,6.656498076674387,-13.267692327932952,5.725402436539295e-35,7.572374852178452e-33,68.42593716910586
213716_s_at,-1.1956949465650812,4.179877522640888,-13.215529723745579,9.670633224574574e-35,1.240231047751623e-32,68.09148662937254
201883_s_at,-0.6736188512547181,4.569710458229261,-13.214975610596241,9.724578363776378e-35,1.240231047751623e-32,68.07377841660606
228498_at,1.485993393727665,7.506401923186442,13.192892806352729,1.2136905192806034e-34,1.5296784156533064e-32,67.79510098036351
226117_at,-0.7444053353285481,4.161582151963523,-13.08500108462833,3.573856569486251e-34,4.400773037805311e-32,66.81097629795696
227458_at,-1.2557350363531583,2.1936446569763834,-13.097378712632898,3.1581123199970333e-34,3.934053172573049e-32,66.6741842961697
218137_s_at,0.894635248671832,6.210146315187198,13.07295062763883,4.0309022182469425e-34,4.907165393645397e-32,66.63027372062287
212657_s_at,-1.5275319386642947,4.16910859098551,-13.047703280038636,5.185917000476961e-34,6.242329081585358e-32,66.42338425582929
204014_at,-1.7452123706896598,2.8360556434699293,-13.018499376396898,6.938449747059941e-34,8.259068015583683e-32,66.14053464525423
225245_x_at,1.0927658653116936,7.1252037762048595,13.006510545112556,7.818539960484194e-34,9.204397647985404e-32,65.95094785486022
209108_at,1.2983761126945388,7.279059852815662,12.990434839335022,9.17550959580729e-34,1.0684481989117772e-31,65.79126795054454
218101_s_at,0.4940406546330617,7.61248227801925,12.948496197445156,1.3923475284551637e-33,1.603894523907545e-31,65.33308165099582
226459_at,-1.1365897397965818,4.800551935310572,-12.871413460790654,2.9912460484478434e-33,3.3731809386338682e-31,64.65460533766839
200968_s_at,-0.805540073534227,7.692393847610459,-12.886278642920919,2.581585481697713e-33,2.9421835388752766e-31,64.61627858629967
213179_at,-0.5149872516854019,4.861392787082577,-12.861895382446404,3.286917564938694e-33,3.6301801931121885e-31,64.56780938136086
224301_x_at,1.049165700012712,7.078735273096346,12.86585874403694,3.160418126384547e-33,3.5268291029122554e-31,64.56578154240205
225289_at,-0.7258671440820352,4.820648803332579,-12.858396805678835,3.402765562353216e-33,3.7197783132132656e-31,64.53108202801249
235175_at,-1.095033748701476,2.497387986425432,-12.802371478476953,5.921615648843922e-33,6.407905903642923e-31,63.86287736194776
201939_at,-1.1552609269970928,3.905172434163242,-12.69655547887842,1.6802723513448907e-32,1.8000757699957813e-30,63.00254436674153
227338_at,0.7630075903482257,4.871249745291909,12.693021328257176,1.739695627327466e-32,1.8452830946098164e-30,62.980068736270766
210538_s_at,-1.1376774221585875,4.2271953751104565,-12.650447118175373,2.6431622734574825e-32,2.7760977877990205e-30,62.53185705382368
212062_at,1.2041933208212803,6.671742707034922,12.64478026708126,2.7943325404415667e-32,2.906377136480631e-30,62.418946834457756
204015_s_at,-1.4095918014607964,3.755698919112075,-12.605717944452952,4.098453454107181e-32,4.2218011397932916e-30,62.121480586331266
230466_s_at,1.2293377870426643,6.0807728699728445,12.596819980073315,4.471698802606071e-32,4.5624104068875084e-30,61.98402112167058
224571_at,0.8342177845678203,6.603598547853627,12.592643071091766,4.6583968057526633e-32,4.7080570735875736e-30,61.90699652398385
228708_at,-1.5682735792978262,4.297300061726265,-12.508770115867858,1.0574782082597298e-31,1.0587629948678959e-29,61.14822499907034
204073_s_at,-1.1895406904265882,3.361144260437793,-12.501186576619439,1.1386757290099602e-31,1.1295030634151578e-29,61.12121608828188
230958_s_at,2.2562401616361796,4.70678158993005,12.488894031556413,1.283679840642839e-31,1.2616570764042874e-29,60.78904198128473
235589_s_at,1.7297873501544454,5.040105243817137,12.466095264256088,1.6029949978085767e-31,1.5471067938309264e-29,60.731235089934394
200628_s_at,-1.0874971602932946,5.414051628378745,-12.464554122076715,1.6272348714893153e-31,1.5564792123450923e-29,60.663777770563655
225498_at,0.7101687302299425,7.817641756744228,12.46703280280763,1.5884251240217967e-31,1.546981668513228e-29,60.62769973219551
221830_at,1.0847309660843134,6.106944534405588,12.41073030699728,2.746741621386633e-31,2.6040569017623895e-29,60.17419389621567
204698_at,-1.0961788700500765,4.7322258885139545,-12.4047754052916,2.910316767619139e-31,2.7349318887284065e-29,60.1216015848401
222412_s_at,-0.7236943813923894,4.521442559242626,-12.390289962869812,3.349838466695637e-31,3.120592999453075e-29,60.00548755360277
208944_at,0.8446632297873976,6.567729024910518,12.386584060382985,3.4725222075654957e-31,3.2069940008318234e-29,59.916347480364635
212276_at,-0.7848842893376237,4.428505672430128,-12.373913651511488,3.92675919068884e-31,3.5884861455204797e-29,59.854860673519994
219221_at,1.234579784000863,5.8054659233574775,12.373237583534657,3.952593719512897e-31,3.5884861455204797e-29,59.85420542042431
216841_s_at,-0.9184601754719925,4.177665442498098,-12.367549172564537,4.176774250916465e-31,3.760149794123369e-29,59.810926896154214
213164_at,1.2309313823639623,5.555079341264865,12.328803419253465,6.079569184593939e-31,5.382679725169825e-29,59.45515655691956
210231_x_at,-0.6273196082060363,8.194187852979168,-12.355407031383585,4.698529581933103e-31,4.194612284270778e-29,59.388826515809356
203008_x_at,0.9365537245882314,5.441242157654017,12.316521560176739,6.846886897665588e-31,5.96347149062532e-29,59.32403069807873
202836_s_at,-0.5689028661047562,6.6405414070645215,-12.325256662558878,6.291911855000306e-31,5.525020631362153e-29,59.280308208554466
201672_s_at,-0.5847064201469844,6.636106045908589,-12.305004227990183,7.653755483033657e-31,6.612474394333836e-29,59.08537389825422
217749_at,-0.814702189843154,5.120657935806482,-12.288528983491869,8.975109546762839e-31,7.692027885957623e-29,58.98783287684735
226301_at,-0.9058132788420755,4.385829225397793,-12.27743531780373,9.990418429639766e-31,8.427350601317387e-29,58.92910561929857
214629_x_at,0.5087693900035751,8.265084962194418,12.28668495392489,9.136462167426295e-31,7.768168190447452e-29,58.83773016885299
225000_at,0.6162538475908016,6.232535897585073,12.256267226229781,1.2255499855429145e-30,1.017776511249709e-28,58.67140692499283
223454_at,-0.8697936900716446,5.113692224280709,-12.239366360619595,1.4425383444288173e-30,1.1887625602973783e-28,58.5168920076177
242277_at,1.9880468238665943,3.57650957342549,12.25741994032468,1.2119939203769418e-30,1.0143820991404825e-28,58.382133413608514
212569_at,-0.7882834190801361,4.056951661624893,-12.188070685444629,2.364120974395898e-30,1.9333456487559738e-28,58.11410691921563
225160_x_at,-0.8149820742485706,4.080858794517969,-12.186620069819249,2.3973397201832987e-30,1.945659122903309e-28,58.096810296610116
221653_x_at,-0.6993995535081629,4.324241389193255,-12.165775108189875,2.9293027548587262e-30,2.359520331789589e-28,57.880902553203896
218358_at,-0.6927899908012385,5.9920129310157995,-12.156733796478191,3.195133347999452e-30,2.5544375788894127e-28,57.69884149625672
205114_s_at,-1.3927222708554674,3.7899724407776896,-12.119247666144354,4.5785971936841556e-30,3.6066552747013497e-28,57.45498684566502
208743_s_at,0.7442989144864854,7.502364414599381,12.122514142097529,4.437397847127502e-30,3.521321713798291e-28,57.34744502909322
227134_at,-1.0648869587627803,3.480698808884162,-12.099419290785342,5.5369264050604736e-30,4.3297147866724715e-28,57.29131077410622
209045_at,-0.5319616875232358,6.487968086073968,-12.090740132732588,6.0168924531644955e-30,4.670939771793568e-28,57.051817833014034
224760_at,-0.718434375745339,4.810773008966042,-12.080430088473063,6.64111540550687e-30,5.118436643107562e-28,57.02337965810747
202308_at,-0.6781919369507398,4.099391015783689,-12.03812987713093,9.95196119179027e-30,7.561373067209161e-28,56.69610853045182
1553101_a_at,-0.6242378366144345,4.603718521342292,-12.040470898620816,9.731857811661101e-30,7.446956624023241e-28,56.666144208658906
213664_at,-1.351078491465266,4.179481208260586,-12.003714123662391,1.3822195010020403e-29,1.0427970080447083e-27,56.33327021325848
221840_at,-0.5972562436723289,4.449936554660898,-12.001181480849661,1.4160116253327486e-29,1.0608204574957858e-27,56.31302365733095
225350_s_at,0.6710035815220357,5.535850659530867,11.9942938959775,1.5121252671872345e-29,1.1249581935678363e-27,56.22373327858476
204781_s_at,-0.914146832870947,4.053669099168091,-11.980940283361113,1.7173454041952193e-29,1.268822159665061e-27,56.147103290756604
204916_at,-1.2271628021124101,3.697332993515127,-11.975614188310601,1.8067262276867865e-29,1.3257163066581196e-27,56.112037011222284
205120_s_at,-0.6862893232610101,4.795408881127378,-11.971277098778573,1.8829175837401757e-29,1.3722242227624832e-27,55.99272400009697
226034_at,-1.3650071174398641,2.9594231912303215,-11.950024994451429,2.3050506117901564e-29,1.6685140002775636e-27,55.871213836711426
225858_s_at,0.872720479909058,5.9580713024100325,11.945836860728635,2.3987355497174805e-29,1.7246747613505617e-27,55.74381526547018
220180_at,-1.0657129203561566,3.3525832622463367,-11.918683200054776,3.105097083738321e-29,2.2176603372059087e-27,55.58902805470155
218157_x_at,-0.5398018817528099,5.33925787468118,-11.914654589823035,3.226214872769813e-29,2.2889033067538413e-27,55.43349038991797
204070_at,-1.4278700106635502,4.626319185949119,-11.908090801310696,3.43369885783109e-29,2.4200799910489783e-27,55.399108559269195
205255_x_at,0.7437759524691789,6.169401595587121,11.88971229235817,4.087986894653113e-29,2.862392392314954e-27,55.2002149717262
222753_s_at,-0.6452969635278444,4.2325983540328735,-11.85412612233373,5.727805885813761e-29,3.9588377067563106e-27,54.952532352905465
209109_s_at,1.100511243644564,7.206385736989688,11.847754446959152,6.083992467179074e-29,4.1780648269800914e-27,54.77938503392311
205220_at,-1.738944918067854,2.51180548473168,-11.831108227773942,7.121966344176018e-29,4.8597213659336095e-27,54.74383322892838
218993_at,-0.5742956516092165,4.257302824887238,-11.82032909026539,7.88623405555538e-29,5.313536191016653e-27,54.63910044403478
208755_x_at,0.3725231978575901,9.855255430798316,11.863642667995876,5.234089694786666e-29,3.641091097418802e-27,54.528153894943756
221516_s_at,0.8565705916803046,4.917965253201516,11.795788813014786,9.94419481963089e-29,6.635346498598816e-27,54.441461113062964
208503_s_at,0.8476505811089503,5.179529448571832,11.795494064944581,9.97191063450396e-29,6.635346498598816e-27,54.41918407141012
208744_x_at,1.1358769480992505,5.741569540649975,11.77788679323208,1.1774805133751967e-28,7.786635024560791e-27,54.21364152925376
211940_x_at,0.40189869421249097,9.773157879007366,11.827679808423614,7.356697420267034e-29,4.988120219197515e-27,54.21059877510447
222532_at,-0.6646611669999627,4.613021381014102,-11.766457747860217,1.311505543522447e-28,8.56717005350974e-27,54.08724437480707
240277_at,1.2192896942326108,3.774183389653153,11.76954567600295,1.2738659955581876e-28,8.372347491052064e-27,54.0169915706522
235244_at,-1.054279973706235,3.582213128277668,-11.720935563061188,2.0136321533540881e-28,1.2995205577639968e-26,53.7443475177582
213738_s_at,-0.5127045482645235,8.986977972296437,-11.764184483539925,1.3399200785300615e-28,8.699735637146999e-27,53.64259423009811
219716_at,-0.7194809011797546,4.440261682465743,-11.705492980896457,2.328377977315737e-28,1.4936475012564966e-26,53.536195071480876
212638_s_at,0.8671302386949338,6.283480496419822,11.690655129563227,2.676771948194181e-28,1.7069201119645395e-26,53.33752949242275
219108_x_at,0.8377103524380047,5.822287372594015,11.659311246867574,3.592431702870085e-28,2.2772615877424393e-26,53.071684758078256
214617_at,-0.9373781996744547,3.752917112064349,-11.64815184811043,3.988713873896325e-28,2.4988942532778554e-26,53.06424515127717
201225_s_at,-0.4650317305861132,6.555944446999179,-11.654405883051536,3.7615577724728076e-28,2.370445200970658e-26,52.95056435098725
229528_at,0.8868701593614206,4.6119836322338745,11.626496414733413,4.885934759501709e-28,3.043198783636152e-26,52.86873526474581
205488_at,-1.382689216413595,2.96875991458266,-11.605400177104972,5.952437463308775e-28,3.686038297365717e-26,52.67349432143139
215498_s_at,-0.6927255090275635,4.2015657191411435,-11.531924226487286,1.1820308182797675e-27,7.194940997858607e-26,51.96121423583331
225441_x_at,-0.6491023260436748,5.326664511038077,-11.541444046773604,1.081658504213501e-27,6.659659514735194e-26,51.95203745103085
242844_at,1.4914010647700748,3.800100570444006,11.537514504459333,1.1220190200668443e-27,6.868679863986344e-26,51.860751286625316
215693_x_at,0.7458903858445463,5.7893582097959895,11.525927535883385,1.2499576036221311e-27,7.565421360228186e-26,51.8334308934994
238725_at,-0.9019215966939047,4.633845854794754,-11.480391235476914,1.909506107598892e-27,1.1492437601520747e-25,51.426459152479204
224889_at,0.987465063000263,5.251052183900036,11.463883030293236,2.2260199125542193e-27,1.3322542638655503e-25,51.355754050711006
202638_s_at,-1.08803480632805,3.246519895699829,-11.454018290783647,2.4395209506047746e-27,1.4519215524349416e-25,51.288490603597864
225332_at,-0.7607225867806638,3.8668906002521903,-11.444895720844471,2.6550301685981475e-27,1.5714551489608815e-25,51.19402925260894
204678_s_at,-0.9454411614889183,3.944145410188282,-11.357054985772532,5.986631999981378e-27,3.5046332576940165e-25,50.370858054640095
213828_x_at,0.36603075350453446,9.993792170516562,11.408008997284663,3.737222862127036e-27,2.199827940767414e-25,50.25814671451725
214718_at,1.183271940345658,4.435916663545677,11.325824286143073,7.986107142864558e-27,4.649737272908044e-25,50.08839354083864
203234_at,-0.8106001344862866,3.490965451261309,-11.308999594957845,9.325494547299928e-27,5.371184036840006e-25,49.969133585176216
229711_s_at,-0.65009436707331,4.305288232559075,-11.313829557134593,8.919639074099908e-27,5.165194237882828e-25,49.95151759393934
206976_s_at,1.002728400165912,7.118322330883761,11.281605301807675,1.2000018665299402e-26,6.874663099537567e-25,49.54418167386624
204415_at,-1.6166277686031467,5.1351815639783345,-11.279789330129262,1.2202131503134363e-26,6.953267808142469e-25,49.54214893553175
225508_at,-0.6588797504041403,4.364963588399173,-11.261085301709215,1.4491278355346722e-26,8.21402460427669e-25,49.462623083007905
214866_at,-0.7680527669011091,3.884580715641344,-11.247149574739257,1.646997006891902e-26,9.286462597280498e-25,49.38930913836208
200935_at,-0.7564472038104604,3.937469010946747,-11.239351786955147,1.7692045981937012e-26,9.871608781483918e-25,49.31421592933617
33304_at,-0.8854762978214421,4.736471518296102,-11.24315957724699,1.70844200787885e-26,9.582481272463938e-25,49.24931011430495
203988_s_at,-0.8458660795995037,4.537213736366219,-11.237291022873059,1.802980164373822e-26,1.000794119219521e-24,49.21485722795982
229120_s_at,-0.5117536700955405,5.200114243146589,-11.230369878450256,1.9211776939021267e-26,1.0554654684499222e-24,49.111156139993675
203537_at,-0.5183218914428666,4.695820103800239,-11.225377066094318,2.0111964410921787e-26,1.0992830343581894e-24,49.10464404705729
230085_at,1.6703739395222938,3.5928204029564617,11.23351845581806,1.8664812395540773e-26,1.0307017278011767e-24,49.06338769604436
208827_at,-0.5859812686279579,6.4605337045942335,-11.222057130995422,2.073362386514139e-26,1.1275092003414198e-24,48.97733246833817
238673_at,2.2866228762069283,4.469791625649148,11.202507032673664,2.480161510699221e-26,1.3351743851316962e-24,48.861782833381824
224815_at,0.711529482081962,6.829513970537075,11.20259251307575,2.478220533112621e-26,1.3351743851316962e-24,48.830056950318074
217678_at,-1.294476276229002,3.6201528388268884,-11.150175900616748,4.0025744420392365e-26,2.143978999878317e-24,48.50680732990088
206247_at,-1.0933075510569683,3.2667990749841866,-11.144608687179685,4.2113128984457084e-26,2.2334552020321226e-24,48.485071695256906
203227_s_at,0.6682643836782586,5.544355202349412,11.147482007135809,4.1022632385760257e-26,2.1864450783514907e-24,48.39636855104539
32099_at,-0.4556442470725617,4.845458940558091,-11.141866788420746,4.3180600860763883e-26,2.2676165540262916e-24,48.33603089524247
202625_at,-0.7205261495395002,5.096127244457433,-11.141905146075308,4.316548359908533e-26,2.2676165540262916e-24,48.310754561713615
230291_s_at,1.9420660198586006,4.060376255650073,11.141146927583907,4.346528571190069e-26,2.271432223568742e-24,48.2898518490354
224512_s_at,-0.6806356722271266,5.50402595422107,-11.123688327330727,5.0970855610414266e-26,2.6507319230794563e-24,48.129006920471156
216032_s_at,0.6767887606899583,7.390020471601007,11.108554059083469,5.851099882467765e-26,3.0281561855496216e-24,47.948017265752924
221804_s_at,0.595035111060455,6.016572319704589,11.08398142317915,7.318339878415585e-26,3.769296880647412e-24,47.783321030837016
223502_s_at,-1.1412131801745116,3.7782771023071757,-11.065680238576553,8.6437212959703e-26,4.409532678272849e-24,47.738875956517724
222163_s_at,-0.612727601049283,4.479743337120549,-11.066372007532083,8.58953509370769e-26,4.402855954970836e-24,47.68971961145158
230921_s_at,1.1041108497023742,3.7970391515210924,11.056845810553204,9.366336640409279e-26,4.7555243805073275e-24,47.59348319787793
219045_at,-0.9215531000851361,4.508155818822106,-11.042192463280712,1.0699610443437409e-25,5.4068361641766484e-24,47.45404798237352
202794_at,-0.7350969261483771,5.549891029746499,-11.011574385865208,1.4124872521601357e-25,7.104214052765979e-24,47.11690963963391
204103_at,-1.068428079457848,4.246279606447604,-10.99347304818902,1.664161870221946e-25,8.330918745648461e-24,47.04021185147206
205269_at,-1.070793493170472,3.0126349361910303,-10.926454788799212,3.049404647098844e-25,1.512419999276385e-23,46.531533176198714
1554241_at,0.9754600213817319,5.491984378448021,10.933521727708408,2.861061863906298e-25,1.4256072440943336e-23,46.51988712005752
1554930_a_at,-0.7783158822088105,3.755961810074976,-10.917634855604307,3.301835059707233e-25,1.6225944492955775e-23,46.444462753300826
238567_at,-0.9022982044593184,3.74678332856753,-10.916392321687583,3.3390271402116357e-25,1.6333788928350344e-23,46.42737781041231
202531_at,-0.7994775300619342,5.094825421837874,-10.921813409894726,3.1797547646211782e-25,1.5698024328749623e-23,46.33287755939761
202373_s_at,0.6326853667765338,5.244223444004648,10.90925968804514,3.5607202669812806e-25,1.7339089190986573e-23,46.299852858045355
201674_s_at,0.7279524608996172,6.489220341937774,10.898332060333995,3.9290517790290206e-25,1.904612294513027e-23,46.1063627085466
201916_s_at,0.7358960861847054,5.55822022828169,10.872324532387012,4.9650564773185825e-25,2.395975227095224e-23,45.93551507057331
204900_x_at,-0.6857882988700419,4.726924790281824,-10.870646919489253,5.040516480737113e-25,2.4214821999164435e-23,45.90611461036055
229841_at,1.1567321981316407,4.028439549121723,10.852080779331128,5.95567615131787e-25,2.823148611020723e-23,45.81655787632507
201846_s_at,0.6703166022873853,5.398442647053004,10.855603321231934,5.770188313806349e-25,2.747378995813663e-23,45.80180747561564
222696_at,1.988748210660725,6.327038278435777,10.84072140693418,6.59513757886904e-25,3.0988468808080714e-23,45.6984471458581
226474_at,-0.8403385726429325,4.420876027807351,-10.843516053372827,6.431756398116904e-25,3.0353923477104136e-23,45.693920668739935
201588_at,-0.42955129131648445,7.445465876718922,-10.862880333568881,5.404982041249745e-25,2.5849809199959158e-23,45.67214789759963
205242_at,-1.8654184333312056,2.4343420249613033,-10.822487204093557,7.767163413847753e-25,3.5995770612419817e-23,45.61389954369318
218741_at,-0.6688773284287176,4.2829967424306545,-10.830153535839283,7.251107224493226e-25,3.3921882836679446e-23,45.606062284930474
218823_s_at,-0.7663412938529844,4.231350334346438,-10.828927355811183,7.33129725905954e-25,3.414790762448037e-23,45.59550474392629
210029_at,-1.3150046234499468,3.587445692130004,-10.819271112029961,7.994369776124369e-25,3.675694567022333e-23,45.553121594426564
225276_at,0.7941604799923735,5.223430592109146,10.822085048306175,7.79521962296406e-25,3.5995770612419817e-23,45.55179565631005
209969_s_at,-1.087280425499627,4.803048234321812,-10.800110510854523,9.491552513918277e-25,4.3454274393848935e-23,45.26530192372944
205681_at,-1.3622926143754448,2.963190234671563,-10.774125976558206,1.1975929508295578e-24,5.436361560269938e-23,45.19210060841092
204519_s_at,-1.143907409443599,3.5886834952260878,-10.770537943788826,1.2366299563085008e-24,5.566393580644104e-23,45.135798525310626
200815_s_at,-0.5031532915154706,4.659236031847806,-10.770604758633446,1.235891601102302e-24,5.566393580644104e-23,45.037218969117156
203675_at,-0.7939989201027635,4.635917897434314,-10.75255307164295,1.4521850517479958e-24,6.509313162918946e-23,44.86494055633719
200886_s_at,-0.4560149536085419,7.87381801550823,-10.778682845412597,1.149775330405454e-24,5.2415077083547354e-23,44.86296073267752
204526_s_at,-0.6378268237395354,4.166770581347809,-10.740251514097192,1.620728515450554e-24,7.204508126979994e-23,44.83455210303346
202078_at,-0.5383700763329073,5.039956340834962,-10.744148591248887,1.5653323500940544e-24,6.987252277732335e-23,44.76410215235526
212577_at,-0.6997848064428961,3.925654741307021,-10.723197580522147,1.886968625149224e-24,8.251059135193321e-23,44.71285437974913
217802_s_at,0.6443786214517292,7.3520564656814855,10.72989655060275,1.7775658464314203e-24,7.836651404452595e-23,44.5681409290363
214214_s_at,-0.6599396942442092,6.88860784797574,-10.733248857265673,1.725207906571053e-24,7.637253017808136e-23,44.560567828894456
222409_at,-0.6746486970884622,5.888081291460738,-10.71170252586338,2.0905022932029672e-24,9.103882547594872e-23,44.43723785995424
206442_at,-1.3110558902392224,0.407389687658688,-10.728679515497667,1.796962116279578e-24,7.889694734304558e-23,44.418928309444226
201466_s_at,0.9730288684918158,5.886503153247772,10.701352490850887,2.2923427721159322e-24,9.942456727804851e-23,44.40564508669067
215223_s_at,-1.0016720983911054,5.6527061925098705,-10.69733741295416,2.375753269332799e-24,1.0230079253044638e-22,44.3105501785481
204533_at,-1.5556556465108071,4.457714682899123,-10.685301529579744,2.6442859247586466e-24,1.1331294044775752e-22,44.2754647002279
218156_s_at,-0.6030927452811086,4.488891683341293,-10.672270403408701,2.9690924507478366e-24,1.2672465109506604e-22,44.186542343246785
227998_at,-0.8063282910013472,7.614114859121273,-10.697242751433507,2.3777557490974658e-24,1.0230079253044638e-22,44.14323083328503
222065_s_at,-0.5464629738136584,4.8605671328514575,-10.660417659861917,3.2987945008979165e-24,1.4023803765126736e-22,44.041154038635185
204693_at,-0.7198271109890831,3.8153066642313975,-10.639190716895472,3.982673039328278e-24,1.6797785933198363e-22,43.98888067526843
221780_s_at,0.8490270049974251,5.29772269681418,10.640834332271442,3.925030461179359e-24,1.6620099340163824e-22,43.949455910576134
225095_at,-0.5992740901313881,4.7386307288155685,-10.63124225015635,4.273516426680223e-24,1.7953796658441268e-22,43.79492959870416
243495_s_at,1.7008577035652643,3.7719285530429922,10.626934267371112,4.4398671183753946e-24,1.850750834208389e-22,43.76913523195025
209049_s_at,0.9761282811635337,5.952611990023705,10.627284908462482,4.426090164440872e-24,1.850750834208389e-22,43.748609695972974
218681_s_at,-0.6639790962394351,5.206769645982533,-10.625616263334207,4.492034511087748e-24,1.8652389812900405e-22,43.70911106839105
1405_i_at,-1.2333025573036633,3.7467555435114015,-10.610523679361203,5.1346064965580045e-24,2.0995053205200725e-22,43.70546938650321
226085_at,1.6990797673920097,5.377442675575643,10.59641521700196,5.8175153928623194e-24,2.3518129208956237e-22,43.63534477326337
202780_at,-0.9054264421628253,4.2748375631826105,-10.60706603819193,5.294219833179608e-24,2.156539052199739e-22,43.62494073293807
228307_at,0.981782026536287,4.04513471810289,10.59836135683759,5.718204323125811e-24,2.320421322486622e-22,43.62204605923036
227364_at,1.0585948771019793,6.740400439443013,10.615147651243744,4.928598530262051e-24,2.022991419720205e-22,43.60178346501373
201762_s_at,-0.5657118218194328,8.119778340179316,-10.624252706854564,4.5466456662850996e-24,1.8806260626607055e-22,43.44486605619852
202655_at,-0.5326863479012686,6.20115534043704,-10.595360943185161,5.872028160229706e-24,2.364926228591761e-22,43.404331099194046
201231_s_at,-0.529101455127285,8.267363671533332,-10.618519735392375,4.783561334675185e-24,1.9710112530144329e-22,43.37248890066638
208029_s_at,1.3859240000649649,6.821026915283866,10.588370343999372,6.2465461866398275e-24,2.506338924998969e-22,43.372376961393165
216237_s_at,-0.7040358477399354,5.019360057226152,-10.58124860909407,6.65248415699409e-24,2.6592560736521527e-22,43.3303948225119
204205_at,-1.0162327332399905,3.4476295944172235,-10.555311660099028,8.365063882446313e-24,3.331410013853062e-22,43.27193473318209
204747_at,-0.9305116545965424,3.929319694865176,-10.533642719063971,1.0126610557144357e-23,3.9884698124517456e-22,43.03438997099749
214039_s_at,1.3108400768019006,8.016130846592167,10.550953955168637,8.692978695022713e-24,3.4491807688806785e-22,42.98093820649317
227897_at,0.8461104987072113,6.081312186491798,10.528365265533289,1.0608668354782786e-23,4.163027988453772e-22,42.8650002244423
216604_s_at,1.2721189463943088,3.4730657855170803,10.515692477684036,1.186131865906239e-23,4.603996622990413e-22,42.81142121019531
223180_s_at,-0.6218062675541409,5.133737944825366,-10.519896127409485,1.1430325664772148e-23,4.4690904688578115e-22,42.78990064279094
226748_at,-0.6997750234126882,5.218129387715398,-10.516146994038838,1.181395041887941e-23,4.602285484998368e-22,42.75115341410314
217801_at,0.4617509664895065,9.073896774634514,10.537592635911817,9.78010609227952e-24,3.866209467401864e-22,42.64389458074384
203076_s_at,-0.518955634327764,5.037381888805965,-10.501640919944201,1.3422544914783107e-23,5.1911813600025785e-22,42.63940672291236
218451_at,-0.600839011113013,4.904791538302674,-10.490624218442049,1.478788001795999e-23,5.69865318821602e-22,42.55136944609664
214924_s_at,0.7183896965391228,5.16692590927738,10.473288665241885,1.72206719073321e-23,6.5887520765446e-22,42.49391876260673
228545_at,1.0614958532615608,4.692775768094534,10.45915088440796,1.9495792189164337e-23,7.432684047064681e-22,42.45061401410764
224675_at,-0.4477702817413669,6.731593701270343,-10.486190601450886,1.537549774662026e-23,5.903860478836661e-22,42.42053211309045
218242_s_at,0.7707326686182872,5.402397523756805,10.451993887331547,2.0758894546244943e-23,7.886171534536244e-22,42.27438438985247
204780_s_at,-0.8892454880211649,4.302777066028006,-10.441601029726614,2.2739062144693804e-23,8.607900097388859e-22,42.18282448913322
223007_s_at,0.9067555186255385,4.8412654156726,10.429195913063857,2.5349462885730475e-23,9.562281545592627e-22,42.180487665114526
227847_at,1.0964131518009903,4.169499011387308,10.422885600765987,2.678939475694713e-23,1.0069992492321916e-21,42.11585590075384
204004_at,0.7784366640479148,5.703624480219646,10.416733862341975,2.827125175877641e-23,1.0589857345866143e-21,41.92477029221023
208436_s_at,-0.8202202090653812,4.357102930777073,-10.399937687960687,3.274462815517251e-23,1.218031949397094e-21,41.819667669329945
218704_at,1.359631657813065,6.309734937274135,10.403467355337039,3.174967320909449e-23,1.1851367564077676e-21,41.7955243502804
207983_s_at,0.8861910243260027,5.528964017239947,10.390527498929332,3.5551060328778903e-23,1.3133052044903739e-21,41.73720781767918
211711_s_at,-0.6233146583092508,4.189869029837257,-10.372491882735346,4.1614114796660404e-23,1.526753465125421e-21,41.627765559674465
201031_s_at,-0.4797125334466976,7.403383694870112,-10.398667243153534,3.311027111167146e-23,1.2273713993748662e-21,41.59652262347285
212612_at,-0.568902986875515,4.773799707273544,-10.378188193586134,3.95958360743987e-23,1.4576982538317294e-21,41.59120505934722
205770_at,-0.7624077707771724,4.3960384281336555,-10.361346011524846,4.5863309248450484e-23,1.6769065937837885e-21,41.485113462118065
204252_at,-0.5790819561014093,4.473432385218194,-10.359531189844262,4.65948391517779e-23,1.6978588837857027e-21,41.47044645598933
208910_s_at,-0.6885716747079047,6.951636780195692,-10.352182098796725,4.967748502962662e-23,1.804050498719966e-21,41.22562522718576
1558515_at,1.3104593609136588,3.1894136314761847,10.302695025276392,7.641347691798174e-23,2.7378514321817334e-21,40.957613744049496
221559_s_at,-0.5120612708380988,4.568255399421374,-10.300205155820574,7.80842892397992e-23,2.7883899687532295e-21,40.95113346033
226091_s_at,-0.33415192325112697,8.343071489050082,-10.33141301920837,5.952734884916462e-23,2.154447595341556e-21,40.88473554063889
226150_at,-0.7360560131398783,5.339462302019475,-10.29285580881719,8.323047860175549e-23,2.962286103855836e-21,40.8135033219002
200989_at,-0.5549677776231534,7.8307470050213235,-10.307157358419385,7.350737301779695e-23,2.6514629196621507e-21,40.7384490456065
201019_s_at,0.6971783268887903,7.245545306641748,10.287806804500363,8.695962865263903e-23,3.0847632508467615e-21,40.727486491183726
224900_at,-0.501632197654749,4.996112480573519,-10.277120326924269,9.540841641713212e-23,3.3733015349067205e-21,40.70389649680998
204049_s_at,0.8793928534889162,5.331748999050169,10.260021573753196,1.106525881958129e-22,3.886626810956537e-21,40.651572413081496
222451_s_at,0.9748728320795438,5.567604346796105,10.262108606927285,1.0866955602242893e-22,3.829529452856188e-21,40.64129998460355
238949_at,-0.7015522604521831,4.219011184695246,-10.257247214250267,1.1334441035740168e-22,3.968165582218445e-21,40.627730650093916
200634_at,-0.45324875034321993,8.604865004982551,-10.30525354508531,7.473356745750084e-23,2.686646671718814e-21,40.594554137112524
204655_at,-1.0695012233321732,3.6445728737138468,-10.244278788188268,1.268146060296936e-22,4.4109249168704794e-21,40.57030171026283
228196_s_at,0.9081383998338199,4.156975232527494,10.235351806071964,1.3699875956195007e-22,4.7344119715715195e-21,40.52813755131929
217388_s_at,-1.2645321994225907,2.7440841810089327,-10.226924208235811,1.4735663598857678e-22,5.059716799184689e-21,40.46265107481868
211684_s_at,0.41875617890785205,7.18834207117984,10.237495138372092,1.3448188908198387e-22,4.662474037978295e-21,40.28662077967637
222518_at,0.8144855935986368,5.602776452864961,10.21893239101607,1.5789566130653283e-22,5.4042690721306275e-21,40.24304354909569
207993_s_at,-0.9077778570442522,3.6294763154387666,-10.201636346990227,1.8333485445228698e-22,6.195792731064197e-21,40.22269162332848
217918_at,0.5873546908123618,7.687896612654535,10.230642005862489,1.4269481731115862e-22,4.915400571879235e-21,40.19753674007134
211936_at,-0.37981054720483026,8.493299762186398,-10.255274708430889,1.1529767175961118e-22,4.0234005132270834e-21,40.19505800807215
221506_s_at,0.6585510145783654,5.306481605930826,10.205519455320827,1.7729087386201928e-22,6.0295781958216276e-21,40.15648765623392
209546_s_at,-0.8268675103755494,4.354604714460513,-10.203540732172446,1.8034558709625745e-22,6.1140578308930576e-21,40.13471203997955
201594_s_at,-0.5273779713543192,5.452390079961316,-10.206391366804265,1.7596118769894945e-22,6.0034146618434564e-21,40.07307339747352
225644_at,-0.5647503064153668,4.683625208377403,-10.196975944644445,1.9085921473472395e-22,6.42979486620471e-21,40.048000335819005
208767_s_at,1.2672695728930383,6.8735196293527885,10.194143168832133,1.9558176422754465e-22,6.5682364895601435e-21,39.96070127264291
229905_at,1.0018616836087568,4.550596611855053,10.148975018584688,2.886181322303639e-22,9.42672576397527e-21,39.805424235404324
234302_s_at,-0.44614161102160843,5.3377504311289234,-10.172238692393872,2.3623547378455875e-22,7.908720720793681e-21,39.78890141264178
203127_s_at,-0.5121332993188263,5.109671971551597,-10.17024643900806,2.4032498263117127e-22,8.02056554183096e-21,39.782301573574934
210371_s_at,-0.6309670303765874,6.231775460406308,-10.16981793493523,2.4121371458069264e-22,8.025225230754535e-21,39.72178817149836
215596_s_at,0.7704950419797987,5.206355565128623,10.149480851767981,2.8736494980981983e-22,9.414497575879508e-21,39.71693044161541
200889_s_at,-0.6473401747973335,5.440802675535024,-10.163476114499872,2.547546832810446e-22,8.397498221507172e-21,39.70479212816099
202678_at,-0.5151831707250115,6.365894946773102,-10.164228746128654,2.531090272638728e-22,8.369003114437868e-21,39.671220274108585
213757_at,1.2346331396833625,5.64761320887831,10.140549996980853,3.103063964881573e-22,1.0104293086862095e-20,39.62946063216178
202223_at,-0.730984196535705,5.716746894809337,-10.15287195133628,2.7910195841421406e-22,9.171838283716181e-21,39.60116192017162
213947_s_at,-0.6937452695469991,4.257504353241824,-10.135021320915135,3.2540986874722925e-22,1.0532072277610475e-20,39.578958813113445
224687_at,0.7945718508398107,4.947802254293172,10.125517198342461,3.5309753477621747e-22,1.1359561231404259e-20,39.56144476083643
225119_at,0.8597732638182601,5.622408495893975,10.136386278757014,3.21614534808445e-22,1.0440777307281429e-20,39.541756815453766
219593_at,-0.7117994112702344,3.6505094989372853,-10.119049016032465,3.732653334920618e-22,1.1972429693713947e-20,39.53546600322154
200654_at,-0.39308122997382494,8.258239430802327,-10.168173073336314,2.446556086839706e-22,8.114537262635842e-21,39.49274695387647
204158_s_at,-0.6208224163945355,4.660652274111445,-10.127146141659054,3.4819133686160296e-22,1.1235463228308291e-20,39.455024660393725
217099_s_at,-0.4953264829519708,4.324910183870483,-10.114921130980973,3.86729405123021e-22,1.2367260050993804e-20,39.417796233949176
218880_at,-0.7315479811562261,3.780901871776088,-10.099694266608408,4.406967416768215e-22,1.3968000572733103e-20,39.35571384050335
205569_at,-0.8776427888096696,3.6187071994449553,-10.093931148273784,4.630175238387513e-22,1.4632173253346732e-20,39.314119473825706
200827_at,-0.5963596885924498,4.794723798456703,-10.111799854839742,3.9722917838703986e-22,1.2665226750179637e-20,39.309515295569646
202423_at,0.6258815804071554,5.5858530586155535,10.107986210262531,4.1044269185389657e-22,1.3047693049943009e-20,39.27951221091095
212151_at,1.2205746967847735,5.346151069979767,10.083220712227568,5.075204841365887e-22,1.5944477849135705e-20,39.19754977018978
1566342_at,-0.7707560480178653,4.87513311469938,-10.082132489830386,5.122730921813273e-22,1.6046729931399294e-20,39.044691755398894
217752_s_at,-0.5629615549753686,6.378644968476535,-10.088837753059613,4.836761776284735e-22,1.5240067326275987e-20,39.027525660142324
226320_at,-0.7848773413126697,5.399158769760257,-10.067283931610607,5.817095553100587e-22,1.816867191264332e-20,38.887201751772
229835_s_at,1.5074453202013587,4.368829626113961,10.009070723374446,9.563376386531664e-22,2.978268931073073e-20,38.61281857608198
1554899_s_at,-1.1043768812324024,3.7256002169332283,-9.995458871399086,1.0739282683114896e-21,3.3251426411621356e-20,38.44906846919838
230795_at,1.7427603379708796,4.435516169821735,9.966135786373856,1.3782096884834058e-21,4.230590370407658e-20,38.24729660022582
217933_s_at,-0.6401973924586979,6.678346834186372,-9.997474488637643,1.0556509754477802e-21,3.278025768107846e-20,38.228617190515564
201037_at,-0.7965429123946128,6.273952710112294,-9.986880107399372,1.155296013901064e-21,3.5667683564616995e-20,38.16142900865206
214316_x_at,0.7192339776649634,4.541565097764167,9.95335929138716,1.536221873812051e-21,4.675438901746733e-20,38.15480272948719
228969_at,-1.4635207733658384,5.936860886302948,-9.977784246127797,1.2482547457180002e-21,3.8426876697922233e-20,38.07154493016884
1564520_s_at,-0.6404225638814424,5.034065485211121,-9.96145485195225,1.4341356258347203e-21,4.377178051158792e-20,38.018437027059406
223092_at,0.7701083465242845,6.720444792181168,9.963068469616243,1.4146070042342672e-21,4.3299099532462015e-20,37.99811635678776
214038_at,-1.2558201201305996,3.074670241556615,-9.927290613093616,1.9164964637590954e-21,5.783500455282024e-20,37.94132532388009
202909_at,1.1809196325075184,4.708811923976716,9.92537557497532,1.9478594085152865e-21,5.861634225680973e-20,37.93153167063315
204479_at,-0.5215767739493657,4.479702001537291,-9.934116259700017,1.808731957058121e-21,5.489219675910381e-20,37.862509812962166
214095_at,-0.7131891849669144,3.9444804003792,-9.922132391523533,2.002139068030726e-21,5.991317272573511e-20,37.84079565098416
227379_at,-0.7045013365319925,4.0842545997448,-9.923353582205811,1.9815266578645925e-21,5.946245122045765e-20,37.826944033624784
242121_at,1.6473180408044161,5.474798716731706,9.913559257255363,2.1529566634741056e-21,6.40684020438836e-20,37.807059908674844
204007_at,-1.0567778701131292,2.9508586537156463,-9.903070762451536,2.352871000147196e-21,6.963068238833402e-20,37.748278296915515
203915_at,-1.4490896246870015,4.152363552645667,-9.918350076647025,2.0673397281096478e-21,6.169195127364528e-20,37.72373035073722
229128_s_at,1.7073736821215608,5.0724606186513705,9.885589485083194,2.727784720953262e-21,8.05034647811909e-20,37.6025077903118
201251_at,-0.7297420984487674,7.402343131925188,-9.931379280913296,1.8512022719356204e-21,5.602240095832289e-20,37.59063829309147
225312_at,0.5952363095840619,7.729459519479888,9.909512551763655,2.2280091931634164e-21,6.611817863257529e-20,37.475301711271364
225636_at,-0.653605028922276,5.83281516065266,-9.882545137194095,2.7988829327795345e-21,8.237481554633834e-20,37.319267307239834
219038_at,-0.7772724518248113,4.297855121698012,-9.858236124609617,3.43661266234727e-21,1.0086693548418166e-19,37.23646816014163
205379_at,-0.7343985844185671,3.771808941627331,-9.834257891786303,4.20647333866755e-21,1.2312554338017884e-19,37.13579709939249
225643_at,-0.47181589495198517,5.214121473760422,-9.81719523382365,4.856224803362416e-21,1.4175677470959552e-19,36.80647291676652
226319_s_at,-0.8723900714115237,5.724880183219519,-9.803047612588953,5.4697376164352964e-21,1.5923179099149818e-19,36.654425160935894
209658_at,0.6094439142086515,6.187066889518049,9.789642055774202,6.121777557120568e-21,1.77730631353476e-19,36.56677196028396
229582_at,-0.6372240882436537,4.920736858390515,-9.779296632050722,6.677170307394207e-21,1.933311500084166e-19,36.507617310963525
228030_at,2.2142852289508634,4.190935380450517,9.755292128702152,8.165787209201704e-21,2.345310412122731e-19,36.4639516558742
222817_at,-0.5768543276326364,4.51148239572525,-9.758463157936234,7.951700670019752e-21,2.2899615397290754e-19,36.39215434113383
222000_at,-0.43554972544423143,5.104903963342098,-9.759764231521054,7.865479956985485e-21,2.271236840409313e-19,36.33776768310156
227098_at,0.8860710857898942,4.541178658309559,9.73058890635516,1.0041422788355188e-20,2.8308884824118193e-19,36.32052405230409
219410_at,-1.1557537602974162,3.4402101633485818,-9.731815017468183,9.938982987943168e-21,2.8094017084389225e-19,36.2967190945884
241547_at,1.7696889127444282,2.717918856758071,9.75180137842266,8.408073013267905e-21,2.3961081263030474e-19,36.28762772637983
217478_s_at,-1.1656524702650919,5.131004349126355,-9.751777548093791,8.40975128806073e-21,2.3961081263030474e-19,36.25406593160682
221505_at,-0.6903001961757749,6.054977005652841,-9.753431973258818,8.294022156688981e-21,2.375771640764948e-19,36.23216986239318
203335_at,0.8093168579627886,6.039092433871146,9.740108028060755,9.272807057446471e-21,2.635002175236712e-19,36.170970951623914
204131_s_at,0.7316546173633077,6.493631893505756,9.735461393532486,9.640417481399219e-21,2.7322167322283025e-19,36.109479627528685
204048_s_at,0.8573426621719937,5.195245178968033,9.715291566853914,1.1411005503695936e-20,3.2001597372014286e-19,36.10198868260652
212677_s_at,1.0855579285316241,4.026934817937735,9.696195469816827,1.3383146974238655e-20,3.7047455693803283e-19,36.03294439424687
202270_at,-1.1596548779714442,5.3398977542185495,-9.718802605241997,1.1081135569927026e-20,3.115805914977119e-19,35.96830698101233
203406_at,-0.4238491474238171,5.379823469687434,-9.71155655531458,1.1772610934653719e-20,3.292949894071679e-19,35.92459315681202
203971_at,-0.4523312176643788,4.541789405497249,-9.697163417696254,1.3275507035171219e-20,3.6844690898391006e-19,35.89108403576749
203085_s_at,-0.9006641529497948,3.986358671913657,-9.687396107023291,1.4402228200202343e-20,3.9663514321019973e-19,35.8682469158754
230621_at,1.0751615086271407,4.73760230605921,9.669265672713882,1.6750819177487402e-20,4.566196586473856e-19,35.81469019005896
213037_x_at,0.5024884912177688,7.848622466829187,9.710256626957367,1.190111058005661e-20,3.320223896982981e-19,35.800625342542034
218333_at,-0.48081243157588505,5.395481788202548,-9.693396836808898,1.369925933276232e-20,3.7824784853578023e-19,35.77277890502452
218018_at,-0.4997006766702074,4.563371190568748,-9.67223247060919,1.6342038060975927e-20,4.470501883750442e-19,35.67749370861507
227180_at,-0.8904973739049846,4.709191644586177,-9.677001915420867,1.570551365374019e-20,4.31418378903894e-19,35.675271962953495
212031_at,-0.48682495187368957,4.5976884918424155,-9.672114962610872,1.635803919005109e-20,4.470501883750442e-19,35.67178064312471
200814_at,-0.4558609111227268,7.8341046773367475,-9.699444694783635,1.3025203088190143e-20,3.624389628150156e-19,35.62499789419955
209750_at,1.2226296022817924,3.723283004579127,9.641171179717979,2.116079090420066e-20,5.724635175674285e-19,35.557263174436315
224719_s_at,-0.7716446502348667,6.453125096505283,-9.668012632765754,1.6926499993390137e-20,4.602375493126613e-19,35.49543439689624
227862_at,-1.0995174854148477,3.3605384195106174,-9.616608868204453,2.5947840597576593e-20,6.932150032963543e-19,35.36806825104195
229390_at,-1.0949269286913026,3.4706459806409233,-9.617590995449056,2.573728560604339e-20,6.9176076729545665e-19,35.36046089159767
221499_s_at,1.121004613274446,4.575650730645887,9.608443959178633,2.7765707127728925e-20,7.3809930635076915e-19,35.32879931408799
217917_s_at,0.5907992785771427,7.76408782828669,9.638910869843134,2.156198947904758e-20,5.818478420378759e-19,35.22749524961653
224435_at,0.7941646665306668,5.819749586783603,9.617162992071552,2.5828834772536422e-20,6.9176076729545665e-19,35.17702536397651
212185_x_at,-0.9965566570975832,7.263133837397697,-9.641449912183681,2.111183214214457e-20,5.724635175674285e-19,35.17389608441486
202657_s_at,-0.4886102488513923,4.670378492786534,-9.609723102521768,2.747279130775938e-20,7.321293862687219e-19,35.14867801438536
223501_at,-0.9885453396954308,3.3041716096603446,-9.585835192587071,3.3484900179189376e-20,8.879300386625143e-19,35.12942049167499
222787_s_at,1.735311686613436,4.964148650798451,9.57125592881956,3.7777336501366667e-20,9.8950759398323e-19,35.02903276519863
225915_at,1.7482244582550521,3.028724215196171,9.583617439838301,3.4105214619599356e-20,9.02146084493254e-19,34.98507964898951
211783_s_at,-0.5767102573386178,4.298779532618584,-9.575344566473747,3.652133726456866e-20,9.613097938951452e-19,34.928322643323796
226384_at,-0.5807114601793046,4.650676278628503,-9.581024277713492,3.48449924579193e-20,9.194443453243583e-19,34.910036255368645
200655_s_at,-0.45691356827369484,8.353641745174993,-9.617284679121987,2.5802773331482894e-20,6.9176076729545665e-19,34.85410877905305
235381_at,0.8261296353238996,4.763892416541611,9.55158906555096,4.4443269965419755e-20,1.1556328911153927e-18,34.835648872933575
202581_at,-1.0980795057659165,6.173037649845132,-9.573455622074066,3.7096377331320513e-20,9.740526724275409e-19,34.72228421118615
230332_at,1.2439860485543583,3.7187431151960086,9.532438084744435,5.205148899537928e-20,1.34045096540264e-18,34.679249567522646
65635_at,0.5353534024193326,5.281151384117852,9.54924831044736,4.531053114920331e-20,1.1740887277637782e-18,34.67091644863936
207320_x_at,0.4692587138836759,7.857521585446436,9.569525696638783,3.832165867310606e-20,1.001316900890208e-18,34.64109614286604
221725_at,-0.4824254599863451,5.135446103382106,-9.549083471821177,4.537223310876544e-20,1.1740887277637782e-18,34.604001385157865
212174_at,-0.5590999739222253,4.5906070287030385,-9.540010026897136,4.890019849874878e-20,1.2623321120893872e-18,34.58653004630022
214182_at,0.7448509962616588,5.468866643800101,9.521048462441309,5.717451851478536e-20,1.4653364039447264e-18,34.43711936647987
209205_s_at,-0.7762279935906742,4.840334106839847,-9.52279128784686,5.635938223217947e-20,1.447909021231028e-18,34.40485825654642
215123_at,1.4332965674272455,3.861415010184697,9.48487248751149,7.699656542375186e-20,1.9546545151295113e-18,34.299091119869324
218807_at,2.120776016072946,5.996779005706525,9.473187787802749,8.475236639801378e-20,2.1263515251098866e-18,34.177429080972715
205466_s_at,-0.7196593340699271,3.483674773112877,-9.467866567888786,8.853629445361615e-20,2.201373298402981e-18,34.17713155835985
226961_at,1.0631920748629686,5.917941971225547,9.490096843444025,7.376053165719884e-20,1.876951486089243e-18,34.156832638835
234926_s_at,0.5218603343371172,6.1435924011056375,9.493336550091211,7.182191273087625e-20,1.831971788299708e-18,34.13387988824821
219375_at,-0.5004686864881593,4.633395151017279,-9.48444861352397,7.72652076528458e-20,1.956837280342641e-18,34.13287038929157
226923_at,0.5595373452238477,4.747221539655965,9.467827703876573,8.856453762827265e-20,2.201373298402981e-18,34.12587842196581
208948_s_at,0.4834683924874249,7.527222810826839,9.496247852811686,7.012293710717267e-20,1.792904594818952e-18,34.076662617509115
212057_at,0.7988252378744022,5.489106231173318,9.47233476177448,8.534798374275811e-20,2.1362919388695507e-18,34.048148238946226
220856_x_at,0.338479757151055,6.633224055259977,9.48300741153723,7.818557825825953e-20,1.975476650662109e-18,34.02522634227579
213902_at,-0.5580702237678012,5.064303349005317,-9.47628754197532,8.262247021577175e-20,2.077780571412119e-18,34.014894023185924
218345_at,1.10178489831099,7.167764990798016,9.479351703660532,8.05691857708968e-20,2.0309122050908646e-18,33.99383889223995
217733_s_at,-0.27185598221971213,10.362309293940257,-9.556041471577402,4.283879851151434e-20,1.1166229889388154e-18,33.938961164498835
202378_s_at,0.7831501479990616,6.372302017945198,9.468133813995774,8.834232350004276e-20,2.201373298402981e-18,33.927732400142766
203318_s_at,0.6683151146262194,5.090737252841639,9.449477914851544,1.0294795115107706e-19,2.5529662052812234e-18,33.92418442924837
219386_s_at,-0.9896058844837371,2.7633387728861782,-9.407920166855797,1.4464755978784832e-19,3.521839336380043e-18,33.71575709936587
214974_x_at,-1.844437242464909,3.308811186421811,-9.419609067211276,1.314665748142356e-19,3.2155283469975022e-18,33.71033032239371
242907_at,-0.9175400360528473,3.3961057817858036,-9.40255075293023,1.5113344280979074e-19,3.6714117297534885e-18,33.6463708502647
218322_s_at,0.8719554739222811,6.606956876080806,9.431905749140068,1.1888395499006508e-19,2.9345709903423204e-18,33.62730513763741
220532_s_at,1.0288160712162278,7.461976252464497,9.43408986004605,1.1677734513865046e-19,2.8892279410400978e-18,33.60780223875313
212782_x_at,0.46303092400554335,7.340253734226497,9.427932451635952,1.2281328605117929e-19,3.024594789577664e-18,33.53769820203137
202313_at,-0.5814289443419334,5.788606529295018,-9.421150526289537,1.298196604807035e-19,3.182512637825576e-18,33.53296020182846
200857_s_at,-0.4545327822011677,4.679229468599966,-9.408877942429715,1.4351997312215509e-19,3.502345038855689e-18,33.51896080553462
224597_at,0.5100542598963385,8.077848886334928,9.422342648722251,1.2856001637746026e-19,3.1588611363571828e-18,33.42352841883195
202484_s_at,-0.3967320093166079,6.166985018152441,-9.388845645212152,1.6902417192414453e-19,4.096732927202173e-18,33.2604611992433
205405_at,1.1757875881947983,4.578824641050145,9.349426670793724,2.330363280196726e-19,5.610153218145511e-18,33.24618735587667
222450_at,1.3447680311445929,6.25852726225242,9.375926225107072,1.8780463533679277e-19,4.541650244611875e-18,33.220011516046725
238762_at,-0.7002845066351028,3.592713000018755,-9.347557500996825,2.36606712576052e-19,5.683335676742702e-18,33.20170511807441
202814_s_at,-0.6022615041383337,4.641645008837129,-9.36928328027113,1.9825169105347675e-19,4.7834918158916584e-18,33.19416540787191
205164_at,-0.5941707324279847,4.159671116259094,-9.343934915267443,2.43681388481724e-19,5.827139988403369e-18,33.083643583490534
226005_at,-0.43272214384560925,4.691258055372197,-9.345909375880876,2.397998008386462e-19,5.747148246945004e-18,33.01234397099222
202527_s_at,-0.6145819628717524,4.508355200808992,-9.334925034071636,2.6219899316798067e-19,6.228243489597731e-18,32.93879516641389
205241_at,-0.5803245937257117,5.29436398761616,-9.34042189432015,2.5074215397477923e-19,5.9826296114294204e-18,32.90473555935786
226568_at,-0.6255888741712842,4.9323578878689744,-9.335451607572493,2.6107938766313345e-19,6.215429955633664e-18,32.8874986849402
212658_at,-0.4841762133311572,4.736641375676521,-9.328597294125489,2.7603093192002477e-19,6.542299499246074e-18,32.86272515151004
235222_x_at,0.5727714072445322,5.816712835976216,9.325727105534613,2.8254094898883963e-19,6.681812773769181e-18,32.799896115698175
228638_at,0.9787421248495931,4.631480254270287,9.294166501263653,3.649698446436644e-19,8.499830316668645e-18,32.79442817808909
227621_at,0.6727126893202358,6.289759908216211,9.325162991510918,2.8383821691371892e-19,6.697706647129231e-18,32.77559186664976
218142_s_at,0.572640496588777,5.029877038097879,9.302846328692612,3.4017917531212706e-19,7.97448469391426e-18,32.74402251117073
222206_s_at,-0.5251181242580891,4.238482421133564,-9.302171039543186,3.420465144270948e-19,8.00075176650102e-18,32.74279998623764
205270_s_at,-0.8146137378150189,3.6131891834460923,-9.287431174343736,3.8543277352581593e-19,8.956922565687778e-18,32.70746298945337
209723_at,-0.7748659702770776,4.224085049163281,-9.30026870737911,3.473616997881734e-19,8.107376666297825e-18,32.69855072258566
213229_at,0.8110976282397229,6.23674933168208,9.307802280540612,3.2678034872434606e-19,7.67718832430684e-18,32.642920147321334
239238_at,1.0955539513237789,3.8160770353658524,9.270680177095219,4.413857444875731e-19,1.0212884407549397e-17,32.61200121165888
203471_s_at,-0.9491764495561117,2.8404491465261397,-9.256670769106998,4.943056092605564e-19,1.1339391845842273e-17,32.51459735399585
212820_at,-0.7521123566934835,4.098016199616103,-9.26766713110955,4.522717023845489e-19,1.0419756446549834e-17,32.46694623147285
235458_at,-0.7659925759092859,3.0595531442681434,-9.249388526166793,5.242491398920125e-19,1.1949534118432191e-17,32.45583119611255
217718_s_at,0.3814964680048436,8.970450247345168,9.31999748330368,2.959949031066134e-19,6.969216257101428e-18,32.435330836848955
218797_s_at,-0.43619559529113994,5.0577523338815045,-9.277098173835954,4.1905568544324714e-19,9.717193848817115e-18,32.41686093595708
201321_s_at,0.6623899005619995,5.014760952850783,9.25555663912421,4.9877447913371715e-19,1.1417459390939128e-17,32.38783647136687
213169_at,1.2941105055618907,4.14226561759903,9.239364343723166,5.684260925204245e-19,1.2874310209664498e-17,32.37350476083955
213789_at,1.0645281548439676,4.074356918383212,9.2340201085619391,5.934653780834348e-19,1.3413068766683201e-17,32.33429053801997
229429_x_at,0.6737483677265758,6.422256851316423,9.268781019768982,4.482166455097891e-19,1.0348588196867179e-17,32.3193174723352
209949_at,-1.0216076547193937,2.7996609534209917,-9.231540214340574,6.05452544199806e-19,1.3655185486342152e-17,32.31621770128049
202670_at,-0.4370033391880865,5.387713944752783,-9.262253134778263,4.725045842030235e-19,1.0862535644993544e-17,32.278211667902276
229450_at,-1.126713899351166,4.36790755508604,-9.246026670510155,5.386721603413765e-19,1.2252218373115002e-17,32.21930049719323
1569003_at,1.3370828053013792,5.5238847539893925,9.231082245552775,6.076923364200328e-19,1.3655528123147658e-17,32.199160259346385
213682_at,-0.41350732462772927,6.031495098385388,-9.25430284726319,5.038514194159404e-19,1.1509083701925308e-17,32.18837112263521
204214_s_at,0.8461661327292729,5.032471996567317,9.226008169454218,6.330641133737663e-19,1.4188317670655143e-17,32.17776723095022
31837_at,-0.3907449624336697,5.142910399081672,-9.245160256712511,5.424525114864455e-19,1.2312063041428581e-17,32.15747109184074
235199_at,-1.049530195107319,2.725929054408719,-9.209645298136861,7.222471896363738e-19,1.599790020941125e-17,32.144202191370994
212349_at,0.8974625176383731,4.214004414432327,9.19911959015567,7.860812063385696e-19,1.736348033712391e-17,32.06040339674577
202637_s_at,-0.6867538196389187,4.24092482764003,-9.218409007994737,6.730368897593406e-19,1.505270187889732e-17,32.0536810111177
202595_s_at,-0.571398181394446,5.0067537833639495,-9.231015985477889,6.080170740914247e-19,1.3655528123147658e-17,32.04889232495412
202338_at,-0.6242615884609523,4.523437016438457,-9.218122769867557,6.7459043396381775e-19,1.5056015248029958e-17,32.00304957396029
227252_at,-0.4732162459014167,4.5590753962645945,-9.212950254687001,7.032839907691082e-19,1.5631289197322522e-17,31.971674221209092
212599_at,1.0156685824045932,6.284386546191544,9.2095562268885,7.227652106184118e-19,1.599790020941125e-17,31.86503039836827
221739_at,-0.448084330726324,6.333353844249584,-9.21449012788098,6.94617737290204e-19,1.5470768855696375e-17,31.852669244763224
226556_at,-0.49836293561943895,5.141675836121365,-9.195425984853003,8.097808210927377e-19,1.7813515269746403e-17,31.758479378286232
208453_s_at,-0.4882705843531069,5.419917411351783,-9.195912612586826,8.066184063721359e-19,1.778045882194381e-17,31.74759586381743
222847_s_at,-0.9316072979339229,3.4355890858309013,-9.152823895388645,1.1399665872589262e-18,2.4572358248098344e-17,31.65836680561864
203075_at,-0.5515348399936981,5.1091316992570865,-9.180230640626919,9.149541795958515e-19,2.008586911067696e-17,31.638777325498545
211122_s_at,-1.7109779352882515,2.980396257964232,-9.151569767822407,1.1514816331542556e-18,2.4770728385505097e-17,31.634574106773815
201641_at,-1.1521092553925258,4.826868230957308,-9.1733336494513,9.670511012852872e-19,2.1142894791978128e-17,31.593677675175933
202671_s_at,-0.6295285122308487,5.6538038791691285,-9.176427768265054,9.433257553127288e-19,2.066635749829297e-17,31.579452906436604
226170_at,-0.37755866618146167,5.07021037131596,-9.169135418002611,1.0001901159584631e-18,2.173435438592904e-17,31.55956315307909
218543_s_at,-0.6945417933172503,5.157375652010496,-9.17002842578412,9.93048213666669e-19,2.162301933538826e-17,31.55154442488569
213052_at,0.48540006338317904,6.136448435065368,9.170650017026666,9.881068237326796e-19,2.1559243182582886e-17,31.54538346149922
211729_x_at,-0.7387817152396,4.589414373879069,-9.158183579790258,1.092027020988352e-18,2.3586462652919784e-17,31.510750306113927
209214_s_at,-0.32354781702923585,6.24705364794699,-9.164322573850097,1.0395661282586065e-18,2.2544275166061642e-17,31.465724549210893
222484_s_at,2.3046226870639783,6.6162476565604145,9.139135587465812,1.2720678121610076e-18,2.7200923097167413e-17,31.409436979706403
210154_at,-0.6629922697137846,4.077369933992384,-9.128867766381221,1.381008079132154e-18,2.9238615714906654e-17,31.382764263045217
208152_s_at,-0.6018559474770143,6.65293345087922,-9.15876106536682,1.0869824068510672e-18,2.3524934393122184e-17,31.377403643563635
1558249_s_at,1.0297427057926087,4.69734565351791,9.110703111012421,1.596827368967594e-18,3.347668557868462e-17,31.34472211168084
210574_s_at,-0.4463422918304029,5.810481567041433,-9.142958524384882,1.2337192006634005e-18,2.6486640875164348e-17,31.313370867798696
207180_s_at,0.52428002833881715,5.976841729127225,9.139852771890649,1.2647847364754714e-18,2.7099277763723448e-17,31.309560896859914
217775_s_at,-0.5296921594831355,4.659336624945357,-9.130331609359216,1.364929915275426e-18,2.895543402444681e-17,31.294353468845273
205291_at,-0.6205969904625754,3.8750599351034896,-9.110460015907828,1.599931206598201e-18,3.347668557868462e-17,31.285854276532113
207805_s_at,-0.3965387894237398,5.625278524168589,-9.136317650738889,1.3010886116368231e-18,2.7766060351524474e-17,31.26941910087038
222991_s_at,-0.3968192904723418,4.967197622130833,-9.125910588768045,1.414062649471842e-18,2.9879394800378387e-17,31.226734584139173
218098_at,0.6297004266271838,6.3913946514686,9.130857838693727,1.359195471629026e-18,2.8890994221352686e-17,31.224540234775052
224891_at,0.608511485330124,6.88213897461525,9.133537496472075,1.330362626063245e-18,2.833434356464323e-17,31.223552318027068
229427_at,1.1667523878106776,3.935139681467474,9.09205032407534,1.853196371321658e-18,3.847537349993977e-17,31.217637749651338
210625_s_at,0.6879633972743084,5.125951593735404,9.108317706686657,1.6275437951846679e-18,3.398806369944122e-17,31.203050010817257
209054_s_at,-0.45082665407137557,4.603965572450537,-9.111662625937486,1.5846343917976702e-18,3.3286643606526355e-17,31.163524535156014
205774_at,-0.7146105000779605,4.562698676091181,-9.113236550532594,1.5648331839288126e-18,3.293528074544081e-17,31.161819251324864
225419_at,0.4496767221047798,6.1804735350487645,9.121841074961075,1.4608350279202524e-18,3.0806940263995406e-17,31.156794738097496
202673_at,0.6100783900363079,7.169615987077238,9.099816068974048,1.741852761987608e-18,3.623391968771504e-17,30.93965723392902
227260_at,1.8538497471232442,5.697071342020769,9.044830402064857,2.6989599118764807e-18,5.5497039416377615e-17,30.788526980190888
224570_s_at,0.5097629002498292,5.940656728221498,9.072532040415695,2.1651318530608936e-18,4.486471478112447e-17,30.78047935363797
223221_at,-0.4752107389294518,4.8610875979419275,-9.067446388583681,2.2546100941192516e-18,4.6628644668531935e-17,30.774637547605487
219257_s_at,-0.7614799669490063,3.1145650714973807,-9.030360753975748,3.0276631463602804e-18,6.201788773796881e-17,30.73926770160315
206026_s_at,-1.292822109237583,2.5585208244097335,-9.025998287596655,3.134325553761321e-18,6.395815172846673e-17,30.71000442838948
209921_at,-1.0038910696530183,4.3249472785325445,-9.049709432671474,2.5962948533586363e-18,5.34886668539059e-17,30.680202055377286
226517_at,-1.1290975579011013,3.3431180095084003,-9.023578863371371,3.1950755877825207e-18,6.507384937626263e-17,30.638392875491167
204326_x_at,-1.1034635715916954,5.797567204541545,-9.055366392589287,2.4820930997305848e-18,5.123441883894751e-17,30.598301633177492
222868_s_at,-0.7464447724751115,3.2361914829057725,-9.010303002532957,3.5497654534214614e-18,7.202393428504568e-17,30.577646225895315
211787_s_at,-0.35561103287602214,9.078521227722701,-9.101447223968382,1.719321355437391e-18,3.583480482646064e-17,30.568745622571036
225914_s_at,1.3460183792854592,3.2891264024697704,9.011183547484695,3.52507845269281e-18,7.165875799563202e-17,30.55061725883945
223220_s_at,-0.6882306305409972,4.803627468705777,-9.03910773642426,2.824508102018167e-18,5.796734731210847e-17,30.548882646489595
201422_at,-0.8205293321446305,6.936018952208711,-9.0267512987299785,3.1156523714431485e-18,6.369844247189018e-17,30.295409361180543
212420_at,0.6129633118708633,5.664878817414073,9.002865949142548,3.765215587156204e-18,7.582096726542182e-17,30.262481577334974
214315_x_at,-0.5142758348777612,6.212453643565412,-9.008979008234705,3.58720752635285e-18,7.250897024493978e-17,30.236909110030574
201177_s_at,0.49562342125172537,6.5709965124851735,9.00577852302486,3.679338632181552e-18,7.423117658486059e-17,30.23103376883443
219148_at,-0.9978960530650436,4.980797782639046,-9.000559477870235,3.8346269796385466e-18,7.692951092297331e-17,30.223973543301867
208296_x_at,-0.6792061684064393,4.081619787480059,-8.971922768389394,4.8094998538205896e-18,9.576983630851297e-17,30.152025080358975
211730_s_at,-0.46377023140906015,7.575251372725011,-9.00898543651995,3.587024795632925e-18,7.250897024493978e-17,30.110218012434203
208581_x_at,-1.0739420972771165,6.78790642693618,-9.002518412487932,3.775594272162824e-18,7.588731977050719e-17,30.10179971333124
212953_x_at,-0.3858798969129209,7.056747240038627,-8.997537831080875,3.927481030995662e-18,7.864505473842341e-17,30.08682553873124
218193_s_at,-0.49466292024431396,4.74965133502149,-8.977196486499079,4.6131734299647964e-18,9.203152133186754e-17,30.081764548031398
217812_at,-0.3366491193551264,6.177746011402281,-8.985895090028931,4.306538288721552e-18,8.607452366991416e-17,30.066464388312
223949_at,-1.1280838682695944,1.878346544080927,-8.943666331412699,6.011044631603636e-18,1.1815838740985277e-16,30.052751336263157
233842_x_at,0.5004111659580907,5.389570085437642,8.967741138734723,4.971030524586604e-18,9.880269018533634e-17,30.014597321295845
214004_s_at,0.6484411367898812,5.179867295118772,8.95246128494664,5.6082634722435844e-18,1.1117917841527637e-16,29.962921705754653
226545_at,-1.183532667396903,2.9729705114525844,-8.92005216922781,7.239691514766796e-18,1.4153068466732972e-16,29.875913971113146
203789_s_at,1.195367199677762,5.721200062325406,8.93898954909981,6.236754504775763e-18,1.2237060624480357e-16,29.83908112137133
203082_at,-0.3369601650467421,5.108775420919757,-8.946940996321969,5.8578351469175794e-18,1.1578411056997792e-16,29.81484386540353
215719_x_at,-0.9150044771860296,3.2448060030158365,-8.911872872899986,7.720773216229753e-18,1.5011369049994436e-16,29.805991002160265
223988_x_at,-0.42929311430241207,5.714156964340652,-8.945464108159964,5.9264487800804465e-18,1.1692457786556504e-16,29.769393608978913
218340_s_at,-0.8060079798951986,3.778957254998451,-8.916341696021032,7.454138198512474e-18,1.4545752736004395e-16,29.768459686050047
204224_s_at,-0.5689312188997184,5.760733104788732,-8.944414912652459,5.975675273690696e-18,1.1767906104236843e-16,29.75533238123495
200713_s_at,0.4836237495164195,7.560469459941679,8.952320828302257,5.6144810531750695e-18,1.1117917841527637e-16,29.74504740191276
226609_at,-0.5096060154747678,4.397378105752446,-8.909902495285131,7.841315195613713e-18,1.5218117697574222e-16,29.624030085590817
204622_x_at,-0.9433002574009008,3.917454815033804,-8.901029503534312,8.407631071733626e-18,1.6287694696470586e-16,29.604359312293397
203773_x_at,-0.7376228529525769,4.545230128999477,-8.913005158360576,7.652334979316405e-18,1.4905357206075751e-16,29.598266358922096
204972_at,-1.0733145431190503,3.4225560024346793,-8.8865651787064,9.418804216010259e-18,1.8018508851092483e-16,29.571787094662042
238984_at,-1.485322093988908,1.5437592372673543,-8.86269512203249,1.1357013469966535e-17,2.1572284628324732e-16,29.43065878481172
212406_s_at,0.8382809126699996,6.028834334403836,8.896225643227915,8.730936152767479e-18,1.688348718494549e-16,29.41581072479635
222449_at,1.2056514155118554,6.303064133251927,8.893237103205392,8.938244954987931e-18,1.7253228505006434e-16,29.393751664821004
217786_at,-0.5575116020404082,5.511775199542535,-8.89270847863648,8.975418282130297e-18,1.726277487548687e-16,29.36485533676413
209332_s_at,-0.4400127039750262,6.186564734955167,-8.888546060750073,9.273518555298714e-18,1.7772308458482132e-16,29.304996594651946
213911_s_at,-0.3555032601395696,8.707248294619978,-8.927373257590915,6.83432075049509e-18,1.3385023436938556e-16,29.279442220331113
201135_at,-0.43150453533702277,7.336085861692423,-8.89275143824791,8.972391622635733e-18,1.726277487548687e-16,29.23853806006283
206418_at,1.9504004028107478,6.634540600701733,8.868428822549653,1.0858191187832314e-17,2.069818544399423e-16,29.23464754570422
218414_s_at,0.6707295438209084,4.553058418838238,8.832120885299688,1.4425372950723806e-17,2.7207574017800025e-16,29.171938494562177
209406_at,-1.1608257244052909,3.347292852797319,-8.831867930116168,1.4453907635352753e-17,2.721348198550686e-16,29.15293894830632
203038_at,0.5644660588242545,6.905100368356938,8.865116130600175,1.1143682345408243e-17,2.1204665891005063e-16,29.123685909791938
242517_at,-1.0512316931346257,1.452824772405739,-8.822684881196588,1.552849739915572e-17,2.8940946019082245e-16,29.102628175329546
203761_at,-0.6687478969619196,4.139850838999042,-8.830991623972054,1.4553192181227815e-17,2.7352341725876065e-16,29.05271080288276
223081_at,-0.3674477097183699,5.10789873213556,-8.848129677059953,1.2728474657128181e-17,2.4091899116928302e-16,29.048734629010838
231034_s_at,1.217787737870635,4.54874835361035,8.805244291499058,1.779157233414312e-17,3.2975971352192952e-16,29.006747091163838
222592_s_at,0.7753310926292947,7.32336546084231,8.850241422628356,1.2519920329813892e-17,2.373909849438871e-16,28.990780561084424
201530_x_at,-0.33180713401791034,8.939347110862425,-8.890809893795733,9.110194354343727e-18,1.7490593569549166e-16,28.952397261895925
203895_at,2.024974679317038,6.262176422293614,8.818869334403988,1.5997897246286402e-17,2.9754422430462885e-16,28.94680383955994
204842_x_at,0.37389500453644936,5.740581052280105,8.828952801648828,1.4786807676312034e-17,2.7694243118239657e-16,28.891190693970643
217737_x_at,0.49174387339648956,5.344853285170345,8.816989074697132,1.623434928816881e-17,3.014186896432452e-16,28.854904721344212
1559881_s_at,0.8072685900669805,4.52149863069415,8.780795317707089,2.1522833320910787e-17,3.9549590628973804e-16,28.796617251488602
200825_s_at,-0.4860503880149412,6.28676698340352,-8.82280978995661,1.5513363363526285e-17,2.8940946019082245e-16,28.788890490286935
207707_s_at,-0.3588866916904046,7.217031552823999,-8.829809494709753,1.4688196121571238e-17,2.755773118220537e-16,28.77061533422728
214281_s_at,-0.43372124639449394,4.6373650190213045,-8.80251511495853,1.8174083561169764e-17,3.3592447684226846e-16,28.75506796479877
218002_s_at,2.3313254929934515,6.47061942882857,8.791128888838196,1.9859677825438465e-17,3.6619058269177675e-16,28.745378640402304
207585_s_at,-0.34873706965262197,7.941860573233692,-8.838658509716987,1.3706925978640682e-17,2.5898112523664488e-16,28.741382635789755
212024_x_at,-0.4078863489406332,5.346705594466682,-8.80242469973858,1.8186894107020975e-17,3.3592447684226846e-16,28.680653716790303
235652_at,1.5802819210764854,3.8867235256110764,8.760211368423555,2.525712325237662e-17,4.609532562226759e-16,28.663482437455357
209173_at,-0.9332158211246905,9.119983773847464,-8.868639445627247,1.0840286213675929e-17,2.069818544399423e-16,28.65342604388835
217835_x_at,0.5233050227152726,8.628342192184675,8.822643577065973,1.5533505050846905e-17,2.8940946019082245e-16,28.60703350131464
223423_at,1.0936853779784947,6.968618943423608,8.782036401887574,2.131602297241763e-17,3.9236864966238844e-16,28.49753796950158
202464_s_at,-0.5694650235676281,4.41362227610217,-8.763617118492663,2.45977509641359e-17,4.496855052539043e-16,28.487284873479794
215504_x_at,0.6816701785377657,4.6046307927733086,8.743033993282182,2.8858794507839496e-17,5.231205847080956e-16,28.484423774407873
235174_s_at,1.1979580337389835,4.480824181064669,8.73394572949501,3.096532713904803e-17,5.591353495880379e-16,28.46824812993546
226633_at,-0.5669303709405007,4.170711231919907,-8.738914466715384,2.9795472518891e-17,5.391873261737825e-16,28.354733346595406
225783_at,-0.36408486060705475,5.1587651706694135,-8.756284603180015,2.6039093459145425e-17,4.744163405235118e-16,28.339159381396
224221_s_at,1.9632358788891915,3.0911365647923637,8.71900907534426,3.4762631118363814e-17,6.238058076566693e-16,28.28734588687304
238029_s_at,-1.0638570397899565,2.7312788953550453,-8.70871169935711,3.7645207155280307e-17,6.721551737575299e-16,28.28278045199596
211505_s_at,0.49182472665241433,5.790351425003675,8.747406424566282,2.78964707080881e-17,5.073937023696907e-16,28.268217155223084
202859_x_at,-1.4918268447571728,6.428813409525917,-8.764942693363988,2.434574190370315e-17,4.458392017339689e-16,28.266102330402973
215111_s_at,0.5626581459263863,8.260885057058546,8.769707540435327,2.3460795490944637e-17,4.3036901043577037e-16,28.262568556122698
207217_s_at,1.8505682250699214,6.072019518630286,8.725975817316337,3.2937371929609547e-17,5.920437340300454e-16,28.24588591199454
219571_s_at,0.7839907036906301,5.2234450433116155,8.726462575185,3.2813446598038503e-17,5.908074847139269e-16,28.241284403616568
214323_s_at,0.6158390231408215,6.033626885824785,8.743448392200873,2.876619869288199e-17,5.223259094861775e-16,28.229265648124453
200656_s_at,-0.4082058494053119,7.441926086534935,-8.7337922213468,3.1002184043246006e-17,5.591353495880379e-16,28.004118621253156
223097_at,-0.3890572860598051,5.070138111898243,-8.710847396575423,3.7028544309300346e-17,6.622484059858674e-16,27.998648012157638
226979_at,0.5989647939891093,6.311011983550204,8.713590031803182,3.625126926083255e-17,6.4943118326304195e-16,27.988792069560127
210260_s_at,-0.695884401129709,4.405905270265235,-8.69066165943284,4.327949421741027e-17,7.689108151759804e-16,27.91802757693859
225897_at,0.6742892881238401,6.212073667848972,8.702606545108502,3.9464597413859017e-17,7.022993888615808e-16,27.91143276177968
205339_at,-0.6278419771960623,4.261616539435074,-8.682250134688713,4.618259468220243e-17,8.164259683670538e-16,27.89116557985541
201011_at,-0.45345301521110226,6.911498813935855,-8.70757329466716,3.7978050416201217e-17,6.769698071693238e-16,27.857023149459476
225320_at,-0.5181793096475453,5.009558518397804,-8.688407329032207,4.403934386374814e-17,7.811150510137978e-16,27.82802792482022
224950_at,-0.4176600288445752,4.8124860520685235,-8.684282826300509,4.546386970049376e-17,8.050486547130408e-16,27.82509078810785
202806_at,-0.8109073808438302,3.7728537886046385,-8.651396907215346,5.857742066990807e-17,1.020390093718252e-15,27.746051286607646
226639_at,0.47446480267015106,4.893138574301748,8.655733374720075,5.66544799427439e-17,9.91291128060891e-16,27.724775731154544
218424_s_at,-0.5032367669296002,4.622794594213482,-8.665990440304316,5.235108707808602e-17,9.209149357430797e-16,27.709845840856453
226077_at,-0.4799715282982978,6.668225551176141,-8.680938159320366,4.665244255907891e-17,8.23373339597055e-16,27.674556703286825
202297_s_at,-0.4062374664084526,5.837686093758821,-8.671477194801895,5.018351019787604e-17,8.842367512332994e-16,27.658788939958598
202550_s_at,0.44425445543195735,6.227344026746344,8.662309272025098,5.385699904100304e-17,9.458525093873206e-16,27.597591541547608
213059_at,-1.1013731142223813,5.300787477371178,-8.660723276969705,5.4518938471716296e-17,9.559106184083415e-16,27.583727394247354
203044_at,-0.62155078515277,5.302195774131263,-8.65536720885779,5.681440797436638e-17,9.91291128060891e-16,27.554452856219925
223037_at,0.4250080016180917,6.6478286195733265,8.655395326154508,5.680211154351431e-17,9.91291128060891e-16,27.526667435290484
223779_at,-1.0646408934180633,1.9245227784511691,-8.607820485632818,8.186583271852191e-17,1.4032458654616402e-15,27.517912900252558
201020_at,-0.4860234301151855,5.568435355983438,-8.64800429326288,6.012670502498971e-17,1.0456775826829786e-15,27.48940874475034
232058_at,1.4801510883021953,4.771241645093827,8.603638228696635,8.45330512415249e-17,1.44664948554386e-15,27.483035068865732
228487_s_at,1.1895297716229085,5.298832620421763,8.617737299753399,7.586948048622813e-17,1.3067359235513857e-15,27.47713060858578
220079_s_at,-0.48182757181307845,4.633502990805497,-8.62822669767497,6.999931333264645e-17,1.2116986869195561e-15,27.424468935346983
242414_at,1.94021769821421,5.416758803310548,8.598470614132964,8.794761640072658e-17,1.5026839146746153e-15,27.421630566643273
204475_at,-1.9968280444846989,5.673227484524795,-8.643164466972763,6.240725946678541e-17,1.0835801793641362e-15,27.37344711258342
48580_at,-0.33126980817442714,5.674611730560091,-8.62820259388783,7.001227361179924e-17,1.2116986869195561e-15,27.339259606654714
1568592_at,-0.6232345786656044,4.369407752166834,-8.61090809004401,7.99502879968217e-17,1.374811292632345e-15,27.330004073915973
229704_at,1.4192278718393627,3.751721138389331,8.577622634597189,1.0316394744286739e-16,1.72957021745765e-15,27.296931693538568
225209_s_at,-0.3552409130344681,5.065160933365965,-8.617880105320577,7.578638345668288e-17,1.3067359235513857e-15,27.294920115855515
232382_s_at,1.4808341687788222,4.937202438095238,8.580031482409902,1.012806903423658e-16,1.7033281564172132e-15,27.292590353547602
230793_at,1.1875325237110248,5.141382735207744,8.58824169284396,9.511368052602082e-17,1.6046501724019857e-15,27.288581288846743
1553117_a_at,0.6113303273100545,4.92278113119414,8.595332328262083,9.008747437848292e-17,1.5319160524074406e-15,27.287029509480718
228496_s_at,0.7691861027027281,5.096152244719124,8.596634024808406,8.919372731736886e-17,1.5191294129586209e-15,27.28434934340158
201192_s_at,-0.4194940779912397,4.695931189776534,-8.607841138271876,8.185287029284731e-17,1.4032458654616402e-15,27.2646263252405
236259_at,0.6530358944669296,4.896475333580615,8.589195286091506,9.442191918248028e-17,1.5980126701451995e-15,27.255516386050584
212277_at,-0.4162020994957789,4.399886681800613,-8.586254177327444,9.65716238476564e-17,1.6266852299999103e-15,27.166100379450697
209924_at,-1.218789087295225,4.546372791346161,-8.596975714684948,8.896057895876052e-17,1.5175711502949065e-15,27.164128975994526
201096_s_at,-0.45335582132899904,7.170041998130386,-8.619128880441787,7.506355881382553e-17,1.2970256541492144e-15,27.158878901712644
221472_at,0.46997815927022024,6.4494760362413945,8.594467774894063,9.068596646024617e-17,1.5372132257731286e-15,27.0757469300247
215537_x_at,0.721869621622106,5.011575282990118,8.567254468728013,1.1167303241103714e-16,1.863478498784176e-15,27.075666131006315
227536_at,0.6551188217636502,4.856774382181952,8.561172243805045,1.1698385028908562e-16,1.9490637451741433e-15,27.055378811688826
203139_at,-0.9089516466013025,3.5753595041980204,-8.5559068048849,1.2178262774507007e-16,2.0258653587467946e-15,27.055160507783846
212181_s_at,0.5960757520110717,7.046237752314707,8.595047725357382,9.0284059873601e-17,1.5328258849855586e-15,27.053525047763742
229874_x_at,0.7041691810983485,5.6828990117206075,8.577880706886084,1.0296053962295583e-16,1.7288656128224544e-15,27.008842244280228
210993_s_at,0.5899392200317892,5.49064370904867,8.575063092483528,1.0520296801024292e-16,1.7609990567089569e-15,27.00286542744695
204616_at,0.6087944107971855,7.204710244760551,8.588754753807592,9.474087227802934e-17,1.6008816478147133e-15,26.99524406414887
216248_s_at,-0.9544890422866795,3.6601983431279272,-8.541895570047622,1.355208339093522e-16,2.230160819770953e-15,26.92516257896186
204821_at,-0.6781322719394438,3.884468909063228,-8.542200014247575,1.352066349484485e-16,2.2284133541580445e-15,26.920464096931475
225390_s_at,-0.4655262708151258,5.207294692508863,-8.569188706179165,1.1003461451416375e-16,1.839002847566671e-15,26.912960044814355
212608_s_at,0.6371098363658058,5.289972471640999,8.552559783520033,1.249336619620369e-16,2.0750609621694595e-15,26.88099955710056
242560_at,-0.5419936474217223,4.2030697615571535,-8.543835172193102,1.3353136666340546e-16,2.204193422288232e-15,26.874387642286376
228993_s_at,1.0366171123720374,5.038393399297057,8.531719962364209,1.4644813294447829e-16,2.402601605259106e-15,26.861425106449808
209357_at,-0.6415164491771255,4.221839059920072,-8.538112237118039,1.394861387085485e-16,2.2918941778906134e-15,26.815819966310745
234725_s_at,-0.6204374251075403,5.550497439050187,-8.55181901329748,1.2564187696656746e-16,2.0835935417071784e-15,26.76054069500791
218366_x_at,-0.4018182441724553,5.67359042483607,-8.547973938397933,1.2938223629371045e-16,2.1423058692651006e-15,26.732274740791148
202957_at,-0.7728460621545633,4.112384607561294,-8.525355295552664,1.5372116773500233e-16,2.514221175488672e-15,26.725644076760467
230352_at,1.0616701724076898,5.2050090232869595,8.516536914121197,1.6439156888859762e-16,2.6683740568235546e-15,26.714889177369756
1552628_a_at,0.5393522513873059,5.0682707869155585,8.524928739808544,1.5422117480524023e-16,2.5185540330617967e-15,26.70735349094178
225859_at,0.825720094618436,4.959425264464734,8.5105941124794,1.719921830887996e-16,2.787522325915749e-15,26.683525339287534
224376_s_at,0.5627980735495283,7.980321842128358,8.547198024417751,1.3015026263891067e-16,2.1516971661275465e-15,26.606460921222197
201649_at,-0.7522838703922253,5.653519692203411,-8.526341616208864,1.5257113551520797e-16,2.4992271785541634e-15,26.560575591679367
230002_at,1.6687714325202707,4.7677109494583085,8.476947756549107,2.2205085134617864e-16,3.582576461553632e-15,26.548384371925238
217837_s_at,0.35606145769558345,6.431551148669996,8.524635389445852,1.5456597180320644e-16,2.52034285529338e-15,26.547918619518462
223160_s_at,-0.42938212582104085,5.096749258264739,-8.518265088336173,1.6224430351538151e-16,2.6415246558666902e-15,26.539313705415434
203645_s_at,-0.9815134328157384,4.0746810324438405,-8.502103130029308,1.834581566208079e-16,2.968862888034313e-15,26.534423474397144
227931_at,0.9010210261396118,3.9599233990437805,8.471388850738188,2.316065523074357e-16,3.7199415215435665e-15,26.515948503766488
222411_s_at,-0.41022010463300523,7.097637168302647,-8.516762952460429,1.6410912600274938e-16,2.667831664442267e-15,26.398508941056026
225273_at,0.8862068155691745,4.8572706145907265,8.453060615092397,2.6608445856031003e-16,4.241908935352086e-15,26.289000909292874
204232_at,-0.8829623378028323,4.644415798649991,-8.480184837018575,2.1666700106040554e-16,3.500985795414969e-15,26.284556583428003
219696_at,0.8770370295872997,5.070499041306649,8.458407779028757,2.55532665098932e-16,4.079763697771771e-15,26.279120284072825
214909_s_at,0.6665128014364995,4.938729193841275,8.449771767228588,2.7278720512747223e-16,4.342302122630921e-15,26.20432560691581
78047_s_at,0.45868854679565585,5.584845404140981,8.472097897011587,2.3036545220287353e-16,3.705563197371448e-15,26.204009732253546
227432_s_at,0.7654688429702063,6.506811939255302,8.470394149250076,2.3335880464982107e-16,3.74247436259511e-15,26.150551352341225
217958_at,-0.4007910412787105,5.965305765926936,-8.46604788318237,2.4117011478915697e-16,3.861966277632644e-15,26.106441794360833
200887_s_at,-0.6537472568374377,7.212243585921432,-8.476188854711669,2.2333205539980767e-16,3.597829036839308e-15,26.06253080910394
217256_x_at,0.37233050583252114,7.6494193111614095,8.46571670027675,2.417758204554594e-16,3.865887111252741e-15,26.017304807311252
219959_at,-0.8351645798532326,3.850333778431524,-8.422672065595673,3.347596481550373e-16,5.273941339242521e-15,26.012028445153128
225373_at,-0.5215472542760277,4.245859806833022,-8.427060354800497,3.2385476742115627e-16,5.1096555572648704e-15,26.000478258937115
213537_at,-1.09241806471958,2.7446355807581746,-8.398731343293136,4.009608891142908e-16,6.261653068631774e-15,25.9725955316049
230333_at,1.2885762988224947,6.010386653954147,8.43530448535501,3.0430899583034305e-16,4.822577325932641e-15,25.966023205061003
211208_s_at,0.5568691715052805,6.182023709418554,8.438803251962998,2.9637061685157237e-16,4.703730990119844e-15,25.922826974620907
220177_s_at,-1.1199036044454909,2.6203177051382704,-8.388868409431295,4.318567797349078e-16,6.724537327471028e-15,25.905485487474834
218644_at,-0.5651724902643839,6.151326924245464,-8.440299123094738,2.9303941071838746e-16,4.657761434756803e-15,25.897113174812787
205081_at,-1.1508214864124213,5.732420537941674,-8.432550676635687,3.1070461923743267e-16,4.916659654195888e-15,25.838124704123324
1554679_a_at,1.4724483390762704,5.722569186129978,8.403242703418305,3.875671205269894e-16,6.070185032464382e-15,25.83321837905062
210163_at,-1.6237259378972018,1.5287715358090381,-8.37705589396717,4.719682601303487e-16,7.30664157626651e-15,25.819392850631566
203932_at,-0.857861891757735,5.219729126186073,-8.421579091077971,3.375316561755165e-16,5.309804159483566e-15,25.798277099255948
201669_s_at,0.5437288019913468,7.413129795962225,8.431078322203243,3.141784292597165e-16,4.964297216311715e-15,25.793105057071713
203140_at,-0.6929803448372398,4.563599241257295,-8.409480293231015,3.6977390650002703e-16,5.7999822259660166e-15,25.780936316059567
220980_s_at,-0.3161844812166655,5.274756353226446,-8.415677830827702,3.5289502071815262e-16,5.5433494969993685e-15,25.76553633784363
226279_at,1.1100925706262448,5.740662469839758,8.400593327471668,3.953782947293526e-16,6.183485651730737e-15,25.73420959887087
202262_x_at,0.6941724544137118,5.068643169707229,8.38796012705429,4.3481760113961733e-16,6.76081416692122e-15,25.71989991516276
222791_at,0.8784346477755262,4.611749399015438,8.361505274460054,5.30433309641163e-16,8.164557537623246e-15,25.653868096206587
209781_s_at,1.271699699651801,4.528880930042667,8.343990695381137,6.048814077323506e-16,9.244072069952456e-15,25.5661431802554
228156_at,1.0171402717142055,3.7715030627057042,8.34021211610025,6.222489852186936e-16,9.468967867397535e-15,25.55662472074791
229949_at,0.6628386463084613,5.452399149061363,8.378089818047448,4.683151309609878e-16,7.260578868285184e-15,25.550612909519433
208652_at,-0.2968232031109435,6.931672539253162,-8.398374033260655,4.020410490718069e-16,6.269382472643767e-15,25.539738623137602
206286_s_at,2.3155352414500996,5.7779063956503265,8.342691657425453,6.107974918836093e-16,9.321187365454568e-15,25.519191503055193
212582_at,0.7050942110666999,6.432164448432052,8.382365839413598,4.535012466547975e-16,7.041099790453399e-15,25.497596654138206
201564_s_at,-0.8612636515762151,3.437182244368292,-8.34041771661343,6.212914301895507e-16,9.467845080541475e-15,25.486915143355205
219757_s_at,0.8338291872920067,4.427250938098058,8.33329852982371,6.553110025304178e-16,9.929769123208438e-15,25.466753348973988
209457_at,-0.8195197910142199,4.147480337661613,-8.355889672908141,5.5325929734475875e-16,8.503682715142612e-15,25.45281907500845
223287_s_at,0.6984674006977853,6.110109109950112,8.372331197107973,4.890234608991985e-16,7.559752289485011e-15,25.437566174873055
227996_at,1.2130468649130863,3.345296581575068,8.321505159677479,7.157608025254928e-16,1.0769586344741018e-14,25.40998629825249
220495_s_at,-0.5139401227402987,5.4098105366991005,-8.367151192154033,5.084226112996365e-16,7.837023647270512e-15,25.39305967010887
229490_s_at,1.4089568365046905,4.3903468009306446,8.318221734395573,7.335498218638165e-16,1.1021766117289012e-14,25.390635196150072
205067_at,-1.0225852114994942,4.432679330980676,-8.353357136670716,5.638684165878576e-16,8.64194899414266e-15,25.365656846887454
1555759_a_at,-0.8867510371899706,4.619197724326031,-8.35482965734898,5.576756214829969e-16,8.559282138893045e-15,25.357470326601035
226560_at,-0.9082752717409128,5.462990364349863,-8.35014612403174,5.776091911516949e-16,8.839896092583011e-15,25.25419918563781
201369_s_at,0.7470449705055106,5.619339237946645,8.339745178489084,6.244291003432076e-16,9.488665180108911e-15,25.24984561890883
216992_s_at,1.410628636064465,2.9906207962326334,8.301648368243567,8.302283562135973e-16,1.2318886953069623e-14,25.24551209490445
223880_x_at,0.4961048101028083,8.434367366580986,8.371398178362197,4.92462780963009e-16,7.601950680773364e-15,25.22679605329867
204891_s_at,-0.8669656966645187,3.549347982878808,-8.30332720898868,8.198882177594966e-16,1.2216220412875505e-14,25.191702570370605
225898_at,-0.6094186112284566,4.1535882792488,-8.315605585713351,7.480357286833379e-16,1.1207981484453984e-14,25.185472463771163
212145_at,-0.4205955178351853,5.270265418430304,-8.336297646365685,6.407607732908492e-16,9.72304555844882e-15,25.1753540773953
222262_s_at,-0.7056692538410021,3.755277689660515,-8.302729518291724,8.235547831607459e-16,1.2253808877779265e-14,25.168690572537116
217759_at,0.4738839583238311,6.039452184849123,8.327583977729546,6.839446043653909e-16,1.0334412618570427e-14,25.102889742885846
226702_at,-0.9392119310862246,4.156194572966127,-8.306631299595674,7.999082163876593e-16,1.193512078295403e-14,25.074813202435408
228617_at,-0.9252482847947353,4.620525282445332,-8.3154033980245,7.491669581649059e-16,1.1209253663157314e-14,25.065126341115732
202157_s_at,0.8007212659840885,6.375768521535921,8.321522892588638,7.156658954508806e-16,1.0769586344741018e-14,25.053749267303786
209448_at,0.4373813847076176,6.770412708404247,8.317217477475733,7.390774316803482e-16,1.1089266842565225e-14,24.992590312515638
205668_at,1.1188482680114846,5.5063514780385185,8.29135588341297,8.964963906678015e-16,1.3265422421580327e-14,24.99050677574086
218898_at,-0.5614946129689427,4.6891448066746255,-8.298533129239997,8.497578885917315e-16,1.2591225809796985e-14,24.950377938864037
202307_s_at,-0.7326853257040041,5.8879095598853475,-8.310567380334644,7.767336222000737e-16,1.160550529237014e-14,24.945659498455296
205361_s_at,0.6942034580896791,6.252613595530646,8.302378234786485,8.257173040399097e-16,1.2268945184715052e-14,24.9150603871388
218308_at,-0.5052258482209087,4.4249406213632705,-8.283652571768414,9.49488153344903e-16,1.4010835518986152e-14,24.898419416870155
213113_s_at,-0.7997924599668137,3.5975322926397553,-8.256510903949508,1.1620584865284094e-15,1.7007011702430124e-14,24.852031145285878
204769_s_at,-0.6139060974621051,3.6984952196438323,-8.251584000855894,1.205401268039503e-15,1.7545467098515213e-14,24.822000873775124
222037_at,-0.6817860612070575,3.6896978561331806,-8.251965836610031,1.2019858692517414e-15,1.7519557302440687e-14,24.81648703731679
201089_at,-0.5240832639928591,5.845334275416487,-8.287810806419609,9.205101652263636e-16,1.3601966069062117e-14,24.788867574052446
227153_at,0.6258194420619478,4.755213028522497,8.249742269136403,1.2220100716595126e-15,1.776308534286073e-14,24.771973178105597
202917_s_at,-1.3946831000901416,5.013858848454177,-8.28041674879761,9.726598870683625e-16,1.4333019766387025e-14,24.75951066284921
203281_s_at,-0.47428292241694187,4.545282944755236,-8.26461122007504,1.0941210250220573e-15,1.6078626256599862e-14,24.73971392044723
223391_at,-0.5404318029305097,4.383405696351495,-8.25531308303969,1.1724521095575383e-15,1.7135715483888007e-14,24.696451290851975
201543_s_at,-0.47302867472674825,5.194578117972565,-8.263820527798545,1.1005759250700404e-15,1.6151328609966223e-14,24.646066733382707
202941_at,-0.4699544537535763,6.41920967673306,-8.270621367437698,1.0462638636829984e-15,1.5396462598401047e-14,24.62995141554985
202224_at,-0.44157723556375017,5.482168144946164,-8.257715817347762,1.1516951543207464e-15,1.6878399710312114e-14,24.586681615286395
226112_at,-0.53003561893198,4.870546596053246,-8.248500917436813,1.2333319478148718e-15,1.790336742132889e-14,24.5605589313951
200062_s_at,0.2558355181906965,10.15100472299357,8.332602330087106,6.587350313159079e-16,9.967554223852147e-15,24.549453358184028
223042_s_at,0.4800884438765898,6.669638875713604,8.253677994816305,1.1867883202459838e-15,1.7321612091001668e-14,24.533298822470243
227542_at,-0.6094932921415935,3.8412145273513008,-8.214071509164109,1.5921566576421303e-15,2.2925771872742124e-14,24.520057287762175
201406_at,0.3354073559706383,10.03350577283773,8.321688657978003,7.147793152335036e-16,1.0769586344741018e-14,24.509512886029913
224176_s_at,1.1462084212830037,4.2479091058094305,8.194672864377376,1.837894029952002e-15,2.6122810535582946e-14,24.493545955410074
226381_at,0.7249012770057526,5.565624350268171,8.227581367973706,1.4404844485277233e-15,2.082578933478745e-14,24.433686662900058
224972_at,0.5129119184770325,5.886093445290568,8.234980850783565,1.3635559855265877e-15,1.9740236855332882e-14,24.432735002634814
223433_at,0.7324825170301851,5.451994552236356,8.223413742012376,1.4856841093495337e-15,2.1450315179867323e-14,24.42623669112973
221676_s_at,-0.4655842385161445,6.743675593101861,-8.240229547570618,1.3114624706312242e-15,1.901176921227646e-14,24.3809682005011
215049_x_at,-0.9490767734386992,4.124373821121894,-8.20664112974032,1.6821909356889147e-15,2.4124914985321745e-14,24.34991422380866
204132_s_at,0.7017440540001594,4.8643575268970825,8.191778388997825,1.877638355436899e-15,2.6537123617144456e-14,24.339088260145772
35820_at,-0.4737460644398941,5.076407438069684,-8.217135389518683,1.556432752390743e-15,2.244153980667837e-14,24.313809904372505
204985_s_at,0.6281187344680587,5.034593364398497,8.192035286593491,1.8740768135529842e-15,2.6537123617144456e-14,24.279853767551774
1554943_at,0.7614923878321626,4.176095216024279,8.165889296162078,2.273045644974143e-15,3.1914990818621223e-14,24.272247629871863
222443_s_at,-0.374626746811977,5.902686341142624,-8.211599502739011,1.6215687694446209e-15,2.3286683950482874e-14,24.233754264877255
201573_s_at,-0.40216286059253387,5.26211506635034,-8.20491176027989,1.703856735328094e-15,2.4402964178569346e-14,24.213732250078216
236814_at,0.6365875623252806,5.647599413944807,8.193256846174295,1.857232602110899e-15,2.6353023664124585e-14,24.15988356611699
208937_s_at,1.4071286643001557,7.646141414400045,8.204308197261925,1.7114829542879621e-15,2.4479461801451185e-14,24.15146027944503
204017_at,-0.7361437492889269,6.095433654313839,-8.202996524620334,1.7281728051197579e-15,2.4685220348330623e-14,24.144533437066215
32128_at,-1.4028190303301562,4.92567845651013,-8.1946231291835,1.838569881809908e-15,2.6122810535582946e-14,24.140737393563654
223515_s_at,-0.5225666392231643,4.436559635149774,-8.179666072141174,2.053367278502893e-15,2.8982508108829366e-14,24.134479944787998
202296_s_at,-0.4322361474683352,6.208064697980042,-8.197719714892845,1.796954943266522e-15,2.559943923831682e-14,24.114146033626014
232392_at,1.0826722990214575,4.141799953759952,8.140861847772628,2.733091572651395e-15,3.8074915497808056e-14,24.109906685193053
220330_s_at,-0.9183402967884637,3.11963960456004,-8.140650272437904,2.737348436443338e-15,3.808469324625647e-14,24.075988587297932
200891_s_at,-0.31989783266082245,8.044787120586223,-8.213819498082039,1.5951308204895732e-15,2.2937767087120532e-14,24.033505709186816
218446_s_at,-0.50517916615195535,4.866411986438137,-8.169989854877983,2.2053402151435376e-15,3.101976054244924e-14,23.990504987183307
200027_at,-0.36211049645255383,7.712092670742499,-8.197910475918391,1.7944219505006365e-15,2.5597393283240106e-14,23.96951048441089
200035_at,-0.36020692918277414,5.5723997751677965,-8.169925322876093,2.206390136595381e-15,3.101976054244924e-14,23.945041507602827
214665_s_at,-0.458747324305336,7.599226028826985,-8.19190659834323,1.8758600694175075e-15,2.6537123617144456e-14,23.93251076560818
216336_x_at,-0.9488868484519761,5.955356904623279,-8.173712131777293,2.14560731283649e-15,3.024459360844384e-14,23.930110347568835
223406_x_at,0.3162529799173537,5.5313169749660345,8.157666211930572,2.415064221363039e-15,3.38646374390867e-14,23.8856382683519
218089_at,0.45523775438238734,5.144783883743957,8.143172815605812,2.6870187543355656e-15,3.753068046309898e-14,23.863969180014173
229376_at,1.224805518704101,3.047245149942444,8.1020168159948,3.63518591065758e-15,4.973658577378627e-14,23.82762296635304
201894_s_at,-0.40500523184168713,6.245663430647317,-8.156209063078396,2.4411286014691108e-15,3.4185373473906646e-14,23.81145345471518
214715_x_at,0.5225774132173239,5.764480864163646,8.14644009173026,2.6231863168258665e-15,3.668693865816646e-14,23.797823643335544
203831_at,0.40547983442868857,5.328072313876538,8.139432181661405,2.761983888639594e-15,3.832789300388079e-14,23.790131333819005
218627_at,-0.5604465041185663,4.436478212566176,-8.125831333259544,3.052374229433222e-15,4.2085051634386234e-14,23.74197709863005
225657_at,0.4184057858451016,5.642181301026891,8.137754215336942,2.7962790180933843e-15,3.875360558969525e-14,23.738509859536556
203964_at,-0.4984486330940046,5.957120014646952,-8.141331544719062,2.7236646902177135e-15,3.799299456549787e-14,23.71633233139107
219206_x_at,0.453200395857442,6.170159095189928,8.135659558664775,2.8396812427790586e-15,3.930427022466674e-14,23.695640904040065
209499_x_at,-0.6030959932464641,4.191458991765371,-8.110918907963127,3.4054798853636663e-15,4.671306787695385e-14,23.689095354698146
225080_at,-0.49012907930292793,5.065915300113438,-8.128118526933747,3.001514348997081e-15,4.143714332578058e-14,23.66832946274161
203560_at,1.0410084251854694,6.720140807131922,8.125374423198979,3.062635955572613e-15,4.217226091523059e-14,23.614266454265092
217911_s_at,-0.5652795144929051,5.680046711853464,-8.124294926589931,3.0870158323197482e-15,4.2453402582338204e-14,23.60413933985572
201464_x_at,0.5486876189482024,7.233676915406394,8.129332169802437,2.9748675498780494e-15,4.112226588624973e-14,23.594762291023002
212603_at,0.4917476489819624,5.533741448201138,8.10401070648262,3.582442383234777e-15,4.907762819896952e-14,23.51312538300011
234950_s_at,0.33301921779039534,5.231329618875981,8.098627462091292,3.726607850270846e-15,5.085751579611666e-14,23.502404615349576
209023_s_at,0.7321836383726289,5.272537525782543,8.089040409529275,3.997673375746142e-15,5.4487372613700276e-14,23.49633265207456
222654_at,-0.49655523254135586,4.112937209326185,-8.078764522331706,4.309844578063637e-15,5.866755395780908e-14,23.494201202453404
213617_s_at,-0.46530541764206323,4.860373064172933,-8.100113714382207,3.686242644538121e-15,5.037081307517461e-14,23.488237376025353
201121_s_at,0.355685219957936,7.8954670920348935,8.120821346987588,3.166772521618597e-15,4.349440259500004e-14,23.454131893665416
221476_s_at,0.375724240338919,9.08463603477367,8.140411704920172,2.7421562321389812e-15,3.810210079754203e-14,23.391864996824708
235079_at,1.2167545654453278,3.600448378613746,8.031104003411139,6.1024562948629315e-15,8.202711955692169e-14,23.339039429827523
234464_s_at,-0.5821876947699965,4.161980356508239,-8.056182558777907,5.082898124500194e-15,6.901532016193989e-14,23.30457833888225
210655_s_at,0.7094277965143797,4.251379711213343,8.026489178922056,6.3109361537501775e-15,8.461709513782936e-14,23.264793154598987
223253_at,1.9706125585078909,4.956671049126235,8.018180301019164,6.704171176839496e-15,8.944182542650252e-14,23.229088605640328
228098_s_at,0.5850209071922445,5.234581971690598,8.041459451375843,5.6590598882204475e-15,7.6450830494963e-14,23.135164877719703
225973_at,-0.6796996422765634,4.517077195255884,-8.043465503453493,5.576918120780418e-15,7.543626745949574e-14,23.120759122401882
209009_at,0.3774389951224127,7.72327231227331,8.071204208994626,4.554769868458137e-15,6.192290558476145e-14,23.117559149910655
202461_at,-0.366197064479271,5.081426065932588,-8.049647439187087,5.3311171947522695e-15,7.220260241135406e-14,23.106460850555408
238017_at,-1.357631271928299,3.6671954287132418,-8.026685716481412,6.301915718586403e-15,8.460203395139866e-14,23.103005183404616
209770_at,-0.5158134398205545,5.14861732285554,-8.050504322171056,5.297901522620977e-15,7.184356836941586e-14,23.102181374862994
218804_at,-1.1733550710102172,2.6369011510783484,-7.993845082631759,8.00040220687529e-15,1.0607463965625616e-13,23.057691918411344
218051_s_at,-0.6309104763645832,4.102168542871419,-8.018419630081274,6.692513250397454e-15,8.939762400437398e-14,23.042917614896176
213812_s_at,0.5956889643005613,5.852609104464362,8.039057933647202,5.758966523137201e-15,7.770252942363833e-14,23.022134843002796
228601_at,-0.9423895321650727,3.0069690946962138,-7.987983380803273,8.347883877643315e-15,1.101365517009764e-13,22.998732435389115
221479_s_at,-0.6022975270471628,5.3710249590973,-8.035046578367957,5.929741454000694e-15,7.9906063140515e-14,22.97543536873956
201482_at,-0.5611931824620898,4.77345181866315,-8.02625095073868,6.321887140352813e-15,8.46579711682496e-14,22.96521841535097
1554021_a_at,0.7409795655831443,4.574972356948367,7.979664006121745,8.866762531869544e-15,1.1655168957536002e-13,22.887672586628938
211988_at,0.42430240793358365,6.333843454203465,8.01948803309661,6.640713972863703e-15,8.881644043856286e-14,22.85206393570251
207922_s_at,-0.33044248786953234,6.0756354006158695,-8.010216893987272,7.1037155756816265e-15,9.465435940581749e-14,22.773451471482872
203315_at,0.410066422001793,5.810663293945603,8.003870295908506,7.438891104664013e-15,9.899731727237959e-14,22.76364124232249
202367_at,0.4742317318476809,5.5543179191589545,7.996262510164031,7.861290404840738e-15,1.0435936072745827e-13,22.73634761013457
211506_s_at,-1.4688537456589512,4.79575492516429,-7.992998138346016,8.049712367984024e-15,1.0659650012140031e-13,22.69995598234272
39402_at,-0.9900122288794435,4.445389017505239,-7.985142451371766,8.521611520818893e-15,1.1215236390974545e-13,22.695195182357452
234942_s_at,0.6931665710720732,5.86681921553858,7.991167833103881,8.157301832461334e-15,1.077548391259658e-13,22.6851658388649
220088_at,-0.8008106140625104,3.3934781486670835,-7.946725648375077,1.1252486638892076e-14,1.4611865377266767e-13,22.66685890892126
200839_s_at,-0.4690132629680762,8.27736686220767,-8.033833247016704,5.982374189838399e-15,8.051403856248589e-14,22.66575198403711
AFFX-HUMISGF3A/M97935_MB_at,-0.7357763039906948,4.437121501023504,-7.97618803077106,9.092870568261174e-15,1.192312391649718e-13,22.648670169291616
204658_at,-0.42589040131934847,5.2071864581278975,-7.974916581350173,9.176990296497231e-15,1.2018716020339222e-13,22.560288795056252
201528_at,-0.42926672473436567,6.057573546556102,-7.97903989504032,8.906947442886604e-15,1.169364313181914e-13,22.548007047192577
201506_at,1.007527404284949,8.612616092818008,7.998035065771017,7.760807605878192e-15,1.0315326536200132e-13,22.536772351484622
224573_at,-0.34478239399906857,7.578615588052282,-7.9912511068878835,8.152376140798982e-15,1.077548391259658e-13,22.500454850090513
221922_at,0.8570321500327645,5.774594381914278,7.960603302762911,1.0178606880805211e-14,1.3297977501715393e-13,22.49424732216565
208780_x_at,-0.3813477234232996,7.456781671311725,-7.9852449228583176,8.515283634602001e-15,1.1215236390974545e-13,22.469878583873598
225695_at,-0.35917708319453356,4.809109064118474,-7.953848578476069,1.068803262626448e-14,1.3929549090653453e-13,22.459051520565247
202951_at,0.45608948353283474,6.574086776132824,7.965606329217446,9.816808345768701e-15,1.2840960660344334e-13,22.458157307227506
212737_at,-0.4975239424034761,5.88678490265185,-7.9589608838049335,1.0300224687711024e-14,1.344047589274643e-13,22.411456242508578
203628_at,1.2202366690750923,3.982771851516144,7.8981570289495675,1.596772861138152e-14,2.031618487098934e-13,22.4033194749384
225931_s_at,-0.5113183495936507,4.265190879137933,-7.928441700927691,1.2839588946883937e-14,1.6572351372044293e-13,22.38133591072616
225227_at,0.7098310042912538,5.974117348507778,7.9455199828853456,1.1350897544549646e-14,1.4721811791133216e-13,22.352362943792436
222474_s_at,-0.5201110107970017,5.827472126301189,-7.9502017868190284,1.0973439777663031e-14,1.4266803439090297e-13,22.351264297002217
212418_at,0.4693798910156179,5.755340240825716,7.943979124311655,1.1477905224045047e-14,1.486853671888689e-13,22.343913488001025
1560622_at,0.9075910034472764,3.905088416546927,7.884450484426707,1.762012278609887e-14,2.231257392523371e-13,22.302340191269
AFFX-HUMISGF3A/M97935_MA_at,-0.7152309960971948,4.799009939143674,-7.9316806095366355,1.2543177802708104e-14,1.6228872439663276e-13,22.27950870856197
225841_at,1.0780050898381088,4.456223572844317,7.885171149652744,1.7529187858712693e-14,2.2223691068685098e-13,22.275174111023787
225448_at,-0.5134897978114844,4.190834911203761,-7.905993109972377,1.5092748168952936e-14,1.924864418261819e-13,22.243242456996487
201609_x_at,-0.349863149497055,5.690640693376899,-7.9314176645181576,1.2566987455963004e-14,1.624006473048633e-13,22.228911491472672
203630_s_at,0.4182272646399752,5.206578166299162,7.914210153865342,1.4226030939362034e-14,1.8251912509387481e-13,22.205073217959452
213116_at,0.8578153197703601,4.9549030777896474,7.8871463839554545,1.7282315699806943e-14,2.1936664465880544e-13,22.171506594791282
233955_x_at,0.6666351110536438,6.334739752251744,7.921425877758881,1.3505550613645876e-14,1.7369143304200272e-13,22.161306406277077
205335_s_at,-0.3730014973305087,5.967055861154237,-7.922017650277272,1.3448086067265453e-14,1.731602716810274e-13,22.149642533367896
214437_s_at,-0.647719542192383,5.475236437046189,-7.918249935918786,1.3818117056375491e-14,1.7749818708027654e-13,22.136810292785857
224825_at,0.6094680611892562,5.548374684805702,7.90754717318188,1.492492797528234e-14,1.9102837921051342e-13,22.122581048609156
223264_at,-0.40967312076801793,5.562959857980707,-7.912771776095444,1.4374119584567485e-14,1.8419849654242998e-13,22.10064859518535
201457_x_at,-0.3930664736470233,6.892907790050992,-7.924516724586553,1.3208060320833561e-14,1.702743083238146e-13,22.098241692585436
226757_at,-0.8065552498813483,3.2996136794401507,-7.86335298864077,2.0498606701360573e-14,2.5865909728112585e-13,22.096429873947443
202458_at,0.819231918661691,6.428088785572605,7.9072601136984195,1.4955787715930605e-14,1.9119493293647325e-13,22.061514296127818
202845_s_at,-0.36152623364525666,5.4181665257776155,-7.905060599536601,1.519434040256122e-14,1.9355168695914193e-13,22.05453832731419
205471_s_at,2.1216042452789767,4.316410537102441,7.847173924025941,2.3015923669402904e-14,2.8940092754731606e-13,22.05281041134686
213151_s_at,0.40142787657419804,7.471990436377585,7.90613745855951,1.5077082143278685e-14,1.924864418261819e-13,21.96701578268658
242133_s_at,0.9676161359506008,3.653141245801062,7.833182625845578,2.5437025924109103e-14,3.161332467807202e-13,21.954402181652686
223366_at,1.0853397331006933,4.4053787111394405,7.838166619903809,2.454706853499095e-14,3.061382365720117e-13,21.95329201313026
204571_x_at,0.41062897928312947,6.016760797695386,7.887360495809045,1.7255762136674036e-14,2.1928941846997501e-13,21.926276510798967
230233_at,1.0118907036925362,4.258088714504583,7.830063452415855,2.601010763862448e-14,3.2213443136714915e-13,21.90490648044679
204646_at,-0.9827948905059811,3.070652627824364,-7.830585862504116,2.5913245854676974e-14,3.213062532883732e-13,21.88300022886137
232215_x_at,0.4462210108059057,5.536279723970114,7.875859388748557,1.8740668981790456e-14,2.3703516741667195e-13,21.88148830754122
201917_s_at,0.6681528561418316,4.706285534529847,7.838324049509351,2.4519463612030496e-14,3.061382365720117e-13,21.85166548283967
204149_s_at,-0.6839493305144237,3.630952868817562,-7.831918162749562,2.5667827374413144e-14,3.1863202162466743e-13,21.83336107484196
222790_s_at,0.6365424964559884,4.824787732702934,7.837838467040881,2.4604707972600382e-14,3.06500275012172e-13,21.81410984455531
214259_s_at,-0.4695085743866082,5.890770423217023,-7.873678093034183,1.9036191216011946e-14,2.404890524730377e-13,21.808313701312194
204679_at,-0.8342269536491805,5.392827714810552,-7.8607180365848786,2.0889226322336783e-14,2.632779783425811e-13,21.729891455958555
211574_s_at,0.6545450707574143,6.215806658772131,7.858350877319928,2.1246402482779143e-14,2.674649938872068e-13,21.72077220159973
229215_at,1.7320183179788176,6.037039257804848,7.834140965674836,2.5263465633567384e-14,3.143408912106938e-13,21.708760565323082
226544_x_at,0.33687892355727883,5.170740178131329,7.841294284232962,2.4004341225753746e-14,3.0041881723306064e-13,21.684919005501754
208686_s_at,-0.3523258560265772,4.884386293115373,-7.845694624076513,2.326076021938076e-14,2.9213660519369997e-13,21.68336850787694
205159_at,-0.8446721625703317,3.198325324921606,-7.797625389514885,3.277867765920796e-14,4.0178257867630993e-13,21.649500214087272
225092_at,-0.499866613192051,4.164851761152169,-7.817869500693217,2.83752707313731e-14,3.506162345388697e-13,21.633199213623172
208695_s_at,0.15619865868046126,10.658243017806246,7.950330222246222,1.0963261505113312e-14,1.4266803439090297e-13,21.630921545733315
203837_at,-0.5429046483504383,4.867806439270155,-7.839266025043863,2.4354928921496088e-14,3.04450820928807e-13,21.62711146101996
209092_s_at,-0.46817043870929914,5.837031844738908,-7.8445585287631205,2.3450535982703898e-14,2.9383110173416007e-13,21.605899411271878
205483_s_at,-0.935706365344965,5.974690647858545,-7.845378418022283,2.3313427281741914e-14,2.9245520663852594e-13,21.582249578975215
217770_at,0.46547928976949837,6.062983499792286,7.825157012102818,2.693743111980913e-14,3.3323406418766187e-13,21.488286208292
213546_at,0.7912703933503155,4.9849987220281715,7.791628323228591,3.420796294885835e-14,4.183446427752506e-13,21.48220422217107
226878_at,-0.6815802737477461,3.0172372519142234,-7.768116765786859,4.042884554565869e-14,4.893946015035497e-13,21.478393856140507
217810_x_at,0.4351313287953902,5.8048355411809345,7.81699404258172,2.855301375660038e-14,3.5240603268946985e-13,21.442928623370875
222600_s_at,-0.4943533688923454,4.394737411078748,-7.794194057620235,3.358909930874606e-14,4.1124573816525325e-13,21.40628423179804
225445_at,0.6439521805351407,4.708297014181963,7.774087276244118,3.8750775673021766e-14,4.696120585804098e-13,21.40131061086119
226099_at,-0.6516302129242829,3.9460116694731866,-7.779118588651753,3.7390147758156007e-14,4.551825601512788e-13,21.393975662920337
202855_s_at,-0.6689638190476664,3.8910278939045826,-7.775642957190548,3.8324936781151414e-14,4.6550458927038e-13,21.382018946710005
227038_at,-0.7050558339811568,4.845418196095519,-7.8048723954691095,3.1129900179583763e-14,3.833271501423918e-13,21.38192511356617
218224_at,-0.6749159889610093,4.180964254289919,-7.786419101351347,3.549923875325999e-14,4.3314731749849007e-13,21.379517486104497
229891_x_at,0.9350110141554635,3.3747106768521733,7.745340797891053,4.751432038566999e-14,5.685294544429962e-13,21.351184780873126
202269_x_at,-0.8181343520937656,5.111118808142919,-7.8026099582254025,3.16356497427775e-14,3.8910759551593036e-13,21.340037335057097
209048_s_at,0.7703120287100271,5.474872009789923,7.789533592781301,3.4721545310487905e-14,4.241412940835313e-13,21.333701458054865
AFFX-HUMISGF3A/M97935_3_at,-0.60591479445226,6.532274726540127,-7.812990550165442,2.937993045256102e-14,3.621947007345066e-13,21.330636842010996
208643_s_at,0.3616315618863057,6.856601223238781,7.801823849550808,3.181326802212168e-14,3.9084350954241924e-13,21.28211213539352
213007_at,-0.5683182278129526,4.3522843944310265,-7.775682600587295,3.8314145648625577e-14,4.6550458927038e-13,21.27387333276735
217964_at,-0.4475347217395718,6.262288229744915,-7.797870998212588,3.2721414314174347e-14,4.015401048656928e-13,21.255194255530228
228008_at,0.9653255462369034,3.2395037864358525,7.729477067330999,5.315933363707716e-14,6.313702231197424e-13,21.242318528471756
235871_at,-0.6542688687157807,3.8285366535110743,-7.749065206957313,4.6277183165952046e-14,5.551707315306207e-13,21.213660004323373
219956_at,1.5583697006398314,4.771322852967786,7.720269151315478,5.6734013605408334e-14,6.715928041488834e-13,21.137045943452836
221471_at,0.38116638485470344,6.9202180541642635,7.78066566271931,3.6981320096155025e-14,4.5071772717873585e-13,21.13072000266489
204767_s_at,-0.5879949132277599,5.587110457806537,-7.775463113268245,3.837392885397543e-14,4.655718004673146e-13,21.129290367822115
221021_s_at,0.533119076917694,5.183096250088205,7.748811710023062,4.6360370395593865e-14,5.555465861834419e-13,21.072421666017327
222688_at,-0.47160905812451415,4.282402568590241,-7.741133211363459,4.8951212848715536e-14,5.833307488857503e-13,21.072057523608464
53071_s_at,-0.48125129961736285,4.740034392718384,-7.75220690728294,4.525834165870307e-14,5.441667948256857e-13,21.041700212717746
206792_x_at,0.44790573672000084,6.2410413823983015,7.760271090680667,4.2743305157869086e-14,5.156633199957788e-13,21.02629283538755
219263_at,0.8167674208204815,6.583344426655714,7.758963547896927,4.3141527855330365e-14,5.197525678270244e-13,21.013027370032674
229481_at,0.9747400820410669,3.070929289385855,7.695415587264562,6.760871806759756e-14,7.933101825390718e-13,21.00848059772099
229744_at,-0.5325160064268089,4.09998600722099,-7.722873190236247,5.569971354801621e-14,6.600785743804177e-13,20.982395850597477
214096_s_at,-0.5585891011956866,6.777011424856248,-7.765517040633496,4.1181728992281714e-14,4.979456689552077e-13,20.979491454142988
226811_at,-0.8040014670894107,4.173896198762769,-7.730521655202287,5.2768104749030743e-14,6.274192077429149e-13,20.974632326845914
225415_at,-0.39638526570127464,6.412559740622213,-7.758840160576863,4.317929481620944e-14,5.197525678270244e-13,20.974556679614764
201926_s_at,-0.9260841536148491,6.455105720497759,-7.761387081672624,4.240628967052268e-14,5.121742742280828e-13,20.955163845076108
242438_at,0.8563276010041403,3.5680496378695477,7.686298443291321,7.209299279543983e-14,8.416174042534193e-13,20.944558169042168
224957_at,-0.4977152125416375,5.007045392006967,-7.741907896105509,4.8683477829708135e-14,5.807863006566405e-13,20.93409027808866
201773_at,0.45385677490078596,6.75270278997349,7.745235018685322,4.7549929168386503e-14,5.685294544429962e-13,20.897711781683924
224701_at,-0.5280970207752221,4.575265356975264,-7.713339713591697,5.957945429004489e-14,7.04497454535597e-13,20.798360491405937
238199_x_at,0.5473899452127788,5.94675932587055,7.724051441555509,5.5237853210382667e-14,6.553301455623805e-13,20.79114228509135
226866_at,-0.4434714372082853,4.419875340563016,-7.702182428087699,6.445931793263973e-14,7.588490912223841e-13,20.768334665947854
204580_at,-1.1246240332766217,6.956669570016058,-7.744781446010179,4.7702915286451374e-14,5.697227775515647e-13,20.767752088232196
209933_s_at,-0.5553416603880686,4.066752700162458,-7.689423944632099,7.052363225665567e-14,8.257045599623522e-13,20.756501979671533
205119_s_at,-0.7067348681287754,3.490056016098189,-7.670375823796105,8.063821953095217e-14,9.35945011738993e-13,20.73805375195795
202691_at,-0.4247761441856383,4.573540574796689,-7.70293924759214,6.411620300260544e-14,7.556401350571089e-13,20.736753472175927
229441_at,1.0317728272659306,3.3568284092242417,7.648281924108121,9.417045528246449e-14,1.087120783880433e-12,20.68945566689969
226276_at,-0.4446174584873812,6.315805350880302,-7.7111202224308215,6.052025216505492e-14,7.148329233122748e-13,20.6470675148168
204820_s_at,-0.5918495737571399,6.415632366482632,-7.707942336388605,6.189284188347581e-14,7.302401047331237e-13,20.60901641678475
224864_at,-0.3463966609148561,4.951185205485466,-7.68624833072083,7.211843340844198e-14,8.416174042534193e-13,20.56311971800593
203954_x_at,0.7312218318874463,7.385221640123989,7.699907398823911,6.550167096907723e-14,7.702737662916842e-13,20.551622866163676
201032_at,0.42791331124789383,6.295612452272874,7.690798608622803,6.984410186397067e-14,8.186431764427984e-13,20.540852716488292
200599_s_at,-0.2953294925839306,9.015953619562787,-7.751557384261762,4.546714955590892e-14,5.460645439377267e-13,20.53957511175858
201925_s_at,-0.9550760685406837,6.003943240513416,-7.696290763397488,6.719301050122275e-14,7.892968437495606e-13,20.538590272690943
1558426_x_at,0.4749231887155939,4.844666462223302,7.656884837005272,8.86540457183386e-14,1.0256488032187489e-12,20.518675444823423
210845_s_at,-0.7310235646906618,5.576077516174645,-7.686514149361425,7.198358640543443e-14,8.416174042534193e-13,20.507683909868003
211924_s_at,-0.7245507670198426,5.467731699574594,-7.68492328315574,7.279433931297051e-14,8.485808020237792e-13,20.502206874938793
201779_s_at,0.39745750421452825,6.376685465000535,7.683173353393383,7.369655418831174e-14,8.581643315428084e-13,20.48370606195069
202088_at,-0.5657232066624686,6.104621626231191,-7.682912599239785,7.38319319693166e-14,8.588072607896728e-13,20.45991694003135
217679_x_at,0.5510722276951802,5.575355877384295,7.670658170072312,8.04783316248425e-14,9.351023499966786e-13,20.455637974358353
203561_at,-0.7784554521527585,3.6044152654371913,-7.633818131838472,1.0421724704261334e-13,1.195374055211474e-12,20.450851520046974
212414_s_at,-0.6630717395634703,3.5506075560000556,-7.628885187091145,1.0787970948916249e-13,1.2360591740720831e-12,20.45052351028412
204044_at,1.8864297331965463,4.588114504501062,7.614969617156891,1.1890880198573714e-13,1.3508695606290584e-12,20.449160955793566
200080_s_at,0.18470282856503203,9.546206736164182,7.740393013519446,4.9208385046902047e-14,5.857438100082907e-13,20.421265813709205
206025_s_at,-1.0016321760803628,3.187507462677555,-7.619927913636813,1.1485714040486739e-13,1.3105642538225562e-12,20.408284161531167
203497_at,0.49550607148979964,5.600954762097622,7.660167158257781,8.663435936844904e-14,1.0033663696369672e-12,20.374921202192148
218235_s_at,-0.3721692954209975,5.4505698162197485,-7.6626521181761795,8.513553561269068e-14,9.870746677692156e-13,20.35915378960884
225037_at,0.4532129584847987,5.018335097836401,7.636930605131647,1.0196973337641865e-13,1.1721048859029754e-12,20.32642946494883
227983_at,-0.46574113662554173,4.6989008290357805,-7.6454403248502745,9.606584820046428e-14,1.1066165933027676e-12,20.31165370832784
218346_s_at,1.2456032665179257,5.178428840066766,7.6134992552174525,1.2013715409901007e-13,1.3633785295155666e-12,20.294542174837993
229391_s_at,-0.7836060840053517,3.4951714027622853,-7.6060352134663525,1.2656814438144476e-13,1.4287929723481746e-12,20.284488593239544
228532_at,-0.7680837299079851,2.9127359343396275,-7.593031027565018,1.3859260151085274e-13,1.5563338993561483e-12,20.282770412878243
219181_at,-0.7295446450207397,4.166247782743254,-7.617262439092735,1.1701801567053604e-13,1.3322146672459646e-12,20.20336625008911
221483_s_at,-0.3515232733846839,6.614240282886376,-7.647356028922439,9.478395840541806e-14,1.0930253459604344e-12,20.188593812438576
213280_at,-0.5503088930550322,4.178878700470358,-7.609977977097639,1.2312991875564744e-13,1.3943877585932886e-12,20.183147803153226
212298_at,-0.7583505243463722,3.5025080614764397,-7.587349663722939,1.441928851972814e-13,1.6074280740046574e-12,20.160062310163305
202856_s_at,-0.720473725391707,5.522845111935216,-7.635223146841149,1.0319670584177848e-13,1.1849370950514178e-12,20.156819250340615
209425_at,1.6190631840191603,4.472968855017131,7.569469617522113,1.6331323511796146e-13,1.7962779135715823e-12,20.136169498335484
203067_at,-0.3868621474897252,5.322431183474104,-7.626095477207984,1.1000677654259652e-13,1.2590839712615776e-12,20.113816027307934
214791_at,-0.569872840881406,3.971346985245128,-7.587612094485393,1.439293562542066e-13,1.6061616599492868e-12,20.08342449199815
205105_at,0.7303225806859521,5.171393780882603,7.595441647350675,1.362816596713399e-13,1.5352107466446524e-12,20.06348924461109
223006_s_at,0.4799402982839679,6.4000894227159675,7.621852234598834,1.13321601316919e-13,1.2956396103608892e-12,20.062542536470776
231775_at,-0.535829391305498,3.999202973755761,-7.583574534050168,1.4803684240375996e-13,1.646852224996345e-12,20.054794026834738
205240_at,0.9572737917543224,5.224001223482357,7.589243143079845,1.4230209050904417e-13,1.5913176363500941e-12,20.05415533761058
221503_s_at,0.7060683527481407,4.698584991723728,7.575663017394558,1.5642309345207808e-13,1.734741822103636e-12,20.0468498449345
225655_at,-0.646753373910702,5.1804250891160715,-7.6155220056880975,1.1845053756865084e-13,1.3470919415848794e-12,20.042466415458435
218709_s_at,0.5185487614776396,5.003782326483647,7.588676665782657,1.4286518874108063e-13,1.5959486621305493e-12,20.015479373524563
209762_x_at,-0.48100157783207853,4.372215107690277,-7.5912807885152445,1.4029462223574662e-13,1.5737971602215221e-12,20.013436298102228
217143_s_at,-0.7458766530077713,1.7454697880178394,-7.547380868736547,1.9041066536683324e-13,2.0730380671492727e-12,20.00768254959904
207196_s_at,-0.3861593501806561,6.064115885703409,-7.61298029248036,1.2057367843348386e-13,1.3668844624951456e-12,19.98859757623385
225049_at,-0.4143963624815285,5.726993170275551,-7.609260467671113,1.2374868603312895e-13,1.3999151779017007e-12,19.978029749268448
216862_s_at,0.4978214535404993,4.913420389899945,7.577926066658555,1.539775803092957e-13,1.7093904848222642e-12,19.962473524267676
204031_s_at,-0.32226781962673273,8.101983322091584,-7.640747231057338,9.927887029378672e-14,1.1424001476448303e-12,19.95537795697463
216483_s_at,-0.4023297954175532,6.051351439457192,-7.606332718411975,1.263054427123626e-13,1.4273314428033128e-12,19.942968076700126
207365_x_at,0.5227449641404949,5.5452926860785166,7.594201354484499,1.3746588447901869e-13,1.5453011756807211e-12,19.93128927677275
201991_s_at,0.514070257435818,8.029500547587602,7.619909869222451,1.1487163580130497e-13,1.3105642538225562e-12,19.917735153834677
202803_s_at,-0.7562263297612524,4.09461414682788,-7.5718305555759535,1.6065212754763378e-13,1.7742950952760832e-12,19.90833565818311
212601_at,-0.5050095655217983,4.621373773036367,-7.582305963031698,1.4935107018526015e-13,1.659748978106527e-12,19.890651647811627
231577_s_at,-0.8794895209496159,5.813935263612673,-7.599402653591845,1.325666260949262e-13,1.4949329108999415e-12,19.88849316799965
200071_at,-0.337933645024659,5.91705896410697,-7.594359591730009,1.3731423797736225e-13,1.545217890180128e-12,19.869937672408778
225609_at,-0.5223217494658737,5.067309137599834,-7.5855445594390405,1.4601847000536726e-13,1.626087182086798e-12,19.849399837777625
223322_at,-0.5604129887100245,4.55247083945118,-7.57495300188904,1.5719821309351058e-13,1.7415351156884992e-12,19.8476781821494
225285_at,-0.9050979729366863,3.2513085124128556,-7.5370941718714874,2.0449735317713e-13,2.2173888103103174e-12,19.847145285790205
207941_s_at,0.4857380669421729,7.065378420212324,7.589475368078879,1.4207188327775183e-13,1.5904034331813536e-12,19.80280971931568
226235_at,0.6263206851730923,4.31466581273504,7.529511315239311,2.1553396690664172e-13,2.327636479305295e-12,19.800896800350305
222424_s_at,-0.4287527314407299,4.543482606501824,-7.5623465420475995,1.7160790654530715e-13,1.8836429332170857e-12,19.77918855696604
223441_at,-0.5427228714752381,4.885752576108782,-7.571665438811438,1.608368395341479e-13,1.774505728042561e-12,19.771780756877664
224583_at,-0.6768686380813139,5.315976087668946,-7.571867183706042,1.6061118091002163e-13,1.7742950952760832e-12,19.734401378540255
201453_x_at,0.35901969741164647,7.748923180778598,7.590135288121543,1.4141969837211345e-13,1.5847586073854094e-12,19.73370574175737
203024_s_at,-0.35990674689482,6.006187478044728,-7.574600715777426,1.5758420516682428e-13,1.7440078408596988e-12,19.729733183651977
213503_x_at,-0.3556929027670009,9.527334195998304,-7.651042334694561,9.236452610254981e-14,1.067423050848561e-12,19.720568918593717
208820_at,0.39502293195620547,6.050056725201636,7.568280506763742,1.6466992754532704e-13,1.8093424961980397e-12,19.708216920494156
207549_x_at,0.6361289473929798,6.734039744624088,7.570759418996722,1.6185411154756338e-13,1.7838920751121878e-12,19.701772254327473
205043_at,1.3882646412745336,6.312474208265189,7.559801596725691,1.7467096734086668e-13,1.915302019572881e-12,19.68805664691469
212301_at,-0.31188850802081025,5.038271775413386,-7.55658708893077,1.7861698778298864e-13,1.9505849032815062e-12,19.663872002869585
227964_at,-0.39578652431618616,4.659707735059113,-7.547559332191296,1.9017491257827244e-13,2.0725776586480496e-12,19.65701952888462
202139_at,-0.5058454248463523,5.1582921652148555,-7.557903215847132,1.7699084826514144e-13,1.93677523745093e-12,19.65395942959655
222266_at,0.9110697703325981,4.7851260723391364,7.512143128897238,2.430720080277012e-13,2.6118660200609457e-12,19.634871831167597
201983_s_at,1.0020195018225544,5.093732878439472,7.519712933091463,2.306678613653171e-13,2.483562611865972e-12,19.627811648598758
221482_s_at,-0.4701826509492962,4.760869611425841,-7.547231726542263,1.906079051804799e-13,2.073078668221808e-12,19.62698079188071
1555867_at,1.639570482028001,1.8336875390302985,7.499869460434823,2.6459425042645873e-13,2.8289403241703116e-12,19.626739140340717
217028_at,-1.0145719635881185,5.738464372193993,-7.559432695597301,1.7511941849686825e-13,1.9182559615101734e-12,19.613435406790106
202813_at,0.51993627214375715,5.248816855714291,7.53802329739825,2.0318392724438613e-13,2.2076160370883455e-12,19.604425633816483
214070_s_at,1.081928585174795,7.175022619469912,7.556708018868974,1.784669608570151e-13,1.9505849032815062e-12,19.59778963325332
211316_x_at,0.5336705636270513,5.083227745611176,7.530242492864842,2.1444469417707632e-13,2.3182098977992117e-12,19.59656178982516
208720_s_at,0.3815249072815734,6.738711652459748,7.55619175786811,1.7910830714224953e-13,1.953958548284032e-12,19.59283762072897
225351_at,-0.38074888007993957,4.696384173795008,-7.5372670515749265,2.042523360800807e-13,2.21697596395735e-12,19.580523101031936
224916_at,-0.5812824508931103,3.955042793963558,-7.510817149870749,2.453114310278502e-13,2.633287936474308e-12,19.56296723848125
212859_x_at,-1.1378592173945024,6.973283060523084,-7.570425139601166,1.6223103659352635e-13,1.7862087307568836e-12,19.561213394678497
210610_at,0.7754174289457154,3.4623488031488026,7.4811511605843,3.010802373698251e-13,3.1967022625797187e-12,19.560997842517203
229358_at,1.0969621050059581,4.339491518586961,7.486690282687013,2.8979571420766256e-13,3.0799419507010802e-12,19.557834167815443
1553132_a_at,-0.6849496456772063,3.920678512542986,-7.508860501591674,2.486531482695044e-13,2.6664876650762768e-12,19.539478527120416
210276_s_at,0.49282652294919993,5.541108162399025,7.5248199570247865,2.2265374973244343e-13,2.402104351343068e-12,19.455495549116204
220952_s_at,0.6845184724771529,4.885881298533814,7.492492335984285,2.784222269792296e-13,2.970853902020405e-12,19.433570795881415
201987_at,0.4313723306003247,6.677554860402432,7.530639348024026,2.1385575108504428e-13,2.3141784458324032e-12,19.42424555904475
205010_at,0.8420543816034388,4.259942237653372,7.467605666817016,3.305310053499137e-13,3.4955366834290476e-12,19.41597216146887
205660_at,-0.7833726621857445,2.9392993914592758,-7.461375553950783,3.4501209488197997e-13,3.641492189626258e-12,19.393248107635436
48808_at,-0.5067216234402567,4.41780874210639,-7.501470335458456,2.616840473239654e-13,2.8006205784032385e-12,19.383282346401174
236907_at,0.971888038602519,3.8280474528066097,7.4535395470274874,3.641156275833797e-13,3.824285017941909e-12,19.367705087129977
200741_s_at,0.15902447858492125,10.44010815192004,7.6183499875936755,1.1613155420265099e-13,1.3235290852904255e-12,19.36236399576006
233056_x_at,0.49625206681390194,4.689125192166345,7.476315891214622,3.1128385897192456e-13,3.298500475930987e-12,19.336411595198093
201173_x_at,-0.33673625661449264,6.120372682640422,-7.514787406392309,2.3866608622326373e-13,2.567098174407454e-12,19.316972648286665
210213_s_at,0.5063489455985967,7.5593713763482295,7.524157555453358,2.2367752347442315e-13,2.4107216388143817e-12,19.314433215772674
205758_at,-0.7282105857339672,3.174264834082385,-7.439366577392362,4.013498840954456e-13,4.194791520306838e-12,19.222497220061292
210314_x_at,-0.6083035871109023,5.054146466643881,-7.491135978075218,2.8104100115861983e-13,2.995813179514721e-12,19.205229765151905
200999_s_at,-0.551771651858534,6.633055008847205,-7.502213181310853,2.603443720414041e-13,2.7890692576795617e-12,19.181436665661113
223748_at,-0.9210802647457922,2.627498055290613,-7.424059639397343,4.457788608626833e-13,4.6111148124148344e-12,19.161831448850695
223038_s_at,0.8442206606436923,4.555914606972653,7.435190383255868,4.1301941761011115e-13,4.308351529559027e-12,19.151769101487975
209619_at,-0.7538209992306109,8.148032081998311,-7.532603885008937,2.1096371384983008e-13,2.2851913715603943e-12,19.14524992913508
222994_at,0.6549209312763778,7.564181512721733,7.496659474027054,2.705260052079957e-13,2.8894766638018522e-12,19.13739894540644
207719_x_at,-0.5945772525666811,4.129543747952318,-7.45381725324679,3.6342113406631545e-13,3.8207366135941485e-12,19.126606721188487
211048_s_at,-0.47701093165265535,6.522738056367576,-7.490900376655539,2.8149835270535167e-13,2.997705618819515e-12,19.11908346542159
209875_s_at,-1.7767902437268714,5.762196748222604,-7.490516959273221,2.8224421359068825e-13,3.0026636148927933e-12,19.09588839043947
206307_s_at,-1.040161787392785,1.7334873837212135,-7.403678791787319,5.125261622937727e-13,5.25425146091214e-12,19.052875244351856
206061_s_at,0.7288272331793321,4.486390835775193,7.417172057363491,4.673177457169353e-13,4.8138221248707e-12,19.02921761870142
217591_at,0.8511220168880236,4.573665838416468,7.415268743398419,4.734483761749036e-13,4.8722886205204055e-12,19.016775223531546
228477_at,0.6905143493950532,5.483614090448864,7.452515195276769,3.6668866791427936e-13,3.8475374136784275e-12,19.003572207178387
200929_at,-0.39435281595278454,7.12692491863661,-7.479784234059513,3.039309139723938e-13,3.2237741399863907e-12,18.991462690559832
203953_s_at,0.8930121611071645,7.305758471729672,7.469488431314596,3.2627375704400244e-13,3.4539236751110655e-12,18.989263197522533
204314_s_at,0.502094830232063,4.681764798549393,7.42401424349089,4.459175717037028e-13,4.6111148124148344e-12,18.986786880635382
1555349_a_at,-0.7061626269421023,3.886370541995606,-7.425921178308319,4.4012722500342644e-13,4.567538399794278e-12,18.98579078246854
201017_at,0.6240824811499722,5.710974945820392,7.456586991963888,3.5656550755794597e-13,3.7560337094083335e-12,18.985728818583016
222751_at,0.358493469345752,5.543926761111669,7.457026861990519,3.5548852927035994e-13,3.748374620150951e-12,18.983426782840485
230296_at,0.5486413500477623,5.01662533952138,7.435772715194978,4.113723823167704e-13,4.29535314986312e-12,18.982848053028185
215179_x_at,0.44132640446593713,5.734917200043647,7.456411624028632,3.5699577391856967e-13,3.7568720294593685e-12,18.967842433227393
203943_at,0.5330212139664043,4.983135172627867,7.432435992469068,4.2089819601264667e-13,4.382643865703279e-12,18.96674023937593
214042_s_at,0.36769740488924413,7.115648475254596,7.4630796784619795,3.4099013269630407e-13,3.6025910173328452e-12,18.932150102866657
207436_x_at,0.4313378289522736,5.01953306369167,7.429542587549327,4.2933400524172917e-13,4.4611592610617316e-12,18.911507896191665
1567628_at,-0.8269903627251076,4.316484622598104,-7.432414714781125,4.209596320179851e-13,4.382643865703279e-12,18.904067291609117
232369_at,1.0081916686902894,4.049900572635411,7.385022065025449,5.821999909004962e-13,5.889620871120883e-12,18.900240325906175
210808_s_at,1.5017345851230972,4.9286568855753154,7.393338184499129,5.500612263446635e-13,5.606856249125004e-12,18.897451196691456
218325_s_at,0.801173782882878,4.440708325054203,7.392424931163604,5.535034282809292e-13,5.63122718629971e-12,18.8846407340679
224333_s_at,-0.27204685205422646,5.714887388365988,-7.441237722754952,3.962272512819244e-13,4.145295452132086e-12,18.84029477464549
228248_at,0.6436016507186273,4.774600710486709,7.400670716226847,5.231770114974797e-13,5.3583129294192165e-12,18.83701813970598
209424_s_at,1.1987382689493966,4.320824692034074,7.374965574095832,6.235414690651625e-13,6.2841013716792905e-12,18.82100828622106
202693_s_at,-0.5126094149783557,4.708613523626526,-7.425822692282178,4.40424453186548e-13,4.567538399794278e-12,18.811233044763718
204297_at,-0.3729144456616924,4.7197282661226705,-7.423309042895129,4.48077834796824e-13,4.628985384935753e-12,18.806219146887493
204973_at,0.7445186536525427,4.9468254801945815,7.399923658723969,5.258557571015648e-13,5.380604322663863e-12,18.806203995544728
1555950_a_at,-0.8818477278455239,6.695945011678708,-7.450840970266222,3.709327068283585e-13,3.888260360325054e-12,18.803873386176043
222394_at,0.5442542596862078,5.151881354844799,7.414176596898146,4.770018972723604e-13,4.904147145373125e-12,18.797580461339756
229943_at,1.1542613414127167,4.471226332312391,7.372454644895079,6.343065672235923e-13,6.386584825814233e-12,18.785295931669356
201761_at,-0.5524216537104775,6.783866431553308,-7.444654929152594,3.870375931459446e-13,4.05311215578935e-12,18.777468206397153
218607_s_at,-0.3241533330523759,5.030829826477669,-7.424026305769416,4.4588071029666835e-13,4.6111148124148344e-12,18.766570038072217
238902_at,0.8823833534819681,3.473382066519019,7.3564045431630305,7.075715121234201e-13,7.090938830101215e-12,18.735708465235863
201910_at,0.7019698534319082,4.9858676221128295,7.3855639249117875,5.800507455575767e-13,5.873424987862306e-12,18.690769822670454
207730_x_at,0.5350817453371519,5.115691290927869,7.396471932222206,5.384090855599634e-13,5.498547696476538e-12,18.68536674227746
201920_at,-0.5291048276014666,6.097829163079764,-7.417987874307273,4.6471396933283105e-13,4.791608039906274e-12,18.65565695374169
225300_at,-0.4432958054812536,4.236839469265488,-7.3815515790374615,5.96152506704831e-13,6.019398496068665e-12,18.63669522725634
217168_s_at,-0.39252295979606305,7.426355799584338,-7.431190479083927,4.245093309159466e-13,4.415309186507317e-12,18.628196705776624
202679_at,-0.39299577538351493,4.639746206849623,-7.392883613470114,5.517719367198808e-13,5.6189474886692805e-12,18.616341638870793
224684_at,0.36551358971533404,5.3592667272152825,7.3970652092322515,5.362306379520536e-13,5.481525595782777e-12,18.605823848837602
208975_s_at,-0.3661278292588903,5.911163738440903,-7.4074519764046824,4.99467675592254e-13,5.130198665982567e-12,18.601695341643392
221736_at,0.5575354768712918,4.6320991587784475,7.361979558353783,6.812247116121953e-13,6.839700408155059e-12,18.60013239730668
224655_at,0.4331031972648945,7.77854597070231,7.422262805519697,4.513018043011234e-13,4.6577998357205545e-12,18.596574865856546
244353_s_at,1.1041217609718263,3.0166201721015984,7.333640566489742,8.259616281008644e-13,8.215902434396063e-12,18.592675972100885
226536_at,0.4687303017022264,5.214678454896814,7.388067166370968,5.702227934464664e-13,5.7903287072909905e-12,18.58983946190734
203007_x_at,0.5112039123140186,6.6118290699018445,7.404016743355049,5.113429818475992e-13,5.2471430694763706e-12,18.57457057521194
205568_at,-0.8317342088134594,2.864599673895685,-7.334559351449165,8.208261321229324e-13,8.172407391666334e-12,18.554623749652976
204112_s_at,0.5610184408987762,6.247472170023211,7.3949400163451235,5.440744879248787e-13,5.551114275370691e-12,18.53179931876711
226311_at,-0.9384757568524239,4.2082159622094935,-7.375294782713315,6.221434578022735e-13,6.2759160672653075e-12,18.53105987859019
209595_at,0.5414362869743734,4.393110768369013,7.33932547441918,7.946863493686222e-13,7.926885345238408e-12,18.499746238023462
219209_at,-0.6005099896999413,3.9148288921870384,-7.349228929134359,7.429632090500526e-13,7.424780651635461e-12,18.48651666349498
224336_s_at,0.6655682912566917,4.053336446993689,7.325143149769271,8.749812339163721e-13,8.663284620098054e-12,18.47927916728479
207543_s_at,-0.6110747441474603,5.64580424417192,-7.386235442839292,5.773980572557722e-13,5.857637677444212e-12,18.46384210960437
218171_at,-0.46567210080592836,5.718460466625842,-7.3857400950881855,5.793536642024088e-13,5.871916560643714e-12,18.461657589642236
219118_at,-0.6279248148675429,5.159212385833221,-7.38179001478661,5.951834740484512e-13,6.015283544793451e-12,18.460452801587472
227522_at,-1.042580454963069,6.322090100982912,-7.389995797042312,5.627627930236314e-13,5.7199979142904775e-12,18.4190104539898
200890_s_at,-0.47108262146900176,5.07393394816694,-7.37108102816035,6.40272875115336e-13,6.440604047991168e-12,18.39971600358372
204751_x_at,-0.7036777943599314,4.328128673075099,-7.3547725122272,7.154723090954277e-13,7.15672721506939e-12,18.393141775773763
204294_at,0.8425233078344182,4.315179271131232,7.309785799926993,9.709426323297861e-13,9.516659121819761e-12,18.36209450405468
202748_at,-0.6590334585451321,5.158991333793268,-7.362777469431333,6.775337593383762e-13,6.809023605808653e-12,18.33263700568733
218056_at,0.3233561584195693,5.488594938668201,7.35727249991822,7.034047081993218e-13,7.055781497134208e-12,18.317171228757662
218951_s_at,-0.4614002982223192,4.392608602842398,-7.33778279479649,8.03056200303165e-13,8.00292192916075e-12,18.301896979760443
240045_at,1.027390489159753,3.475335414211391,7.288802875591836,1.1189825320605065e-12,1.0907788777037494e-11,18.294968055473273
212198_s_at,0.5858054823777034,4.927865792101144,7.323951154606782,8.820826959587566e-13,8.71748332269941e-12,18.271756313576596
209016_s_at,-0.8396052878310214,2.4479814025351914,-7.28455940366082,1.1515161585913793e-12,1.1164956449279078e-11,18.256349303968165
235907_at,-0.40160873778704465,4.427886244100965,-7.329722435455584,8.482190883874739e-13,8.421659957270629e-12,18.245992864617318
206991_s_at,-0.4991508766576267,3.613003811105658,-7.294259703187282,1.0784729349207903e-12,1.053206978286821e-11,18.2113891433309
209426_s_at,1.2357837704321621,4.564276676174132,7.284412421284172,1.1526595568844078e-12,1.1164956449279078e-11,18.199595077904576
220796_x_at,0.45106451530276365,5.825816459864688,7.341176681256603,7.847558548112092e-13,7.835125323944534e-12,18.189329631223266
201653_at,-0.3607812613144313,7.29367959750149,-7.354975739214455,7.144837568096781e-13,7.153518211871104e-12,18.135992489243584
210153_s_at,-0.47262236798606716,5.362773383729681,-7.333310872320333,8.278121339944378e-13,8.226671049612627e-12,18.128515708699208
202762_at,0.5724020879761051,5.752588520418304,7.327819326231146,8.592419170452691e-13,8.515317906851035e-12,18.113943204180494
225224_at,0.6599581716472533,5.290908299161481,7.3127413934452745,9.517029222108525e-13,9.345181856686401e-12,18.10889718211937
202580_x_at,-0.6171038411195009,4.412637734521614,-7.312499121728086,9.532657921709336e-13,9.351956439127484e-12,18.103860588623192
216457_s_at,-0.3547493528040856,5.603787535098124,-7.329044559249208,8.521293031427203e-13,8.452649282007372e-12,18.09150402719298
225367_at,-0.4156402407776518,5.059561978206202,-7.323973021234612,8.819519134206427e-13,8.71748332269941e-12,18.08905684627378
209135_at,-0.5535985727126509,5.787476170913889,-7.323068499534109,8.873777497861879e-13,8.761730722082425e-12,18.03743433448024
207380_x_at,1.7519146227023425,5.190993593107522,7.2634354830520484,1.3278369801888135e-12,1.2746521118963046e-11,18.031360577925252
225872_at,0.5781642804086984,5.879143634886113,7.316910682963971,9.251990088526436e-13,9.103884967428464e-12,18.030958451453905
224516_s_at,0.5905847006946979,6.402910324132103,7.317144559012856,9.237339849966185e-13,9.103884967428464e-12,18.006402620780324
224572_s_at,0.4244910738618749,6.025924120839573,7.315139233795434,9.363700529641882e-13,9.203057226977384e-12,18.004793824479453
224934_at,-0.378135397296055,6.0696131684111965,-7.316873853669951,9.254299196797908e-13,9.103884967428464e-12,17.988112949314406
223162_s_at,0.4577323558519086,5.504948724709237,7.304783534890726,1.004381139537774e-12,9.835406899331053e-12,17.979267252066478
225868_at,-0.4087895907505309,4.465834115097396,-7.2875267233372645,1.1286701755457942e-12,1.098223759366221e-11,17.958053082882554
218646_at,-0.3556599363853959,4.639679362655822,-7.292104979049803,1.0942934694317755e-12,1.067683600912806e-11,17.94983917949059
203478_at,-0.2837143090195471,7.346217871632838,-7.322519563168115,8.906865873351106e-13,8.786303324236684e-12,17.920049036020735
226354_at,-0.3420223888122166,4.704856752962385,-7.286678787585121,1.1351526912241355e-12,1.1035291089913034e-11,17.902043700648232
209565_at,0.46407894415381307,5.244393455695,7.284500484373118,1.151974366616586e-12,1.1164956449279078e-11,17.894291148097402
205184_at,1.6438521849208942,3.499791736967936,7.226285247313862,1.7045875073205006e-12,1.6103391504342615e-11,17.894081847660512
225262_at,-0.5399728675991565,5.319618331440743,-7.297626230985425,1.0542044908293544e-12,1.0313874621237328e-11,17.892086131703138
204748_at,-1.2011551548445356,3.1934023091705774,-7.246816239007034,1.4849959314615073e-12,1.4178931741307602e-11,17.885186251020265
209598_at,-1.0684552802795937,1.7095302460986077,-7.224072644371588,1.730079343703279e-12,1.6299950456349778e-11,17.87909669105069
221513_s_at,0.47262971266557174,4.891215862866177,7.259318421277735,1.3651730412484407e-12,1.3093194978419466e-11,17.825746198201685
224715_at,-0.49774337894459186,5.010627181916634,-7.283854691236141,1.1570083953076512e-12,1.119225355831712e-11,17.824795853337893
217736_s_at,0.4051136407906565,7.113729942758736,7.297103857000512,1.0579346162590403e-12,1.0340924766407938e-11,17.823431167304367
215499_at,-0.36100917675677735,5.350595655255992,-7.283783180857128,1.1575671560361587e-12,1.119225355831712e-11,17.80390380214512
1558511_s_at,-0.3922321418457654,4.941757582075239,-7.2780429294795885,1.2032966791702275e-12,1.1623911022498329e-11,17.799419497238922
228573_at,-0.5630321266091818,3.8379880881503694,-7.237302796964919,1.5830513539853493e-12,1.5021460722094815e-11,17.77608205291145
226574_at,-0.3416275645568713,4.786020782545323,-7.2678706541905775,1.2887399479535657e-12,1.2404556210625828e-11,17.760568004854118
210692_s_at,-0.6395464533317038,3.099572589925648,-7.2137071341208,1.8545844339420988e-12,1.7306762230680928e-11,17.75227254002827
213041_s_at,-0.4385949845606247,6.538479014517713,-7.2849335682822876,1.1486105094332155e-12,1.115599672489396e-11,17.740173217476297
218831_s_at,0.6078604289915778,5.678743574846304,7.266666380854999,1.2992424365985543e-12,1.2494420308151087e-11,17.719770428666056
204028_s_at,0.44825379449410785,5.237932949077632,7.254428923221638,1.410857465738505e-12,1.3507163566091693e-11,17.69442215259356
211456_x_at,-0.7933724377063063,6.993635138954191,-7.287730641802172,1.127116649430463e-12,1.0977091513953227e-11,17.68714692369727
208741_at,0.5911967839243616,4.557904448587573,7.218325643940664,1.7980568313427718e-12,1.6858136842530814e-11,17.677201088340496
227350_at,-0.5936197387300758,3.7813812630228685,-7.220649454580207,1.770259290917814e-12,1.6621198758635005e-11,17.67561651390526
219471_at,2.0382186124503856,5.4450355014220975,7.206921119149996,1.940825521656417e-12,1.8080055490004518e-11,17.659648054604325
223172_s_at,-0.3934228311266421,4.495767517901156,-7.243057516507946,1.5230017779494838e-12,1.4515941323107492e-11,17.657930240513284
222630_at,-0.4475367042099554,4.3308318345400005,-7.235296180098803,1.6045329774402102e-12,1.5198374701429683e-11,17.64188368747002
204341_at,-0.5916787770534955,3.9837567852617344,-7.223109391127631,1.741294001173316e-12,1.6377947879341294e-11,17.6355556368932
209674_at,-0.3858056910760901,4.58172213886895,-7.2425166037755,1.5285493325816463e-12,1.4555865777730822e-11,17.63181411007183
201176_s_at,-0.24751983223452229,6.792670202942626,-7.268247902939905,1.2854671705448375e-12,1.2384181473063709e-11,17.619730023301422
218073_s_at,-0.5565219232850356,4.032606919064955,-7.221661338456647,1.7582876102639705e-12,1.6523276463822732e-11,17.61567682952768
203470_s_at,-0.4919788654017718,3.97868542042574,-7.216880935398005,1.815554491067687e-12,1.7001779075881235e-11,17.614299748894755
222460_s_at,0.273557568007831,5.832712317343323,7.255149486977287,1.4040316670825475e-12,1.3453838326883123e-11,17.61141859437268
220526_s_at,-0.32083620385333317,7.0126616382001465,-7.270743322402489,1.2640234726460503e-12,1.2188553971608584e-11,17.60984236376153
212043_at,0.3955017563955024,7.639824960849034,7.271776899011733,1.255245155314988e-12,1.2114812026026546e-11,17.604713995950508
206461_x_at,-0.9190636568695079,6.220874087962054,-7.26435436056997,1.3196421814678252e-12,1.2679216762389966e-11,17.599835505957437
222555_s_at,-0.3814634186266219,4.651889778221515,-7.239372277477815,1.561193145226008e-12,1.4853518796453128e-11,17.595189049108825
228297_at,0.7666538569343992,6.381063217530561,7.25244654167866,1.4298052036542988e-12,1.3676342095311164e-11,17.5845959084119
227935_s_at,-0.4388342481476609,4.3683385866525075,-7.2265109090569535,1.7020084722081532e-12,1.609321867852246e-11,17.57556684960351
201911_s_at,0.8714967741288507,4.9247667693984765,7.206005963459691,1.952753725762495e-12,1.8175369821106526e-11,17.559133395628997
219434_at,-0.8481302999432835,2.670180843329356,-7.178452480847324,2.3476817999453392e-12,2.1625722375592792e-11,17.550748897996883
223452_s_at,-0.5273714966698649,3.647403643827789,-7.194636969768333,2.1070878251396865e-12,1.9493291770916632e-11,17.54784139549139
239246_at,1.2389357125131202,4.215119675429938,7.175711983323059,2.391013663774365e-12,2.1968207015450062e-11,17.529566199293704
204867_at,-0.5001193314893577,4.3204236747464835,-7.218277116242259,1.7986418753862335e-12,1.6858136842530814e-11,17.52543506773042
224607_s_at,-0.2630923823366286,6.229995936320905,-7.247448489386187,1.4786953471588706e-12,1.4131367755676164e-11,17.5242394529294
229630_s_at,-0.31195776445557744,5.980463308142371,-7.243330891601604,1.5202056063544333e-12,1.4502192930431917e-11,17.50846380944193
218009_s_at,-0.5976087862385856,5.5870776677199885,-7.238271611947754,1.5727813366448653e-12,1.495049375286286e-11,17.484057180757173
225787_at,-0.33524591820191385,5.6122223885396005,-7.2368063150061746,1.588339898188646e-12,1.5058305601145983e-11,17.48104015743193
200712_s_at,0.45779330269884544,5.879875652697494,7.233629335393735,1.6225950440714048e-12,1.535588401690544e-11,17.474147291710537
218677_at,-0.8396076625912935,6.056465263758867,-7.237890821255776,1.5768101032087462e-12,1.4975502336591576e-11,17.443460736665394
209500_x_at,-0.5307881484574649,5.08358491619756,-7.224536986109369,1.7246986647895632e-12,1.6264697883706508e-11,17.425917388482016
239748_x_at,0.3998140801440801,5.971728473972595,7.225338230940876,1.7154527198240743e-12,1.619175769821613e-11,17.41282898162336
238025_at,-0.36929494291279163,4.811529374445313,-7.2153564086727044,1.8342005127255003e-12,1.713146477142832e-11,17.408163747179202
200622_x_at,-0.39327371376648557,5.360318244084482,-7.223952016619139,1.7314798487189441e-12,1.6299950456349778e-11,17.40755044125931
217118_s_at,-0.3891660484412287,5.117730202152447,-7.216645247886841,1.818424879944924e-12,1.701378667148469e-11,17.376348889608003
208918_s_at,-0.37604262997818827,5.282618842881419,-7.216324684649792,1.8223361185953387e-12,1.703550334948679e-11,17.362527831986043
213599_at,-0.5925807304063411,3.7662244439704926,-7.172197715718249,2.447732782748612e-12,2.239330597915105e-11,17.35960396865053
225376_at,0.4397694342001724,5.253279037258408,7.198645280688111,2.0513524786440702e-12,1.905996453054113e-11,17.323267356967687
222646_s_at,-0.7330175382286271,5.594038196597099,-7.213207804376751,1.8607996407200284e-12,1.7349648869480995e-11,17.31474608155613
205207_at,-0.9313063432267107,3.322978018515663,-7.153285548625177,2.776456154496657e-12,2.518558406699635e-11,17.286800615182738
204550_x_at,-0.4961223099697618,4.162390109250985,-7.173102172884941,2.4330099344656126e-12,2.227763711788898e-11,17.279090081789406
207821_s_at,0.40510945409054316,5.088554262222266,7.185632968979155,2.237775698947036e-12,2.064882951147252e-11,17.270174738886684
228531_at,-0.8042376350847957,3.098553060988597,-7.141292867315955,3.007012543081663e-12,2.7230875210510445e-11,17.266631034469164
218806_s_at,1.8833921223108006,4.602457868604459,7.133031279528118,3.1766876984318834e-12,2.8598197742269553e-11,17.260977561722964
218628_at,0.4816164798550313,5.605480848439194,7.1949802498800475,2.1022567871825276e-12,1.9465407917965788e-11,17.244851485404773
224739_at,-0.3885597688424512,6.0368565584390295,-7.200289364596335,2.0289132712017437e-12,1.8867836696514132e-11,17.21978984659178
225006_x_at,0.5817939409428386,6.712900755270647,7.1975841709529496,2.06596441639551e-12,1.9162490729736017e-11,17.202350197002644
234987_at,-0.6617285502812008,4.509620199163566,-7.177288018806173,2.3659987108980794e-12,2.1775725249012993e-11,17.18776560606415
213341_at,-0.4366675613779301,4.456229009669379,-7.168607433931955,2.5070449269435144e-12,2.2896822082136292e-11,17.17316712727316
223071_at,-0.4099460365979909,6.372104520669147,-7.19566091974713,2.0927098031218404e-12,1.939377173083415e-11,17.166589251927398
230422_at,-0.7285828006052921,3.3695400610892285,-7.131600676808965,3.207010542364418e-12,2.884693865688498e-11,17.165674240962616
201280_s_at,0.8855789048493202,5.351722832595832,7.161971100472277,2.6204224709911225e-12,2.386345858791833e-11,17.15026622254109
224250_s_at,0.5537789861373266,5.494759054953496,7.1750485263989034,2.401621731359601e-12,2.2046764017185437e-11,17.138732812370804
215096_s_at,0.3419558699946429,7.1771439997928095,7.193274640911325,2.1263679947804395e-12,1.9654685356413157e-11,17.129277232358984
226321_at,-0.42295052667536365,4.3557084809859905,-7.15413514296859,2.760798876996371e-12,2.50647782790357e-11,17.108706703497802
227628_at,-0.7679317647580173,3.7681599057133917,-7.138212736343903,3.069203513782676e-12,2.7700402058259317e-11,17.107623146146146
227510_x_at,1.3809194772393991,3.6878047736259387,7.1044694304922125,3.839042485450711e-12,3.4017917408298976e-11,17.10475917091776
209142_s_at,-0.37927828966679644,5.021892823957445,-7.173612671126001,2.4247384789377327e-12,2.222089249346444e-11,17.103943791444436
201001_s_at,0.4695306207783027,6.3364445087622085,7.1791619803958255,2.3365898699185077e-12,2.1542071666468997e-11,17.09569815937574
203282_at,-0.439156180296402,4.950005225528735,-7.171002287082371,2.467326602423962e-12,2.255330195543337e-11,17.09164613800851
209222_s_at,0.442303869347341,5.780570937976524,7.174137207006215,2.416268383411232e-12,2.2162228759832647e-11,17.08955747849617
212305_s_at,-0.4244078720952571,4.662235808567069,-7.161935329167015,2.621047060481366e-12,2.386345858791833e-11,17.082601018376156
217875_s_at,0.9386315096373962,3.8843920913028165,7.103863607334661,3.854469824700518e-12,3.4110101650272735e-11,17.075978265778147
203649_s_at,-1.6978518976585828,6.5629451287944285,-7.197993938324783,2.0603096495501857e-12,1.9126600758779152e-11,17.062501301695235
205807_s_at,0.49376165482947865,5.470065438455562,7.159789043071001,2.6587917079716426e-12,2.4179656678692877e-11,17.035650204694115
203697_at,1.2396659652455326,3.220927769291448,7.092292539540114,4.1611049841835916e-12,3.647947438261769e-11,17.034138216020143
222819_at,0.6748548029002377,4.617681234106022,7.117199797981168,3.528548513130336e-12,3.15537063615737e-11,17.02097851570108
229074_at,-0.42374366697672755,4.41682370114978,-7.1403391045358315,3.0261363457883346e-12,2.735780478686112e-11,17.002252376663467
223447_at,-2.1802967283116006,6.085399926262074,-7.185854202085253,2.2344710837456737e-12,2.0636110965661555e-11,16.995711025416213
204595_s_at,-0.7340798738681328,3.736317845200032,-7.118167850483916,3.5059745681633713e-12,3.140426885345668e-11,16.995264640015257
213051_at,0.4407650327819368,5.711776873253678,7.156979996319544,2.7090002508942105e-12,2.4615368691967495e-11,16.982763615868414
209397_at,-0.5553178057620812,5.819399241840267,-7.161892499491099,2.621795086155127e-12,2.386345858791833e-11,16.973488660989677
201410_at,-0.3192676599516397,6.3166798364985794,-7.163883454086555,2.5872437994241457e-12,2.3609150616039924e-11,16.967559482295403
226837_at,-0.5241377763841805,4.449861389700239,-7.139044017533409,3.0522955773879647e-12,2.7571030793049972e-11,16.966956221239858
201813_s_at,0.47519513122487683,5.032839475975822,7.133829506878219,3.1598913077804113e-12,2.8470913019555548e-11,16.965603904947848
203167_at,-0.569828020392097,3.9154108413091837,-7.113323701842904,3.620375341915032e-12,3.232090086494645e-11,16.945788856376875
228915_at,1.6468433144077994,3.921963668817621,7.0781572780111075,4.5683709149059505e-12,3.982177185629573e-11,16.93502294250742
211742_s_at,-0.7394381778261425,3.62748283775595,-7.098219676949136,4.001153372570372e-12,3.527930541592296e-11,16.892051254804624
1559410_at,1.2290985360328914,3.4994766043078203,7.070457361336936,4.806452441396948e-12,4.1659809874341024e-11,16.890382414505435
229119_s_at,-0.4730920885217506,4.164785834253998,-7.110878557635762,3.6795064695050965e-12,3.2739661800505065e-11,16.876149382803447
203209_at,-0.47090175173117527,4.372569113177209,-7.116560014757732,3.543545940366231e-12,3.1661390875015373e-11,16.847971123451117
1555765_a_at,1.1248873711499414,2.8383766145274274,7.061691004629732,5.092376415679658e-12,4.3924821691768264e-11,16.841429782907873
212447_at,0.3337870798885484,5.263898430876573,7.127232275533017,3.301374753124677e-12,2.9627737070249933e-11,16.836946912404493
212904_at,-0.3059535351831446,6.394629288223984,-7.140343788089555,3.0260421447509816e-12,2.735780478686112e-11,16.80927882338812
224332_s_at,-0.3182874278633092,5.184052507461108,-7.127320223387411,3.2994482840934613e-12,2.9627737070249933e-11,16.78986410458461
224667_x_at,0.3965279048814285,5.322068965996455,7.118753876225901,3.492378137337582e-12,3.1308658565102524e-11,16.77955798313567
222001_x_at,0.5559761871099919,4.871754014191283,7.093722560338951,4.121947996434594e-12,3.6195433512953945e-11,16.77104195663954
211630_s_at,0.39094736940561287,6.408779697412778,7.127198665021701,3.3021112724613474e-12,2.9627737070249933e-11,16.751211598532265
226622_at,1.1455949588457828,5.460545335698786,7.092583846122645,4.153098849401545e-12,3.643910562951576e-11,16.738943576014528
224926_at,0.331339076311606,5.309160868852312,7.11091133021723,3.678707684231591e-12,3.2739661800505065e-11,16.723070482917237
224744_at,-0.4292277971734959,4.062649677779676,-7.080963527407044,4.4845163314076785e-12,3.9122657539389626e-11,16.721454004269603
201199_s_at,-0.24817332933095362,6.964630976735262,-7.133848359201548,3.1594956724673955e-12,2.8470913019555548e-11,16.72137486791723
223356_s_at,0.5057640227994843,5.068386131635554,7.096492088724656,4.047139845983725e-12,3.5626137362385904e-11,16.717327708391228
212604_at,0.5140818684438715,5.166081241738831,7.0998656499837844,3.957817456360685e-12,3.498357954619803e-11,16.715228292129986
1554334_a_at,-0.45588222202774514,3.9733530899783163,-7.075832881384185,4.6389925773786415e-12,4.030618611634825e-11,16.708633336756186
204324_s_at,-0.731957035243759,3.698463852339756,-7.071539145874404,4.772281596764236e-12,4.1397127729664177e-11,16.700071303835657
208002_s_at,-0.4733372044722219,5.789634939568114,-7.117667881521538,3.5176155202083882e-12,3.148221810191517e-11,16.689722601760423
222996_s_at,0.5925044263462693,5.497423854158107,7.1038109436118955,3.855813786845915e-12,3.4110101650272735e-11,16.680140672744663
212694_s_at,-0.46998150368755665,5.395122665574597,-7.111580926575906,3.662424498022764e-12,3.264189155350905e-11,16.66910427303041
224832_at,0.5511115510386326,5.1647783715392634,7.087892411608005,4.283897696920814e-12,3.749460459731428e-11,16.64767073692982
40472_at,-0.5273800633111065,5.072758347096548,-7.10468100803903,3.833668960529072e-12,3.399842348853307e-11,16.644413656798555
209815_at,0.9383493703365533,4.865052857323503,7.059054017120671,5.181609549454834e-12,4.45868137375981e-11,16.635914050723915
220607_x_at,0.5737204635835734,6.7832318127514855,7.110061573011069,3.699474518053399e-12,3.2890017022328686e-11,16.6272135147886
203814_s_at,-0.5862708747800555,5.244426733561276,-7.099476458364042,3.968022424720632e-12,3.504486746581379e-11,16.596189146359748
219599_at,0.6471564332441603,4.187444571077405,7.037744636169066,5.961379389565321e-12,5.0645723553063666e-11,16.592462373931177
201002_s_at,0.4029957919766841,6.933948177321634,7.106917789207851,3.777310860539503e-12,3.3554171848225283e-11,16.58964494095299
219013_at,0.46660464391153145,5.072346287747921,7.077415482013888,4.5907931512359705e-12,3.9984688641618655e-11,16.58568497887874
222436_s_at,0.3140507296792469,6.044043001583886,7.096538227256391,4.0459049632485185e-12,3.5626137362385904e-11,16.565865763675315
212474_at,0.498118277932099,5.901777160859319,7.0943804392757865,4.104055760682601e-12,3.606788298949361e-11,16.565390172025893
218021_at,-0.44306953649739944,5.442738368636935,-7.09520912235401,4.081626818963699e-12,3.590022012443194e-11,16.56122254619647
220349_s_at,0.755884988964526,4.8113240243642075,7.050396215271841,5.485524304387185e-12,4.7050778120816583e-11,16.557872114521366
201970_s_at,-0.3925715633490915,6.158384841886908,-7.099028867188599,3.979790669053198e-12,3.511984961908312e-11,16.552074215776187
203252_at,-0.42778679511149265,5.085122327778144,-7.087668860706727,4.290230442909623e-12,3.751937855909452e-11,16.53664144326825
202510_s_at,-0.5750914201769186,3.7408905682372997,-7.041469759926629,5.817205817605731e-12,4.953873284897471e-11,16.52975704161873
201953_at,-0.4502196087497048,6.989691305160107,-7.106780179737945,3.780754439078573e-12,3.3556936458863924e-11,16.528070376529165
201536_at,0.3882947169690636,5.64041539886095,7.080983263184489,4.483931990644211e-12,3.9122657539389626e-11,16.491765269208074
205633_s_at,-0.4393865608307189,5.457450040027253,-7.084507212104574,4.380785193292335e-12,3.8280058544649905e-11,16.49128246001836
202105_at,0.38300118356153684,6.768387047446563,7.08976628598321,4.231174711477577e-12,3.7063429831610205e-11,16.48888803485983
201590_x_at,-0.32050189537790835,9.757894678922804,-7.1766836414538115,2.3755608588057432e-12,2.184496436084629e-11,16.47806829672038
204670_x_at,-0.7863013404789939,7.437929580837595,-7.111989761975873,3.652517338027296e-12,3.258069795361067e-11,16.471988857974992
235327_x_at,0.3438920716133827,5.586869755081808,7.0770886047635075,4.600707961712384e-12,4.0038492602619636e-11,16.46818527316681
227112_at,0.4707321278900275,4.481081107232175,7.025397807952552,6.4648040164666315e-12,5.4662545720921085e-11,16.424879729663722
213593_s_at,0.9214612934558788,3.9932849675746254,7.000279087431412,7.621365991143129e-12,6.373746593529769e-11,16.405718061489264
201534_s_at,0.4979011343283214,5.782180315274028,7.065839174422917,4.9550543803954015e-12,4.2774776452196566e-11,16.38901977821602
224577_at,-0.38944793408604084,4.456636854198496,-7.0456447806429034,5.659690424832707e-12,4.835108733750621e-11,16.385755252739557
202863_at,-0.43929705659080626,4.455026944937456,-7.046967381763827,5.610671264116135e-12,4.8008882789517695e-11,16.385316003493003
209846_s_at,-0.6595310693709049,5.514206271647393,-7.0674482779815655,4.902771762361051e-12,4.239176262322352e-11,16.37173452050173
213531_s_at,0.3440107470029673,6.443286907179735,7.069071319544417,4.8505856744671416e-12,4.200834626561559e-11,16.37145107337055
233702_x_at,0.42133823024277345,5.671156555355356,7.060639231185912,5.127784869398432e-12,4.419465752684264e-11,16.359729924764792
218654_s_at,0.4054692348733431,6.621516879820672,7.067283913117844,4.908087303434727e-12,4.240349942072276e-11,16.3530069199378
226895_at,-0.5815000322912566,5.140531913284295,-7.0578409740576395,5.2231721619662685e-12,4.487236838103018e-11,16.33462132241808
217935_s_at,0.4620652064449068,5.2551657575766395,7.04425480267533,5.7116603836933315e-12,4.875618939482602e-11,16.322916957466937
224569_s_at,0.3760236200080039,7.787339549813827,7.076746785755774,4.6110984986302e-12,4.0096345954403685e-11,16.31037834882124
200848_at,-0.29851678471184434,4.976619224101693,-7.048263763112527,5.56302891532686e-12,4.7639271598638405e-11,16.30199163965237
229765_at,0.7729781171700608,3.874224395920742,6.983008467211534,8.53217065435686e-12,7.091167123361136e-11,16.296226638900045
202033_s_at,0.580258263088795,5.616353223497653,7.046308476047502,5.635039699065139e-12,4.817891484124887e-11,16.288021239373652
221872_at,-1.1266905485807672,4.491686529016156,-7.040008483113475,5.873348516651534e-12,4.993744655467293e-11,16.274144784082623
225941_at,-0.5990822162513861,4.206291545436456,-7.021679598459275,6.624432682863926e-12,5.587995852875688e-11,16.267236736382944
210143_at,-0.8841511174083199,0.9197581994658471,-6.970585559266134,9.252629895697829e-12,7.660233699583527e-11,16.264837868202676
1560587_s_at,0.6445575386327881,7.905966715864403,7.068002963259424,4.88487504058979e-12,4.2271135953019724e-11,16.261448829092544
201120_s_at,0.4453630888109205,6.696996832848763,7.051630468608307,5.4411509443839e-12,4.670757216921852e-11,16.24923048421885
205726_at,0.7288916572407412,5.037463236656116,7.013719020759207,6.9793293162846065e-12,5.878109667087814e-11,16.245772787720526
207655_s_at,-0.705379349314201,4.365539097639957,-7.026242710083992,6.4290615198644485e-12,5.440326703183874e-11,16.236541848894838
201578_at,-0.5698235187511825,5.1759587312085165,-7.041689072696838,5.808825401932772e-12,4.9506719594992674e-11,16.227933675809147
200868_s_at,0.48035198565038334,6.030040029066619,7.0425522558518745,5.775956407712195e-12,4.926578104762798e-11,16.22328685500586
217962_at,-0.2975916303921919,7.785374578181726,-7.071674110451206,4.768035196770329e-12,4.139380961345262e-11,16.212541073603944
204444_at,-0.5766202146110964,3.9885834577388573,-7.002004263902056,7.535814512038596e-12,6.307123505271052e-11,16.20411658512823
208819_at,-0.34842547640110066,6.539525699598768,-7.048381059004064,5.558737928434468e-12,4.7639271598638405e-11,16.199535768079148
207667_s_at,-0.3750970529078316,4.984711072235648,-7.0300277667500275,6.271308858297316e-12,5.315231946118604e-11,16.178812744982167
216520_s_at,0.16532792366957202,10.642980460788747,7.149626245537849,2.8448978616795185e-12,2.5784594578826296e-11,16.163918053726626
211495_x_at,-0.49449631304366387,4.1494471490522695,-6.99992577083395,7.639004333343853e-12,6.383514307575093e-11,16.163096103485216
210889_s_at,-0.8424004745537639,2.3174141746292323,-6.957022903841186,1.0107499501157594e-11,8.310179751028497e-11,16.16164388464702
221478_at,-0.6146839030049086,5.841354427061534,-7.034682637546183,6.082512879795547e-12,5.1633883107170915e-11,16.145496448008366
212268_at,-0.5859264905522038,6.7026720073171875,-7.040833668065584,5.8415795350577504e-12,4.970678439958195e-11,16.120603242178095
219299_at,0.625942572077104,4.114951321601539,6.9605801035487325,9.876057549476205e-12,8.126129379995284e-11,16.111415227349212
218412_s_at,0.6027061170331552,5.815287859117382,7.021854286863976,6.6168470632109584e-12,5.5859954758218275e-11,16.110056435539647
208815_x_at,-0.34298515620716036,6.136120292401877,-7.0297151146255095,6.284194051302488e-12,5.321942361391585e-11,16.108114233661816
209312_x_at,-0.819410571750258,7.681539527468688,-7.060399019709832,5.135905586780721e-12,4.422906475175391e-11,16.089590801516966
211419_s_at,0.8466301788354853,2.6146062863489243,6.942045937867298,1.1141792614897982e-11,9.104654788970411e-11,16.088954034418634
203049_s_at,0.6479520598122975,5.014189144838024,6.988545307658096,8.229101476383255e-12,6.860573082995628e-11,16.07560774097079
214476_at,-1.0251590238300339,2.9163219271416363,-6.951549623610945,1.0474051354100843e-11,8.585196033395741e-11,16.057981074431645
210212_x_at,0.4661498880509952,4.421271867821502,6.965005776150102,9.59536812195859e-12,7.913408675176473e-11,16.05490552862501
204639_at,-0.5762615558836677,3.5268169191190246,-6.956794151571273,1.0122563794797048e-11,8.314502774226488e-11,16.039452971676248
200630_x_at,-0.3267759957489252,8.23386276823999,-7.058183796971434,5.211392883265718e-12,4.4807104300502115e-11,16.037117513259606
202239_at,0.43344210180858805,7.039348183715872,7.019944819956588,6.700228564584834e-12,5.647486122139837e-11,16.02148170348204
219117_s_at,-0.5252607649121702,6.7125015475358865,-7.024757259842271,6.492031656269929e-12,5.484947565742882e-11,16.020412958455154
225056_at,-0.616238589835621,4.953767149601909,-7.006134457548174,7.33481359440642e-12,6.158139344582757e-11,16.01673606681078
224759_s_at,-0.5680683285663788,5.287319437771104,-7.0076794114077305,7.260988400826732e-12,6.105727530459715e-11,16.002080691299096
202956_at,0.5029784258453505,5.7321911079760035,7.003172785331831,7.478404326157614e-12,6.2639675954751e-11,15.990587167170133
217960_s_at,-0.4790230689132899,5.122947513050931,-7.003677370660558,7.453746796929068e-12,6.249380156129685e-11,15.990367725708168
224129_s_at,0.2915987960928299,6.6960457732408365,7.003648503914168,7.455155268863751e-12,6.249380156129685e-11,15.934447232689836
203226_s_at,0.46693524410134335,4.690478104588692,6.953124727557234,1.0367247083604381e-11,8.504159112301205e-11,15.90475672120993
221726_at,0.38024828046188947,7.726428458786942,7.012409360649895,7.039479300197073e-12,5.924111684447073e-11,15.902754163169261
203312_x_at,-0.35327464822548,5.577036669027026,-6.991363159019939,8.07894819881146e-12,6.740636452793395e-11,15.888496468302932
201417_at,0.5565198543686127,7.694085976532517,7.006322685619062,7.325779861767692e-12,6.155378796793512e-11,15.880862836580675
226430_at,-0.5724510018033433,5.41621435281861,-6.986487581510738,8.340479329510197e-12,6.942622770554992e-11,15.858818021894065
202145_at,-0.7750258113005328,4.552421096949526,-6.9691346055044585,9.340579759102307e-12,7.71815550469955e-11,15.826716346422181
204040_at,-0.5782503946900301,3.6248149876694415,-6.925584142803973,1.2398729816021996e-11,1.005507891892836e-10,15.820411978452658
226353_at,-0.5457418622514285,5.930391611211341,-6.984353561946278,8.457551104262223e-12,7.034607529500093e-11,15.820398744751714
218774_at,-0.36715520654884615,4.58981368777442,-6.961882694250838,9.792616097325188e-12,8.063666122263239e-11,15.816838060368031
1555889_a_at,0.3955768595542287,7.106245510310973,6.988041601027463,8.256229597280471e-12,6.877837299818482e-11,15.80928610011828
201322_at,-0.299090492117179,8.535325006834858,-7.030932328714959,6.2341756005158415e-12,5.287943246898354e-11,15.803237986898136
225205_at,0.3785773068109096,5.5175676423565925,6.969075073098106,9.344205814986761e-12,7.71815550469955e-11,15.78489997503028
201356_at,-0.2496956168076673,5.418175476033744,-6.9709954427121055,9.227932452470516e-12,7.651613031216459e-11,15.769673888582075
203923_s_at,-0.702925102057199,3.552097299377234,-6.915316626625038,1.3252167596020586e-11,1.0682503495573253e-10,15.748218769787067
203595_s_at,-0.5239680905598016,4.574738975993527,-6.951005670428223,1.0511186109317215e-11,8.60904715513114e-11,15.729925251395553
221741_s_at,0.4315376793041496,6.795595382437343,6.970346136742426,9.267086284102948e-12,7.66627763409999e-11,15.721208046154274
224857_s_at,0.47842617040144814,6.263545159556094,6.963508776867299,9.6894238081197e-12,7.984830558183566e-11,15.705912452261742
200838_at,-0.5007848243187187,7.709728254170824,-6.993538021839504,7.964901253948903e-12,6.650661506902152e-11,15.696825160500458
1554436_a_at,-2.1966598943256432,5.321754669413058,-6.970613290927651,9.250956883867605e-12,7.660233699583527e-11,15.693543028777967
217797_at,0.3031934606168203,7.369812255948988,6.973280942662275,9.091402945602123e-12,7.544244752613131e-11,15.684409225949484
214662_at,-0.40538077905856557,4.776558238733949,-6.947407957436983,1.0760073122926287e-11,8.799439951596131e-11,15.677812155435198
208012_x_at,-0.3985801529602801,4.500986351825436,-6.935525839116364,1.1623909527693941e-11,9.4841540571352e-11,15.66766704726875
1555790_a_at,0.5364339153775955,5.087285419083636,6.93196665848343,1.1895672588097107e-11,9.69112855028778e-11,15.666907985947258
225865_x_at,0.5681290130195812,6.678090627894031,6.956707441592141,1.0128279772580572e-11,8.314502774226488e-11,15.64610012085355
225530_at,-0.38013772560056847,4.474569464259664,-6.928836298878758,1.2139844399747014e-11,9.86753816801895e-11,15.637900484163788
230097_at,0.9110054522186612,4.325248534819371,6.882852948758227,1.6348110350207254e-11,1.3031049567096005e-10,15.623039555911896
226062_x_at,0.4516987140179058,4.7643847413512725,6.910275152592741,1.369207891100317e-11,1.1003994101543657e-10,15.606146253654497
222483_at,-0.40489108922658,4.5065846545597905,-6.92474719140656,1.246622728245049e-11,1.0094534608986552e-10,15.597738964124863
204890_s_at,-0.6508561595339662,2.9800890504464417,-6.873266146504083,1.739115072457556e-11,1.380398384160733e-10,15.592171336279225
222680_s_at,-0.5238520255937208,4.174053632410186,-6.911416645003291,1.3591234836847168e-11,1.0947586376476972e-10,15.582554489357333
212812_at,0.40684264297989786,7.048527217891289,6.95042052550926,1.0551277353958832e-11,8.635281458591366e-11,15.574481967712824
224511_s_at,-0.3538633968544348,7.46391432376055,-6.965474326921216,9.566114055434431e-12,7.89536054513629e-11,15.570656400306154
202136_at,0.3169078458542446,6.0702933871513345,6.937448170639661,1.1479675014706118e-11,9.373609636627031e-11,15.543503335022475
218094_s_at,0.4927773039730224,6.62605416573083,6.935313149202601,1.1639976827611694e-11,9.490035902146429e-11,15.510089168811382
204597_x_at,-0.8137018428925897,2.94287144657013,-6.861083071042482,1.8811359437674045e-11,1.4828998797336427e-10,15.507283216460381
219126_at,-0.30158327614179364,5.509131134163061,-6.929862271969737,1.2059279825676188e-11,9.809496186216325e-11,15.50123471693373
225364_at,0.43506091359923404,5.788012625753619,6.927065549158412,1.2280137993055451e-11,9.966448357545685e-11,15.496513520699754
203936_s_at,-0.8643581235303839,4.927299016422683,-6.9244046353715625,1.2493957308312135e-11,1.0109347782775523e-10,15.490803424647467
219607_s_at,-0.9734117099856534,3.18943238317494,-6.868111713132651,1.7978682585508113e-11,1.4245978294271332e-10,15.49024828165952
235501_at,1.175849777209602,4.394356270218581,6.855978205190814,1.943975151825991e-11,1.5290606315353775e-10,15.472424767237914
204959_at,-0.8420008431716882,2.68462456880426,-6.850388526323216,2.0151471227886823e-11,1.5804005217009629e-10,15.466391256631274
208246_x_at,0.4763075910677559,5.724004880812359,6.91724929325843,1.3087232774869297e-11,1.0565450242439697e-10,15.441652233212178
209239_at,-0.27914950190217586,5.159296500512026,-6.916328351416243,1.3165573435806612e-11,1.0620691883870199e-10,15.439014254738828
212070_at,0.6256877693606103,6.890221220466707,6.925271968931332,1.2423863565812397e-11,1.0067840422129214e-10,15.436376152046247
1552613_s_at,-0.5151018877733256,3.882704320849543,-6.8732308690112065,1.739510705327163e-11,1.380398384160733e-10,15.432086811209555
217959_s_at,-0.3911382021092691,5.850965414622444,-6.92131475672537,1.2746837580667057e-11,1.0306178943523485e-10,15.42853948413141
225261_x_at,0.567518513141985,6.515363397118562,6.919258479945262,1.2917905311023518e-11,1.0436615354222847e-10,15.415659296346798
224662_at,0.4419032219025543,7.4469494821930695,6.93022055037986,1.2031269903657866e-11,9.794148516556742e-11,15.411896970635702
200931_s_at,-0.44201291849949464,6.6972030367638515,-6.928102048614742,1.2197825750525294e-11,9.90714990639708e-11,15.40983137036657
215600_x_at,0.45085710466507184,4.9587429683755415,6.886590840548657,1.5958293165648332e-11,1.2748784092736062e-10,15.396605913360032
203379_at,-0.448180277448054,4.667377836656243,-6.900036086920465,1.4630126174088074e-11,1.1749066094678076e-10,15.39636102128384
206312_at,1.0649107023224347,5.772673116128277,6.892111337636393,1.539921314680861e-11,1.2320520570706546e-10,15.349228897715811
203159_at,0.7169406315427644,4.958193760817092,6.867603769331656,1.803762508805488e-11,1.4282119554200439e-10,15.341892048082125
218484_at,-0.5905667076469618,3.5943965263794384,-6.847238928412795,2.0563706026313186e-11,1.6103726802623767e-10,15.330191873765168
218053_at,0.35638018496250834,7.116371895671786,6.910392977398225,1.3681635870765276e-11,1.1003856237500632e-10,15.311147448973871
224818_at,0.4083194903749333,5.913451166323962,6.8987614734438685,1.4751229047086025e-11,1.1828586585436572e-10,15.308473982296434
209476_at,-0.3696203609996328,6.770061073640736,-6.911113564624694,1.3617938836089756e-11,1.0960854902406429e-10,15.299969884571848
216396_s_at,-0.3724358781324625,5.341660368514457,-6.89648282814118,1.4970184342564896e-11,1.1995182113829299e-10,15.2965066650749
213432_at,-1.166521988973256,4.426973484394387,-6.883318501030106,1.62990537209125e-11,1.3001620440218588e-10,15.283727011288468
218689_at,0.4519692830031666,4.917009948104954,6.865570668209507,1.827545452861399e-11,1.4427777771926432e-10,15.279074188557702
224879_at,0.4499236886174058,6.762963285078658,6.8992041999563005,1.4709053785784465e-11,1.1803602487423894e-10,15.271690054441518
224549_x_at,0.7040322735088338,5.522146503301709,6.881788793098341,1.6460788732990477e-11,1.3111110014611671e-10,15.269736779042947
227278_at,-0.4418661111372972,5.08477580710389,-6.888295743648937,1.578353746886097e-11,1.261858484357519e-10,15.260565102499367
213274_s_at,-0.6105490609486722,5.374158999450437,-6.892204062640151,1.5389988768860697e-11,1.2320520570706546e-10,15.260487769486616
215373_x_at,0.4326805694574029,4.768602174632195,6.853687353506144,1.9728404459689856e-11,1.5506265368793647e-10,15.244967222593655
212998_x_at,-0.9678649933212639,5.074807051692551,-6.8847699942951355,1.6147031641959902e-11,1.288995156336188e-10,15.224204652519466
215157_x_at,0.2782110434668293,9.937814066974596,6.973665660722142,9.068616919170911e-12,7.53117000426961e-11,15.219747707776545
204621_s_at,-0.7677111759673323,3.430407413140368,-6.8253357675553925,2.366856498301021e-11,1.8414040425779838e-10,15.20399001559007
227249_at,-0.46384666110969264,4.563342340146854,-6.865813441414425,1.8246894161803758e-11,1.4415853772522393e-10,15.200113042371804
39248_at,-1.064846067691268,4.413877842232743,-6.8674156284789145,1.8059505334809918e-11,1.4288883356855143e-10,15.188770686991605
1566766_a_at,0.8392043921790087,4.166159318309744,6.807969715127784,2.6453338730775243e-11,2.0446942122856793e-10,15.169568523073664
213710_s_at,0.5267176146828794,4.437286436497727,6.822607328264711,2.408620554208807e-11,1.871178534970192e-10,15.16614119876523
212322_at,-0.3021043331431198,5.3989093994865796,-6.874577644485804,1.724469315671528e-11,1.3715100058492264e-10,15.157077589238572
226458_at,0.681400891361278,3.8498306047120536,6.798988188770568,2.8017306165740237e-11,2.1609028146405698e-10,15.140487309104683
1568513_x_at,0.4781252323905213,5.937483467924059,6.8706299217707505,1.7689247750595263e-11,1.4027010447973876e-10,15.132136554350113
242110_at,1.010744889366533,3.8220836485008656,6.792441603164019,2.921410798027465e-11,2.24673897195034e-10,15.125597345365776
232203_at,1.2120340197446138,3.677803831367922,6.783326542372562,3.0964408186195675e-11,2.3745290257603025e-10,15.086438527505639
201890_at,-0.6402609226444342,6.981259513455301,-6.878135327137574,1.6853471159105524e-11,1.3413910588967125e-10,15.04874722703368
212055_at,-0.4256765758716834,4.892518312698881,-6.85039936847262,2.015006626341514e-11,1.5804005217009629e-10,15.044243269114983
50277_at,-0.2667772198928112,5.681203434348791,-6.8587017792017715,1.9101966702519772e-11,1.5047012447359876e-10,15.044057096798909
206918_s_at,0.6884249830442898,5.644260021983287,6.849346386189853,2.0286965346361126e-11,1.5898629096969037e-10,15.043831225703286
216187_x_at,0.45347908942801834,5.819451991936526,6.851238012304484,2.004168272457746e-11,1.5740949195630376e-10,15.015967252910077
225955_at,-0.4633591115128448,4.3509752968001685,-6.819177735199249,2.462144451391446e-11,1.911373442591055e-10,14.965178005678379
202953_at,-0.8088576642948775,4.746735018289095,-6.837004310334557,2.1961254479056722e-11,1.717305979811202e-10,14.960118541186446
223276_at,-0.5374921812526938,4.682920401333826,-6.8307657635545995,2.2858440825054497e-11,1.7835577316737715e-10,14.946229427227856
201270_x_at,0.3406095330245089,5.283698345261304,6.830214883665634,2.29393721218645e-11,1.788569821990789e-10,14.938072528720854
208726_s_at,0.46021553437660917,8.287137368647215,6.8667191463842485,1.8140731269598932e-11,1.434255749750652e-10,14.908075529718802
219260_s_at,-0.5660266420408553,3.8762339454152217,-6.7901650991913804,2.964192838127975e-11,2.2780055864322092e-10,14.907452592092106
208510_s_at,0.8025577023572344,5.333884013808599,6.809138671901201,2.6256196332824527e-11,2.0323889545776674e-10,14.882058535537421
218400_at,-0.6040767842605309,4.963883625312302,-6.826808670641096,2.3446071803103137e-11,1.8254198199610749e-10,14.878744513068956
226050_at,-0.5302728946125229,5.693837377822049,-6.831679460067356,2.2724824725140533e-11,1.774424542860281e-10,14.86551618036987
204924_at,-0.5306531283095389,3.5550027014569077,-6.767451615354002,3.426167161934404e-11,2.612421979060731e-10,14.85261417942972
201752_s_at,0.5686844725844963,7.0065511001157486,6.8340625060019,2.2379932849292456e-11,1.748768932271846e-10,14.850025286511398
222388_s_at,0.31773284410301694,7.399269509803858,6.839678639011458,2.1587321803483007e-11,1.6892986010278557e-10,14.835451604525156
207265_s_at,-0.6193781390212845,5.570582034245994,-6.823016179062525,2.4023165318604222e-11,1.8676354866343038e-10,14.81420421095657
210347_s_at,0.6721894078263145,4.546483571425906,6.76208020536494,3.5453507573891504e-11,2.69562403576366e-10,14.790692836754431
211990_at,-0.8308868672133756,7.924959677062901,-6.8633489272317485,1.853887217386984e-11,1.4624958586057997e-10,14.782328861830624
231250_at,1.2190851456133855,3.468925006639274,6.732299773793639,4.283737120434356e-11,3.2159548543246854e-10,14.782028208414724
201592_at,0.3497508378664154,8.57294467833332,6.85598980406603,1.9438300634708797e-11,1.5290606315353775e-10,14.774778016770396
216210_x_at,0.360713464852852,6.483373343404999,6.816489412952476,2.504914429985964e-11,1.9431678702707917e-10,14.762762863858763
207657_x_at,0.35957454357855045,6.186928843714705,6.8093160489166396,2.62264083177349e-11,2.0315510651330008e-10,14.73113308996125
239595_at,1.1127709390418432,3.7060537510553075,6.7237682599979145,4.521757635931629e-11,3.3875237450164713e-10,14.71648143353806
215702_s_at,1.3433248401776032,3.426594468935484,6.720470975285511,4.61718420678816e-11,3.4541825703436843e-10,14.713800493152746
202690_s_at,-0.4130459113369115,6.528187351443687,-6.811104546847182,2.5927902284094728e-11,2.0098814556404255e-10,14.688284302315129
200888_s_at,0.2680669219383832,9.46195503310598,6.873296378475921,1.7387760948097603e-11,1.380398384160733e-10,14.685155860834582
201198_s_at,-0.28220278677257093,5.482370847202716,-6.798157902536601,2.8166386372668582e-11,2.1708381094273276e-10,14.67318110891927
208884_s_at,0.42724855445363685,5.692354086088892,6.794791554435534,2.8778842305198107e-11,2.2164467118302466e-10,14.670167765987784
228912_at,0.7643297991385678,7.071780369639518,6.804628704731714,2.702483952086765e-11,2.085858110857746e-10,14.670013106758603
234969_s_at,0.3850132071246559,5.710143523455857,6.793707235063843,2.8978886796096024e-11,2.230250102346097e-10,14.659448972565773
209642_at,-0.5809237340356564,3.883723193707564,-6.751395006275035,3.794661312212507e-11,2.8729474655641404e-10,14.655811699290911
209563_x_at,-0.26974622933198744,7.907219208691279,-6.827200793666207,2.33871855421885e-11,1.822159408825203e-10,14.636424817579359
218276_s_at,-0.41218743143068326,4.062903845186406,-6.750002361657681,3.8283964638649824e-11,2.896441477216494e-10,14.633265035692627
208953_at,0.42128747144878037,4.883337452718288,6.760072818734985,3.5909281589501444e-11,2.726407751015797e-10,14.622699662691101
211919_s_at,-0.7639074821513796,4.742263746938207,-6.782348639593727,3.1158192403806455e-11,2.387680366394696e-10,14.620287942016764
215160_x_at,0.5333764762060704,4.747959827386765,6.7480852864635885,3.8753171356871446e-11,2.926443878987978e-10,14.61664649347933
212534_at,-0.320416428143273,4.948713892625738,-6.781899426003462,3.124760842484009e-11,2.392820793819241e-10,14.615791213772352
204364_s_at,1.5844488543246387,2.9628403615015846,6.701357939049089,5.2105224277573616e-11,3.8737214967775586e-10,14.60956366016012
225824_at,-0.31317587582665674,5.76670311465319,-6.785714668189952,3.0496127527246814e-11,2.3419714279526534e-10,14.581160307955468
201973_s_at,0.25371946258159106,7.979588616153018,6.807989678108849,2.6449959847791025e-11,2.0446942122856793e-10,14.56346173438212
207847_s_at,-1.0691989796638273,5.275774459584392,-6.781534728647549,3.13203866577093e-11,2.396680730457427e-10,14.558842514823908
207318_s_at,0.326769968777468,5.19306283128535,6.76475105215327,3.48558873145644e-11,2.6520676193247754e-10,14.545018713488854
201271_s_at,0.4029675139428735,6.128481041825766,6.775953902719147,3.24550576752088e-11,2.479964571144878e-10,14.52680425568016
218633_x_at,-0.3143108659678339,4.996153347112679,-6.768148103254941,3.411004025247129e-11,2.60271268678579e-10,14.52385646134322
208970_s_at,-0.36304931177095506,5.098990285956427,-6.764941853392043,3.4813574598606804e-11,2.650730807923772e-10,14.489523506486394
227759_at,-0.5876136188306298,3.8435017326373657,-6.7216457613154255,4.5829603515358933e-11,3.4309751394831603e-10,14.485919592522619
223239_at,-0.5934925576981903,6.7905513111666025,-6.784378026552676,3.075736249577874e-11,2.3603411491209e-10,14.484236680849174
229872_s_at,0.5537363717729745,5.617919629653409,6.7593295802553985,3.6079487128562544e-11,2.7373905496337855e-10,14.468669702126713
202963_at,-0.3215025501506613,5.134389620078669,-6.760172029783581,3.5886621427012035e-11,2.726407751015797e-10,14.458206666673682
218676_s_at,0.49867251548144215,5.027875414489786,6.737643604445639,4.14095756884959e-11,3.11750375510089e-10,14.456334612830657
200084_at,0.2597570684640368,7.17610310427283,6.771191866271276,3.3455078442350377e-11,2.5545563460648584e-10,14.424319700610207
216251_s_at,-0.3466808055031463,4.846531297825935,-6.748047507674067,3.876247423022441e-11,2.926443878987978e-10,14.41979935340284
1555935_s_at,1.2331393962724142,4.095228526441879,6.678050212441235,6.035942350473732e-11,4.4411435714715034e-10,14.413540596971778
204143_s_at,-0.5094104554705271,4.845787456900065,-6.7480615097622865,3.875902601737119e-11,2.926443878987978e-10,14.405929327694167
215823_x_at,0.3392969099850945,8.836103556431233,6.805920988026421,2.680236333453522e-11,2.0701782148729332e-10,14.40444346644274
202387_at,-0.37988295334047406,5.210656689407321,-6.751855958399023,3.7835596827197905e-11,2.8665682376928655e-10,14.397980589245742
224666_at,0.3407572080304762,6.192905714491797,6.754676512480438,3.7163199561040255e-11,2.8176175293519054e-10,14.389367495756321
212194_s_at,0.5040627887185295,5.292612460731616,6.737680574664271,4.1399862267043356e-11,3.11750375510089e-10,14.386486817013218
207480_s_at,-0.8629862379071606,3.212618337785158,-6.684068186032132,5.811294130466411e-11,4.281732738630445e-10,14.365032366577033
218187_s_at,0.6883615665036964,5.423233854039167,6.732536629085385,4.2773076096445695e-11,3.2133798332484063e-10,14.35997286023751
205174_s_at,1.4839864211286462,4.113034671174019,6.666029605817305,6.510460351960815e-11,4.770626658724774e-10,14.35296811474633
202425_x_at,-0.38096409148495225,5.395018252460462,-6.746268538574094,3.920302799951259e-11,2.957619992667453e-10,14.351622483499629
208816_x_at,-0.3276254053373852,7.52777688312508,-6.7655582171930915,3.467723184456523e-11,2.642227487559227e-10,14.303395520155732
214106_s_at,-0.5539265398640792,5.783325833855803,-6.741852858112308,4.031789426265738e-11,3.0395890305126565e-10,14.299584925114388
202089_s_at,-0.4699767440830225,4.359064504809634,-6.710138526148576,4.929191649199172e-11,3.6824567739100926e-10,14.28140957839144
218175_at,0.5273776305341034,5.003400845266731,6.700897241695807,5.2257103141214404e-11,3.882318626573023e-10,14.244767612460272
227765_at,0.641643856431951,4.517160649605955,6.671588791270036,6.286628143767617e-11,4.6160827487445155e-10,14.233319249744019
200976_s_at,0.4034399737884129,7.137481169239713,6.7372669534319956,4.15086631381627e-11,3.1227690182523666e-10,14.22612885108857
1552617_a_at,0.32440093195754277,5.038316846241993,6.704691063961527,5.101921288069979e-11,3.800895880326404e-10,14.209494253922582
218796_at,0.6523458041918105,7.531798355285646,6.736729336194692,4.1650499897330314e-11,3.1312407396498225e-10,14.202578680065495
224802_at,0.5107423816034407,6.382968861739771,6.724850347033796,4.490864760310713e-11,3.3667343720929786e-10,14.200895080247086
225355_at,0.6579369423173141,5.259981347882525,6.697776238204377,5.3297507081379665e-11,3.956868976873322e-10,14.178886114817661
202534_x_at,-0.4897228115102459,5.424792228897295,-6.715663951949847,4.759853384864398e-11,3.5584305172402164e-10,14.156579565946785
225834_at,-0.6070519368925972,4.340959934531611,-6.688784559321388,5.6409853154930794e-11,4.167715564474301e-10,14.130777111927994
201529_s_at,-0.3743553505651838,4.508262852690807,-6.686545463806452,5.72121996451946e-11,4.2211728291940066e-10,14.110500937916024
231576_at,1.1207304932847524,5.029511036565307,6.6567768965541125,6.900456101047057e-11,5.046046840308336e-10,14.103657179218699
209201_x_at,-0.7447855390864373,4.6953737617967946,-6.697452124237652,5.340670987049676e-11,3.962230490599943e-10,14.101072107377979
201114_x_at,0.41329731943068854,7.863804105230843,6.7288731259121315,4.377822357922377e-11,3.284286479021178e-10,14.099375632389208
231825_x_at,0.3875252240008405,5.522071937651549,6.696368025843906,5.3773569251296233e-11,3.9866868331428135e-10,14.073486318086802
221766_s_at,-0.6286535716607413,5.660582725654936,-6.70348961318028,5.140809014567309e-11,3.8245477064624706e-10,14.065590478211769
228656_at,1.328072262012659,3.897495330750619,6.615450318923196,8.940890941038264e-11,6.424129084597111e-10,14.05568673350799
206239_s_at,1.573987537727349,7.935779215595092,6.708472281187832,4.981407195077916e-11,3.7188721450083424e-10,14.047708645504152
222641_s_at,0.47489829227104585,4.50112913962468,6.642234426909375,7.56016370586467e-11,5.494710568584003e-10,14.02950743970977
218738_s_at,-0.44420696535708776,5.621247852584717,-6.693618130013248,5.4715258996944766e-11,4.050895436311467e-10,14.011999766771709
203396_at,-0.2994385380814245,6.8197024622458375,-6.704988128289161,5.092350699829244e-11,3.796405918390445e-10,14.009159807495742
201003_x_at,-0.3429832492658244,6.098790084028764,-6.694290911567903,5.4483384050813606e-11,4.0365179345530166e-10,13.996494717109039
200867_at,0.37824010922222695,5.708718444624638,6.683258763355126,5.841025236027206e-11,4.3006806428563205e-10,13.973826752556654
210427_x_at,-0.30606758789304983,9.718599333135362,-6.777415238987072,3.215410453152494e-11,2.4587217833420894e-10,13.932484219891991
235028_at,1.146142593683602,4.500571878296258,6.607676512456519,9.385989291754802e-11,6.725893196158474e-10,13.926835613385428
213090_s_at,0.5812424417742865,5.0894569302804085,6.650915875521797,7.159252033106342e-11,5.224595846775766e-10,13.925385365350568
228483_s_at,0.8388749275045742,3.314110502462126,6.585618961839868,1.0770557461317111e-10,7.606129339689532e-10,13.889909927903037
224932_at,-0.5192924916346989,6.962545412855268,-6.690362640224382,5.5851012569849935e-11,4.13212636506079e-10,13.888490435710516
209071_s_at,0.8052618559479843,6.322153977288914,6.667676549848023,6.443346206855299e-11,4.724679528681781e-10,13.86060892997681
220082_at,1.2558454608890743,4.931751973918682,6.607201350344886,9.413888791255393e-11,6.741376378390309e-10,13.859629486750356
208622_s_at,-0.4799236474785693,6.377544421599217,-6.675566507998657,6.131121437531474e-11,4.504986554202653e-10,13.85470477857009
222988_s_at,0.47946577954277414,5.7842021336409575,6.663166994105312,6.628748995810675e-11,4.85398414163498e-10,13.850502388097919
204319_s_at,-0.4795278192791165,4.724645094901511,-6.653961376677711,7.023610675198144e-11,5.132601716466421e-10,13.84758739543852
238549_at,0.7324648061951234,5.298705758145965,6.640736824688415,7.631515294229261e-11,5.539053072295262e-10,13.836637242771184
230391_at,-0.6144842047834073,3.247699054288141,-6.592441505566974,1.0322190784909069e-10,7.313599859704422e-10,13.830838321576412
222891_s_at,0.9123669844846282,3.988392616775209,6.58307414726182,1.0942641295979895e-10,7.712402381831093e-10,13.824839167319716
212675_s_at,0.5751027391074937,4.457083511046718,6.6029930504287515,9.664557446465478e-11,6.893235947002974e-10,13.818630600227033
215193_x_at,-0.8253738266026464,7.313476307062863,-6.68892007335386,5.6361649527995836e-11,4.16702795992698e-10,13.806170826505955
205403_at,-0.9019913572264697,4.248056564092759,-6.636280166815583,7.847776876286762e-11,5.68831080349527e-10,13.79776135804969
213079_at,0.3295239562026716,4.958543410949897,6.633199450589087,8.000771308711389e-11,5.787458678610744e-10,13.795988355336974
224130_s_at,-0.3423565244667856,4.892014469436022,-6.64455799585287,7.450752803714825e-11,5.418867263149824e-10,13.773621752209959
204039_at,0.6647332805378964,5.522839341466276,6.641142871406034,7.612104664176438e-11,5.528710323208284e-10,13.768678229652318
209020_at,0.5038879483484954,5.115286067637119,6.629637857296067,8.181294268666181e-11,5.913010942236852e-10,13.76838686313365
201093_x_at,-0.34197081250091166,6.994554047145979,-6.668587352156694,6.406522241251409e-11,4.700895395241531e-10,13.764325014897787
226165_at,0.44211247612103644,6.925750091763941,6.659179583290182,6.797036085927154e-11,4.973814725993005e-10,13.762942028531864
211654_x_at,-0.8389907233904246,5.055238537892836,-6.648741069508071,7.257683002589776e-11,5.289221633111856e-10,13.75958274215808
214453_s_at,-0.90017998095507,3.1138159264299436,-6.58238402614143,1.0989770907981676e-10,7.740527004418652e-10,13.758510331907239
202087_s_at,-0.5938979809366682,5.670488229246533,-6.652554803980813,7.085940868919338e-11,5.174620622272179e-10,13.752503515128911
226810_at,-0.6608803514920459,3.6483438040570917,-6.594972077356304,1.0160581210330038e-10,7.218190086622394e-10,13.751423769446625
217773_s_at,0.2718650849930384,8.334604240313228,6.685661977104504,5.753185443755152e-11,4.2418359021988264e-10,13.747507027349341
223105_s_at,0.23534950826204065,8.029295277580724,6.677880349968931,6.04240529361333e-11,4.4428474887082774e-10,13.745843303088968
226335_at,0.5096983625706415,6.112912343846344,6.648347222826368,7.275649750378814e-11,5.298710793732714e-10,13.741872015110928
200087_s_at,-0.21556289059037367,8.139235396574412,-6.6868471711135555,5.710343831148611e-11,4.2160519271602395e-10,13.725664795980109
202870_s_at,-0.62531757481756,5.42468813561784,-6.646152762821966,7.376559447563597e-11,5.368551722944892e-10,13.724298156798856
208113_x_at,0.27919021118697307,9.020326937056671,6.704098021012972,5.121080289432982e-11,3.8125179388947553e-10,13.722366862095697
212237_at,0.4738159858472162,4.805113830237293,6.606875125265773,9.433090396272934e-11,6.746107971646992e-10,13.719507036677033
227230_s_at,-0.6897776840278609,3.6327880154214878,-6.5887055487435715,1.0565395551749586e-10,7.471094557484707e-10,13.711415302540392
216088_s_at,0.4824930183191173,5.703955013652341,6.637174261814396,7.803914025853258e-11,5.660347390586726e-10,13.698028931347253
215604_x_at,0.4014591862525699,4.811510690618328,6.600546219502928,9.813299904422169e-11,6.985374211034864e-10,13.658837284385262
213198_at,0.48699319901849,5.981002653670408,6.633826346076764,7.9694032766871985e-11,5.768663331293916e-10,13.65846710389119
201535_at,0.5233795989456621,5.395812653323203,6.620858648197708,8.643506432257652e-11,6.222976102740338e-10,13.648137682312212
200744_s_at,-0.3398512953225511,5.839624105730673,-6.634127746515393,7.954365030717857e-11,5.761670897503746e-10,13.639765670380362
209377_s_at,-0.44709697290853906,7.023799529423165,-6.649259317325098,7.234107525322212e-11,5.275629266084197e-10,13.633918606836145
209295_at,-0.5265553573001441,5.4515769526446,-6.629558186572878,8.18537779084967e-11,5.913010942236852e-10,13.624389948236182
228046_at,0.5473070415580249,4.298662467443794,6.56214447722213,1.246399524775087e-10,8.714756804955018e-10,13.604457867137754
202226_s_at,-0.369467082985845,5.496015686742049,-6.625542666165173,8.393802568979241e-11,6.059488337026591e-10,13.602313888168458
219352_at,-0.576156031866019,3.795064241186301,-6.572570977960389,1.1681846559441287e-10,8.195653057714113e-10,13.592786279941794
223278_at,-0.7606028963065612,5.287512956900173,-6.623724172199345,8.489894626837994e-11,6.120608421084483e-10,13.591349124241638
226994_at,0.3921012303091739,5.704487155352175,6.620101530212861,8.684546213983286e-11,6.248323948314502e-10,13.587493491464057
226372_at,-0.6035982223844173,3.1933587267543344,-6.548155392998088,1.359449729603936e-10,9.469301009913503e-10,13.575391668390367
212183_at,0.6748364281130772,5.009435153269331,6.584099221432215,1.0873002623915406e-10,7.668365840026711e-10,13.566445357973636
214385_s_at,-0.7903276408861528,2.2398820043542362,-6.531910269428265,1.5033773807354248e-10,1.0404187260864732e-9,13.564595630425615
204352_at,0.7088484198251696,5.555904666714424,6.606359287178047,9.463531008747394e-11,6.754350945816845e-10,13.558210917308553
1553705_a_at,0.7308081284255599,3.7618871410604897,6.536404976411458,1.462125146092139e-10,1.0144913659381532e-9,13.555580674889207
225326_at,0.33254155411186026,5.144848948481387,6.6012185478318814,9.772207021638761e-11,6.960748259495747e-10,13.550838323968364
211678_s_at,0.3608561355316533,6.760618002853116,6.622593771063886,8.550169541063432e-11,6.159917033854239e-10,13.54632700940624
226941_at,0.42222118762162325,5.1389725303239855,6.59660679414426,1.005750498026974e-10,7.149704767991356e-10,13.542496468538008
1554408_a_at,-0.5493794523003529,5.293833099459044,-6.614082268856495,9.017690840994384e-11,6.474967961097375e-10,13.537948322215497
210145_at,-1.138921875027228,2.536663944391397,-6.534409036225821,1.4803050397119518e-10,1.0257767070138513e-9,13.530583893677909
202322_s_at,0.3141134729822218,5.563612147720894,6.609559946157062,9.276197353011871e-11,6.651666816788231e-10,13.529994022610982
234981_x_at,0.3713094047606583,6.977291249695966,6.619751767046442,8.703569677867503e-11,6.257808185167419e-10,13.513720301440774
218557_at,0.38064817891072616,5.81634094317503,6.606565999246893,9.451320979787552e-11,6.75013344376427e-10,13.496502627990292
203820_s_at,-1.3173520662205047,1.8365412188931391,-6.519659781231999,1.6216894515660227e-10,1.1194045808393557e-9,13.492212124258838
243669_s_at,1.4743297531962503,5.038416843464116,6.5439755976682505,1.3951362516853703e-10,9.69895825068486e-10,13.491121053987452
207949_s_at,0.4935350393947477,5.253105967505239,6.5907257630488925,1.0433193663600583e-10,7.387363101001524e-10,13.489784766362039
200725_x_at,0.1926623570804408,10.117078891257178,6.707213629645558,5.0212092626544025e-11,3.7459759631487893e-10,13.484632402482873
203089_s_at,-0.3198438899787504,4.76567080396142,-6.588230109888422,1.0596745961240811e-10,7.488320546357045e-10,13.455202423945517
210445_at,1.4092143336935932,3.783831966334957,6.508688044985094,1.7353641376317324e-10,1.1909645103426488e-9,13.426242594995514
220951_s_at,1.090161943630161,4.781561165405391,6.534515891918117,1.4793261641287726e-10,1.0257618897289022e-9,13.424064316932386
211752_s_at,-0.4198128665244518,5.168432922662714,-6.592875675413818,1.0294285487991585e-10,7.29865522388179e-10,13.421546263679543
209461_x_at,-0.3460480332869731,4.535155612849623,-6.573519385057713,1.1613136409859497e-10,8.15278704841578e-10,13.418701749222429
218928_s_at,-0.41406243587129415,4.711946038196049,-6.580714460849852,1.110461301844394e-10,7.816275904506566e-10,13.410275766295499
200734_s_at,-0.3951717140077795,5.6894584100023895,-6.5947435935933205,1.0175070377760893e-10,7.223693105165835e-10,13.404183277170462
203755_at,-0.5060591154741476,5.0091634812096455,-6.585297719358546,1.0792133135243423e-10,7.616345341097681e-10,13.385261494206446
236545_at,-0.5935461815917962,3.9459485064304087,-6.544701178902918,1.388876159599677e-10,9.661707985578793e-10,13.378267612908854
201489_at,-0.3914888319760214,6.3073545455496385,-6.594474448948143,1.0192164016029094e-10,7.23103662938541e-10,13.36845797534976
201859_at,-0.6883034487440093,7.064088881888605,-6.609672956103387,9.269649800470283e-11,6.651423865535039e-10,13.366682312881597
210177_at,-0.4517349883804531,4.280575648492015,-6.554488372211006,1.307077855843357e-10,9.122296462312628e-10,13.360717072299455
226907_at,1.300131915606892,3.971877757671418,6.498864515885718,1.843742411643879e-10,1.2613034773908604e-9,13.349704104894117
213369_at,1.128150696414174,3.2628102403032,6.49244723368495,1.9180933641201508e-10,1.3088238350203297e-9,13.345467393830244
202632_at,-0.30541850050110003,5.0201676977944345,-6.575031948370157,1.150437314940511e-10,8.081727839316521e-10,13.333865570053947
223110_at,0.38524768334784615,4.644073169033658,6.530486648459187,1.5166795633949525e-10,1.0489469440058184e-9,13.283712559695896
200668_s_at,-0.2355151433308167,7.865751841352581,-6.607051764379337,9.422688658006593e-11,6.743170580709728e-10,13.283710670994108
226230_at,0.4394669038166992,5.020348273101238,6.5469647775926605,1.3695229022893164e-10,9.533267610282942e-10,13.277783552268373
222303_at,0.7663906185366725,6.1277709292547,6.569926317547373,1.1875558485489677e-10,8.326103275854117e-10,13.27226517960619
203698_s_at,1.0662261129746164,3.556263685237654,6.482309821036206,2.0415705651899827e-10,1.386016822869473e-9,13.269876921092786
209659_s_at,0.36373456120190006,6.636140604340763,6.575432750115089,1.1475720605994393e-10,8.066889425985429e-10,13.266641365136277
223363_at,-0.339948869589003,4.945317402370524,-6.562344833712301,1.2448492569594284e-10,8.714756804955018e-10,13.26418629125223
203408_s_at,0.9353972781349442,5.235341196123119,6.530136758611773,1.5199665180394126e-10,1.0505420198552404e-9,13.234356612897475
223299_at,-0.4096862199587909,5.3050562184188745,-6.562197075249219,1.245992361977747e-10,8.714756804955018e-10,13.225820095763103
238846_at,-0.8560446287016983,4.5187237662446,-6.550032533815871,1.3437155317814483e-10,9.367010264655974e-10,13.221274372685356
200853_at,-0.31205607978649036,8.14060561822731,-6.602802086762868,9.676086135019738e-11,6.896866983663769e-10,13.194271247693017
201697_s_at,-0.4401249163429957,5.7560483057220875,-6.560092387362904,1.2623870066712873e-10,8.816135594830184e-10,13.189101004831452
207412_x_at,1.3835990524645172,3.0851063168020536,6.463065521776985,2.2977600199666777e-10,1.5433168083951735e-9,13.182588005900293
223606_x_at,0.7179533250402458,4.05104364859363,6.479308566910865,2.0795978537273813e-10,1.4100463168975593e-9,13.176607897157275
1563792_at,-0.5954567198097125,3.4767646217837296,-6.487301926846203,1.9798218013110227e-10,1.3483681473264453e-9,13.158433801654137
217127_at,-0.6525788914192721,3.308355002921794,-6.482952562099645,2.0335157407991342e-10,1.3823003890343352e-9,13.1579384019828
213418_at,-0.7482541285114586,3.1717319737580434,-6.479950493875832,2.071406446296365e-10,1.4053817136904977e-9,13.152593760234023
232423_at,0.8927134630345531,4.188500626590205,6.474847804022225,2.1374030493289683e-10,1.4464939271927502e-9,13.149849670725557
220960_x_at,0.17456959599861854,9.35790848414494,6.625178448721546,8.412962590361238e-11,6.069230183874744e-10,13.14869078429057
213797_at,-0.8993025780261903,2.4867187158442037,-6.464445051604839,2.2783920971725155e-10,1.5331918679025853e-9,13.137579197030625
208018_s_at,-0.5664516815109816,3.5981286258998235,-6.487194150129153,1.9811353922870932e-10,1.3484055563895572e-9,13.131066218240386
208737_at,0.2813424669797499,7.467762206165769,6.564768104354821,1.226248089876713e-10,8.591756564322581e-10,13.126488765770722
226119_at,0.5577710937118306,5.757037371992468,6.542843360353562,1.4049601285553128e-10,9.760919492356075e-10,13.124423961505173
33322_i_at,-0.5063642055426907,8.513496716809593,-6.60676162630425,9.439779943424477e-11,6.746388427879014e-10,13.115053408458719
204724_s_at,1.2065404155643196,3.095984215485729,6.451616941650322,2.4648385651506646e-10,1.644197730290104e-9,13.111614843437598
205882_x_at,0.5655474789056218,6.869322909888505,6.550011587814027,1.3438901126459656e-10,9.367010264655974e-10,13.106315397742092
44790_s_at,2.203045900779727,5.449908595283584,6.4710477669672954,2.1878853558952169e-10,1.4750670747454662e-9,13.091396146284673
203739_at,0.46504890154626627,5.140273385048209,6.5187729605095175,1.6305997638035457e-10,1.1248303457583634e-9,13.079418587778271
201279_s_at,0.6560094068397831,5.237457075230357,6.516413346080903,1.654542221393555e-10,1.1391459394466038e-9,13.078912082709767
218478_s_at,-0.3053145203188828,5.174486642121456,-6.533877810057964,1.48518088576216e-10,1.0284901634886892e-9,13.067559436107842
222553_x_at,0.6645785841023867,4.633883688037673,6.482844791987833,2.0348641389998792e-10,1.3823398554918011e-9,13.065765999491136
200679_x_at,0.362591897834607,7.917972156989382,6.562059572405867,1.2470570504990238e-10,8.714756804955018e-10,13.06397637840097
64942_at,0.4232526839800014,4.687032944568952,6.485002985389888,2.0080273696197253e-10,1.3658410927451502e-9,13.010220053104797
218254_s_at,-0.3767456461639009,4.956326042937814,-6.520457617952268,1.613713984128971e-10,1.1146175313973994e-9,13.00628111073076
222585_x_at,0.65735092988389,4.4234552326317,6.462625360555741,2.3039735349175372e-10,1.5465205814267904e-9,12.996839979622045
223349_s_at,-0.5307947594563293,3.8997561121804463,-6.476236145156842,2.1192454327495649e-10,1.435112283251965e-9,12.99358600928782
236129_at,-0.6927646140873377,3.4507169887929763,-6.460575726693699,2.3331245147594684e-10,1.5632643173901331e-9,12.98683466798783
218220_at,-0.33333428440592916,4.713462817634141,-6.50854972611916,1.7368459143528168e-10,1.191218327814451e-9,12.983247377097392
206059_at,0.7731775312214415,5.732739309051288,6.515326896068279,1.665681665077444e-10,1.1460788489386422e-9,12.983241706773798
208730_x_at,0.31518098661484006,5.481576477065193,6.518030711390368,1.638094359004956e-10,1.1285469368501668e-9,12.983217870874737
213385_at,1.3523158213980304,4.2058478382062905,6.43962105006564,2.6526650312528887e-10,1.762903255571476e-9,12.980905131646693
226331_at,-0.4125228298046829,4.396890595329844,-6.4961723030557135,1.8745842496712436e-10,1.2807666496637776e-9,12.9797002207588
204875_s_at,-0.6475577122672692,6.905031895434293,-6.538997247375922,1.4388399238793458e-10,9.989819899234887e-10,12.958704892190095
208879_x_at,0.6005995044370599,3.885184567260248,6.438054445359584,2.678206357240257e-10,1.7765711891711997e-9,12.94418508688861
211656_x_at,-0.6735675306912496,4.988341925645362,-6.5119795624176176,1.7004660838291936e-10,1.1685114275857697e-9,12.938305500455133
231941_s_at,1.3385527569606679,4.662214583179682,6.441892701144803,2.61605214126025e-10,1.7407308440572085e-9,12.934244639230524
235094_at,0.9576767303709761,4.663257301811346,6.4519853133458,2.45928189265302e-10,1.6415132034885859e-9,12.934013150089235
213358_at,-0.7512188482968399,3.3656898430856823,-6.44668059254518,2.5404975971373154e-10,1.6925591267495062e-9,12.916962968759515
209732_at,-0.6755480992494104,4.517603812831152,-6.495427839841677,1.8832016143972478e-10,1.285834218931658e-9,12.906802790621425
215446_s_at,-0.8930035733000672,3.223072992754505,-6.442809140423636,2.601422123754865e-10,1.7320717968791714e-9,12.899803008337955
221255_s_at,-0.31939021508323334,5.556094857266245,-6.508978687658124,1.732254587178817e-10,1.1895925251568376e-9,12.89317675874529
226805_at,0.7258039013049716,4.83358070994485,6.46056376733153,2.333295662752565e-10,1.5632643173901331e-9,12.891221578114685
225359_at,0.30954387228840624,5.209691015619328,6.491680442423899,1.927171560409246e-10,1.3141813447908499e-9,12.867649078185323
212190_at,0.8890084899665112,6.204223915529469,6.502017166298544,1.8082574111001252e-10,1.2386100796109743e-9,12.862693858186857
205786_s_at,-0.6396460828226186,2.7831541789042906,-6.418962515636868,3.0095027157608987e-10,1.9719145317398476e-9,12.858687936107746
235308_at,0.758390588709824,4.866211393628392,6.45388135743465,2.430874695570277e-10,1.6245764574949705e-9,12.848171740750065
227337_at,-0.7095415426789126,4.440269287183578,-6.477240908235058,2.1061988312281206e-10,1.4271795116348424e-9,12.810102835180105
203046_s_at,-0.4061213748836758,4.544868576825195,-6.473475462517118,2.1555011518711409e-10,1.4578209494946674e-9,12.800944335500335
203896_s_at,2.094003219555152,4.933353824240383,6.408814211409671,3.20160835695736e-10,2.0888447215642018e-9,12.781803641655866
225846_at,0.5251038762960525,7.2105904282152995,6.500826925312166,1.8215749719108057e-10,1.2469349951489113e-9,12.781136400708995
210982_s_at,-0.870872938198915,7.3012734124489755,-6.518293524774934,1.6354368431000464e-10,1.12744111326453e-9,12.760676128613031
1552257_a_at,-0.3738966593042628,5.7848483877546135,-6.487740241990763,1.9744883679626218e-10,1.345591214121092e-9,12.753106007146037
204019_s_at,0.5562092158071691,7.2913574086006046,6.496285659862882,1.873275507251488e-10,1.280689247554894e-9,12.748637419319774
218197_s_at,0.6258788875384065,3.9711082710042467,6.405468274698441,3.267539893412604e-10,2.1253888814893277e-9,12.74214335659871
218385_at,-0.3027024408964699,4.722268195333911,-6.466380487089634,2.2514888293593292e-10,1.5169936999324838e-9,12.731439308615794
204537_s_at,0.9865928117650774,3.5397474515390694,6.388016414810003,3.633573936014389e-10,2.346029790599179e-9,12.712867140611824
237475_x_at,0.4289176707923207,5.600286844752138,6.473268302628679,2.1582461335779768e-10,1.4587565191811272e-9,12.710960335893041
242625_at,-0.9331634147686586,2.502262413437684,-6.391951241335149,3.5476923741291615e-10,2.295074178988267e-9,12.706638609827563
223697_x_at,0.36206484489051255,6.12149996244491,6.472529231951891,2.1680671520409815e-10,1.4635477882681182e-9,12.67002846593194
227001_at,0.7073657648250566,4.823133584612251,6.422463164072514,2.9458913587946937e-10,1.933782728355855e-9,12.661664564324262
1553551_s_at,0.25120107434147354,10.766106219646254,6.5970364931187495,1.0030581118819789e-10,7.135299835718221e-10,12.651914407525435
214135_at,-0.948609496635603,2.776022197722864,-6.38619702980553,3.673968791762611e-10,2.3639175775467174e-9,12.638145033652407
1557270_at,0.91711759450045,4.142189050816133,6.386064786743769,3.6769219943118825e-10,2.3643976785752217e-9,12.633894988219732
211395_x_at,-0.5755443474661234,3.535602193364616,-6.400602208015335,3.365804086473776e-10,2.1853247986905193e-9,12.629902032511776
204279_at,-0.6618544334068474,6.091245566378202,-6.471872479571189,2.176831022108907e-10,1.4685384596884585e-9,12.627962871552583
223773_s_at,-0.48893218548989886,5.3344386844177,-6.463714298488239,2.2886315092891384e-10,1.538149897052355e-9,12.627903476572179
211943_x_at,0.12994654150228,10.583511813077898,6.588793477599506,1.0559607499078808e-10,7.471094557484707e-10,12.626807410448967
208813_at,-0.46446774689218295,5.55533880727945,-6.463851569056392,2.2867046233262467e-10,1.537819625216201e-9,12.617533761713496
200633_at,-0.16293168867326308,10.173630412886805,-6.578538344469349,1.125606587219416e-10,7.917677852187527e-10,12.617236010252231
202433_at,-0.32881619403357604,5.530885124207916,-6.461833646868249,2.3151911735225734e-10,1.5530772098902523e-9,12.61088939185432
218198_at,0.29710611289753625,5.904811374435381,6.460311088557595,2.3369145730778073e-10,1.5647103638364093e-9,12.60471890144861
206569_at,-0.7980079411443319,1.9416116806548973,-6.366094303806252,4.1506242737505113e-10,2.6436169943334855e-9,12.602484041484816
220030_at,-0.8165781476273977,2.581480140816797,-6.372560554930933,3.9910519259963946e-10,2.5434943059607003e-9,12.594594782901062
225524_at,-0.6034691703093152,5.5216639067396205,-6.456533275421967,2.3916811668898917e-10,1.5993807953115735e-9,12.571258256196217
205032_at,0.5572351448806874,4.724334315121045,6.408054044278521,3.2164721035433016e-10,2.095989394480498e-9,12.568056940781892
226390_at,-0.5058352823178507,4.3237456484449295,-6.4254649911175505,2.892394274498692e-10,1.902162054186893e-9,12.561927961840425
62987_r_at,0.23893852803132265,5.6939164182037585,6.4510022608414515,2.4741380577078666e-10,1.6493740517874533e-9,12.557902031200122
209974_s_at,-0.29396880469035774,6.747186553536888,-6.465168021918397,2.2683059013524416e-10,1.5273639925322883e-9,12.556213223918903
204787_at,-0.7040847649675043,3.4782472889100524,-6.384517987663372,3.7116375651391543e-10,2.3838593066748056e-9,12.528628953740071
218217_at,-0.4442370838038464,4.236356258662262,-6.413166147265598,3.1177996053318357e-10,2.039132305978019e-9,12.526535433642685
219496_at,0.6261392736106065,4.908004490330031,6.406748106320775,3.2421653465153007e-10,2.111447863660694e-9,12.521550978398325
205549_at,1.4907137457655508,2.191512369857499,6.347487796236014,4.6454392890431006e-10,2.9360820710040554e-9,12.520550574583355
209583_s_at,-0.7259292542735211,3.5697655182758665,-6.386693892119868,3.662893786249145e-10,2.361045796154458e-9,12.514991466276248
201756_at,-0.3361157396624128,4.741040439182595,-6.431206638370229,2.7927064663164864e-10,1.8468064428178098e-9,12.512577271786915
222623_s_at,-0.36719002180807625,5.2589744654572375,-6.441764750708311,2.618101139117587e-10,1.741012880407617e-9,12.505073678036478
227735_s_at,2.0654666761354803,5.9063108334263825,6.392277834764971,3.5406541299443225e-10,2.2919049966219655e-9,12.494036085791507
212148_at,1.0027092953083077,4.6418742218030635,6.375076186179137,3.93060817426893e-10,2.507957437221146e-9,12.492653541421955
214670_at,0.571342636641504,5.735907665463918,6.4355692983635855,2.719218094443117e-10,1.8026598666936335e-9,12.483655988416954
211991_s_at,-0.8803842183839248,6.360956111205177,-6.453395847545199,2.4381180139641815e-10,1.6284013892517629e-9,12.480927855337953
222478_at,0.5328195978582632,5.51590416579304,6.430502032623176,2.804756469706837e-10,1.8513466457159179e-9,12.478616532616186
227305_s_at,-0.2960650454446203,5.1938765148751225,-6.435337151784913,2.7230804104388127e-10,1.804103923131169e-9,12.474754453878164
212674_s_at,-0.27379736584100106,4.974199091802752,-6.429261866964544,2.826089286655724e-10,1.863131970950324e-9,12.46549092246909
202211_at,-0.42297259612430227,5.463322445797801,-6.432263449580209,2.774728114055181e-10,1.8360507897389222e-9,12.434707941668051
224699_s_at,-0.33785814093591837,5.724014319013644,-6.432849546591815,2.76480640836082e-10,1.8306162578967532e-9,12.428227401454071
203569_s_at,0.47283522447444754,5.504206497207391,6.422811097121972,2.9396413664549876e-10,1.932047727535723e-9,12.427345491792046
212432_at,-0.350811229030371,5.610762398568988,-6.430512358695677,2.804579508543516e-10,1.8513466457159179e-9,12.419057680055323
222039_at,-0.4376377855114293,4.300455064412946,-6.398184696707103,3.415692686500695e-10,2.2150312197628295e-9,12.41808813255635
212900_at,-0.33255372357650215,5.941857931239842,-6.430370520508147,2.8070111909777337e-10,1.8516940202552009e-9,12.403667842737462
208689_s_at,0.372420806944047,8.2351763399305,6.4596055775174275,2.3470481573582267e-10,1.5705138606982312e-9,12.401739308540279
214224_s_at,0.3863073454948822,5.633897573896695,6.422116260132971,2.9521358188034917e-10,1.9366951026847402e-9,12.398544787400727
1555989_at,1.212784793487716,3.488968617341225,6.331143363584491,5.127398267989217e-10,3.214149657400145e-9,12.393192534529518
201312_s_at,0.5969170656802455,6.906728674214284,6.430664992679589,2.8019650466949747e-10,1.8513466457159179e-9,12.387722370064852
229661_at,0.6805180970342668,3.334004243465955,6.331223526368572,5.124919069051947e-10,3.214149657400145e-9,12.381082447868726
218755_at,-0.4839835819419287,4.147708035974818,-6.383886528498309,3.7259017648723223e-10,2.3912544284279028e-9,12.37075197359222
212334_at,-0.32409730863063874,6.042907959841277,-6.42550830961366,2.8916292796420034e-10,1.902162054186893e-9,12.369788425586064
200830_at,-0.25174712697487367,6.347932471485854,-6.427610200469257,2.854747452659911e-10,1.8797117062289873e-9,12.366989812827468
202016_at,0.47217917936701687,7.020584087552496,6.428139163819937,2.845538539550431e-10,1.874800392017452e-9,12.35846068139602
204614_at,-0.8738116658317006,0.6400447536655214,-6.318349046558679,5.538505417261038e-10,3.4516584371796104e-9,12.35309551314983
224927_at,-0.5122609783991448,4.848878906517964,-6.408814662511483,3.2015995564440923e-10,2.0888447215642018e-9,12.344480585462193
209226_s_at,0.3493052698346861,6.13511312798898,6.413755915087781,3.106608551271965e-10,2.0342969076880537e-9,12.317850820962914
1555019_at,1.2773802499603826,2.2198379648064743,6.311995814552811,5.754462545158753e-10,3.567566970271164e-9,12.31652826807192
241397_at,0.8315460627799293,3.359633098004205,6.318690134014432,5.527138358463673e-10,3.4465793500710905e-9,12.313966494607977
210317_s_at,-0.5589446572768243,5.2916485070696595,-6.408380430734439,3.210081924984136e-10,2.0930984578426686e-9,12.298271712540966
211072_x_at,-0.18749864676932557,9.89220946143804,-6.514640308266214,1.6727591532897158e-10,1.1502098080354765e-9,12.294647011586521
212032_s_at,-0.35557094800517575,5.2077737605315715,-6.404759364860036,3.281678649367162e-10,2.1332902530746604e-9,12.28933004579393
229402_at,0.9764242245117041,3.721597650618522,6.316695205287875,5.593946388614307e-10,3.4808061290851734e-9,12.28231043169332
218580_x_at,-0.3087425024308578,7.013638167707526,-6.422564118438282,2.9440765561471784e-10,1.93377634248956e-9,12.2742443439387
214246_x_at,-0.41212557679406514,5.5441513544131205,-6.405795685603352,3.261030041966084e-10,2.12244318587987e-9,12.273370964512502
208783_s_at,0.39192857628940325,8.296606631001382,6.438068732769346,2.677972336112473e-10,1.7765711891711997e-9,12.265407770164112
238909_at,0.7889157116629971,3.9207035296494115,6.318175613801878,5.544293995815698e-10,3.453257068440324e-9,12.25526847391582
204172_at,-0.31664838490008035,4.761636821167819,-6.388168079203407,3.630226312162046e-10,2.345634166597829e-9,12.254066521775975
227063_at,-0.4163086467296271,4.940655367795111,-6.39436231811513,3.4960534999868986e-10,2.2657726040749937e-9,12.251792033088226
201998_at,0.8586034730349253,5.651595585817837,6.386399612998205,3.6694492824248115e-10,2.36242849534958e-9,12.240999072529078
226601_at,-0.35555555397832117,4.697368838718884,-6.38381080586683,3.727615883015586e-10,2.3912544284279028e-9,12.237871267758514
234762_x_at,0.4467290161875884,5.176083312546917,6.380285620765158,3.808275061847191e-10,2.4371595422681577e-9,12.237208062442317
243594_x_at,0.5455140539373009,4.199978786579349,6.327804063739353,5.231722289565492e-10,3.2737991172964435e-9,12.23692282917828
225198_at,-0.4070313826598752,5.0543082694816395,-6.393403039898404,3.5165099461354097e-10,2.2776524215809336e-9,12.233078739099517
212907_at,0.4054212415232316,6.633824989499972,6.402747954313065,3.3221218432206934e-10,2.158271152602989e-9,12.23039438534148
208860_s_at,0.5068534548279345,4.730446042137295,6.3522434599097775,4.5137351528725967e-10,2.862974818988995e-9,12.225861007628076
206391_at,-0.8369268183831142,3.4201812037283292,-6.334198646318576,5.033732463594547e-10,3.1591315689799872e-9,12.225119759266867
213693_s_at,-0.8923874387718972,6.333879573436608,-6.409843196136963,3.181595437706379e-10,2.0783190197651486e-9,12.2229912597667
225552_x_at,-0.3075416091424924,7.012052524761523,-6.413202905081992,3.117100960739447e-10,2.039132305978019e-9,12.218742549588043
205455_at,-0.40596699710902057,4.5253390538735205,-6.373128125217831,3.977335777495081e-10,2.5362617966848097e-9,12.212683889072142
212335_at,-0.38691067699524817,4.853663292727331,-6.3831113260309404,3.7434864154754186e-10,2.3999982028119784e-9,12.19980828703039
204026_s_at,-0.43169758982090267,6.245714639673586,-6.399594367794553,3.386514908981286e-10,2.1974399890924604e-9,12.197821051074003
202329_at,-0.3325075566777413,5.408661356174149,-6.3907942540998395,3.572736386649386e-10,2.309880803269455e-9,12.194033171721001
212734_x_at,0.17255801913275895,10.315837342340243,6.503175026547296,1.7953937112371237e-10,1.2305855936329692e-9,12.184146416238518
201186_at,-0.29098088692788737,5.21498765522252,-6.386587196150777,3.665269268441888e-10,2.3611563242824984e-9,12.183379479833588
227569_at,0.4390631969985935,5.499861667389123,6.381580156061057,3.7784584409491913e-10,2.419523328026819e-9,12.178574648521153
211657_at,0.9153022553203132,9.184798184363476,6.43888066648241,2.664706094167484e-10,1.7698075875273563e-9,12.172954741985532
224874_at,0.49075482486667427,6.105965789399653,6.3879419631458365,3.635218381774141e-10,2.346029790599179e-9,12.17065923316469
202086_at,-0.9252591709623309,5.100397489109989,-6.385253529489497,3.6950896106048253e-10,2.3746547689507795e-9,12.16453227408141
218680_x_at,-0.34888125950369364,5.213665564285674,-6.382805170285946,3.7504535927960357e-10,2.4030268743794218e-9,12.158463667564032
202558_s_at,-0.4511168704317979,4.19234367081341,-6.348428293317089,4.619098101817876e-10,2.922882336962487e-9,12.154640542053261
225929_s_at,-0.4533672116591761,5.093561148544979,-6.3799274173460585,3.8165660520891716e-10,2.4410072905093312e-9,12.147579810624428
212020_s_at,-0.44198878295725713,4.258294254387287,-6.349789963855221,4.581219665024454e-10,2.9006268481919014e-9,12.146041905929067
203416_at,-0.6653814233357322,5.309016500876015,-6.37830388956277,3.854366364369785e-10,2.4607763326277417e-9,12.115564111106824
212560_at,0.6590771268805115,6.475226213093581,6.378891408996818,3.840645126310206e-10,2.4534783087752675e-9,12.105027459175055
203961_at,0.886775674139302,5.7092544002950625,6.3642317019365695,4.1977362872807046e-10,2.67203498785729e-9,12.10310128517225
218115_at,-0.4110423152084225,4.504562164093817,-6.350003806130709,4.575298767892789e-10,2.8985911117939358e-9,12.078026095249143
229829_at,0.6763542451181737,3.3538037848804203,6.278683661190107,7.028849738348064e-10,4.317664406360253e-9,12.075254688171182
226022_at,-0.4163734844924087,4.36181547955629,-6.340900920494775,4.834087964287734e-10,3.0445375873847437e-9,12.065861444452633
227576_at,0.9493404665462554,4.391160445570266,6.291004714558204,6.528212330065958e-10,4.0286139799537215e-9,12.043199886159062
221543_s_at,-0.43810070412467356,5.054438006117112,-6.357413575786891,4.374698585289473e-10,2.779723958731087e-9,12.018660923785536
232266_x_at,0.48053769912105015,5.847760482712117,6.359091325911298,4.330487462276043e-10,2.754899773358863e-9,12.013504670093994
219392_x_at,0.34660210668139774,6.142478142764723,6.358979601214584,4.3334179268334954e-10,2.7551279673689755e-9,11.992722030971926
205927_s_at,-1.1140257673137188,3.6160956547524092,-6.312749965751555,5.728402918465446e-10,3.5575872733634966e-9,11.991282263534268
203391_at,-0.30596900602720983,5.596427343168015,-6.355747345389561,4.419043291109333e-10,2.8062365606196964e-9,11.977659590968369
221704_s_at,-0.3955939949819806,4.943017179733303,-6.347052324261774,4.657685611578238e-10,2.942086436134296e-9,11.97359537362272
226126_at,0.42141199738685337,4.8004143353185675,6.316663247853664,5.595023013427302e-10,3.4808061290851734e-9,11.97232234719897
217872_at,-0.2638238055326649,5.810652078311607,-6.355117086248186,4.4359313051737356e-10,2.815292184379516e-9,11.96533186187179
224812_at,0.42835862669843805,5.584646838638317,6.344248820995914,4.737285505993419e-10,2.9870829679639493e-9,11.94603341345452
212407_at,0.3726219365194669,4.652229628655326,6.304546532142935,6.018183877678396e-10,3.72459872221656e-9,11.938038294081847
210896_s_at,-0.5778944869067659,5.794937667749049,-6.351972052324759,4.5211522116140055e-10,2.8659824640840734e-9,11.937096296789942
202214_s_at,0.3789219037286962,5.356951226008366,6.337645428396818,4.9300738296549135e-10,3.1013435664763995e-9,11.93482307367001
225343_at,-0.31943149688007655,4.9824869376984084,-6.338550743405209,4.903195611901551e-10,3.0862476257521337e-9,11.92296409589336
200694_s_at,-0.25388736159948627,5.788573906760348,-6.346695131197403,4.667754160958653e-10,2.9467089172863904e-9,11.916961947996063
218334_at,0.2688996876020551,6.1390609494758435,6.345877871597294,4.690871248980072e-10,2.9595585212204658e-09,11.912954762509079
206214_at,-0.6151434880699911,3.289505717710072,-6.268967803841128,7.449939288025194e-10,4.555433766701707e-9,11.908607386843219
202626_s_at,-0.42750672528774136,5.087840338620635,-6.336854111887129,4.953685568060428e-10,3.112541553702719e-9,11.894759305866888
202369_s_at,-0.33587261294593224,5.272230778616502,-6.337114179293395,4.945913350264673e-10,3.1094817911611174e-9,11.885002144344366
208894_at,-0.8530755171211901,7.637175383320625,-6.379528451903882,3.825821323109959e-10,2.445466815899582e-9,11.872703805218949
212723_at,-0.29718585049868823,4.778936777272762,-6.3226067580632215,5.398238165087131e-10,3.372088948255302e-9,11.867422873436965
214938_x_at,0.21227701829268117,9.63904106627155,6.421370724393945,2.965599760861771e-10,1.9443372238746728e-9,11.859260275659915
204114_at,-0.5896354953456986,4.412508272047089,-6.312188566740883,5.747790996680162e-10,3.5675599621920376e-9,11.853312281707034
218559_s_at,-0.7862401042317742,4.982635651492738,-6.329761286021062,5.17032687184719e-10,3.2372712903623e-9,11.850691415051685
232151_at,0.9855027790720364,4.03020625671397,6.246798334053506,8.505304373439251e-10,5.171244367347032e-9,11.844880431787757
200822_x_at,-0.27306780610644676,8.474637011124237,-6.387513258191156,3.644701557571072e-10,2.3507337619662187e-9,11.83551528864029
219962_at,1.7980716586653096,3.6017130621341034,6.231850854717697,9.297993315611042e-10,5.614960675881686e-9,11.83385843697053
221806_s_at,0.41724009942413426,5.525572977076144,6.323441255277888,5.371156579026665e-10,3.357129546739362e-9,11.829930874906035
212999_x_at,-0.7566952595030205,3.4022202200585885,-6.263122294965367,7.715071858050855e-10,4.709490872666599e-9,11.827376066174237
231734_at,0.8679681728987376,2.7371197224003927,6.228523720502579,9.484029894940087e-10,5.720856546424164e-9,11.824023547851649
207830_s_at,-0.21582249502758286,5.719469230511517,-6.329914562063297,5.16554869036979e-10,3.236170942686056e-9,11.822417688665446
201059_at,-0.31474382702853726,6.734051808585992,-6.341223161013467,4.824687012546569e-10,3.0404042332594936e-9,11.819599609330517
219981_x_at,0.37913060890501027,5.320725576708442,6.314070588863332,5.683046785991311e-10,3.5314663699724427e-9,11.803224511030484
226485_at,0.5378540667612354,4.569307220827957,6.269035040453729,7.446942119071413e-10,4.555433766701707e-9,11.799970127690962
AFFX-hum_alu_at,0.15815199147566655,11.072157829844462,6.473085648375287,2.1606692425885117e-10,1.4594734928026938e-9,11.798242200154808
217165_x_at,-0.7882689893990074,5.603569066517521,-6.32621305021956,5.28215541689562e-10,3.30342854531248e-9,11.788012759250954
200854_at,-0.32865880670947856,5.143440337071886,-6.316106248131683,5.613820562301926e-10,3.490473574227541e-9,11.772096034744218
209790_s_at,0.4761870506298334,6.063755040935576,6.319829337577184,5.489338535080998e-10,3.42500196425875e-9,11.770130015770023
208882_s_at,0.4940425774355068,4.858233069497113,6.281458712604285,6.912914326308887e-10,4.2562098378015585e-9,11.765291619205122
225788_at,-0.290351953430262,5.035494669015653,-6.312002264105556,5.754239190438758e-10,3.567566970271164e-9,11.761770964866637
201278_at,0.6930954517047142,5.064904032587928,6.2803324905161295,6.959738046881969e-10,4.277663436388212e-9,11.743214699395342
214303_x_at,-0.6317470252036441,2.504982240946275,-6.218626074114421,1.0059238445812477e-9,6.044005690969661e-9,11.724169611394355
212352_s_at,-0.265050008512064,7.915282166874098,-6.3479454878627655,4.6326020735614394e-10,2.9296969311725915e-9,11.714669145656941
207457_s_at,2.5238828656785772,4.083852859577309,6.210388526205462,1.0563861957082641e-9,6.3153266264635225e-9,11.71261985757289
203962_s_at,0.9223390901077363,5.495028387024994,6.287546546177446,6.665092996684241e-10,4.110716250632025e-9,11.712572404385034
225065_x_at,-0.5604828155674109,6.521691787175094,-6.322316115406537,5.40770160489779e-10,3.3760318935472043e-9,11.71081381912807
203297_s_at,0.34151698310290807,4.911988434991944,6.280648990442086,6.946548017894693e-10,4.272007400442356e-9,11.70509916304286
222441_x_at,0.41790791770558805,6.343734400809166,6.307847322892801,5.899900755201404e-10,3.653505016790326e-9,11.684748482535888
200971_s_at,-0.18832171472769899,7.694461675386421,-6.334306497175505,5.030456863139993e-10,3.1589263994618256e-9,11.679006054533547
234331_s_at,1.0345528698597428,5.684973446158998,6.2859430882715355,6.729509768155898e-10,4.1480574307395935e-9,11.67587700362078
200834_s_at,0.24119717304722224,10.289194738408499,6.410245104978419,3.173811945967219e-10,2.0744995349082867e-9,11.64542388728419
216450_x_at,-0.4898835400286838,3.8122440756222042,-6.240560414270559,8.827733586161916e-10,5.352094505294432e-9,11.638011852805949
201311_s_at,0.5808620129411113,5.259661664414077,6.274220357913101,7.21931770452964e-10,4.429584797744905e-9,11.61919243587046
32069_at,-0.3061561188520505,4.603205370524655,-6.271319066190656,7.345825996233262e-10,4.502049994144561e-9,11.60925476622691
209103_s_at,-0.2610239947094261,6.436603756367429,-6.294405462494067,6.396288030410983e-10,3.954035410836288e-9,11.572850628138328
223170_at,0.47336322939789,6.173115154915012,6.2840989824073805,6.804347469980604e-10,4.191775413795411e-9,11.555514819767286
218735_s_at,-0.5165016074511685,4.227095555376255,-6.2478231204660775,8.453447914139399e-10,5.142634156966234e-9,11.545516487518007
220147_s_at,0.3771197923006312,7.0326126773107545,6.2911001422173465,6.524474388501878e-10,4.0286139799537215e-9,11.542341677772457
200947_s_at,-0.4093755981663467,5.607992445010659,-6.28094910317309,6.934063509058519e-10,4.266778998997353e-9,11.534470806281416
207202_s_at,1.1743400241005868,4.517356904117219,6.197395643348797,1.141050412349994e-9,6.794926663427173e-9,11.508609444356336
224851_at,0.837343837065995,4.902778820265549,6.2218136727333215,9.870361561497174e-10,5.940515921815687e-9,11.492880325807025
221500_s_at,0.4625619229771367,5.417088263531562,6.260134163661782,7.85414599991227e-10,4.788928064716002e-9,11.482619221994216
202347_s_at,-0.2622633772228865,5.924870469804917,-6.273636474198879,7.244604944460444e-10,4.44255596851773e-9,11.481850687417605
229546_at,0.974572594037816,3.194174078203735,6.169933708831386,1.3424051257227571e-9,7.92351851893548e-9,11.475392158045084
209422_at,0.47282461275604465,5.141326989830443,6.245944429912105,8.54875132390557e-10,5.19471202115714e-9,11.46754547406426
201542_at,-0.2995822291928951,6.357605181150608,-6.275653141531195,7.157631048492129e-10,4.39425223051554e-9,11.466968395720205
202912_at,-0.714635976064663,5.687370133823051,-6.2661897054913736,7.57481393964478e-10,4.626509791072665e-9,11.434420484410893
200000_s_at,-0.3454265613585874,6.450818938668718,-6.269771462881057,7.414192134423549e-10,4.538756590633114e-9,11.422932586370788
204006_s_at,-0.9111916732546259,2.9562495776354427,-6.1809001606735645,1.2581431419427731e-9,7.454915641389894e-9,11.42269430713804
220920_at,0.8116202281221078,3.7995108332508467,6.170219757814315,1.3401387537631733e-9,7.914501912384166e-9,11.422319889104566
201721_s_at,-0.6654583741228743,6.2846315157730475,-6.268653198968531,7.463978938248428e-10,4.561415080744747e-9,11.40992280845509
231530_s_at,0.4932051624531925,4.824904340200286,6.217431242197215,1.0130943424491804e-9,6.080268734262224e-9,11.404058960334817
211662_s_at,-0.26713717697708617,7.89025974043256,-6.293907739976494,6.415431825317984e-10,3.963582534292477e-9,11.40108380196296
227107_at,-0.36707333727858743,4.351322510647215,-6.223284113530622,9.784405674158233e-10,5.895407085897477e-9,11.393868534946197
201118_at,-0.41234823407932986,5.7000455413053714,-6.255391907506291,8.079909679744852e-10,4.920981944235736e-9,11.380952093171572
52164_at,-0.31178600199228934,5.237030049438014,-6.25031976767327,8.32840293956923e-10,5.0694420847502935e-9,11.380537613739024
202741_at,0.8969553054108818,5.865485967339687,6.242806599953247,8.7102774490511e-10,5.286866986497701e-9,11.365321618536889
214596_at,0.8078749705976399,3.184567354327057,6.1510487007117876,1.5006164632045017e-9,8.760819711340506e-9,11.363200323628416
213226_at,-0.47967996883273123,4.665383449753639,-6.235225295495252,9.112957955499217e-10,5.5187743684151e-9,11.356502718743377
203066_at,-0.6065458105242708,3.953902636955535,-6.200590006727674,1.1196400547059787e-9,6.67484914082646e-9,11.340409169482843
222701_s_at,0.4582236406656646,5.7498619034989025,6.242946887463757,8.702992549408182e-10,5.285439862914391e-9,11.338983200324012
200782_at,-0.4734617078548013,6.961474989227931,-6.262978706823964,7.721699320436068e-10,4.71085221069656e-9,11.325642168641483
1568604_a_at,1.276895433538618,3.442596237879106,6.142435500995839,1.5786922309761358e-9,9.211617576496373e-9,11.317585941480662
212402_at,0.3912174726699319,5.253752488144852,6.227563201256154,9.538411050311104e-10,5.750421923578102e-9,11.313905932429916
219069_at,0.37895953971787405,4.933538929980114,6.2128374302637654,1.0411314129588778e-9,6.231084260909753e-9,11.313212679146648
228188_at,-0.4017585934554982,5.02598332426338,-6.2349810883085945,9.126227148029432e-10,5.523687651798831e-9,11.306893446720366
218659_at,0.3116826860005408,6.283404633180611,6.24126400046561,8.790776470010299e-10,5.332706020567403e-9,11.295417340252587
226143_at,-0.359255668073861,5.286335132356138,-6.236335547665328,9.052869009058035e-10,5.485485616178662e-9,11.294009754614823
223642_at,-1.3204436450991786,1.6239119899900647,-6.136974170823871,1.6302393111835747e-9,9.476263559799042e-9,11.28684970675131
228754_at,0.802547935354068,6.039402234818262,6.232823859132294,9.244265528062107e-10,5.5888158353346135e-9,11.278561828187623
208644_at,-0.29879508921518577,5.264949202880053,-6.232403436266987,9.267443269740788e-10,5.599668344542192e-9,11.274720242467584
224209_s_at,-0.7230384134158842,4.445830891530393,-6.216389366939494,1.0193876805075563e-9,6.1111920656281195e-9,11.272101432843634
227962_at,0.5202008057220321,5.265816747190906,6.21512280891398,1.0270896864559824e-9,6.1539215945206595e-9,11.264278845961483
208768_x_at,0.18849522918420034,9.326987341050533,6.308076949888553,5.891757280688445e-10,3.650572339387814e-9,11.253533528203011
206295_at,-0.6254359844927451,3.459430933289625,-6.160381851183022,1.4202737780289824e-9,8.328074977572244e-9,11.245193369449737
217301_x_at,-0.4156418109660486,5.808740271241552,-6.229183858477567,9.44683116137873e-10,5.7016282947521314e-9,11.223490664624329
205639_at,0.5921435173930153,3.8530718042577714,6.138490804890991,1.6157617841040319e-9,9.402311783327808e-9,11.211696489291398
224880_at,0.2829966695701007,7.218341945142382,6.234251944606615,9.165958281066548e-10,5.544602544611289e-9,11.187885272434542
218604_at,0.2662325007073104,5.662172582665694,6.2171076417455575,1.0150449385546722e-9,6.088564628631692e-9,11.184610581057056
202680_at,-0.36087646815961977,5.346008187031376,-6.217884888496426,1.010366026447456e-9,6.067293296710535e-9,11.183061306751311
217898_at,-0.25690765983553815,5.952096577498475,-6.220564242704978,9.943977971579114e-10,5.978632617465976e-9,11.172063271807112
210757_x_at,0.5987697095127584,5.302937467430379,6.196268599453962,1.148699585577644e-9,6.836677033496279e-9,11.160439696457702
212946_at,0.49877244245946006,4.615588532064018,6.161911407370687,1.4075141935170412e-9,8.257776317167613e-9,11.156177408756562
210105_s_at,-0.572051982888499,4.741501701189845,-6.203700190149631,1.0991715177932064e-9,6.556472422115044e-9,11.154721541429266
225797_at,-0.34804440741660725,5.424883954480166,-6.213069652188935,1.0396960807951077e-9,6.225972114901056e-9,11.151091347199372
213379_at,-0.3450029151682255,4.57983895472343,-6.19215326976088,1.17705813182093e-9,7.001567887949818e-9,11.147759358689443
212013_at,-0.5835940751159281,3.913066351196049,-6.163147960886428,1.3972808059635365e-9,8.20617661046539e-9,11.14316352706173
45572_s_at,-0.2443570120469402,5.68566731759439,-6.212505636184194,1.0431855493126574e-9,6.239892121600502e-9,11.137943678299502
225765_at,-0.29757311644001244,4.908405153007851,-6.198321987529129,1.1348006802745348e-9,6.761468124461119e-9,11.117755707732767
223044_at,0.674769511683162,7.429971681258099,6.220549409646054,9.94485515198765e-10,5.978632617465976e-9,11.114527370166256
228069_at,-0.4938962217826044,4.073998574905751,-6.164237221727081,1.388326643779756e-9,8.158608521564742e-9,11.112980197992936
206754_s_at,1.6285848024639182,4.5220137122005335,6.118518445705532,1.8168991568397176e-9,1.0492959928422585e-8,11.111382246692248
204418_x_at,-0.42291586282792,4.504637605577548,-6.182997016371754,1.242631161797268e-9,7.371155944814026e-9,11.107894534656129
228562_at,1.0751995611017853,3.7276664194666704,6.1077478475580484,1.935316761065473e-9,1.114680024800775e-8,11.093332053194695
213455_at,-0.4807729800467826,5.833860910332512,-6.207007717377475,1.0778056565466342e-9,6.439783602110481e-9,11.091646767407346
227450_at,1.2956006870493426,3.0336479061705477,6.094840571779959,2.0871839942321464e-9,1.1950829572532861e-8,11.068974040093963
218211_s_at,-0.8836308340947382,5.626099386787824,-6.203722106471877,1.0990285897054807e-9,6.556472422115044e-9,11.068758731951839
210675_s_at,-0.8533974772517042,2.4094958108010784,-6.103304434685714,1.9863377965002585e-9,1.141611417055111e-8,11.063112930546648
210547_x_at,0.4699979864424751,5.213211747437173,6.177513806959729,1.283595039561743e-9,7.594877695969594e-9,11.049546745016546
204703_at,0.4233416436392599,4.525721247480762,6.14030537831038,1.5986052094113668e-9,9.322731414493181e-9,11.042644835552004
225856_at,0.5550900679779356,4.22998513382531,6.121452701632928,1.7858850836838542e-9,1.0335023053569807e-8,11.041426439621805
221775_x_at,0.19110179469412783,9.395021401010517,6.270278304529883,7.391733898613536e-10,4.5275954977613955e-9,11.017484260218595
226015_at,0.4146707502204315,5.528441265658188,6.182580595917806,1.2456967773387801e-9,7.385251563713532e-9,11.009764527033704
222938_x_at,1.2354754418150533,3.8397561110483323,6.091684026254332,2.1260603135685295e-9,1.2153940309103338e-8,11.003999410140679
210042_s_at,-0.50548595484491,3.8230994185805405,-6.130097416619053,1.6974898579770048e-9,9.856481760708754e-9,11.00242092789107
204710_s_at,0.33400226366542746,5.7273905320596565,6.184066036687612,1.234794947569822e-9,7.3287303453271474e-9,10.99282073995694
209043_at,-0.2901449910151475,6.301962324029494,-6.19173410819676,1.1799846724729516e-9,7.0150809079926356e-9,10.984027834324069
208926_at,0.5554462000683453,5.763034354777138,6.17747482652662,1.283890927602066e-9,7.594877695969594e-9,10.965770105983163
225389_at,-0.3016428528964083,5.2205702602768085,-6.177900706137743,1.2806618230955791e-9,7.584151526159723e-9,10.963124848933601
227297_at,0.9460072599648375,3.7751377748784716,6.086770565329774,2.1879865023901253e-9,1.2468031595800751e-8,10.962508432235712
201454_s_at,-0.25690429086387506,4.92092679372919,-6.1692346306623485,1.347959713905541e-9,7.947546733665416e-9,10.952609827920243
212788_x_at,0.2034243002349383,10.339923834378455,6.295183416892731,6.366477631589687e-10,3.9378796112713805e-9,10.945297268922548
225071_at,-0.26272738348926084,4.981767006384418,-6.169605299713624,1.3450117377236473e-9,7.934532349247486e-9,10.94370430999417
46323_at,-0.39244100613187,6.512684820287548,-6.184561354554103,1.2311805275064628e-9,7.311328709078013e-9,10.920457391034851
206133_at,-0.550507935803447,3.2549254067222178,-6.089390505957979,2.1547503350901596e-9,1.2298263366979691e-8,10.898005529576817
213320_at,0.5519928832761668,4.273065974551322,6.097603007012417,2.0537320384459932e-9,1.1772780804143761e-8,10.893013454613596
207030_s_at,-0.5653989666283934,4.279068198346279,-6.138645215090595,1.6142948773486138e-9,9.398880989693315e-9,10.889288234934583
209194_at,0.36840442457108,6.262131584768272,6.168482961011286,1.3539572367348316e-9,7.97851698412555e-9,10.877284240386956
206052_s_at,-0.30398450613244166,6.303526914008189,-6.173148123670648,1.3171513227347516e-9,7.787330088552646e-9,10.875977646015116
238996_x_at,-0.4542497182728139,5.431976589992744,-6.165686444277725,1.3765003538954026e-9,8.093550104984329e-9,10.8739256465145
205831_at,-0.581499489060834,3.5359706750003776,-6.094221983941306,2.0947474637311655e-9,1.1987729475935886e-8,10.859066087921146
1555041_a_at,-0.30755036742210323,5.0830775565550965,-6.157090663903155,1.4481134608103357e-9,8.48465969024845e-9,10.856410957660005
230925_at,-0.5106976142860375,3.835891581596795,-6.10600977100421,1.9551197365938397e-9,1.1248763554312462e-8,10.855426756845123
201551_s_at,0.5518761294330086,5.537352673648786,6.153028009787959,1.4832151460906372e-9,8.673408220561679e-9,10.853863212912541
222977_at,-0.27127338983109034,6.138760910982542,-6.166054771947174,1.3735103670046489e-9,8.080404481999342e-9,10.847162460335568
204136_at,-0.5143798791770111,3.551394726709287,-6.089079345105295,2.1586717162999667e-9,1.2314084183557797e-8,10.837851000620176
203109_at,-0.36030665949068297,4.993823454923002,-6.15153866434289,1.4962904016733582e-9,8.740326648378782e-9,10.831582839356033
225024_at,0.4082283216608819,4.700386565743651,6.112476948300613,1.8824219362286807e-9,1.0853813887415422e-8,10.82458122647848
208306_x_at,-0.6388951922607375,7.908576581437907,-6.203887917190672,1.0979478377297354e-9,6.556472422115044e-9,10.821242680967316
227836_at,0.5557011445873068,4.777492450051822,6.109544063517458,1.9150573008206134e-9,1.1036045650183556e-8,10.81804257414475
201090_x_at,-0.19474276549001177,9.690335927176216,-6.257398492589845,7.98361831565438e-10,4.86510256061464e-9,10.813127101534402
211061_s_at,-0.3015951235714584,4.7247686816089765,-6.138935122006673,1.6115442578589786e-9,9.387968262339988e-9,10.813080306388551
202068_s_at,-0.46233238196098836,6.588059223296538,-6.167836596145449,1.3591353913370476e-9,8.000229366699885e-9,10.812872741973708
202432_at,-0.33508778171244974,5.361207332714497,-6.15320473232419,1.4816710952335389e-9,8.669111110451613e-9,10.810168126164214
209208_at,-0.4207082039540812,5.269952761377088,-6.151600697733449,1.4957435570411555e-9,8.740326648378782e-9,10.80391022617367
206302_s_at,0.4624881563336221,6.289910758042555,6.153265906363035,1.4811369747427844e-9,8.669111110451613e-9,10.791555530778382
226777_at,-0.9685751031929392,2.8700766683677226,-6.067769482827468,2.4444790071615018e-9,1.3761273570005868e-8,10.79125167709382
222697_s_at,-0.37558292457964637,4.132244909784607,-6.105457462752576,1.9614538723429595e-9,1.1279149401186325e-8,10.786280508217075
201443_s_at,0.2734142116503261,7.607585570258097,6.1716928970898115,1.328526139025522e-9,7.850248498279326e-9,10.784133872992289
202173_s_at,0.3899958731381477,5.010365668224062,6.1236493088434845,1.7630068642290851e-9,1.0220288169094258e-8,10.781970986350714
235048_at,-0.818904499894144,3.1012239185948003,-6.063296373885857,2.5090046488316977e-9,1.4065393408128716e-8,10.744463617088938
209260_at,-0.5467848792060597,5.208620772306667,-6.140177734016198,1.5998062273199024e-9,9.324659474035972e-9,10.738643150352548
202060_at,-0.2636558464660812,5.396707536306836,-6.13774192661601,1.6228946744339537e-9,9.438691990885421e-9,10.721611874592917
210681_s_at,-0.3508520834233971,4.649440627470407,-6.120830409789706,1.7924189711632704e-9,1.0357165284828541e-8,10.719686480830838
213391_at,0.5015447857851248,4.456909743315888,6.076843274782052,2.3185270689137806e-9,1.3128108081011275e-8,10.718919095967985
219017_at,-0.5548217488758803,4.774533011616536,-6.128098892028695,1.7175375150860884e-9,9.962089550144702e-9,10.714879657001436
223058_at,-0.5642675132440295,4.606472965386764,-6.12170985151255,1.7831918836505437e-9,1.0326126837593661e-8,10.710014271692344
202372_at,0.3439937460559251,4.907599899570275,6.107354087707748,1.9397858681911363e-9,1.1166537348700508e-8,10.709885206958916
212749_s_at,-0.32839105016271636,4.629536331053028,-6.115950945193057,1.844467979877411e-9,1.0640702998614273e-8,10.7002735263151
217851_s_at,0.5069032616080688,5.404444448971605,6.121379012349105,1.7866575837964419e-9,1.0335023053569807e-8,10.69085401990651
233746_x_at,-0.3166068522129295,5.223687934534843,-6.1306513457691905,1.6919738595060875e-9,9.829780887683685e-9,10.690678831775944
206584_at,-0.7450149078152127,3.1079011049573833,-6.052070412564241,2.678356006169055e-9,1.4913320111272914e-8,10.68959237090818
225402_at,0.7035629752012582,4.791842457474563,6.078767172683139,2.292647969114383e-9,1.2988438758922467e-8,10.67631980350398
1552281_at,0.7184138223337155,4.8005008730046885,6.076593591140885,2.321906508425359e-9,1.3140298164163164e-8,10.667124252101617
215588_x_at,0.41961883464770444,5.028565993230312,6.101243734248479,2.010443357501245e-9,1.1547979825535195e-8,10.654446144815006
207620_s_at,0.5236522785294696,4.469624989722705,6.064588206125516,2.490200752273395e-9,1.3979689281873234e-8,10.651018036886704
40837_at,0.8656367592614824,4.919950715580437,6.073586213184286,2.362990927747008e-9,1.3351646523709755e-8,10.64980604794468
210797_s_at,-0.5025827191581961,3.5466987994425248,-6.053231099819735,2.660341417890727e-9,1.4828427476515796e-8,10.640374025019963
214079_at,-0.8716889045673274,0.6871621945530938,-6.011363185999504,3.391309082977206e-9,1.8536272554048372e-8,10.627633147945264
217995_at,-0.48236588393647073,7.647753843098699,-6.157038168996505,1.4485618009394581e-9,8.48465969024845e-9,10.620875623178756
204438_at,-0.7694651332437928,3.844484907334122,-6.074727274806475,2.3473197274719445e-9,1.3270098279898124e-8,10.62053411207024
224378_x_at,0.3933503626562302,4.870172825355747,6.0857404854903825,2.2011906353186647e-9,1.2529944355031273e-8,10.614021975731932
208616_s_at,-0.20053894174403467,8.295283807739626,-6.16822029080772,1.3560592087272554e-9,7.986510337050626e-9,10.599843336236342
202925_s_at,0.903793245413539,4.588468189250029,6.04663101842725,2.7643784261476434e-9,1.5352403358900833e-8,10.596089031436765
1561421_a_at,0.9186777266165473,3.929114547092015,6.022907691091755,3.1721724602359272e-9,1.7400657228114434e-8,10.586054208252197
218404_at,-0.5376720308875171,4.230102137598122,-6.079034821825774,2.2890701470448053e-9,1.2975030944598412e-8,10.568937958025435
210992_x_at,-0.4931679985689903,3.3834026476851924,-6.034058267744046,2.9736682653589337e-9,1.643416253121235e-8,10.568403514771056
204439_at,-1.0521237296921648,2.8541904427175515,-6.028547753540686,3.0702022203542558e-9,1.6884536132779846e-8,10.564136210943062
208667_s_at,0.3179017583018018,6.712549640071105,6.117677755512172,1.8258815318476337e-9,1.053915347558389e-8,10.560407665701343
201137_s_at,-0.7544285274886511,6.314568908677448,-6.122731980752306,1.7725260304895205e-9,1.0269914204777843e-8,10.55858817018648
211058_x_at,-0.17882571130608704,9.920182677372596,-6.222621316915321,9.823059031703275e-10,5.915369949782866e-9,10.557999723462746
224808_s_at,0.3704779610429466,4.695268003414125,6.0651278293281585,2.482386821567929e-9,1.3945364456978094e-8,10.548860706619958
218854_at,-0.6421504650828569,3.579108068261496,-6.041117563713838,2.8543237248204746e-9,1.58191257444396e-8,10.535467346748765
220477_s_at,0.490871263721583,5.774276410116128,6.101159264340244,2.01143753891988e-9,1.1547979825535195e-8,10.523091718933246
207541_s_at,-0.26665613969581625,5.076502133425815,-6.097589830517337,2.053890350316876e-9,1.1772780804143761e-8,10.51907709436733
208393_s_at,0.5058675621778844,5.035279388691221,6.073174691439941,2.368667752162706e-9,1.3376667173916219e-8,10.517071829322527
219244_s_at,-0.3111482212342138,4.661966031230616,-6.0834154693633256,2.2312807484348146e-9,1.2681013611661628e-8,10.510999705994532
202888_s_at,-1.006062729207061,3.7343243798364765,-6.057486624011025,2.595299664886917e-9,1.4496061162634798e-8,10.51066722366599
213405_at,0.5256984647161821,5.006546504080883,6.066133561785523,2.4678873245828663e-9,1.387846556863845e-8,10.49144162303509
204285_s_at,-0.6327831035921111,4.387050162594993,-6.072367722730027,2.3798383512454993e-9,1.342559676508322e-8,10.47022957175772
239355_at,-0.33641070245610516,4.528203571233506,-6.069922174944741,2.414006423711966e-9,1.35968721436521e-8,10.466857580988906
218957_s_at,0.42610178984092406,4.977729997582797,6.063122678144074,2.5115435150237287e-9,1.407226238308013e-8,10.454673003315598
221931_s_at,-0.38166861092839527,5.959707534937163,-6.095988652268385,2.073217063454137e-9,1.1877205561916666e-8,10.451465518921289
222435_s_at,-0.3417876073430554,5.500381352934526,-6.090588449922432,2.139718197128753e-9,1.2225493891114843e-8,10.44415796284342
1566887_x_at,0.4460203869060867,4.808156122470078,6.049891794114313,2.7124917287618497e-9,1.5087707108113027e-8,10.44341535594636
216508_x_at,0.285605590132992,6.388396725712571,6.092656629958863,2.114006841963348e-9,1.2091487078458808e-8,10.43486089551882
209070_s_at,0.8219449579835221,5.182944830545208,6.050253975656359,2.7067875832751814e-9,1.506380019720884e-8,10.415993578956368
202659_at,-0.43829448234806556,5.959951960643429,-6.089516229172824,2.1531678923032416e-9,1.2295782318893725e-8,10.412446343799047
221463_at,0.8579746588863677,3.374668456283949,5.982304980040308,4.0103772414267125e-9,2.157868979779225e-8,10.410442903164995
221972_s_at,-0.34135689397114394,4.814777821667852,-6.07189475689439,2.386409358669766e-9,1.3448502608852817e-8,10.407758842602703
204332_s_at,0.45383938078871405,4.637394791459697,6.03324252870676,2.9877692887858724e-9,1.6490454606266383e-8,10.405832590276416
219233_s_at,-0.6085309090865983,5.094461614593148,-6.080600749393805,2.2682465180389265e-9,1.286380357212865e-8,10.405623956132105
201569_s_at,-0.3717084336122639,5.39360688815302,-6.082922145163484,2.237716776797042e-9,1.271084826607991e-8,10.405482794229133
205594_at,0.6039290170521159,4.28506739657641,6.007624706909105,3.4653896594058406e-9,1.890260662994642e-8,10.39525654996481
222987_s_at,0.45648586778304284,4.895949403173799,6.046268496139551,2.7702065391795923e-9,1.537679930271035e-8,10.394753479564294
200728_at,0.27293306696114183,7.414595576276673,6.099195658043916,2.034684329171404e-9,1.1675186512272763e-8,10.389921136134877
1555780_a_at,0.3366907100188482,5.9950822452766745,6.0812376391040655,2.2598302242203485e-9,1.2822860800885906e-8,10.389828010621773
222104_x_at,0.3575713716741349,5.43960870039705,6.072083855058538,2.383780057226954e-9,1.3440755659511768e-8,10.383510078772513
219411_at,-0.36880087976420384,4.7236010336589835,-6.064348020766843,2.4936864402273553e-9,1.3986839180186208e-8,10.381109677033031
217980_s_at,-0.3130289985744085,6.384115318174366,-6.087537137722863,2.1782103994473335e-9,1.2418929222607388e-8,10.37969679388273
217815_at,-0.29758285822771474,5.883888985865001,-6.081307333511317,2.2589110886636096e-9,1.2822860800885906e-8,10.374655100040243
224452_s_at,0.30862047928630115,5.752481885215317,6.0763867531298335,2.3247096805375083e-9,1.3149215843504926e-8,10.373880550904142
212588_at,-0.7211216656882782,3.8751494926290913,-6.0276086923254395,3.08695516653934e-9,1.6967958285857337e-8,10.354350524022868
201835_s_at,0.5589219673945628,4.52055897204476,6.011783094691597,3.3830855127070373e-9,1.8500763194298362e-8,10.34952968614149
213792_s_at,-0.395981561475943,4.967319761714024,-6.064525744281929,2.4911067711281622e-9,1.3979689281873234e-8,10.337283538619843
225311_at,-0.28712648374453015,4.7341645790588585,-6.053967304196888,2.6489764546357962e-9,1.4772766662422326e-8,10.330547875297148
205545_x_at,-0.20608325701639826,6.104735135052593,-6.072609525937697,2.3764857620308286e-9,1.3413747085688233e-8,10.317659005355708
208805_at,-0.2454563324611628,8.352196061135864,-6.120830692935333,1.792415992909832e-9,1.0357165284828541e-8,10.308942770934207
222978_at,-0.25147157494158623,7.1012459620764625,-6.083518865171964,2.229934115214814e-9,1.2680087142407803e-8,10.294268105814831
212191_x_at,0.22731892635007822,9.891805014997555,6.16306644433455,1.3979531703630485e-9,8.20617661046539e-9,10.289162854218091
231439_at,0.9396655460162302,3.0226723993717224,5.952340412403533,4.763968477611595e-9,2.5366001143465713e-8,10.269466852954446
200623_s_at,-0.3375337054335634,5.028927577678135,-6.052135417603333,2.677343946059399e-9,1.4913320111272914e-8,10.262614701756613
203164_at,-0.3178094780133867,4.475230234253561,-6.030148532057763,3.041848589360669e-9,1.6754408194252365e-8,10.260860994112637
225106_s_at,-0.32550971801855005,4.510635801761048,-6.032259284948297,3.004852624533996e-9,1.6572611024996224e-8,10.260258483390036
225974_at,-0.6660290236191797,4.321400951781749,-6.032207875383624,3.0057484571611745e-9,1.6572611024996224e-8,10.256981752787674
223531_x_at,0.2835291809264151,5.363860670138805,6.047864906538869,2.744631336517568e-9,1.525855501199414e-8,10.249214538649081
202225_at,-0.3115408614605444,5.466847829862929,-6.054989802812794,2.633270521583899e-9,1.4700483115022569e-8,10.244997146398342
201753_s_at,0.48264380882455976,7.2466976866915545,6.065510340471574,2.476862436792185e-9,1.3921630265138867e-8,10.229721015856471
225123_at,0.8991254794940828,3.8286694022372556,5.956173053524176,4.660375777572698e-9,2.4839107315988218e-8,10.224426667648142
204805_s_at,-0.38708062481164024,5.221092045042355,-6.047168922306683,2.755752837319537e-9,1.5312437835168155e-8,10.2136629006366
203447_at,-0.2920538608294303,4.899257639411679,-6.03789953382915,2.9081361112551793e-9,1.610070395859263e-8,10.204099906384329
205892_s_at,2.006395211980662,7.805592278365276,6.054342614086548,2.643200966686221e-9,1.4748235393807026e-8,10.198629919219975
212284_x_at,0.11936745702053654,10.701973137356369,6.185982467202134,1.2208677321895336e-9,7.254107606736813e-9,10.198084162276102
214687_x_at,-0.3027384793402852,9.05792220271321,-6.129135609175103,1.7071092606214963e-9,9.906967231331577e-9,10.198050416243099
214433_s_at,1.0631185272373391,6.422961639040561,6.045494579567153,2.7826886370632183e-9,1.5438085638973723e-8,10.19232069058468
221434_s_at,-0.3389104161160893,6.999826005315142,-6.0621626077356225,2.5256219453877286e-9,1.4143746942466668e-8,10.176916235576114
206387_at,0.7190021453569002,4.291676171266732,5.963938426749391,4.457179493710174e-9,2.3851030927131416e-8,10.169946410442488
224955_at,0.42826606187725175,6.018720717854091,6.0398544865581405,2.875328161681404e-9,1.5927296068300352e-8,10.157546260968902
203757_s_at,1.0476432056177922,9.045025966368808,6.084177733996065,2.221371596748238e-9,1.2638106168860261e-8,10.151547071423307
203764_at,-0.533307332041137,4.256538590889295,-6.006517042650941,3.487640549564436e-9,1.900462523269776e-8,10.148642733187884
223209_s_at,-0.30288802315435864,7.113991456084532,-6.058837118890296,2.5749851463272673e-9,1.4405125782038649e-8,10.148547389308352
204431_at,0.7309017451102857,3.453738438584939,5.936310956627041,5.222117510081946e-9,2.764058541774105e-8,10.143551681243434
227388_at,0.5077209390166424,5.294147908504748,6.017905371139545,3.265374016469579e-9,1.7893581503037647e-8,10.128987415806495
203311_s_at,-0.4396725860723434,5.51249781964724,-6.03552278569014,2.9485152043888067e-9,1.6307404948176193e-8,10.128394969418785
217861_s_at,-0.260477454225307,5.101813597828142,-6.028889613426389,3.0641254733795053e-9,1.6859772057686e-8,10.1273336977645
202240_at,-0.41292371198113403,4.2032956935444545,-5.992893041657735,3.7729932576006785e-9,2.046586165502586e-8,10.120880244988843
225512_at,0.41857464160725694,6.086367682104943,6.033315447965004,2.9865061396827506e-9,1.6490454606266383e-8,10.116977706629026
209994_s_at,1.3724956825893713,3.564071034640211,5.926300992166508,5.529732136239266e-9,2.9081993311502825e-8,10.112879188932801
1554577_a_at,0.36804897245109935,5.660296887204483,6.026852242497416,3.10051518453982e-9,1.702502264068431e-8,10.10346903207206
229632_s_at,-0.3700982526724717,5.522355453845613,-6.029742327627007,3.0490191434862674e-9,1.6785273424546957e-8,10.097491511509265
201786_s_at,-0.2521737336395552,7.636746749622425,-6.057564865763553,2.5941184715488007e-9,1.4496061162634798e-8,10.081074553546756
209417_s_at,-0.4227488477936826,4.736608204083002,-6.0118280022974515,3.38220718694934e-9,1.8500763194298362e-8,10.075822900178462
201483_s_at,-0.42868061755096293,5.681808573401142,-6.02728845831294,3.0926885559555548e-9,1.699075512818044e-8,10.07397976326149
209823_x_at,-0.693790507402245,4.436959542414068,-6.003202355744875,3.55506279674786e-9,1.9347672522114133e-8,10.062584182077888
204554_at,0.5967889339600392,4.212731854121487,5.9435918037960445,5.008924897877838e-9,2.6564659619289743e-8,10.054494162081106
216212_s_at,0.4181066691700088,5.283759067357216,6.0068834707138254,3.480264305726515e-9,1.8974082191983794e-8,10.05223470258267
221744_at,0.3811772387687918,4.862258393395394,5.986263493890991,3.91996884529906e-9,2.1145330432874538e-8,10.051078726592397
208613_s_at,-0.41334752692417753,5.585074985948018,-6.022191910572933,3.185347630901964e-9,1.7463986269116038e-8,10.050377722684217
223077_at,-0.3526457910514367,4.8574860912957485,-6.010156537349321,3.4150490780296944e-9,1.8647003452055107e-8,10.049551817438854
209008_x_at,-0.43686044194179985,8.521597699040475,-6.086083659587502,2.1967830168753415e-9,1.2511502636781251e-8,10.047774924377084
225640_at,0.5767456467145601,5.045835692061446,5.98479412681715,3.953293089235377e-9,2.1314357757915747e-8,10.03222858486339
222430_s_at,-0.23312314312065993,6.807590978934842,-6.031510290513183,3.0179299647451687e-9,1.66312159013966e-8,10.030913120211682
222838_at,-0.7398630477196457,3.0951600333881024,-5.933094088889071,5.31910765232114e-9,2.8070739053850427e-8,10.030846605688172
201252_at,-0.2936175253106272,5.754629000672086,-6.017080415186345,3.280998973180515e-9,1.7970011247281626e-8,10.017314151286804
201716_at,-0.25352747475369086,5.534935221066809,-6.009854503277994,3.4210167344947406e-9,1.867007247918602e-8,9.988661316977533
213872_at,0.5364885002975819,6.895348049907659,6.016717756375638,3.2878909343079878e-9,1.7998556759959875e-8,9.985243082637433
210996_s_at,-0.2857151127461901,7.339332626885663,-6.034009924935315,2.9745021140689578e-9,1.643416253121235e-8,9.983488527300667
209432_s_at,-0.27824043155321593,4.8634907177630975,-5.994967857472662,3.728110380326961e-9,2.0232647671956802e-8,9.971861102958576
206392_s_at,-0.9292896703277077,4.505571315462447,-5.992668510591322,3.777881874536099e-9,2.048200836128807e-8,9.97050869655912
218498_s_at,-0.5054783769203814,4.9017075752850925,-5.9980161116739215,3.6631137581006903e-9,1.99202729393567e-8,9.962643417635308
238156_at,0.6746011694409901,3.576334837301693,5.905985341268527,6.209356287434164e-9,3.241756038366579e-8,9.960367876680962
203477_at,-0.8590890171641681,5.747247304047235,-6.010548759203269,3.4073146369805706e-9,1.8614258901566983e-8,9.959936530925692
228649_at,0.7648557003224031,3.6700980969181036,5.905828952494057,6.214891605651654e-9,3.2430654540353713e-8,9.956418740119002
223539_s_at,0.4019730046714085,4.694238167202493,5.957681289603532,4.620215136811484e-9,2.4661865849856217e-8,9.9524148135445
221756_at,0.40179313540804407,4.742210182644712,5.959283723518316,4.577916261547698e-9,2.444826366398828e-8,9.948135261116388
233223_at,0.7824080763389225,3.0718084083160226,5.893281160996211,6.675056739313959e-9,3.459597622074041e-8,9.93886482398544
225766_s_at,-0.3313688520424588,4.823252588652782,-5.986723495663366,3.909592786599306e-9,2.1099983638709503e-8,9.925396051990763
207769_s_at,0.32049175730882884,5.35157175752151,5.98865167823596,3.866390544012386e-9,2.087733966633301e-8,9.922385320556328
206958_s_at,0.487862711267667,5.009540533696143,5.966289204506051,4.397390123237896e-9,2.3542848770738422e-8,9.918859038158184
209404_s_at,-0.3518124707510469,5.362104658163386,-5.996159460521861,3.7025694134255485e-9,2.0104220033465736e-8,9.91793912479256
212350_at,-0.323034240499194,4.55287437294597,-5.971551216316393,4.266379597907408e-9,2.2898659635461954e-8,9.910277097471278
200039_s_at,-0.27485422650908864,7.564077790199597,-6.02598193486417,3.1161881562426916e-9,1.710231747839547e-8,9.910081612710472
225563_at,0.46954190948708285,6.163449123867388,5.996498668375289,3.695330075146092e-9,2.0075086762190713e-8,9.907901488471563
200642_at,-0.28708362998820175,8.594274668748852,-6.060280795998563,2.5534406912393533e-9,1.4292063806294248e-8,9.906745888251688
212040_at,0.4088752367791184,5.558526239925136,5.988716437633433,3.86494768312503e-9,2.087733966633301e-8,9.90320586009888
217362_x_at,-0.44528931783671893,4.0472437374017005,-5.944001715927751,4.9971780514735955e-9,2.6515487105218736e-8,9.894904241124625
204288_s_at,1.0765316341702147,4.222692828075302,5.901893876647624,6.355767045998291e-9,3.3069126937241225e-8,9.890818503659945
212624_s_at,-0.4863469361447532,3.835549616082865,-5.932785762095242,5.3284956251626e-9,2.8106437042031973e-8,9.888070220495875
208717_at,-0.27929704187982735,6.6002070730290425,-6.003156081015281,3.5560129931898375e-9,1.9347672522114133e-8,9.886990249708177
218963_s_at,2.8275892696262765,4.153098266288895,5.880069965214331,7.195440548372822e-9,3.7017863183010885e-8,9.883428730595966
204122_at,-0.6587972297370874,4.639117143204107,-5.977195605736291,4.130083447675029e-9,2.2211638541637843e-8,9.877667586024195
209017_s_at,-0.3461726873617445,5.361063426344271,-5.988884203168229,3.861212255166724e-9,2.0870417199596926e-8,9.877489881117942
200994_at,0.33653339774287483,6.331658312299894,5.990483639378269,3.825776070117517e-9,2.0710226902056066e-8,9.861794821283869
217939_s_at,0.24437268895091455,6.2955708430995205,5.989192937609623,3.854347253864928e-9,2.084382742587328e-8,9.85337911773994
202515_at,0.29732683927471676,5.655189428203894,5.982947054083492,3.995575886128892e-9,2.1515693999338445e-8,9.852990951690494
225221_at,0.4702691515192504,6.666764175351254,5.990183325168685,3.832405363260919e-9,2.0735635685158698e-8,9.847902909157796
226360_at,0.7392212533987196,5.289043544070685,5.956847928422614,4.6423635737553934e-9,2.47554210879251e-8,9.841559007483704
219759_at,-1.0347661521441633,3.6657021210561553,-5.932542960848037,5.335899843239162e-9,2.8131641250305682e-8,9.830228659351771
209773_s_at,-0.5549082247983974,7.121704936299891,-6.005141540318753,3.515466004011451e-9,1.9146511083362824e-8,9.823069387175709
224643_at,-0.2780615404082048,5.981667457550184,-5.984102225386914,3.969080542489047e-9,2.1388712199036802e-08,9.822108930583813
209022_at,0.42326065440501137,7.086264259400627,5.990745083882348,3.820013921952565e-9,2.0689488951404364e-8,9.818613466976506
213241_at,-0.6344509174747873,3.13540417018451,-5.891401072410767,6.746807530174932e-9,3.491717346413722e-8,9.807794415910372
218900_at,-0.39046239985943504,4.3613987689914495,-5.94448599013199,4.983334845141986e-9,2.646825294794551e-8,9.807144755012544
228183_s_at,-0.27349839573088386,5.028837318660276,-5.970022924383867,4.304032466834709e-9,2.3077627536136257e-8,9.805046437997635
227054_at,0.4130351642896685,4.218832491403466,5.902680634186755,6.327354330214906e-9,3.293729200174552e-8,9.79592874609232
227736_at,2.4397174677186815,5.73773785282886,5.897593077984138,6.513297947831511e-9,3.3806667110038265e-8,9.792941665207778
209771_x_at,0.5392679974320158,9.664970234543139,6.058105907092302,2.585964881085637e-9,1.4458998836675592e-8,9.790917485689386
222257_s_at,1.6831421779615556,4.074625006800087,5.871237171055783,7.565210614828545e-9,3.872245643414152e-8,9.790116025997959
233571_x_at,0.39904561479561773,6.88090035831261,5.982899896531072,3.9966611648169055e-9,2.1515693999338445e-8,9.790076556762592
228959_at,0.5096430482876166,5.789386050511814,5.97061807132086,4.2893313013911616e-9,2.3010318593792447e-8,9.786416353529319
203344_s_at,-0.4188895415919622,5.109915224632945,-5.969806864633887,4.30938167553397e-9,2.308320294499771e-8,9.786057770432063
202825_at,-0.31268901678391275,4.907614434675552,-5.963707993388774,4.463082819821589e-9,2.3865235868352562e-8,9.785356407802054
238127_at,0.8002631219380059,2.6799140505326298,5.860986932206908,8.01757770082736e-9,4.092058594995879e-8,9.783622511462367
205449_at,-0.3763849025633879,4.445038627392745,-5.944153185144424,4.992844204975762e-9,2.6505619409269247e-8,9.77836389111657
201670_s_at,0.46893521283442274,6.0101982520582835,5.969815115750127,4.309177275241273e-9,2.308320294499771e-8,9.765756592494645
226554_at,0.33217970649027123,5.58481577600614,5.963660930520223,4.464289431548449e-9,2.3865235868352562e-8,9.753554867248123
224914_s_at,-0.27392205157354577,5.094101678671043,-5.961497902096023,4.520090655307322e-9,2.4151486877958774e-8,9.748801112925632
201212_at,-0.41407878081166866,6.1122222303968785,-5.971709308325745,4.262503046359102e-9,2.2889320869997523e-8,9.739761132276593
201938_at,-0.28017930055124557,7.588269511930596,-5.991732247672966,3.7983334453798264e-9,2.0582471522687955e-8,9.713352652367144
242488_at,0.9337916428164699,3.4463556419742085,5.846001254121985,8.726734459842847e-9,4.4182186327172224e-8,9.663007961356323
220945_x_at,0.43809233312946766,5.97283868929576,5.950863481672286,4.804485401911835e-9,2.5569027377387722e-8,9.660740157048277
200849_s_at,-0.2701682511326942,5.541731003378336,-5.950742698835608,4.807813694043634e-9,2.5574035801533986e-8,9.656813541950749
205550_s_at,0.24236782779929147,5.455589400262627,5.936638396554338,5.2123423398315834e-9,2.7602483186661272e-8,9.609313580415922
201714_at,-0.3953267707096484,5.049918605922534,-5.935649523346348,5.241918078216287e-9,2.7718000183579013e-8,9.602836492587906
205506_at,0.686902155380345,6.348727401073235,5.942132904535737,5.050951539781533e-9,2.6774291858327343e-8,9.602328241802084
60474_at,0.5847062132695268,6.9262818582067815,5.947437562953979,4.899768182019088e-9,2.605023153050645e-8,9.59742383991895
201695_s_at,-0.37889697952319973,6.118381083083894,-5.944808828274871,4.97412715833931e-9,2.6432452503615588e-8,9.590810243775676
208939_at,0.3382549497517665,4.956501209727801,5.91123395426037,6.0263472335849824e-9,3.152356343427535e-8,9.590669593529379
215333_x_at,-0.36103816194518995,4.545964176127971,-5.914144069528708,5.9271555920784005e-9,3.10653707719843e-8,9.587836699284514
201645_at,-0.9560524452244905,4.936364707887253,-5.934034227880123,5.290581689943552e-9,2.7936783456014948e-8,9.586461870803298
219511_s_at,0.7349664140837145,2.931774920184272,5.827156005457833,9.705757193789096e-9,4.8861737226063243e-8,9.586293811896704
226010_at,-0.39302637726542833,4.184961208686241,-5.8930021598619104,6.685657184305598e-9,3.4617421660447494e-8,9.582217188367942
201632_at,0.18608788700261766,5.692247733817272,5.935710909749141,5.240077344778766e-9,2.7718000183579013e-8,9.581480033848615
213293_s_at,-0.7473524755211824,5.151437750824254,-5.934016548614289,5.291116739685833e-9,2.7936783456014948e-8,9.573017385834014
218134_s_at,-0.23022639303504494,5.463500931678718,-5.934434960212956,5.278467974831387e-9,2.7897497491055077e-8,9.571373361990585
1554997_a_at,-0.929741828734552,1.7894799265865409,-5.822800910671151,9.946799715432337e-9,5.000472329959016e-8,9.561523447504287
203342_at,0.36756346558882086,5.153003126403976,5.914632791249875,5.910654384479482e-9,3.099404817470812e-8,9.560437183697442
202070_s_at,-0.3917821832977414,4.677255126780301,-5.915738798466483,5.873476424877575e-9,3.0814178716803846e-8,9.555302390836314
225923_at,0.5621704046638021,4.07948599561707,5.847003186351358,8.677471636185776e-9,4.395354781960199e-8,9.548694865201274
203302_at,-0.33452136152357437,4.816065615461949,-5.9187817115272345,5.772363425174075e-9,3.03133967519068e-8,9.547682474432435
209187_at,-0.32665686691315554,5.554331007915028,-5.931037631785376,5.3820293500126816e-9,2.8360885600927625e-8,9.544417332786338
202499_s_at,-0.769679963718608,4.186288481145455,-5.899253277187596,6.4520415157586704e-9,3.352120308357063e-8,9.536317315657216
213646_x_at,-0.1823564317912765,9.898946689631389,-6.042028786878181,2.8392635829513835e-9,1.574380474335309e-8,9.526333479737337
222750_s_at,-0.49826467908765815,4.86042699308318,-5.917641533486287,5.8100499031444954e-9,3.049635698794071e-8,9.520977059292278
215411_s_at,-0.33799438886925137,4.861035399316331,-5.914017170654273,5.9314475511860065e-9,3.1072663870834075e-8,9.514699134692671
213092_x_at,-0.3615809724783107,4.3532324689642605,-5.889902197476655,6.804548225408898e-9,3.514808348061983e-8,9.507330511119196
212565_at,0.62943405606165,4.395661488779575,5.850488283927136,8.508219556736258e-9,4.32393529939827e-8,9.505336199810632
202831_at,0.7220771531600131,8.904591487670917,5.973293877646015,4.2238374599594256e-9,2.270445093253654e-8,9.505144367509015
227994_x_at,0.38776467228598355,6.563225396433341,5.927572231682771,5.4897072669932304e-9,2.8899869263537333e-8,9.501057145769938
200593_s_at,-0.257881458732636,6.302627451400459,-5.928507959967628,5.460426664109252e-9,2.8759857842970704e-8,9.494021154866182
205709_s_at,0.6023474899529814,5.6052455881652445,5.911144281784288,6.029429305559151e-9,3.152429289919726e-8,9.486387154747067
203509_at,0.5396957158870981,6.657625585560479,5.924710520204566,5.580209067907016e-9,2.9333061699944973e-8,9.485439326933676
207956_x_at,0.4063193512953139,4.998385838997108,5.891207372557997,6.754242396130488e-9,3.4938772954971474e-8,9.484080841977137
205566_at,-0.4180021956438942,4.24823413472265,-5.87886319850156,7.244900261136498e-9,3.720739045903897e-8,9.473279148551274
222459_at,-0.3234121026390436,4.566487178062267,-5.893166236570745,6.679421222291728e-9,3.460185665106928e-8,9.469692024077458
218871_x_at,-0.4298686417168541,4.240651316657291,-5.878020339608358,7.279641577220981e-9,3.7367896606022217e-8,9.467230342206898
217527_s_at,0.36102535768868976,5.176608972487554,5.897332054487285,6.522980400715317e-9,3.3840527376689193e-8,9.457113681321704
208473_s_at,-0.7004683516734918,2.2000690551830657,-5.805513657016127,1.0962466426277153e-8,5.475100364788212e-8,9.451704154737083
225075_at,0.39334115825748023,5.133521604352066,5.890171931818869,6.794121893426195e-9,3.5111156702496297e-8,9.435188064571713
201930_at,-0.3594919406171532,6.751491634766598,-5.923097807956513,5.631850728994937e-9,2.9590003364258343e-8,9.420130181922351
1553588_at,0.13301060740515547,11.058017230972016,6.06676703583821,2.4587971146984876e-9,1.383460792529669e-8,9.419476684314494
201412_at,-0.35903525365424277,7.007444003490077,-5.927417195951696,5.4945733799401714e-9,2.8911279282563388e-8,9.41821189274678
208732_at,0.4128128802280372,5.570560293191278,5.901631981653702,6.365252617387541e-9,3.310240353887026e-8,9.416908398288577
224895_at,0.39630371338694126,5.79005323913598,5.904788948282781,6.25182476091571e-9,3.258844014068058e-8,9.413438424724541
211015_s_at,-0.34661429297145957,5.58977739845334,-5.904286521318663,6.269743807938405e-9,3.2653264664289804e-8,9.393520976262453
207783_x_at,0.10805846554714252,10.574288550974687,6.035756300297908,2.9445238470556015e-9,1.6293741721852612e-8,9.37095703986834
208742_s_at,0.2945886376999611,8.285536650392798,5.938105004632798,5.168777824686247e-9,2.7385319899042414e-8,9.367473374468126
201012_at,-0.7629292229840007,6.26177704637705,-5.9092580134215575,6.094618446560866e-9,3.184958410634466e-8,9.36044087998036
217943_s_at,-0.34996364525806023,4.2734740773373785,-5.85584411152445,8.254372106503845e-9,4.2009068112577525e-8,9.354803711819349
205345_at,0.4226922430232323,4.513633209808557,5.836877867924044,9.188038350406601e-9,4.629889691811191e-8,9.35039586767412
204178_s_at,-0.24486611705623468,5.026765123125435,-5.886918675292133,6.920919443270626e-9,3.57147446993055e-8,9.346160453826894
216266_s_at,0.541020231671681,4.998653710162425,5.859290759390895,8.094934244870313e-9,4.127605860489826e-8,9.341698951751393
208872_s_at,-0.29921328659914226,6.668789489408309,-5.90472072756502,6.254254917319078e-9,3.258844014068058e-8,9.33025737490659
221570_s_at,0.27659611370621134,6.739999973563703,5.899346577416724,6.448615740720807e-9,3.351966056785153e-8,9.328520790613858
226452_at,-0.43366860577071936,4.488388912601053,-5.86642291554686,7.774486729571171e-9,3.9755645028112625e-8,9.325020623725308
202976_s_at,0.7965234065903681,5.56496397100519,5.874726856423861,7.416958098636297e-9,3.7999938838206907e-8,9.323748799109538
208880_s_at,0.38102602647114975,5.533008990721074,5.884217878849253,7.027935196198078e-9,3.6232083617358044e-8,9.322406000533308
214097_at,0.5026707383807647,4.885983999214104,5.849779980676892,8.542355294493138e-9,4.335113797721696e-8,9.317678580408536
215380_s_at,0.35280627617878296,7.712441255304003,5.913421641283161,5.951630007723131e-9,3.116315360348871e-8,9.317594985752292
235229_at,-0.8189605387677539,3.9598139521062268,-5.84879786221709,8.589908201230646e-9,4.357182128777647e-8,9.315834573930191
214043_at,1.3887658899096844,3.6878785792550275,5.77887450041962,1.2728329790962298e-8,6.30997672607955e-8,9.307123838816555
209759_s_at,-0.3348047969137607,5.058351992168003,-5.8798830978112555,7.203077763992659e-9,3.702810560731927e-8,9.296875441448375
208658_at,-0.32011552991147835,5.486094060457544,-5.885523383680028,6.976006197452663e-9,3.598168242335598e-8,9.296157148740235
204045_at,0.44443382427944883,4.369160858609717,5.816905083733114,1.0282433533610676e-8,5.1619358221917135e-8,9.292222206757884
218458_at,-0.39614637166380406,4.246289607570524,-5.84350982668841,8.850417407440345e-9,4.4723830983919066e-8,9.285369928649118
226336_at,0.37827637494873795,5.977099615130696,5.883045500705261,7.074889956539906e-9,3.645661188283406e-8,9.282090502679308
208740_at,0.4499373267924455,4.927651934310681,5.847595567697573,8.648473177901136e-9,4.3827385598323023e-8,9.27706737534894
227319_at,0.3198484075850876,5.764389590133208,5.880086695702421,7.194757163529305e-9,3.7017863183010885e-8,9.274950180752374
227223_at,0.7706146068552739,3.9920448211902904,5.788473511656526,1.2062228307470103e-8,6.007561685631205e-8,9.274725758883271
216379_x_at,0.5621120151528874,9.830425676087426,5.971902075908399,4.257780871067404e-9,2.2875429524445885e-8,9.271799213456632
201427_s_at,0.9388691663095345,7.727756345767956,5.897235826525245,6.5265534386133545e-9,3.384267521193846e-8,9.271132524221716
202227_s_at,-0.2699986347044986,5.401654188060295,-5.879366152097155,7.224246387303493e-9,3.7119113451886005e-8,9.268520627933679
201844_s_at,0.422205279077917,5.732278857749434,5.877010134492315,7.321494719625232e-9,3.756473799393923e-8,9.265741856082279
212048_s_at,-0.33911550592602696,6.43025513486833,-5.889668608136469,6.813590012405349e-9,3.517782641103542e-8,9.264876094649892
1559436_x_at,0.40080627628111454,5.1258249121590085,5.85837815296887,8.136855651213083e-9,4.1450373081999884e-8,9.262812452183013
203979_at,0.47138730583665417,4.314349877843002,5.806886264275776,1.087825990469594e-8,5.435578281670131e-8,9.260398058299026
201112_s_at,0.46347605967826166,7.639569551195313,5.899117163413892,6.457042491970834e-9,3.353092400217331e-8,9.255651274765038
36742_at,-0.4873138102380675,5.239111040564287,-5.876094439294039,7.3596349663719165e-9,3.772429157643174e-8,9.253795785641124
225404_at,-0.2676002106533255,5.422646357411143,-5.876262161893452,7.352634574053445e-9,3.770645006789591e-8,9.250319408391743
202587_s_at,-0.5580594664593599,5.200168833783783,-5.871855351361227,7.538739481412072e-9,3.860540920858869e-8,9.231076800167507
201293_x_at,0.14937148503551193,10.317374912675952,5.997549611945459,3.672988554612895e-9,1.9963838856198854e-8,9.229346377585335
211372_s_at,-0.7563719772849083,3.096663570273396,-5.785804463312651,1.2243952753871231e-8,6.089575944857126e-8,9.226183163741307
201743_at,-0.6888523158102396,5.315760763694536,-5.864270284905261,7.869878076839338e-9,4.020692954470951e-8,9.177414472517864
218303_x_at,0.5255148673584824,6.154799861783112,5.864262061203805,7.870244679852127e-9,4.020692954470951e-8,9.175112088930982
223215_s_at,-0.3398086290365864,5.516789535515519,-5.862106759518598,7.966901778951315e-9,4.0681324479459224e-8,9.164716645926653
212231_at,0.24004876927240423,5.553795309201817,5.858025980172189,8.153089566953854e-9,4.151333105074935e-8,9.164482544340016
217854_s_at,-0.2952251820569251,6.3423957940157,-5.868042218087917,7.703473161055926e-9,3.941132185978612e-8,9.154777163830069
202560_s_at,-0.24066343772691765,5.564655069238213,-5.859565160839203,8.082370594636496e-9,4.1231636276352756e-8,9.151608341108975
213327_s_at,0.42527479505909566,4.44376729800116,5.795302821538102,1.1609131266274141e-8,5.787278885788501e-8,9.147683765103768
203790_s_at,0.5541040428655453,5.2496556401036125,5.83660075207372,9.202415720645297e-9,4.634954377774945e-8,9.144079458471555
1555725_a_at,0.8432889151814081,4.110808599113157,5.765441310332696,1.3720994219643509e-8,6.761408053129756e-8,9.13733176251116
207826_s_at,0.6480681313793443,5.6875054825179685,5.845180201209319,8.767307004294712e-9,4.436663199669781e-8,9.11476811772149
201444_s_at,0.33602641167796526,6.354953237722692,5.852552493286275,8.409494486127936e-9,4.2778211980004076e-8,9.094922046776412
225940_at,-0.42472638842967564,3.836424369025545,-5.782790022413817,1.245240201226269e-8,6.184635269233668e-8,9.083750343283647
205828_at,-1.3526488486993649,5.247035187010544,-5.84999771892353,8.531847499003075e-9,4.333887257317209e-8,9.082520986579203
209186_at,-0.25785733309121817,7.72050998670189,-5.880375675661862,7.18296327576914e-9,3.69957142179398e-8,9.076122350082404
209814_at,-0.23396009109148674,5.103855797121798,-5.838534089132559,9.102565414275007e-9,4.58897803685309e-8,9.070238989592232
223124_s_at,-0.2834094404891955,5.417866927392881,-5.842524944088733,8.899780189126016e-9,4.495207221410043e-8,9.064476622293663
215529_x_at,0.3038461937051539,5.030770924252962,5.817206641194012,1.0265001995770116e-8,5.155600861729267e-8,9.044321327580231
208969_at,-0.3156428596271617,7.0229888134736145,-5.859206755905246,8.098784204937566e-9,4.127605860489826e-8,9.04232913341162
215978_x_at,0.38560874418005603,6.495088207072084,5.841673511828575,8.942670603245104e-9,4.51474223244886e-8,9.030160919051275
208270_s_at,-0.3108744483903891,6.296889369165428,-5.844298931508066,8.811059791875792e-9,4.456698940055022e-8,9.026623349784693
232628_at,1.0543378251585098,3.238480948425882,5.722693135387379,1.740815611251497e-8,8.473129324551243e-8,9.023008273543198
218495_at,0.3080539859589279,7.170981182077782,5.84989438739818,8.536832586655253e-9,4.3343643365325935e-8,9.021503451527954
219041_s_at,0.38174135622685246,7.212490343542801,5.848262438162234,8.615941338009805e-9,4.3683189566540004e-8,9.0134893789606
213572_s_at,-0.4623478984705249,6.825433344447152,-5.851316772403116,8.468460381865664e-9,4.305772001467815e-8,9.008761494682716
204365_s_at,0.8959565676714619,2.502419988890006,5.7136062714765155,1.8308077617241563e-8,8.882900159126309e-8,9.007128038248336
211765_x_at,0.1465432961902842,10.315650466801372,5.9573286728670185,4.629574102035345e-9,2.4699515615091957e-8,9.003576198503618
226423_at,0.6121085843568955,5.326140558743699,5.811519210245387,1.0598667213557018e-8,5.305772049478333e-8,8.996618498888541
206513_at,-0.7254735736688906,2.06730993105741,-5.715187041656554,1.8148335500297988e-8,8.821375599577692e-8,8.977915667724174
203156_at,0.43194308471527715,5.972256714520226,5.8262586167013355,9.754954821725218e-9,4.908634617432704e-8,8.97223198807178
200653_s_at,-0.25353575889812635,8.27423644213221,-5.880016376635053,7.197629889873208e-9,3.7017863183010885e-8,8.97021974385168
204745_x_at,-0.7609763047044302,6.4748431255540755,-5.841072048797357,8.973090339297269e-9,4.5279659352280566e-8,8.9653118089566
208126_s_at,-0.7319624069885262,2.349502090292318,-5.714895154394017,1.8177729163408576e-8,8.827652426454944e-8,8.952965517275196
219590_x_at,0.2599976534680339,5.395464425513087,5.81585977335746,1.0343081349868588e-8,5.1899499063766835e-8,8.952390745203944
213362_at,1.0472052284651827,3.4862052289690824,5.711589399800721,1.8513878064941815e-8,8.970564256432458e-8,8.946492071742226
204457_s_at,-1.0637684035594213,3.018414361305884,-5.738730519490473,1.5923868960548285e-8,7.78605240412386e-8,8.941730035754068
208623_s_at,-0.3438207157344504,7.1681350363610905,-5.8439136059119745,8.830257037036927e-9,4.464301257091864e-8,8.939712319679478
239597_at,0.8540181250101654,3.520197616972188,5.711951680974491,1.847674586889533e-8,8.956623461243243e-8,8.933585923254379
201157_s_at,-0.29307192832473217,5.691640395576306,-5.821135502119446,1.0040509375932541e-8,5.04521467844115e-8,8.932804937803533
201175_at,-0.2468903583089771,7.127814913372416,-5.839796627577655,9.03793046680066e-9,4.5585380927888644e-8,8.929650527022737
202763_at,-0.2909449010963107,5.13624626394904,-5.813677257773316,1.0470834610429987e-8,5.251594156438972e-8,8.927272610277813
202121_s_at,0.27939286393159196,6.718301229251077,5.8231980756485076,9.924578130837191e-9,4.991643451439382e-8,8.911254723393908
235138_at,0.5432201590176585,4.8841593860899355,5.77286147190631,1.3163704518526415e-8,6.510746376129893e-8,8.909733074845466
212644_s_at,-0.23880661616347432,5.3842339791003795,-5.8135378347042295,1.0479047774591435e-8,5.2532540388019676e-8,8.909377312375563
222785_x_at,0.458573158533142,5.010829304146893,5.782685510680379,1.2459690693950775e-8,6.185387692506703e-8,8.897623253048794
228095_at,0.4016981163557513,5.440025905233839,5.8039742662790665,1.1057660527936958e-8,5.520070700642527e-8,8.89723790184388
201884_at,0.7369393326099607,10.051072592816674,5.908091573137841,6.135273916160226e-9,3.2046411245160653e-8,8.894502535615073
221553_at,0.4336639048422955,4.971468039891331,5.776853982261362,1.287303718845033e-8,6.372867255077097e-8,8.872602458518415
212869_x_at,0.11322590742846121,10.745430949528233,5.954229353110502,4.712634433086285e-9,2.5105148026679943e-8,8.866637876817578
222984_at,0.27227076427308133,6.45236331330884,5.810725877911831,1.0646041791305857e-8,5.3269988654955464e-8,8.858916766454492
204087_s_at,0.543948328542653,5.540244342893775,5.794098477532496,1.1687811791351441e-8,5.823791987011534e-8,8.845826148472732
222132_s_at,0.3319625614706866,4.891602511623417,5.771329546085635,1.3276922579817543e-8,6.560685959298217e-8,8.844617518829763
239435_x_at,0.4427608954244026,4.967939351992442,5.769265437368025,1.3430973338091852e-8,6.63069204474553e-8,8.838683370513332
226444_at,0.8132220771512055,3.349255529159669,5.691415137469853,2.0700400161509412e-8,9.962416304144219e-8,8.837680995135138
207163_s_at,-0.2933224613014779,5.085153716564613,-5.795962509961747,1.156625245583323e-8,5.76858764242744e-8,8.836684240179547
1552612_at,-0.5198975196093764,3.918299064326032,-5.744699825423929,1.5403500515971837e-8,7.552297529867565e-8,8.82869332108655
225284_at,-0.33817336629229117,6.271711458088068,-5.807740619410276,1.0826165681734636e-8,5.412072466095341e-8,8.826732047167429
227452_at,0.5847100892356647,4.456197095706708,5.72973003247764,1.6740993112923278e-8,8.166951694842763e-8,8.825533759906012
204058_at,-0.6691172554762017,3.4064804586081157,-5.72161827364578,1.7512316231548424e-8,8.519956575321447e-8,8.823216672772793
200743_s_at,-0.3757370470044079,6.562599420083502,-5.8116955127290595,1.0588167083488265e-8,5.3029936402716116e-8,8.822967807281104
203148_s_at,-0.37577939253539444,5.727581217486559,-5.801494495382848,1.1212703120090447e-8,5.5948620645332543e-8,8.82131124124767
201418_s_at,0.42810591308412244,5.4080620489245295,5.783569852796187,1.239814738512968e-8,6.160545126943148e-8,8.795532981082355
217885_at,0.31466958039555176,5.372959549930721,5.784706577336629,1.2319475132803057e-8,6.124294064859357e-8,8.792441752678961
222433_at,0.47612104608394945,5.915590798549735,5.787759761411415,1.211056553877033e-8,6.028833114165731e-8,8.767051447987761
201367_s_at,0.7058608512553016,5.020535567782426,5.744359464685597,1.5432720545700817e-8,7.563162635228401e-8,8.75517044910325
226438_at,0.6206544946718763,4.383743563280555,5.71087838957798,1.858696478055037e-8,9.001905682370531e-8,8.751358874703401
211978_x_at,0.13922675895781278,10.350187109925734,5.913332420467409,5.954659460066716e-9,3.1163784462967626e-8,8.748064334632678
266_s_at,0.589220091858972,8.062021099932611,5.809452539215678,1.0722512165836059e-8,5.362757835322208e-8,8.72237026462226
229613_at,0.8579283115285605,2.620327976693536,5.66059301492442,2.453421769944189e-8,1.163501877884555e-7,8.721683997836006
201424_s_at,0.36130938844263805,5.271587700834882,5.766955330531314,1.3605448983039397e-8,6.707555221136727e-8,8.721056183669216
222533_at,0.3485349328125743,5.604611163474254,5.772359590548188,1.3200692421511361e-8,6.52602759167749e-8,8.699510319787453
202290_at,0.34477084885636033,5.499169982567309,5.769439502358211,1.341791538822009e-8,6.627299564499854e-8,8.694688004083574
213453_x_at,-0.17216468551654715,10.193216151835617,-5.905138868019751,6.2393744006564115e-9,3.254255986087251e-8,8.686817460096318
222979_s_at,-0.3008888642021828,5.97842876493392,-5.7770330245916774,1.2860149910728581e-8,6.369430697810231e-8,8.678763331988392
203096_s_at,0.6680007970095685,3.947772939236886,5.676461384731946,2.2481345606734417e-8,1.0752178320240916e-7,8.670660439611458
209318_x_at,0.9258082344888164,4.259413901518446,5.678806858462698,2.219246217279173e-8,1.0637487573025404e-7,8.659409630761749
202981_x_at,0.24031252732689878,5.913654463227057,5.768750036575787,1.3469710144266823e-8,6.646752868518217e-8,8.65488864573205
216417_x_at,0.6943864798965906,3.8411728797348736,5.668186805021726,2.353002423652416e-8,1.1208410388878761e-7,8.64572209405577
229265_at,-0.37302959645563116,4.970488117243764,-5.759014389808469,1.4222208785433806e-8,7.001954169041929e-8,8.645265237218357
232201_at,0.6089614151618326,4.341133159895486,5.688139413332223,2.1078380638117873e-8,1.0139770623087418e-7,8.640887830882722
218001_at,-0.3382625742032778,4.980531108274943,-5.756381290716138,1.4432666612849791e-8,7.099043040562892e-8,8.631580153591555
200961_at,0.3532976192441037,6.955772204332865,5.7739617538865815,1.3082968362616962e-8,6.473803236430277e-8,8.628631984235188
203123_s_at,0.638661639192025,5.030255231719718,5.72358136589538,1.7322537084350976e-8,8.435288172029636e-8,8.62104679476655
214730_s_at,-0.35561475652721825,6.231670272882656,-5.767840707304438,1.3538319647360257e-8,6.677533074685562e-8,8.611509247472533
238103_at,-0.8271351632977553,3.6986041679648918,-5.703104774961246,1.9404588910584365e-8,9.36824520049979e-8,8.610120120985108
212661_x_at,0.13630239776372313,10.427639382337459,5.890610669389174,6.777196170743318e-9,3.5040590046898246e-08,8.60144778672738
218966_at,-0.41716172948503716,5.94137890989192,-5.763105346681565,1.3901145162563307e-8,6.847033017312216e-8,8.60069973249788
235147_at,1.2866862558977807,4.157937735290379,5.656473002285037,2.5096371064028694e-8,1.1896346159687583e-7,8.59896017154236
209993_at,1.4011260064716577,3.4113109392397143,5.640338313256048,2.742101584404918e-8,1.291826485212396e-7,8.592199234292245
204348_s_at,1.0615558824271287,4.689916437984627,5.678005701898804,2.2290729010642314e-8,1.0675037098391198e-7,8.585211915140142
218454_at,0.6270654159321649,6.826623269371058,5.758624927771494,1.425314816882688e-8,7.013963083722662e-8,8.567729501449357
225354_s_at,0.4928607058621882,5.7859705809923,5.749008868169441,1.503819592280995e-8,7.383326898307195e-8,8.566818157637186
224939_at,0.3974652906347403,5.490298546070268,5.742765440626121,1.5570287843851262e-8,7.62709161733784e-8,8.557555800551107
225860_at,0.42540375389145074,5.122087016963006,5.726284588237978,1.706448132270654e-8,8.317187825757742e-8,8.553134778068298
201720_s_at,-0.6621257928221775,5.4927872183166055,-5.750244186641401,1.4935035925444672e-8,7.339405498591228e-8,8.545503182499598
202767_at,-0.280926525214576,4.879162601845011,-5.735966109871876,1.6170616316439925e-8,7.899489858550885e-8,8.543765174002584
201116_s_at,1.139626136758015,4.0039191125720786,5.641109961217383,2.7305218633236857e-8,1.286937119304296e-7,8.526882284911618
205603_s_at,0.538547725797026,4.291539206806207,5.6668399888239005,2.3705158611816454e-8,1.128681618703954e-7,8.526672102234103
202041_s_at,-0.2583218546658837,5.859192640931486,-5.747300525086305,1.518200197792535e-8,7.450517049450952e-8,8.524721516235617
213011_s_at,-0.24653580829532415,8.636397357454,-5.81249580058526,1.0540631283931863e-8,5.281654955320956e-8,8.523466009638074
219581_at,0.4933892478910712,4.190873304307312,5.662336496327374,2.4300036792826588e-8,1.1539286088721243e-7,8.51833532566305
203324_s_at,-0.6211317170721541,4.314382454878393,-5.714241173805328,1.82437547719225e-8,8.855702078459709e-8,8.516038946755705
210740_s_at,-0.2932679328087615,5.531408392254649,-5.741633245523197,1.5668723108042147e-8,7.671802132379136e-8,8.508760934690136
218233_s_at,0.24736484841298975,8.209871772757193,5.777696323551467,1.2812515804440411e-8,6.348773441858008e-8,8.491992213275548
209906_at,-0.4925882550623073,4.537912074017635,-5.714910682058762,1.8176164328064198e-8,8.827652426454944e-8,8.479038493397764
221059_s_at,-0.47490034234826584,5.651111512417258,-5.737971552564028,1.5991245703075115e-8,7.815429526324987e-8,8.477035285687254
201328_at,0.539629922076358,7.331654242579291,5.749689706220821,1.4981254390929447e-8,7.358742700138797e-8,8.474985512310191
227462_at,-0.8656887663006568,3.732135078321924,-5.680560392586879,2.1978849567768202e-8,1.0544532710232903e-7,8.473584014167358
205844_at,-1.002315952930693,1.829783097074781,-5.617064500357805,3.1147101383809624e-8,1.4558416104919392e-7,8.465416823673507
205141_at,-0.6191428808903231,5.025598280552644,-5.728915422844952,1.6816932369535467e-8,8.200263835905027e-8,8.464356562742216
228956_at,-0.5901452286802975,5.295388219953419,-5.7302509342802646,1.669260894473215e-8,8.147057841681801e-8,8.451079743872212
218109_s_at,-0.3271350120142187,6.464447450580237,-5.74075030143796,1.5745908391234458e-8,7.702553269191541e-8,8.44883756921898
223319_at,-0.40457475909967183,4.026142535563808,-5.674871488402517,2.26792454078291e-8,1.083204440722573e-7,8.446656490427245
212331_at,0.2701803155978679,5.427706421377429,5.712901126831954,1.837977564096556e-8,8.91365035951399e-8,8.39110786887322
208723_at,0.3860412151999483,5.27458243694802,5.703205642531374,1.9393758814103033e-8,9.367237970039936e-8,8.381633689061841
203559_s_at,0.8434053700637956,6.485617103284488,5.71773954285,1.7893257535469033e-8,8.701337629481605e-8,8.372168146942936
52940_at,-0.3173804427353485,5.133199222694742,-5.707960599111489,1.8889845598735558e-8,9.144460727485496e-8,8.35397046192755
222606_at,-0.3776039489530829,5.141257830197779,-5.705641544738758,1.9133997217337937e-8,9.250113365945006e-8,8.336895666180254
212993_at,-0.38499571279804934,4.168138287761167,-5.6617150286721545,2.438326046846739e-8,1.157367609209974e-7,8.335738411309059
219506_at,-0.39798965425966615,4.503582189496054,-5.683573697275641,2.1616439583251767e-8,1.039393704018744e-7,8.335496829180482
242837_at,0.60790073124525,3.7628004909704464,5.607612897204146,3.279703280368675e-8,1.5282932249930237e-7,8.331812410832836
202069_s_at,-0.39141655028963035,5.132509695469706,-5.704259184433044,1.9280991756678883e-8,9.31697179473617e-8,8.329977777935234
218170_at,-0.3219139627756243,5.534908574632129,-5.707717727880706,1.89152723581694e-8,9.152633819921806e-8,8.324690598881453
202259_s_at,0.6809346398173185,4.2943633752685555,5.623735131070054,3.003153651308392e-8,1.4104684378109076e-7,8.324031193961357
208651_x_at,0.5581276717892513,7.890912998647966,5.732546466613344,1.6481005046490064e-8,8.047447906246492e-8,8.323457377585642
202530_at,0.20857710887199563,5.468216239649976,5.700482568192565,1.9688209184519703e-8,9.500891215935117e-8,8.3143206237857
224611_s_at,0.3413578721753687,5.076197272403897,5.682396978856226,2.1757265818663368e-8,1.0452268552257429e-7,8.312419160698003
201338_x_at,0.5211603298803775,8.296440747850019,5.74109233297756,1.5715964806877132e-8,7.691417586846722e-8,8.31058691116552
213399_x_at,0.3005014369851817,8.439657865607384,5.750481590689596,1.4915289708044463e-8,7.333065564124844e-8,8.308159847821099
224612_s_at,0.33746698210063003,4.929463038731913,5.670787345354271,2.319541720745882e-8,1.1068708442917877e-7,8.294344651914182
209316_s_at,-0.3282020797184579,4.993125688924316,-5.693815241036535,2.0427652972902004e-8,9.848849968438306e-8,8.292947343737255
203910_at,-0.5785504769410882,3.865644199073128,-5.642874425867052,2.7042219675588094e-8,1.276225988478305e-7,8.289084942051627
227642_at,0.9401492226912846,4.245588374128156,5.60546573532268,3.318353973896643e-8,1.5442887107886506e-7,8.280076743987708
225272_at,-0.3062777648675122,5.130460158478288,-5.692720238491315,2.0551652026229116e-8,9.89972338835398e-8,8.273262338693215
209772_s_at,0.7852128262199526,8.226684050210308,5.726113189783046,1.7080731646902848e-8,8.32132233439155e-8,8.265186477386914
200992_at,0.31870713525666683,6.9251487935448575,5.706346838499062,1.9059420112700027e-8,9.21821975924855e-8,8.263665893801392
231059_x_at,0.37530483120088176,5.637052534227718,5.69165056056701,2.0673490693872648e-8,9.953937339481244e-8,8.26318645051046
218206_x_at,0.3917184690165845,6.183215290674667,5.694944953036076,2.0300486815698968e-8,9.791945756712429e-8,8.249099494500696
200680_x_at,0.2086370678784301,9.482740428479815,5.781483933258058,1.2543788281760499e-8,6.224252147406217e-8,8.239200659373731
203382_s_at,-0.7232336782727343,4.116597485686089,-5.654507515917843,2.5368948259833316e-8,1.2004308423480314e-7,8.23869383304324
218577_at,-0.37350156943814644,4.600755312761803,-5.668378958169451,2.3505140320610953e-8,1.120153773375023e-7,8.229171020641228
213478_at,0.5271381906663231,4.382935952719084,5.614801310031819,3.153466672286215e-8,1.4726716852747263e-7,8.227537755621174
228762_at,0.4221295211205053,5.532670115848563,5.679696621832723,2.208382135172922e-8,1.0590151214909361e-7,8.21567878459615
200082_s_at,0.21711243868883898,9.73547439231739,5.786727739790676,1.218079092944609e-8,6.060975997545562e-8,8.212501391536117
221771_s_at,0.43989179156228697,4.8494101197781765,5.643787802732457,2.690704791606405e-8,1.2704063654684628e-7,8.202682435688073
218154_at,-0.2816853149674161,4.787857169884879,-5.666491779909095,2.3750644261695945e-8,1.1298085483469927e-7,8.190406267844134
210970_s_at,-0.3745310571589843,5.063207930916116,-5.674988497069213,2.2664623321531877e-8,1.0829888922549999e-7,8.180732377381126
203445_s_at,0.2590911374318371,6.369985666584567,5.6834085281043105,2.1636152882790322e-8,1.0398748579333007e-7,8.174158972290021
221520_s_at,-0.3738593548412494,4.922608649860391,-5.669237526276396,2.3394267921544993e-8,1.1153662316133133e-7,8.16792615758048
230030_at,-1.0983460475759363,2.5053044481244156,-5.57491639223413,3.918678093124826e-8,1.800777816210133e-7,8.164851815118897
224574_at,-0.34160083813855924,5.3684344869265,-5.67617262745779,2.2517162849618682e-8,1.076422871967715e-7,8.16434709730089
209536_s_at,-0.3142828458708559,5.711986691757212,-5.6778041754327555,2.2315514077737292e-8,1.0682131470723843e-7,8.155887189709969
225275_at,0.6706949179718757,5.703066866683466,5.666619481822745,2.3733953028291067e-8,1.1295505943673132e-7,8.148929039406763
202594_at,-0.3447574656650757,5.290057407920908,-5.671365802260228,2.3121620268306403e-8,1.1038409890123284e-7,8.14357079663541
212461_at,0.3237231804923383,6.850510350567014,5.6814152213222275,2.1875442735477127e-8,1.0504330704848341e-7,8.13620339660256
208648_at,-0.24515591947579554,5.200478188225625,-5.666416680708069,2.3760465410489823e-8,1.1298085483469927e-7,8.128538744957853
38069_at,0.2554463461879229,5.171655472911396,5.655831973856598,2.5184955340103633e-8,1.1927781899139269e-7,8.128454674815524
201117_s_at,1.2076149186138325,3.516553532512622,5.553427331908872,4.402921403849013e-8,2.0157477350185673e-7,8.124201782549019
218076_s_at,-0.26550246200795996,5.539507618549639,-5.669422320164938,2.337047095906099e-8,1.1147277621746232e-7,8.121286540931635
212639_x_at,-0.16951478573347106,9.71758045200148,-5.780067483902037,1.264363499685925e-8,6.270891746358942e-8,8.116706848359355
33307_at,-0.37084361207657973,4.312972396761732,-5.629247606129641,2.9139076954610415e-8,1.3691532079593918e-7,8.112558308115462
208121_s_at,1.7437874248866643,4.064933558790944,5.551812258746246,4.44157936431455e-8,2.030842498075193e-7,8.100606820174054
228868_x_at,-0.4459350043851451,4.84496160776575,-5.653125583367506,2.556231989262952e-8,1.2074476764097888e-7,8.088614142051451
218263_s_at,0.30616372629364663,5.41767782228826,5.653634906361737,2.5490884805039e-8,1.2051361382011598e-7,8.079038476482392
224904_at,-0.32857564109354287,4.45912335946129,-5.62960687955175,2.9081815604619684e-8,1.3670622666620915e-7,8.077199043837188
200787_s_at,0.4454769576222205,5.126606698583048,5.636867386693223,2.794781540671237e-8,1.3149097340891948e-7,8.076178102695478
224892_at,-0.3567224004562338,5.808289570607552,-5.66321552840575,2.4182793338722638e-8,1.148870354934526e-7,8.072123389322655
211475_s_at,-0.3299417533985424,5.2976139969776685,-5.65486068170394,2.5319759171639944e-8,1.1986326999813464e-7,8.05557530392467
229802_at,-0.8369267303745502,2.3835926567139367,-5.545445705391379,4.5972070274695265e-8,2.0993128254595497e-7,8.052656824990148
210386_s_at,-0.26991094806359206,5.584920761122249,-5.653341500981064,2.5532012614992345e-8,1.206548086212673e-7,8.0329812483317
222980_at,0.20109148437498317,7.563503575683369,5.676456761448118,2.2481918638420286e-8,1.0752178320240916e-7,8.030900258165401
208650_s_at,0.671532313895405,8.26310057351762,5.681056730406578,2.1918750839617745e-8,1.052041118928427e-7,8.007386232634275
218552_at,0.4201381121087859,5.574125212471206,5.641176993269634,2.7295181972791253e-8,1.286937119304296e-7,8.004090151716582
219620_x_at,-0.402233117359263,4.115518721421868,-5.594632528571624,3.520217434217595e-8,1.6297359279504362e-7,7.9917797697127435
203418_at,-0.4590785422579539,4.117680042695814,-5.595738299881529,3.499077483726366e-8,1.6206492470021858e-7,7.977674578716063
228245_s_at,-0.5472412032624769,2.7489070151834323,-5.533658581630753,4.899447526142724e-8,2.2297273299731097e-7,7.973227007227653
202095_s_at,-0.49856864010432606,5.1708121501516136,-5.638782401190007,2.7655958416873233e-8,1.30232212096687e-7,7.972753046938166
226858_at,-0.36297533408623,4.6531567866499275,-5.621469655652441,3.040597338651497e-8,1.424930852536023e-7,7.9719843276134394
219194_at,-0.44033224591472414,4.217885663015078,-5.597003845766561,3.475034498581355e-8,1.6116036616148077e-7,7.965277918287823
203580_s_at,0.42038928024560945,4.847693646538325,5.598610817561469,3.4447365282123287e-8,1.599548551751588e-7,7.958683267097164
226104_at,0.4718730360095639,4.551487249568646,5.5754389327118306,3.907573038173022e-8,1.7966450625728578e-7,7.954398906609559
213953_at,1.3359466800943296,7.36795692337281,5.642086011592371,2.7159429227173273e-8,1.281193154164277e-7,7.936717827821351
218968_s_at,0.28796351468687587,5.309514227805524,5.620842803769177,3.051037890132419e-8,1.429198465981137e-7,7.9200908931561544
36711_at,-0.44085462291853345,6.100402817305403,-5.638144556080418,2.7752838004687002e-8,1.3063099892100695e-7,7.919303155986283
201465_s_at,0.46748796211590926,4.659971324414451,5.574708377115558,3.923107375103303e-8,1.8014680372688247e-7,7.9115179478480195
200881_s_at,-0.28131183382515834,7.720547473125861,-5.663901512990525,2.4091680794482724e-8,1.1450495845221536e-7,7.896648966042971
203474_at,-0.6882042136416859,4.20306811878926,-5.5928641330189715,3.5542837534483885e-8,1.6433768601938967e-7,7.894274694605934
211378_x_at,0.1469328593028563,10.137090280490872,5.747217307982438,1.518904119012445e-8,7.450558528837145e-8,7.890838574695138
209513_s_at,0.37971919987615954,5.697195257393934,5.6221588726448175,3.029158179116832e-8,1.4208131161505524e-7,7.887608472325976
205311_at,0.9145905304951321,6.193670436932788,5.622719626013465,3.019882071848199e-8,1.4177036211967466e-7,7.8839958618035375
212056_at,0.3991118650170984,5.271400632092869,5.608184805801298,3.269482528074719e-8,1.524734956007162e-7,7.878456639829892
228964_at,-0.47659678046301723,4.140575561904634,-5.577406512007354,3.866031855294238e-8,1.7804761097403698e-7,7.872050642960801
224996_at,-0.38001864066189794,4.792629288440251,-5.608119726782361,3.2706440109254726e-8,1.524734956007162e-7,7.865631478488574
209478_at,-0.30271022314086893,6.703787946027308,-5.634348503880162,2.833627153865905e-8,1.3326008647658228e-7,7.85912186227265
224686_x_at,0.4149581145714023,5.319827855598952,5.605865981245777,3.311115776029356e-8,1.5415898873795086e-7,7.8586117932952675
229742_at,-0.28661444327158714,5.26897440011816,-5.616294501351012,3.1278438705806454e-8,1.4613428428055147e-7,7.8541711123096
225822_at,-0.40632028520586255,5.068456854120587,-5.6130131551174065,3.184419728782587e-8,1.486478804115375e-7,7.849328098669958
222670_s_at,-0.482055214471436,4.6147873899592895,-5.598468836793561,3.4474030635103475e-8,1.599548551751588e-7,7.842970115765862
202276_at,0.24173548516285895,6.6835469649680626,5.621966566195994,3.032345733976648e-8,1.4216857701571914e-7,7.827537320229725
218163_at,0.330871193274798,6.525128200356634,5.619226567924697,3.078118306040584e-8,1.439994821511475e-7,7.82664681537511
202200_s_at,0.34961178599535475,6.686139766927743,5.61905116270724,3.081071289499446e-8,1.4407471289571176e-7,7.816781633615108
210754_s_at,-0.3497159144650697,5.021314636175573,-5.60390490923778,3.34672786366475e-8,1.556141302232659e-7,7.8095074557849085
220161_s_at,0.5644339575916891,7.007928367548298,5.619357328094444,3.075918722802168e-8,1.4395944638435835e-7,7.806321800524454
1552767_a_at,-1.04124838737725,3.2312365832961225,-5.532745200240277,4.9236580691452236e-8,2.239794008269757e-7,7.8053311083600985
208097_s_at,-0.46944926648766105,4.8483698061086224,-5.59846115079121,3.447547471291344e-8,1.599548551751588e-7,7.795550840818762
213491_x_at,0.29522442817088734,8.41508579980579,5.65404517657311,2.543348367099398e-8,1.2029532475380066e-7,7.793760559592609
226762_at,0.4619815138232945,4.6214879334291155,5.545454510704277,4.596988167814565e-8,2.0993128254595497e-7,7.7711405528807855
204141_at,-0.5548827047674961,5.9231613830245164,-5.605947710183262,3.3096396484740585e-8,1.5415725893088082e-7,7.754330162393275
225710_at,-0.5860086167409327,4.170995831286726,-5.560809500351541,4.2303489308639144e-8,1.9392267050211862e-7,7.751932545403076
204256_at,-0.4971040673011366,4.533997199091519,-5.577340393556782,3.867420804037936e-8,1.7804761097403698e-7,7.748617588547242
218611_at,-0.4198698547939555,5.630453750080595,-5.600817098168595,3.4035573476311085e-8,1.5811929690013903e-7,7.746995846132652
201671_x_at,-0.34296881352373215,5.099980608163859,-5.593032442059509,3.551027696439935e-8,1.6425802984439128e-7,7.743644970449282
213137_s_at,-0.28663770363041863,4.501711287170652,-5.568054473785277,4.0673863597318135e-8,1.8653214927999537e-7,7.743370337009093
200057_s_at,0.27425709559778205,8.855778301485472,5.661392177500349,2.442660441684194e-8,1.158911484134755e-7,7.737683532682602
202852_s_at,-0.28010189492242066,4.732846145039682,-5.5782856076552045,3.847610750315683e-8,1.7728797405648133e-7,7.733632894119902
219679_s_at,0.39747177129926,4.632687455595364,5.541110874698006,4.706190044799675e-8,2.1463352043396732e-7,7.7252220041526565
200905_x_at,-0.3264518442502878,8.402096269512281,-5.656267205549562,2.512477719443759e-8,1.1904543922335689e-7,7.716782910211543
205890_s_at,-1.0211279510846532,5.984757464663773,-5.604492570134862,3.3360173240681574e-8,1.551834719615379e-7,7.7160266987511585
201696_at,-0.2254058264100437,5.984596973934439,-5.596413085723712,3.486237761090371e-8,1.6160997461947703e-7,7.713469007766351
219121_s_at,0.4451591389216372,6.238027737768122,5.59422912611679,3.527960497165737e-8,1.6326151536128095e-7,7.712174489743459
233759_s_at,0.29933513416111607,5.650560911127488,5.58627369601402,3.684088587274517e-8,1.6989944483629744e-7,7.696681841261357
1558097_at,-0.20939750606306773,5.5360111971439245,-5.588953233746961,3.6307657465473155e-8,1.6772916534179126e-7,7.696148881198359
201858_s_at,-0.8034996769929718,5.909140610677271,-5.596313088059449,3.488137605091273e-8,1.616281062428322e-7,7.691890145436425
219806_s_at,-0.41226741716648796,5.64259988411874,-5.5885362420085425,3.63901429179638e-8,1.6801931641009876e-7,7.681834840369579
206000_at,1.5094396480998609,5.559333276247856,5.531269859923377,4.9630099886746593e-8,2.2557796354973111e-7,7.663489646546481
214771_x_at,-0.31748991260965964,6.049443937349919,-5.5880605457476475,3.64844633060949e-8,1.6832818923264196e-7,7.662602941734445
213941_x_at,0.1564880572248125,9.899654839880535,5.693026146858492,2.0516937124051123e-08,9.88744702698874e-8,7.657226518662203
218493_at,-0.370698114614963,5.594595056435094,-5.580782827102797,3.795746889086034e-8,1.7497347858338505e-7,7.6445957444798545
221693_s_at,-0.29556172226982913,5.128203296018173,-5.57042267610745,4.01545407221259e-8,1.843083096641537e-7,7.624115623924503
201470_at,-0.26357117912977757,7.4418281794550545,-5.603656213954248,3.351270578771719e-8,1.55757751455017e-7,7.617981276887054
217979_at,-0.4441698382834669,7.87410984229765,-5.620555208074966,3.055839612690833e-8,1.430822105365249e-7,7.616753739650781
227334_at,0.39166892105816786,5.312925488433383,5.557427320469444,4.308581701140755e-8,1.9742444723832727e-7,7.601309961587974
217923_at,-0.252163090748519,5.3199537897940115,-5.568528617423165,4.056936852681692e-8,1.8613261029027396e-7,7.59990654342929
225887_at,0.5729056369669447,5.447550724265247,5.553207140213221,4.4081725303310923e-8,2.0172897188140535e-7,7.581106670892746
1560049_at,0.6662434262394383,3.525137014677334,5.452571093514899,7.569137276917176e-8,3.3604711001912023e-7,7.568812568212753
243582_at,-0.5065653511352867,3.762089628605256,-5.495433985706325,6.018452470153241e-8,2.707924456646437e-7,7.567710616870224
209739_s_at,0.5119608659310354,4.606397325602974,5.500741371108269,5.849402392463261e-8,2.6374010029654427e-7,7.557648506946536
208929_x_at,0.16557433928546564,10.00856992774103,5.678719285539293,2.220318297547828e-8,1.063786669124771e-7,7.556436079960374
225016_at,1.5546641895067548,5.3036985082937935,5.488938846799991,6.231801787947179e-8,2.798042437312579e-7,7.539943998266365
203967_at,-0.5742041972703351,3.438038026104932,-5.474453247529174,6.7344208476088e-8,3.01109559851557e-7,7.534180307028533
207601_at,0.9375108336319959,3.6833154403837924,5.442489412614376,7.986732934743953e-8,3.537076061592062e-7,7.521564773774998
226518_at,0.27537062983863536,5.283534774472535,5.5441933654213695,4.6284378363782957e-8,2.1117740434889557e-7,7.519550998360994
205865_at,0.6397592745428183,3.30966850290846,5.437614777696285,8.196587635149592e-8,3.6225265402375234e-7,7.514158977659374
221829_s_at,0.3640188405410698,7.580586628102633,5.575537159989827,3.905488927160571e-8,1.7964578306857536e-7,7.506539711793284
225162_at,0.3552317862876233,6.220334635309141,5.555073563763806,4.363854340129425e-8,1.9987161840874956e-7,7.503988304831177
202001_s_at,-0.2614190469196377,7.192705415538063,-5.574857888133757,3.919923333708606e-8,1.800777816210133e-7,7.4962285129326585
223232_s_at,0.5437368004584862,4.2156762249043345,5.463400280217652,7.144207660192458e-8,3.182365765639992e-7,7.488164441132952
203102_s_at,-0.3226911412193116,5.878784703261744,-5.552727151607281,4.4196403983920506e-8,2.0216741070868504e-7,7.48525352665307
204313_s_at,0.3503653520115465,4.783693130694035,5.5071852490439115,5.6503477396470284e-8,2.555178359427548e-7,7.481792735881442
218353_at,0.9645706540457888,4.7109319876989755,5.470997333377464,6.860030654115588e-8,3.0647000999808295e-7,7.474415226175857
205719_s_at,1.043912340664334,0.8673236781192026,5.405937892807203,9.696687919614649e-8,4.2279453676366186e-7,7.472099912346847
225903_at,0.4656156923013832,4.761416498357795,5.496020904413287,5.999527076461152e-8,2.701678586386226e-7,7.46624920121185
1562836_at,0.7187512699151501,4.418437799148368,5.46413861774299,7.116095199431955e-8,3.1724813929053075e-7,7.46416941048205
213239_at,0.5252473663530844,3.858707741847781,5.441956543403875,8.009416654335767e-8,3.545656223880127e-7,7.446222739654921
200966_x_at,-0.28852980779350096,8.90772019407549,-5.62256765703203,3.02239324319185e-8,1.4182610080733374e-7,7.434170736969383
209076_s_at,-0.23211590888342015,6.595726425134163,-5.549854473520235,4.488882977811931e-8,2.0515957056868267e-7,7.427382198062329
206303_s_at,0.41466138209949605,5.113859973798297,5.513059517398875,5.47463496123361e-8,2.480954498295079e-7,7.422414571234084
222245_s_at,0.5661036236714484,3.1878118351308746,5.4179715524097025,9.097820997059884e-8,3.991193953378482e-7,7.422249193119939
203392_s_at,-0.3535636980952473,6.312193454057033,-5.545163887792672,4.6042170717162267e-8,2.1016181290709815e-7,7.418402140734009
209911_x_at,0.6944495570881943,5.5093549194734885,5.519686170203297,5.2827881460975824e-8,2.3950279055921883e-7,7.412780466886879
203800_s_at,0.24283690736204605,5.960264452485905,5.536014256284702,4.837539673897382e-8,2.205300533040964e-7,7.412687819665466
212636_at,-0.594321807464621,3.1043779592617597,-5.436030698031926,8.265928286622976e-8,3.650160335308819e-7,7.409202069455628
214112_s_at,0.27263550557480576,4.961877026004344,5.507681257653663,5.635301620200448e-8,2.5494504331590963e-7,7.408339197925612
202950_at,-0.5957665984139094,5.49487714153386,-5.535641118409825,4.847294917032858e-8,2.2088077603646534e-7,7.40554928460937
221654_s_at,-0.2706921530593444,5.701613502305399,-5.534787907525597,4.8696729996175463e-8,2.2180615155145737e-7,7.40125462466337
231341_at,1.4623962011502627,2.3172382941345187,5.391735169889713,1.0452818988759826e-7,4.544685463741235e-7,7.377119583220221
200995_at,0.3946955549962901,5.09609780832214,5.502719297560019,5.787589459362985e-8,2.6117289754909713e-7,7.3694238400144965
202934_at,-0.4997944869220457,6.0773153229153785,-5.534011855069085,4.8901145508908835e-8,2.226425719664005e-7,7.368725178390354
203341_at,0.3067293058807658,5.190089006194215,5.510026411012493,5.5646884315356876e-8,2.5185681101411835e-7,7.3649159147057635
223338_s_at,-0.23420371976748283,5.161180925890445,-5.519975724367537,5.274556054064831e-8,2.39230817134617e-7,7.360161973078383
224688_at,0.2636937599692715,5.637256683848043,5.520214961153525,5.267763903602119e-8,2.3902395044171753e-7,7.349266355438068
200913_at,-0.2452163240393197,5.560146711031472,-5.521268224498684,5.237961754308599e-8,2.377723909911357e-7,7.338555781799296
225596_at,0.3488831222682848,4.730677619463761,5.47185895969522,6.828502381317083e-8,3.051887609972879e-7,7.322739719784341
225297_at,-0.35361292236882147,4.671899108924952,-5.498601931360502,5.916985009042509e-8,2.665629116983701e-7,7.319069214558562
235626_at,0.6323445219656594,4.045810426617861,5.420374153295697,8.982629905575226e-8,3.945506936384887e-7,7.318145096799162
225460_at,-0.31657950156084624,4.8831348924534845,-5.499870718860541,5.876814368323523e-8,2.6486458699137527e-7,7.287695880540059
214288_s_at,-0.16330242664494085,8.542561544873434,-5.5760840808799195,3.893904528641638e-8,1.7918985917241353e-7,7.284635363490843
204588_s_at,-0.46457041189340065,5.080566745270266,-5.50572620466539,5.694833623296529e-8,2.5742089707331526e-7,7.282214866228935
201675_at,0.3171741918909492,7.189417627471241,5.525154650191438,5.129406415218861e-8,2.330421158873607e-7,7.279772629727713
225975_at,0.6566169262536913,4.735180258738758,5.447360692690333,7.782238644302338e-8,3.452220397366913e-7,7.270657039636767
227393_at,0.571330733723318,4.967789840976782,5.464524301689243,7.10145290103383e-8,3.1685907925354194e-7,7.261860828238127
209107_x_at,0.2863115260483903,5.1647938881410145,5.486041824689944,6.329314684622112e-8,2.8394450676866284e-7,7.24332416982455
213017_at,-0.5087321246908538,5.6749934432911715,-5.505600994976226,5.6986670515313583e-08,2.574855340491583e-7,7.242607651913013
225394_s_at,0.2438357279829117,6.088069927359045,5.502093876667426,5.8070657857633476e-8,2.619414558437168e-7,7.229648071541398
201491_at,-0.25969259733186906,6.482813441862962,-5.510422997791048,5.5528324065284254e-8,2.5149288246248217e-7,7.228998501185048
225213_at,-0.33333232052749606,6.048574324801503,-5.504602390149888,5.729330281449591e-8,2.5865282471626406e-7,7.2246352275479
218853_s_at,0.5095478625279773,4.0682972783885,5.404721861872993,9.759291469876401e-8,4.25178078555453e-7,7.211882195995686
221196_x_at,0.360871664767078,5.395552845814369,5.4858485191068,6.335873786621314e-8,2.8411978181697003e-7,7.2073171908541624
215091_s_at,0.5024480350245558,8.27415143182735,5.532009542807962,4.943242282204163e-8,2.2477484961482681e-07,7.199449292140332
203881_s_at,0.9125528177092896,2.604199042762439,5.362296268750518,1.220666697638416e-7,5.270859464651492e-7,7.198881095482166
224564_s_at,-0.22659329060779015,5.858633194923869,-5.495782107844515,6.007220165689688e-8,2.7040062871862867e-7,7.192023084398497
209301_at,-1.274208382146448,5.153196552156367,-5.493175507359787,6.091820410155663e-8,2.738635000167756e-7,7.187852387879497
225847_at,-0.43939628756742866,4.069157350783882,-5.439148369309407,8.129995309092361e-8,3.5960627475766495e-7,7.18755410810356
224584_at,0.3183506120292572,8.04086843140907,5.524999415579879,5.133700179483805e-8,2.3313832141928788e-7,7.179231139424459
221502_at,0.30606177910922994,6.3081902511439525,5.49338160646765,6.085089294563444e-8,2.736757414469277e-7,7.17612762667606
215696_s_at,-0.3328943565926637,5.751628432527837,-5.491922464702563,6.132900254557793e-8,2.754790793588161e-7,7.173578076931976
209945_s_at,0.31663156375219453,5.001288825009134,5.460563074229948,7.253242393588529e-8,3.2269097077455944e-7,7.162208215293559
229725_at,1.2515195082744017,1.843885599373768,5.345467719305701,1.3334171367062253e-7,5.72243381469382e-7,7.1576733287319705
219332_at,-0.3359945466581293,4.464575027852181,-5.453852161659963,7.51761694813761e-8,3.338981358432762e-7,7.1574076197848715
204190_at,0.4318206633774186,4.501185704813102,5.420043376516725,8.998404311920082e-8,3.950815794819666e-7,7.155237767452824
209385_s_at,0.34344978681294414,6.163918957527581,5.487696386162775,6.273442556600059e-8,2.815558865054731e-7,7.154694784650763
1553581_s_at,-0.2964475777139441,4.735220263926758,-5.465989974789466,7.046075799675407e-8,3.14519208508011e-7,7.1451353657461665
222572_at,0.49633614050523667,5.60430620459654,5.476209062008055,6.671462226113896e-8,2.984191015797836e-7,7.142284870489375
201502_s_at,-0.41886318923203286,7.400745897029854,-5.510373861566202,5.554300008459188e-8,2.5149288246248217e-7,7.118941019331444
202635_s_at,0.3582026007047061,6.164061472587381,5.478628523391682,6.585643062967826e-8,2.9494980825072876e-7,7.108076406280523
215947_s_at,-0.23617172180673032,6.0130058612410195,-5.4795608522822254,6.552860093638595e-8,2.93604308586994e-7,7.100202262799147
209504_s_at,0.9625894933223865,3.5344995770126113,5.354464431679029,1.271938763248737e-7,5.470204725284512e-7,7.09538292139335
204607_at,1.9491602318523762,5.756312757913374,5.4091179165711605,9.534811340961014e-8,4.1607508715158996e-7,7.089616841831958
200012_x_at,0.16746181205414676,10.38017204911414,5.608252290218168,3.268278539180326e-8,1.524734956007162e-7,7.088323649808993
208890_s_at,-0.32037247240023764,5.964365960538456,-5.476774015506777,6.651326425489081e-8,2.97642690042876e-7,7.085282248374286
201680_x_at,-0.2571408328913527,6.028153496575106,-5.476896332681012,6.64697463690672e-8,2.975722494157196e-7,7.0849095563712385
244650_at,0.6156473851475437,4.01694852591293,5.374216224788814,1.1464589038069027e-7,4.966443282039364e-7,7.084059963496475
203124_s_at,0.5678426240130036,5.537294971491147,5.460835686386003,7.242696028326676e-8,3.2235564001439003e-7,7.08216326741346
218349_s_at,-0.4160891738806346,4.265560207364179,-5.428060685113417,8.623536415468889e-8,3.7924444014334234e-7,7.064290841293901
206666_at,-0.6145711574989832,2.277283835141247,-5.345359978550435,1.3341705625680782e-7,5.72243381469382e-7,7.062648596855883
242558_at,0.7333954991042182,4.995503490088252,5.411180990853431,9.431198461695369e-8,4.1210093935050934e-7,7.020196580230076
218535_s_at,-0.2735694478666548,4.757238975863165,-5.441262856765047,8.039039964416889e-8,3.557300088343582e-7,7.015542404024597
200781_s_at,0.13056091552033655,10.293634325733224,5.588477220759825,3.6401832669452e-8,1.6801931641009876e-7,6.9989687315622735
201498_at,0.2933091075824199,6.2589410174068885,5.458591672070886,7.329953905315314e-8,3.2583317920183804e-7,6.997848391490166
215794_x_at,-0.33085649488114477,4.324541977515997,-5.413599760549263,9.311113196258508e-8,4.0730892475098976e-7,6.995735255379728
228155_at,0.47660172911876,6.937744273341243,5.463987713656262,7.121832175444352e-8,3.173718306802635e-7,6.993391337874962
223000_s_at,0.2670920338998614,8.175605496209892,5.492602687070768,6.110566511934158e-8,2.7459101947294727e-7,6.983917751660314
218232_at,-0.6250923889223099,4.808790769494748,-5.442907063071333,7.96899758641142e-8,3.530681188719005e-7,6.982029934238861
221732_at,-0.3278582665394675,6.900920821652005,-5.470513663728348,6.877790812815949e-8,3.071353604739361e-7,6.9782584031831965
221898_at,-0.5273991330366434,3.6956145714425133,-5.376505413448473,1.1327174700153666e-7,4.910887193959782e-7,6.972312373101818
227889_at,0.6838182588536539,3.8972018971976667,5.343785346851315,1.3452291197454223e-7,5.76688257696387e-7,6.9635051072646
222021_x_at,-0.26859428913909444,6.69357176379404,-5.461985380473047,7.198382202486154e-8,3.2051649432765654e-7,6.9588195637181
204142_at,-0.4122480239823423,5.355118637322237,-5.445118899939351,7.875708597743023e-8,3.4922378397194125e-7,6.949617353484398
209460_at,0.9220809966191162,4.085154547600985,5.3414479263047365,1.3618088235524569e-7,5.830958403963817e-7,6.949493796114345
202130_at,-0.4120533063999552,6.44802587462136,-5.457700267651886,7.364898533530978e-8,3.2725075897850423e-7,6.948879892027199
244753_at,0.7672318461851901,4.695231318749846,5.372969398498212,1.154011198459053e-7,4.997139033586028e-7,6.939007077681627
1557820_at,-0.3296393490945986,6.787745626606761,-5.459562121595647,7.292093659414389e-8,3.2428476286137957e-7,6.932890744468034
200922_at,-0.3014090644781303,5.241534879585455,-5.438957135438828,8.138270394915087e-8,3.5982373396915116e-7,6.929714755909816
212045_at,-0.26118034111143046,4.948297151230721,-5.429876978712063,8.540742304711761e-8,3.7622110324990584e-7,6.921363327829642
34689_at,-0.24157368158749132,5.1853399641467615,-5.435745167977262,8.278487367820917e-8,3.654200048268046e-7,6.92131990716298
203825_at,0.3729563826313602,5.684505348220533,5.437013920995579,8.222822464820977e-8,3.632622559407304e-7,6.9211589543193455
205239_at,1.0053636977434097,5.996413431369625,5.429509040830595,8.557451839331699e-8,3.768022258724229e-7,6.904273911202184
231154_x_at,0.858302647394925,3.898686711004567,5.327706581292252,1.463360844242315e-7,6.223495325275078e-7,6.9036331869153855
218011_at,0.22561722867585005,6.965755324219154,5.449422630403651,7.697219343107313e-8,3.4159200837907473e-7,6.90126777783628
202074_s_at,-0.31569778224941053,5.391227776342968,-5.433058816597491,8.397557738655243e-8,3.7006596484662124e-7,6.888656925453928
218100_s_at,0.3508010014172252,5.296403933249872,5.418883507532068,9.053930049066411e-8,3.9735662685640504e-7,6.878130620680906
225421_at,0.8516775791240294,5.0619256551071485,5.3805788472135605,1.1086598702547654e-7,4.808531655886357e-7,6.873678674594174
242608_x_at,0.324183857693914,5.458742019599205,5.4215545711390085,8.926555539601668e-8,3.922485213115368e-7,6.861716404806797
225853_at,-0.3703925238374389,6.152795803935884,-5.435392963436768,8.29400466178569e-8,3.6568888606034175e-7,6.858422492282465
226132_s_at,-0.5139740660877364,3.501767239732966,-5.341772139739042,1.3594973410376089e-7,5.82338865035422e-7,6.857475542892526
214033_at,0.7604846342315451,4.397135254214645,5.340800836267569,1.366433660461517e-7,5.846087781359517e-7,6.854671989483705
223231_at,0.42293567201398713,5.419142726691139,5.4124426191178,9.368375720950759e-8,4.0964656774916523e-7,6.832878508100402
214157_at,-0.6207181297756134,3.315585233669119,-5.331584892422246,1.4339781377311535e-7,6.10580595767641e-7,6.83140648217789
225181_at,-0.3048715993757105,4.662437193570728,-5.400998374118963,9.953433192181462e-8,4.334598771863414e-7,6.829361657907818
204818_at,-0.9426401367259903,3.479848428423686,-5.351112885529361,1.2945129160142273e-7,5.562822651127324e-7,6.825607644684082
228241_at,-1.3412760766739065,5.852474093820864,-5.435374490506342,8.294819314166251e-8,3.6568888606034175e-7,6.823580965133336
1053_at,-0.3072919707676788,4.493369745633226,-5.390391307070426,1.0527257987536893e-7,4.5751932990053847e-7,6.822878887914188
220357_s_at,0.4799107107266748,4.277235527061311,5.338533133851534,1.382761782444594e-7,5.906509958265125e-7,6.822238395240576
227676_at,0.9486880300849118,6.484607845153341,5.422245094958164,8.893910722612305e-8,3.909744176091327e-7,6.8218307068538735
203843_at,0.3718929145896152,5.605668579418699,5.415756054991874,9.205311582343553e-8,4.0350451301819347e-7,6.819038453001198
1553567_s_at,0.16201667872979583,11.086688244256592,5.591323581691575,3.5842220447805343e-8,1.656504347098096e-7,6.807314682428958
1569030_s_at,-0.3389471752626933,4.59332965231167,-5.393452372479084,1.0358443179055728e-7,4.5054811927415346e-7,6.804820137667687
205383_s_at,0.5787942660404072,4.751444516826475,5.357729903454454,1.2503119210157993e-7,5.385843027680843e-7,6.793311756811893
232707_at,1.2365598576690322,3.6476562003816966,5.292256667158902,1.7604353142804154e-7,7.393000204580984e-7,6.792790950235678
204980_at,0.42663630065413644,4.9650737795666595,5.380708638143613,1.107901537611024e-7,4.807188810217457e-7,6.791713991027887
211300_s_at,-0.5719582577988813,3.4324071431625014,-5.326629869706491,1.4716212022161076e-07,6.256142039421096e-7,6.787525881420908
217743_s_at,-0.3564403918158635,5.59188540203191,-5.41505230506577,9.239713111281643e-8,4.046813023759617e-7,6.783672187572515
208674_x_at,-0.24205006555079434,6.900028607920472,-5.428730514297493,8.592912553181656e-8,3.782081848078681e-7,6.768964784768964
200946_x_at,-0.3231194298094467,5.192749171142014,-5.405993279209382,9.693845825368114e-8,4.2279453676366186e-7,6.763584001787212
203665_at,-0.4646127036435339,4.373792068490887,-5.3752441959843,1.1402683528578262e-7,4.941624135989439e-7,6.754031397573135
206332_s_at,-0.6236146443165276,5.460131398507208,-5.409341853001662,9.523511437860064e-8,4.1592082361922084e-7,6.752858412548196
220041_at,0.822319361120826,4.279871644099737,5.309512010772018,1.6091825474859044e-7,6.797781006000194e-7,6.737825285307782
201236_s_at,0.45996537399431114,6.224267400534445,5.405338352291863,9.727504514457387e-8,4.239656463115622e-7,6.731253148439322
208980_s_at,0.15738453567581698,9.652291333641886,5.505104121414959,5.713904099532423e-8,2.5806515437728015e-7,6.7199203462883155
217848_s_at,0.26565176498785315,9.26347285630166,5.484884901621445,6.368669176070066e-8,2.8547093256585196e-7,6.717590390266205
208655_at,-0.22729215940262093,7.6381390920457894,-5.435474808116108,8.290396262994615e-8,3.6568888606034175e-7,6.716792875281497
200832_s_at,0.622986294625488,7.143778664285578,5.411160959201802,9.432199227923541e-8,4.1210093935050934e-7,6.713001487961956
208697_s_at,0.3188264752034771,8.850815081567312,5.464439753662353,7.104660218110603e-8,3.168702119759321e-7,6.7087105565907805
222845_x_at,0.24721600165966287,7.7580045532548025,5.428172812927797,8.618402679468993e-8,3.7917432404579594e-7,6.708393004706192
217673_x_at,0.26730334319629645,6.841574303601992,5.409264276511486,9.527424499629639e-8,4.15922162447157e-7,6.707881830247569
217967_s_at,-0.6621867230467956,3.5025670183278135,-5.318193369572205,1.5379287532775443e-7,6.519917187915445e-7,6.707172522810623
203476_at,-0.5863272877081164,5.294353089953379,-5.39797616302486,1.0113761855506805e-7,4.400842029165086e-7,6.706007062041421
205266_at,-0.4215034867310112,4.022948147502099,-5.33860846493342,1.3822163503211253e-7,5.906509958265125e-7,6.7027783059140305
225666_at,0.49265898018624293,4.945440410534027,5.3586061048973095,1.2445699151087072e-7,5.363265285824449e-7,6.702606309974309
201821_s_at,-0.3137623477241665,5.900433252507958,-5.400603093063294,9.974261808806373e-8,4.3419043786161186e-7,6.696341028633476
232578_at,-0.8292214202982252,-0.0035616585922726997,-5.247514988380931,2.2196510609999714e-7,9.198886582782474e-7,6.687519865988776
204286_s_at,-0.5502782211772473,3.6883238010045987,-5.319417469890642,1.5281311829320152e-7,6.480945907660601e-7,6.680530450656855
203917_at,0.4944684502353825,7.6690375103218456,5.415813985788436,9.202485286924822e-8,4.0350451301819347e-7,6.676255501640799
213627_at,0.35676533961583645,4.557252517505166,5.332664244893648,1.4259031025600112e-7,6.078670886480461e-7,6.674689549638941
204219_s_at,-0.18931658505137025,7.159310442780447,-5.4142480558371275,9.279180189977472e-8,4.06077848755019e-7,6.670836688406114
39729_at,-0.2601216097051171,8.12616474481983,-5.443041175569346,7.963310672907949e-8,3.529621317288492e-7,6.664598657244829
223396_at,0.2756583288162384,5.116956939066132,5.371169463704663,1.1649990002972104e-7,5.038608918120313e-7,6.662121431187064
235766_x_at,-0.4693142710644287,4.133998426720837,-5.339087611705775,1.3787519863743884e-7,5.894082214696258e-7,6.65213308684019
201142_at,-0.2327216587551114,4.861417834408818,-5.372522738114817,1.1567284433149326e-7,5.004859375295991e-7,6.6468816413842085
206656_s_at,0.3664907652101888,6.370585830811986,5.389419879726259,1.0581387217012693e-7,4.596853254495417e-7,6.639694615469981
228318_s_at,-0.42518303183673656,4.303894307147296,-5.345337688365513,1.3343264882950772e-7,5.72243381469382e-7,6.639182712049725
34031_i_at,0.4487104708781157,4.489419971845338,5.315689023181576,1.5581634386829922e-7,6.592655971015362e-7,6.6347170473686905
201985_at,0.32432574803492153,5.000325529628312,5.356822118943852,1.2562880057704928e-7,5.407237206034266e-7,6.631477306393689
212033_at,-0.29856351929909614,5.88130471940474,-5.3867192122400525,1.0733295217938276e-7,4.659067733783337e-7,6.626895408930615
209792_s_at,-1.0243569520336333,4.287443642552495,-5.357626068873644,1.2509940805504626e-7,5.386615588801088e-7,6.6138065313825445
201903_at,-0.28542020539047874,7.64774654918766,-5.415589174139669,9.213457983344658e-8,4.036964228039727e-7,6.6067960633463585
225576_at,-0.2876202703860122,4.796609904834053,-5.359718426569976,1.2373173890676011e-7,5.338453962578015e-7,6.588759420196634
218143_s_at,-0.28791268922688884,5.206093111780631,-5.370532026594755,1.1689145584311165e-7,5.053503496558738e-7,6.583117400466723
204491_at,-0.40544433613257214,4.0708771319601205,-5.316661085099903,1.550278876039977e-7,6.567076947021065e-7,6.578286988787092
222380_s_at,0.6058809434289595,4.026940370537538,5.2718605940120025,1.9570343313041308e-7,8.167397269677115e-7,6.572124410224527
1553185_at,0.610544976499736,4.905232066362561,5.32187026379259,1.5086811058382606e-7,6.403526421095597e-7,6.560448789892198
218096_at,-0.4097812911893125,5.397182381587953,-5.368943791902283,1.1787261679239806e-7,5.093865847910288e-7,6.5570001578635715
213404_s_at,0.29269784450243297,6.34809191998565,5.372599815563813,1.1562591021839803e-7,5.004850004726052e-7,6.552532649834033
217014_s_at,0.7590890484444192,3.511748246875241,5.245814603038433,2.2392173014459227e-7,9.27638629172087e-7,6.542932840403387
204638_at,-0.4771898239018769,4.508272612698029,-5.340110532681139,1.3713841450328131e-7,5.864925487319972e-7,6.53385487191111
218270_at,0.26733783353762425,5.592368553906293,5.358882798853545,1.2427619793361173e-7,5.358446804421307e-7,6.52257839093403
210951_x_at,-0.4257879077014336,4.809849119937079,-5.346269824180002,1.3278210157579487e-7,5.703667418530435e-7,6.502473737248589
228977_at,0.6361164111809837,5.0249956107088485,5.31581175325575,1.557165813059956e-7,6.592655971015362e-7,6.497586896990845
225558_at,-0.2895971421054716,4.743186328693064,-5.332406525065337,1.4278271823211334e-7,6.084452109867264e-7,6.463614904650182
202717_s_at,0.33198227781551914,5.231176282831942,5.334973366252476,1.4087755451933673e-7,6.01043903451077e-7,6.462235072644523
201520_s_at,-0.2412564729939828,6.452013227395378,-5.358853762797494,1.242951583028745e-7,5.358446804421307e-7,6.4524920773693095
201976_s_at,0.3877949482031387,6.459554298996578,5.352540217093362,1.2848520849343946e-7,5.523523429334738e-7,6.448302286633097
1554089_s_at,0.3043138380734802,5.901172328421474,5.345714317269672,1.3316942422046528e-7,5.718012191077533e-7,6.437754560300563
212961_x_at,0.2767975102451398,5.2859159612761335,5.33399248963169,1.4160265296618572e-7,6.038969829724313e-7,6.437420101269934
232676_x_at,0.8079374242196594,3.140813193058902,5.213538520405961,2.6439197639352465e-7,1.0794326383779838e-6,6.424386310106021
1552622_s_at,0.5943416270584826,3.8082472348918865,5.232969809974079,2.392517850341379e-7,9.842950741439015e-7,6.418393104933333
201022_s_at,0.2759981695704224,8.983562188639246,5.414493999749906,9.267093597710513e-8,4.057146453300888e-7,6.416628857559114
227195_at,0.7234268890908573,4.985533897754792,5.289521072248564,1.7856466352956143e-7,7.490067503493311e-7,6.4064035481067325
224928_at,-0.3251032938596592,5.777727313091378,-5.340836805416757,1.3661761848531555e-7,5.846087781359517e-7,6.397576532472629
209238_at,0.40287213212722967,6.076599132874143,5.337744648856122,1.388483324178633e-7,5.928585831775886e-7,6.392279849661924
207945_s_at,-0.23808908937058743,4.965778862741487,-5.326002839418397,1.4764524946715347e-7,6.271703241640028e-7,6.390934191264271
214710_s_at,-0.5286994627967894,5.964463042458852,-5.342876914993578,1.3516493804783644e-7,5.792087925225886e-7,6.390236596837724
218383_at,-0.2754999757968542,4.9168404393932725,-5.3195451761735,1.527112528991282e-7,6.479190702211329e-7,6.3629779505996495
204446_s_at,-0.6668170111320272,4.398958996511123,-5.305760311707072,1.6409565209578547e-7,6.921089452370668e-7,6.361714253238279
222653_at,-0.339836284669701,4.251414662812873,-5.282904390602807,1.8480818571186603e-7,7.742863095546425e-7,6.3587745137398235
223014_at,0.2382912608752558,6.543316554501394,5.335920536817402,1.4018079133351368e-7,5.983094890661083e-7,6.3540044438001315
209695_at,0.7412756539981383,3.992302299635756,5.221719887583714,2.5350968838712643e-7,1.0385656947194208e-6,6.349499552974848
221953_s_at,0.38668728990711,4.584269024682862,5.267046542845266,2.0064524583689158e-7,8.360608785105483e-7,6.346776049616363
210139_s_at,-0.5731509485751682,5.900458724502397,-5.332077484637797,1.4302873862374424e-7,6.092512432907246e-7,6.337642507251771
217822_at,-0.22293429247749727,5.998884061094096,-5.328834330363726,1.454757155456894e-7,6.191820979900558e-7,6.329750003369443
209331_s_at,-0.25248676957536076,5.14582009267174,-5.317163343008276,1.5462201489251077e-7,6.552474863700427e-7,6.320466133501331
229436_x_at,0.34603263279859875,5.549104734414222,5.3152915111691055,1.5613989176717166e-7,6.60373730952116e-7,6.312199897176203
212071_s_at,-0.21916603096144327,8.51167663304919,-5.388076772750069,1.0656672054344196e-7,4.627682517964709e-7,6.307086870421308
227095_at,0.41870653700587707,4.747632004092524,5.2698563742543705,1.9774634073775714e-7,8.246230238706081e-7,6.30699604310842
202311_s_at,-0.8374821778371527,4.641979212730857,-5.306855348454522,1.6316200778972303e-7,6.887133922187954e-7,6.302601537165467
227402_s_at,0.35898743198965577,4.497623414752608,5.254036391312984,2.146134269278383e-7,8.911448227433845e-7,6.300480043356169
228582_x_at,0.9966532904813061,3.5379814615755816,5.192600485133604,2.943432439111403e-7,1.1912728266037196e-6,6.297260252314939
223133_at,0.2566584563839012,6.843711651347291,5.328753513369965,1.4553720794060576e-7,6.191978191690665e-7,6.297092350173783
202779_s_at,-0.5104850111354422,5.816381929233712,-5.321919004765844,1.508297044717909e-7,6.403526421095597e-7,6.293623440567796
227034_at,0.39866395915160185,5.8690885827654435,5.3141759257341,1.570513864965188e-7,6.639666549081317e-7,6.283748415799775
244197_x_at,0.4004181575686097,4.979262897959823,5.28140160772714,1.86255429556961e-7,7.800447290241295e-7,6.278804196193841
227655_at,0.60500267616096,4.049852553182386,5.213933711000178,2.6385607785106445e-7,1.0776554182304435e-6,6.27859444394305
202603_at,-0.2916072616459372,6.59423724365863,-5.326506789489164,1.4725683289948984e-7,6.257685247331355e-7,6.27347580667791
216381_x_at,-0.44038002481295263,5.095976520838575,-5.3079205347725855,1.6225875753458673e-7,6.851707014063964e-7,6.269344789323837
228396_at,0.5269745141662485,3.6684867348655104,5.197444025194749,2.8713551303861426e-7,1.1665084380669983e-6,6.259707477096068
218190_s_at,-0.2291298418465893,8.175544052562055,-5.365088078764075,1.2028791822901597e-7,5.196147048336484e-7,6.259649653033581
213002_at,0.4366612759701438,4.073288265707283,5.216494788112242,2.604085423657468e-7,1.0639804402609631e-06,6.259030609684376
226255_at,0.36707257448591857,5.951159202571126,5.309791886660186,1.6068362777631727e-7,6.790547157268982e-7,6.256029370115028
226850_at,0.31199351161997,5.538929373773603,5.304414538436539,1.652501748256286e-7,6.967041018917588e-7,6.255542696607078
201758_at,0.18521108162957306,6.534727191810053,5.315693445462993,1.5581274808946664e-7,6.592655971015362e-7,6.2499571339300015
208774_at,0.2666484855076424,5.55268462182371,5.2995224826065295,1.6951373308015725e-7,7.1355623673388e-7,6.226160360605025
212096_s_at,-0.4617578144149765,5.83174613385441,-5.306231710465311,1.6369309736185077e-7,6.906830059226103e-7,6.215700557184775
209514_s_at,-0.3973140263344726,4.513103738356418,-5.27436924204772,1.9317517220237107e-7,8.065025798144978e-7,6.2149457056073425
216199_s_at,-0.23210067081622754,5.392189408568542,-5.298632805527485,1.7030048868411765e-7,7.165864631865485e-7,6.207762795490654
228439_at,-0.4595077336975079,4.356078958119807,-5.264662353768982,2.0313727970838052e-7,8.457868937100197e-7,6.204503882226796
217286_s_at,0.29607843506532083,6.157468553578666,5.300690468896092,1.6848621248283405e-7,7.100679757390249e-7,6.197657208298679
224653_at,0.2652585544328456,5.2518937769980845,5.2844441359295775,1.8333665375261403e-7,7.68722337241391e-7,6.192845913606963
205474_at,-0.2659310514585393,5.1374021039480535,-5.290883667398047,1.7730454773954082e-7,7.443039263063091e-7,6.187963600666578
200979_at,0.40891328444771075,4.644173083393418,5.2361060042429415,2.354175592744044e-7,9.696379517519011e-7,6.1740361397177175
212898_at,0.48715944838544983,4.3286913147646064,5.211181407283116,2.6761030493870435e-7,1.0913243992418499e-6,6.172362496278257
203040_s_at,-0.27422669512569936,4.999966101091851,-5.280707815056791,1.8692728240706813e-7,7.825525503817589e-7,6.154044215732303
213524_s_at,-0.6034076670871656,4.514755243880158,-5.267501274842564,2.0017332105591352e-7,8.344189838412457e-7,6.150011600079915
209164_s_at,-0.30417855058603,4.948611741627504,-5.277532331804926,1.900324470786487e-7,7.940006261909374e-7,6.1431885364969
227121_at,0.5643092614619138,3.9455643079314657,5.1822276571814125,3.1037331986933566e-7,1.2523029394864534e-6,6.14050647279937
224776_at,-0.2649805625876658,4.854359647342082,-5.271187030657366,1.963877056570373e-7,8.192762814267292e-7,6.133574967946763
203704_s_at,-0.23787350158948437,6.034409424674615,-5.289733273028021,1.7836785297739862e-7,7.484742690743718e-7,6.130428412255409
221539_at,-0.3913412231181606,5.4093733319588795,-5.284005403729469,1.8375478825573652e-7,7.701741183817314e-7,6.127837842330141
235739_at,-0.47195855120378416,3.2576235979226555,-5.180208513941571,3.135904902293575e-7,1.2629680157244763e-6,6.119684426771297
211668_s_at,-0.5520068220557713,3.87725445135077,-5.218978418789462,2.571069537077416e-7,1.050891566223211e-6,6.118054407989904
218481_at,0.33258837860132445,5.10121387215195,5.259543020177583,2.0858994261071948e-7,8.678151670635487e-7,6.115588024019226
201392_s_at,0.3653495151550048,4.615202787803202,5.224220084385694,2.502715532250462e-7,1.026084634404868e-6,6.113387228344093
205208_at,-0.5335240382601186,3.511020904584599,-5.19320361433805,2.9343626059387836e-7,1.1880508918148973e-6,6.111773185767279
202971_s_at,0.5601434296358535,4.356634383217521,5.196588234329188,2.8839647137838886e-7,1.1702997719229847e-6,6.109033311264971
223084_s_at,-0.35731041223983,5.416291157171379,-5.2798623020464595,1.8774923408269916e-7,7.853797519437549e-7,6.107748564552065
224975_at,0.4928723089074554,4.5889298661641655,5.212849823830389,2.65328404386519e-7,1.0828431223591536e-6,6.100467468651303
218693_at,-0.3401956293986132,4.6867664833118265,-5.2575174755379175,2.1078630880929866e-7,8.762723035599598e-7,6.093923433347442
223168_at,0.5548089963845692,5.195780578329841,5.248622398024698,2.206997346702928e-7,9.153527903688915e-7,6.0857601920172115
240389_at,0.7470480052429048,2.2608912975106255,5.131947019907921,4.0083930573499844e-7,1.5922104124356833e-6,6.084497815628325
226529_at,0.38219702716134174,6.336605828033638,5.278143749428089,1.8943070798298562e-7,7.917952300513948e-7,6.078805336106155
219684_at,-0.49961140503023205,3.4421770018926914,-5.180022908819876,3.1388783631992323e-7,1.2636904887242908e-6,6.071697144878753
1555844_s_at,-0.19314388284363532,7.342398925489404,-5.299908255132234,1.6917368464060016e-7,7.126848932578645e-7,6.06793589513711
210766_s_at,0.4448977509933908,6.5205960924261195,5.276691345333712,1.9086314872882745e-7,7.971605896030911e-7,6.06454502429946
225496_s_at,0.6423267189872689,5.2890427696537055,5.2455967852913,2.2417357611969492e-7,9.283229690646664e-7,6.060495860041909
204420_at,-0.5082725350376905,2.980761328811464,-5.157221926772522,3.5256890520947896e-7,1.411989039816504e-6,6.0552732158798674
204955_at,-0.7223938324348824,3.2463362699449467,-5.169033065880553,3.3198899574311683e-7,1.3330577628920581e-6,6.02996534208688
230238_at,0.8205778151770964,3.5653747645454668,5.138645726067124,3.8745690894415275e-7,1.5424845282492414e-6,6.018776780955477
235964_x_at,-0.36812686224487556,4.867036686452914,-5.250451846596343,2.1862462856458765e-7,9.070974615849835e-7,6.0157991074145745
213097_s_at,0.36921249650827404,5.959724878217128,5.261416247193793,2.0657849030990467e-7,8.597806397397082e-7,6.012913289918005
215716_s_at,-0.39877622768322923,4.6437247775506805,-5.23947038869731,2.313705495922183e-7,9.556974870415706e-7,6.00408718339928
205757_at,0.6626883024284865,3.610000721278754,5.137868368197091,3.889874215221148e-7,1.5474274960142653e-6,5.994644515073704
212264_s_at,-0.24338357372072927,4.912113419209187,-5.244790247128268,2.2510850620918322e-7,9.318343999300541e-7,5.991610350267237
212401_s_at,-0.2401614653955144,5.356556315293726,-5.254924392955893,2.1363080539183019e-7,8.87408615030119e-7,5.990911105380462
211318_s_at,0.3948785435233928,5.592386051391131,5.250786417875031,2.1824718165212686e-7,9.05882238294938e-7,5.988282980828695
225030_at,0.24553470216717246,5.521085630059671,5.248416501620674,2.2093447011143504e-7,9.159717408296453e-7,5.9716191100460385
213603_s_at,-0.43462490212466526,5.753821991737189,-5.255882320009624,2.125756959616782e-7,8.833682819385022e-7,5.967940295771129
236492_at,0.49747774269066036,3.922564694208094,5.146699867961142,3.71938500241383e-7,1.4840138372759538e-6,5.962391461929798
203833_s_at,0.315904757828371,4.759391693688612,5.206438528889219,2.7420146381704064e-7,1.1152316939529068e-6,5.961743280549607
209083_at,-0.41623310145727743,4.326145460580754,-5.210900139711878,2.6799686343845053e-7,1.0920975190816422e-6,5.954608460996782
219397_at,-0.2795436159914274,4.885629497767889,-5.236420628938175,2.3503620990324793e-7,9.688122034218913e-7,5.951852310546354
212021_s_at,-0.4403525129888194,5.049756518623732,-5.241090470303995,2.294458817058524e-7,9.490554944844775e-7,5.938364540758041
202878_s_at,-0.49484584158919553,4.990713431891235,-5.239762215610473,2.3102270605735377e-7,9.54840374225475e-7,5.936215474626099
200639_s_at,0.2165207107038699,8.41553083388297,5.297741259561843,1.710924479284872e-7,7.196361973529184e-7,5.934100754363638
201131_s_at,0.3125596006090392,8.54041139650394,5.299775365191205,1.6929074892371885e-7,7.128977174606132e-7,5.933151715707893
205267_at,-0.8250163400593475,3.47434517634063,-5.166373209414198,3.3651958701996e-7,1.3497320613046918e-6,5.930909787413778
218603_at,0.30476390866692044,5.559967785113261,5.239438573899968,2.3140850194957846e-7,9.556974870415706e-7,5.927475418134274
200597_at,-0.28834077234681915,4.633391960051459,-5.219283818547148,2.567037839952833e-7,1.0500449171215997e-6,5.92493364418644
225917_at,0.2954790089671475,4.88450060905909,5.208642441805356,2.711193717766192e-7,1.1035341298795295e-6,5.922416412983657
211595_s_at,-0.27491842211199186,5.200830342877721,-5.2383671398338585,2.3269015982505294e-7,9.602502627911372e-7,5.9187696013317606
223993_s_at,0.25646937298396527,7.504471084555514,5.264907992364884,2.0287915043592271e-7,8.45040567115101e-7,5.910867027853698
49878_at,0.19033206373489286,5.535414172465318,5.23671417287538,2.3468095176034483e-7,9.677201832981426e-7,5.90832572186226
209218_at,0.5677024923176174,6.001128731727013,5.237899542207091,2.3325165699293546e-7,9.62196766024381e-7,5.9013088941681
205479_s_at,-0.5629857841624845,4.934036644789818,-5.231198892753444,2.414435140247428e-7,9.925496414992592e-7,5.896798763410338
201510_at,0.46260504598688107,5.960772322618709,5.236163910614417,2.3534732730831435e-7,9.696379517519011e-7,5.890566270583476
1558048_x_at,1.0363991853053771,1.753024033696355,5.083944153677753,5.107070414150033e-7,1.9953335283292966e-6,5.890352001005722
38269_at,-0.24289553325862487,5.253516608419305,-5.23133520837428,2.412741179164537e-7,9.922340212049782e-7,5.881085607891293
213009_s_at,-0.26677871913203505,5.045259163862245,-5.226806008618231,2.4696454971089656e-7,1.013301884738734e-6,5.878855588208136
225436_at,-0.37365535592574006,6.0957738549264056,-5.241154306327385,2.2937036261307026e-7,9.490554944844775e-7,5.878320111783626
205748_s_at,-0.2556124953269901,4.909559109752885,-5.221344436759622,2.5399944573851275e-7,1.0401743357020973e-6,5.8753394890949115
204831_at,0.390630075379845,5.425619396747235,5.222923108082369,2.5194630106816345e-7,1.0325557472621406e-6,5.87194907776424
227031_at,0.48190719592060116,4.661296292438979,5.171407403355624,3.279946583660012e-7,1.3185016041557116e-6,5.86742783439543
221932_s_at,-0.23239573965022817,6.3600146688743,-5.24074394717958,2.2985624491805947e-7,9.503859327700391e-7,5.865725529408142
33323_r_at,-0.45789525542522824,8.21980655322186,-5.294949361593032,1.735956544687822e-7,7.293059789506133e-7,5.861880535312453
201887_at,0.30355975679375913,6.170665313309163,5.233041192474669,2.391638457053111e-7,9.842950741439015e-7,5.858919242297757
203286_at,0.2942627251285802,5.327373344424358,5.2193320922919595,2.5664011208289296e-7,1.0500449171215997e-6,5.85839018311618
227475_at,1.0796025911295741,6.475454082731641,5.229112735127652,2.440503502159544e-7,1.0024967031685275e-6,5.851523692760779
204321_at,-0.4011048504904489,4.499517037794765,-5.197153911551692,2.8756237936048766e-7,1.1677997612164156e-6,5.836005012037992
229860_x_at,0.3962452810807918,5.149037457747256,5.203008704324583,2.79065552268847e-7,1.134584159945411e-6,5.835476729929721
218592_s_at,-0.2767183809592199,5.101832545032462,-5.219521043505625,2.563910370518041e-7,1.0495671302774082e-6,5.835152806520649
202388_at,-0.75201163629376,5.703651554427587,-5.22882468086342,2.4441243463351997e-7,1.0035992381099652e-6,5.823958509369957
202937_x_at,-0.33999772572712994,4.200693611361901,-5.170702108643535,3.291762895813051e-7,1.3222593139424526e-6,5.819889837473991
226374_at,0.4792843897808188,6.589656976523654,5.22802144127183,2.4542485841048236e-7,1.0073703096365892e-6,5.819313598410794
215779_s_at,0.6781766291934566,2.899688098721416,5.083988376572631,5.105935353686282e-7,1.9953335283292966e-6,5.810842142505072
228559_at,-0.3729467232994967,4.3701392583502345,-5.182163653463225,3.1047480698926727e-7,1.2523029394864534e-6,5.80629206662676
209459_s_at,1.0717313284260508,3.7124331527821366,5.093712948598109,4.862173072491679e-7,1.9087013604105297e-6,5.805530740424481
232032_x_at,-0.22556577579802256,6.951642868413797,-5.234034697550476,2.3794314801135136e-7,9.796636989414324e-7,5.77989175301785
212355_at,-0.2607150632728134,4.8186700173145915,-5.196663204390954,2.882857933734656e-7,1.170293938768449e-6,5.771052270412596
200717_x_at,0.13784450293529443,10.537086451545722,5.3622105981582555,1.2212165484569906e-7,5.2711091392505e-7,5.762162803723211
222895_s_at,0.49495290272552317,4.214952723120358,5.120028445187601,4.2576348673667304e-7,1.6831011931402134e-6,5.761418916139519
202066_at,-0.22207431136417866,4.969992127398542,-5.198872380044565,2.850427974696507e-7,1.1584459367573474e-6,5.756343498082787
201724_s_at,-0.4294069665806729,5.380417514457181,-5.208980153667465,2.7065006849756535e-7,1.1020426392301094e-6,5.754315054538264
201416_at,0.4460992934139866,6.3133031288416195,5.212001802795117,2.6648588122787726e-7,1.0871527972559974e-6,5.752443558277763
231693_at,0.7636669270926078,3.087674012688336,5.07385293218611,5.372561459976386e-7,2.092193781196911e-6,5.751975139448074
221496_s_at,-0.3725611578032465,3.9512546348019644,-5.138361440759047,3.880159512057848e-7,1.544136287246498e-6,5.747851723470631
200662_s_at,0.30575813352739745,7.801542494169085,5.23853565367854,2.3248812745150312e-7,9.59786246392275e-7,5.747785952952355
226695_at,-0.6846260814336016,3.8466815304658493,-5.148055183205049,3.693869597949737e-7,1.4754819165859631e-6,5.747453783358114
201650_at,-0.47190672319011423,8.375533864605657,-5.278216079638368,1.893596450215539e-7,7.917952300513948e-7,5.742017452411674
209123_at,-0.2891361774523184,5.693154382512529,-5.207271127708267,2.730331372122551e-7,1.1109016327211882e-6,5.7337978273886465
213315_x_at,0.27113537356469375,5.283266329023612,5.193208491711053,2.9342893706208027e-7,1.1880508918148973e-6,5.73364173604115
AFFX-HUMISGF3A/M97935_5_at,-0.5050188269880674,3.003489335298663,-5.091181562714393,4.924520277886781e-7,1.9310536506955007e-6,5.730675633591723
204768_s_at,-0.37101229432529287,4.901170549451376,-5.194246162661972,2.9187485869809234e-7,1.1826230564420056e-6,5.72969927835097
215101_s_at,-1.010993129370132,1.7427120134632712,-5.066532581280917,5.573454078837151e-7,2.1657023411890605e-6,5.724690578810302
214658_at,-0.3133573745241379,4.772679847294861,-5.186437804695947,3.037676070084731e-7,1.2270974260489338e-6,5.722409909061865
230746_s_at,-0.701536197314432,3.930505577480659,-5.1484843314706525,3.6858257480288003e-7,1.4728180245666742e-6,5.717885960193177
213476_x_at,-0.26029546022765454,6.852452152471653,-5.219014947838287,2.570586980615558e-7,1.050891566223211e-6,5.712737799644168
204174_at,-0.5902526080800391,5.006485765030639,-5.19567061628169,2.8975448569983564e-7,1.175065299430255e-6,5.711983143700403
212581_x_at,-0.13673965772913338,10.38828605268051,-5.354553925558359,1.271341247984974e-7,5.469830839222099e-7,5.711324451270787
220755_s_at,0.3444667494442328,6.970217139935425,5.2100441763423335,2.691765819616935e-7,1.0964595903253318e-6,5.697643324004683
229676_at,0.40045388741745025,4.6527921963053025,5.140044291519784,3.847179832418593e-7,1.5321500945985276e-6,5.692737749928287
201126_s_at,-0.24113810837334637,4.93462214246763,-5.182684408753148,3.0965000631476347e-7,1.2499173012999476e-6,5.68179350877166
222551_s_at,0.4623891103430153,4.414190921577277,5.116832973611818,4.3269674181582554e-7,1.706102390531078e-6,5.680222836212384
208770_s_at,0.23934941410976396,5.280827213297674,5.181433792334613,3.116343815918762e-7,1.2560342851744806e-6,5.671599191381419
202107_s_at,-0.4127644938189799,5.6287456356013665,-5.194391405613026,2.916579710104069e-7,1.1821913898730569e-6,5.66910534595025
205370_x_at,0.2842720760039642,6.359860726445799,5.195646533341126,2.8979021012739044e-7,1.175065299430255e-6,5.663998754547249
210827_s_at,0.4001411371888164,7.522532897576657,5.210895118637646,2.6800376903441027e-7,1.0920975190816422e-6,5.651730734909419
209944_at,-0.2145065193984993,5.8913202901091095,-5.1918106640777655,2.9553507955720305e-7,1.1956447535106936e-6,5.65048483670823
208639_x_at,-0.21159515351776148,7.697344626087621,-5.224345411322929,2.5011029475239244e-7,1.0258160749166847e-6,5.6408200640158785
240770_at,-0.5174795660789929,3.319494682324498,-5.081277291973476,5.175973119964522e-7,2.0207798846275486e-6,5.619285486436729
200020_at,-0.16319379370062875,6.246816154777827,-5.188581184890201,3.004571464520652e-7,1.214182350034317e-6,5.617932253118468
214173_x_at,0.2476270286200098,6.086005611448228,5.182047402770066,3.106592213997236e-7,1.2525751745785619e-6,5.608491551129321
202310_s_at,-0.804595388000073,8.342699652600434,-5.259394228237461,2.0875052506982324e-7,8.681461083357983e-7,5.606026328608191
201095_at,-0.27760056149058393,6.110638696539625,-5.185242612473975,3.0562889572256684e-7,1.2341509083587856e-6,5.604620718828777
209141_at,-0.242569695766414,5.731412436189473,-5.180867657402311,3.1253672101622405e-7,1.2591974021236588e-6,5.603072846296546
202724_s_at,-0.39817326721405394,4.143167242455141,-5.123810731368466,4.176958535484641e-7,1.654260879506357e-6,5.599542614768957
209408_at,-0.38790930592785133,5.074994757795535,-5.172231772294029,3.266187377150783e-7,1.3134634148429558e-6,5.597544908864133
204774_at,-0.5638769029463914,2.8681781849776664,-5.057513105635706,5.830976593615493e-7,2.258396682841749e-6,5.586089865497509
213187_x_at,0.22317194425115525,9.645956718575317,5.279940368380031,1.8767319660836322e-7,7.85368341900545e-7,5.578883439219769
202662_s_at,0.5943534368650941,3.4233454898749387,5.045898908707972,6.179568019996858e-7,2.3822134652114553e-6,5.57161681827717
210074_at,0.6558367598908643,4.360348424408579,5.082161811433704,5.153021089575256e-7,2.0125524948093225e-6,5.570415392649601
202864_s_at,-0.2990585571530028,4.625053290506914,-5.146921532528835,3.7152002706295993e-7,1.4829894570782839e-6,5.570188920996734
224938_at,0.4618399230784348,4.422672655452804,5.0938704632445795,4.858318871643607e-7,1.9078874659793977e-6,5.568117823453118
225148_at,-0.23098606199580138,5.36298843373484,-5.16889813686765,3.322173946641264e-7,1.333475065206739e-6,5.5645319168248815
205107_s_at,0.3791397693157387,4.612328854899249,5.110580849073107,4.4657932661030736e-07,1.7588986492559641e-6,5.563126143636076
224636_at,-0.18531008437799232,5.676727475859641,-5.171224904193862,3.283000180152159e-7,1.3192340933972272e-6,5.560205326739474
202975_s_at,0.8918676638885732,4.6905004604504414,5.088342243022126,4.995371814492236e-7,1.957741326483582e-6,5.558557995390043
203672_x_at,-0.3205610855666743,4.260288924418706,-5.117296342943839,4.3168463514927875e-7,1.7033655603514635e-6,5.540976032721877
203499_at,-0.40766452158861666,4.649726118522122,-5.145671735564361,3.738854494084707e-7,1.4906716857137875e-6,5.539178060101394
222231_s_at,-0.273904633228439,7.198540532843356,-5.190862831967233,2.969715225794799e-7,1.2010026128327551e-6,5.534357437981878
216438_s_at,0.14966171491724634,10.162431181397015,5.296477564114839,1.7222110739599058e-7,7.238151131946832e-7,5.527159063974866
210387_at,0.9594401162664573,3.386185732496113,5.0270548653995295,6.788414399953713e-7,2.601942163388341e-6,5.515607700678756
202153_s_at,-0.24903934299229283,5.2526094500979,-5.155221556715486,3.5617451332829653e-7,1.4258245793296842e-6,5.5047666383231455
224582_s_at,0.3942692224671608,5.165515605907591,5.135985532476542,3.927187552628172e-7,1.5616911748814256e-6,5.5001435628196
207121_s_at,-0.33784109392923367,6.278735757041755,-5.166222633742406,3.3677784790745027e-7,1.3502623819732466e-6,5.497047539458937
200600_at,-0.5011242824680979,6.2247212486342,-5.166751918029337,3.3587088951552934e-7,1.3476347713033206e-6,5.494375516621384
202154_x_at,-0.23796697896547092,6.860006452349348,-5.173769638663787,3.2406686744720505e-7,1.3036907063319216e-6,5.489959506854528
221958_s_at,0.4765125910091226,5.21096893420825,5.132529207197042,3.9965871338041537e-7,1.588109716782044e-6,5.489768792239877
1552621_at,0.5501354549631369,4.454103772887552,5.07356323505794,5.380376836252895e-7,2.094475910129988e-6,5.4804001512066876
AFFX-HUMGAPDH/M33197_M_at,-0.1620595897106014,10.134860687563927,-5.296509220043224,1.721927462123135e-7,7.238151131946832e-7,5.479196623633266
229400_at,0.8389039123420887,2.2595428552388257,5.0021072002604585,7.684202729889377e-7,2.9254038324557536e-6,5.473500034518274
206469_x_at,-0.41175242967392256,5.082021988272235,-5.146909182228174,3.7154333079418594e-7,1.4829894570782839e-6,5.472322240891639
218698_at,0.5570820233138449,5.912410923601526,5.1496344603360145,3.664351522028082e-7,1.4647835020704045e-6,5.4706648883353495
218510_x_at,0.8390489105410719,4.5562062362165126,5.06289765706312,5.675886948270313e-7,2.2015125589000674e-6,5.464655608656074
202929_s_at,-0.31776863727918653,5.754133554429378,-5.153287052682123,3.5969533072444353e-7,1.4389156378084256e-6,5.463931950609539
203738_at,-0.235246806725668,4.634770321338344,-5.1235647073930055,4.1821609513968703e-7,1.6557091748822864e-6,5.4631459095401205
207668_x_at,-0.21302081005446924,7.714212139349635,-5.188752984609432,3.0019331847677373e-7,1.2135739701289346e-6,5.4616878592607945
209306_s_at,-0.2957015590883189,4.394613860319202,-5.108545459859195,4.511910768715015e-7,1.7764094107035632e-6,5.455629043355469
202279_at,-0.32539370369071985,6.203562302075435,-5.1551579319842125,3.562897786675595e-7,1.4258245793296842e-6,5.448539129006738
223785_at,-0.40972401480262854,2.7722957076549544,-5.02110632868429,6.992367323418366e-7,2.6734200976367223e-6,5.444966072598293
226742_at,-0.3290572306312972,5.207633162542417,-5.141027386683135,3.828039309180261e-7,1.52549378059163e-6,5.435582037187277
223892_s_at,0.2389308736652862,7.7257517849312,5.174372008970221,3.2307258963493353e-7,1.3001790581363798e-6,5.433653550219582
213088_s_at,-0.2647656496329953,5.97310180512211,-5.146609842276397,3.7210858696593734e-7,1.4841397215808216e-6,5.4225044246326615
205799_s_at,1.3074840915304626,4.34309487306963,5.027711055280777,6.766271370071584e-7,2.595312036791152e-6,5.419875251053577
1557953_at,0.5094844876286527,4.802975674693207,5.084536467958523,5.091887830369496e-7,1.9915806618016944e-6,5.40698632030626
226461_at,0.7806071352810547,5.047167208090253,5.086518353419063,5.041403550977118e-7,1.974091655716803e-6,5.399634171122543
203465_at,-0.3117765369132798,4.781939041322356,-5.120878451954402,4.2393738965247136e-7,1.677120109064596e-6,5.398311418049245
209102_s_at,0.26900105445539135,5.684232548951373,5.133834670276531,3.9702363953690174e-7,1.5782242116359289e-6,5.394056239543923
217727_x_at,0.23549714442531608,7.401156317749058,5.15771849215537,3.516793489426885e-7,1.4089532031499705e-6,5.38961502973647
219497_s_at,0.6868274570236345,4.253186421071916,5.036624578918094,6.472312481635157e-7,2.4887969711327147e-6,5.384789368256351
202039_at,-0.3100435808229783,4.4586309008210785,-5.096004506819648,4.806391603974207e-7,1.8888801633666795e-6,5.375832142904571
223189_x_at,0.3942032657493859,5.120325242624832,5.105920945696853,4.572056949700096e-7,1.7987677599022081e-6,5.367693329022137
224561_s_at,-0.2557006860584191,7.524833023979941,-5.16259742668878,3.4305387969033395e-7,1.3749106670866246e-6,5.35583730706362
203246_s_at,-0.22363214349277846,4.969072151505654,-5.117004476691294,4.323218717984505e-7,1.7052519192108985e-6,5.354890596967001
210010_s_at,-0.31016202557460415,4.915049411314267,-5.11635105571952,4.3375179803036744e-7,1.7096331906914373e-6,5.353070044631165
224835_at,0.7556359480912354,4.72770271974487,5.052329523617515,5.984143052778885e-7,2.3143727265133644e-6,5.344408476222418
226818_at,-0.558126150900596,4.053047458911541,-5.072269590435443,5.415410799794982e-7,2.106583002839638e-6,5.343147583970994
201284_s_at,-0.28389303973803104,5.129912152227202,-5.1183089525297145,4.294808245738804e-7,1.695918936107623e-6,5.334142134058729
200669_s_at,-0.2398850344462945,6.810009276588338,-5.140975764640613,3.829042075992619e-7,1.52549378059163e-6,5.3336032067498484
228011_at,0.5876139005595863,3.7602345860216255,5.005445420465076,7.558035315526101e-7,2.8824931411616634e-6,5.32670553606234
208996_s_at,0.22314965985514484,5.712262819093041,5.120628079253755,4.2447448472016165e-7,1.678625011002987e-6,5.325573662301068
223223_at,0.34914436821945377,4.924665107014561,5.086200371834088,5.04947072155059e-7,1.97643331530769e-6,5.322732122710262
202675_at,-0.2914690915772749,5.957937817123208,-5.125610875876625,4.1390827865899516e-7,1.6404733219658953e-6,5.319650288907846
203403_s_at,0.34658381960888934,6.4549087554063656,5.125658129248149,4.138093046514625e-7,1.6404733219658953e-6,5.317550993733127
209163_at,-0.26608032839358303,5.535629481188089,-5.118924396810422,4.281467138088071e-7,1.6918980985000924e-6,5.308570749487628
225622_at,-0.4658746926151109,3.34754803112911,-5.01492699564763,7.210498875249574e-7,2.7538707469001317e-6,5.302826570570069
223130_s_at,0.3428122132394416,4.894078213717521,5.079380099119918,5.225536478741657e-7,2.0371605639286526e-6,5.299396382946511
228490_at,-0.43799111446897426,4.0437669934479405,-5.056617657730185,5.857162053141495e-7,2.2677187233576014e-6,5.299190989946499
202053_s_at,-0.3791573262863139,5.770484455094373,-5.118838676163821,4.283322915442928e-7,1.6920073153812716e-6,5.292815407483039
218532_s_at,0.8412103182688788,4.600919243210085,5.027172623122997,6.784435534428794e-7,2.6013478124672752e-6,5.280259983392359
213562_s_at,0.6519749844520996,3.191617930478872,4.974666846273451,8.801297044225009e-7,3.3235211573768954e-6,5.266439678590389
211883_x_at,0.6163602116709602,5.856024818372707,5.102428389985107,4.6532999426269163e-7,1.8293872398298039e-6,5.248644413313512
208966_x_at,-0.5861699547614282,5.374536021001581,-5.1068025501591325,4.5517671665023196e-7,1.791443117367353e-6,5.248155660009436
200847_s_at,-0.3024103261657098,7.172038099847174,-5.131484198925634,4.01780247235003e-7,1.5953564820713813e-6,5.24347022662009
226881_at,-0.2967261907335199,4.325343622321467,-5.059175208762244,5.78267160445176e-7,2.241308281421552e-6,5.240746666833917
205625_s_at,-1.0959954000976864,0.6548173345869318,-4.9484243968224515,1.0015322748703742e-6,3.7502325273283185e-6,5.23646585905645
217523_at,0.657587695389299,3.7997974972515873,4.984427807077394,8.387052803671324e-7,3.1782984324630665e-6,5.229855004234418
202965_s_at,0.905243092731655,1.5883054750245273,4.940558711865319,1.0409659263649055e-6,3.887022645223852e-6,5.224456916181949
212841_s_at,0.32647960067437554,4.858996345584089,5.058500777321897,5.802225495732965e-7,2.2480738421622876e-6,5.20676958263506
202955_s_at,0.40587451301462574,4.743891499041665,5.045331538328366,6.197103396204717e-7,2.388113981422343e-6,5.2049143764754024
212469_at,0.27973347473150184,4.559179164196068,5.037526585596488,6.44326242417898e-7,2.4794062625800795e-6,5.202100402647872
225182_at,-0.28873425757009435,5.438784897278288,-5.095347270441235,4.822326537117857e-7,1.8944475317984452e-6,5.198518420396811
204461_x_at,0.3102881787287009,4.500783463928551,5.029021153957304,6.722270872429738e-7,2.57935844757664e-6,5.189684726827994
218526_s_at,-0.2813572916907763,4.412746498567873,-5.05017728952852,6.048874282961851e-7,2.33687667484206e-6,5.17387329273459
225667_s_at,0.7860084747259294,7.307776767475284,5.10368891489209,4.6238181672334296e-7,1.8184641712764955e-6,5.1724230808541085
224809_x_at,-0.23521774964911005,5.213769199893492,-5.084390744686412,5.095619050578865e-7,1.9923126601770576e-6,5.163864511989189
219031_s_at,0.33652973098708927,4.882813473671541,5.051252965937306,6.016437773063961e-7,2.3260230192289505e-6,5.163423829155066
225097_at,-0.3330863622684097,4.835592355011569,-5.073425021943746,5.384109387016635e-7,2.0951675940105056e-6,5.157766262777273
213435_at,0.841643286500448,6.081068015172398,5.084563046882865,5.091207566370697e-7,1.9915806618016944e-6,5.15748961731438
228049_x_at,-0.41404191258977646,5.548797489940682,-5.086508811413707,5.041645449492368e-7,1.974091655716803e-6,5.1453208593522355
210452_x_at,0.6873659426356701,2.8864894910732124,4.941972454024079,1.033769539237554e-6,3.861496887675006e-6,5.143996523568136
209847_at,0.6336972686825543,7.939287264840493,5.1109980646933115,4.4563965405889566e-7,1.7558431827631294e-6,5.130710593476983
208727_s_at,-0.571866713968927,6.219426031392002,-5.092479913839946,4.892446351036904e-7,1.919178973220738e-6,5.127720792376946
201899_s_at,0.23783626413795028,6.5503873662413135,5.088307957932756,4.996233348834232e-7,1.957741326483582e-6,5.126388970137043
225399_at,0.38483755689686777,4.959408625004854,5.0460469918359925,6.174999201259295e-7,2.3813090872242918e-6,5.124027119266357
214003_x_at,0.11485617807192638,10.471259052451007,5.2295582214270615,2.4349139666568536e-7,1.0005843239276897e-6,5.106769802332831
202457_s_at,-0.32587548730782134,5.85076639093438,-5.0795139411307275,5.222024919693657e-7,2.0365326889216653e-6,5.099665606469932
1555728_a_at,-0.5678361518558801,2.9397507410037136,-4.957350018120691,9.585307502625433e-7,3.601802850776088e-6,5.098474052895419
227051_at,-0.6698741789530701,3.001150461202192,-4.961531971501557,9.390016100102811e-7,3.5338748338439453e-6,5.095502644836718
207513_s_at,-0.24474180839734544,4.981530821224755,-5.064312062769103,5.635814238866792e-7,2.18755354858623e-6,5.095089824018707
232615_at,0.7003305167523238,5.296691224662448,5.044217266953455,6.231681591979202e-7,2.4005755086254293e-6,5.090126826881412
221579_s_at,-0.2721893644713445,4.571207582713331,-5.043490701460732,6.254328813837479e-7,2.408433665803052e-6,5.089037498506245
213726_x_at,-0.2358267162457207,8.179282185469607,-5.130741261876252,4.032951512535938e-7,1.600778419925806e-6,5.087634439468855
201021_s_at,0.3076136334009306,8.292897519479757,5.117387774852604,4.3148519726078837e-7,1.70320593892956e-6,5.076730566993316
219283_at,0.2895298683279454,5.871715785302875,5.0672861865683245,5.552442147591273e-7,2.1583204908253016e-6,5.060625522433945
208977_x_at,-0.2383018724034174,8.16746249162665,-5.124735515925181,4.157459011962677e-7,1.6471471299983787e-6,5.060448602573262
209498_at,0.7104576129324796,7.146069734842698,5.076539272653996,5.300610927693197e-7,2.06492526794099e-6,5.050315576274698
222620_s_at,-0.2897657627183315,6.5812083255333285,-5.078165973126025,5.257495490142365e-7,2.048874106434891e-6,5.045915299132773
229434_at,0.5423961863049471,4.701431887149606,4.999634736243547,7.77895798579268e-7,2.958323638686439e-6,5.0423581363651255
204712_at,1.0842391172537051,0.6925813915056032,4.892826025878192,1.3144091776543768e-6,4.838922859179154e-6,5.038432671904279
211075_s_at,-0.29058131892141664,6.796470131008467,-5.080111582087273,5.206372676753816e-7,2.0311678982543203e-6,5.0348269775199865
222826_at,-0.33618488712498606,4.874576519739692,-5.048891472253227,6.087869312068409e-7,2.3493999978454204e-6,5.029752471837908
224689_at,0.2629749040958506,5.329959451431494,5.048744096962581,6.09235425821168e-7,2.3502841616212366e-6,5.020187150064551
201586_s_at,-0.19158841415411032,6.643753268457126,-5.070667304908064,5.459109105202523e-7,2.1228107384404584e-6,5.010364158652951
210719_s_at,-0.3139457736026355,5.309026248107295,-5.048917475958903,6.08707829482692e-7,2.3493999978454204e-6,4.9814590006861525
221504_s_at,0.2683029839853828,5.298185605272045,5.035787713724451,6.499377755552776e-7,2.497411545740204e-6,4.963816340745408
221491_x_at,-0.6101346165991083,3.216580582802382,-4.9404459001551615,1.0415422514662285e-6,3.887819560960873e-6,4.959109737096716
220939_s_at,-0.2624481645353038,5.936039108444254,-5.050606264970383,6.035918520374733e-7,2.3327126662617066e-6,4.9581351551954445
211454_x_at,0.29382550461339685,5.262762274585191,5.031706665114566,6.632938912240012e-7,2.5469058984525893e-6,4.955009308341664
202406_s_at,-0.17993880092358341,6.041716734168549,-5.049035944368532,6.083475813436039e-7,2.349397130113204e-6,4.948260702034279
201746_at,-0.567923573994748,4.558517006270312,-5.021826516652662,6.967363331541461e-7,2.6664812539334175e-6,4.943434441243683
205382_s_at,-0.641445665891823,4.325959488843008,-5.008754693249218,7.43493833703026e-7,2.837566597955297e-6,4.931870419881873
215210_s_at,-0.27909662158639703,5.357100209823782,-5.037422400874694,6.446611353177318e-7,2.479804216394564e-6,4.924118010250983
229396_at,0.4048629836593831,4.720640135863763,4.982119661182885,8.483273872084395e-7,3.2090859107217558e-6,4.91175343314161
206574_s_at,0.7460613215299241,3.783092724618386,4.911313509881753,1.2011484389989699e-6,4.449482443636225e-6,4.902247844976473
217783_s_at,0.33356452967115413,6.047954647799441,5.0314729896941515,6.640666195527548e-7,2.5489594035358876e-6,4.881022137774305
203554_x_at,-0.3907523935345234,7.009838871559009,-5.054521505333893,5.918904810306987e-7,2.2907957815324695e-6,4.880708653962481
226567_at,-0.27751818593958394,5.027124860921204,-5.021772357688057,6.969240652490963e-7,2.6664812539334175e-6,4.880694940742039
204849_at,0.6453440683026846,4.460600267617396,4.9432094039801955,1.027512485079339e-6,3.840802949286448e-6,4.877498446515718
221588_x_at,-0.3555704959124722,4.484841951170603,-4.994795582766963,7.967691560483619e-7,3.0258021867231836e-6,4.8708552316243034
204663_at,0.4115630473022863,4.428731229990712,4.949590089194355,9.95812309942907e-7,3.7301179288176095e-6,4.867991239927441
218298_s_at,-0.31021762747910436,4.666560196686408,-5.003653236794824,7.625519678070318e-7,2.9061612348334156e-6,4.86613485382119
212572_at,0.38952972108180295,5.986024215137795,5.0265160661623565,6.806648436685319e-7,2.607065595359665e-6,4.862315743417785
207238_s_at,-0.573104172537123,3.6013682819449224,-4.94033982948264,1.0420844192925574e-6,3.8884884653016955e-6,4.859906996542588
1553186_x_at,0.5654288505567908,4.256635130965899,4.928636078564234,1.103609694329979e-6,4.110907738302179e-6,4.8519697130711865
219694_at,0.5815952890557929,4.687592085196791,4.954683134538893,9.71188857710785e-7,3.6480877393603223e-6,4.8391970241711775
228400_at,-0.4006848021854251,5.3534467003550645,-5.020019413601698,7.030267842251261e-7,2.6869518156988137e-6,4.8366434254881465
224602_at,-0.2944355995667197,6.084325106820104,-5.02686560579924,6.79481393648712e-7,2.6034635801711915e-6,4.834969775952423
201596_x_at,-0.27854766702729183,9.718361146874116,-5.150171128211018,3.6543727966945037e-7,1.4613398944004562e-6,4.834357941681681
203000_at,0.7041552807868124,2.0752148632690215,4.860603096106392,1.5368838873144878e-6,5.594508013863441e-6,4.825560091396065
218722_s_at,-0.25309521992405365,4.964590249144617,-5.007237112345611,7.49114633073619e-7,2.858000378959288e-6,4.823017582716183
201318_s_at,-0.19191521574519954,8.624322345914,-5.093257393702751,4.873336623640149e-7,1.912382976155931e-6,4.815877546013008
214327_x_at,0.11444127836296104,9.58193200892174,5.126630352679568,4.117780199888472e-7,1.6338436770890815e-6,4.8157591965946835
224639_at,0.2556052813129911,5.640559436099512,5.012542633753474,7.296412934157932e-7,2.785690369338344e-6,4.8101118048144205
235113_at,-0.3069660292001822,4.749314592907474,-4.992867129341816,8.044129799232052e-7,3.0537477866468096e-6,4.789664780574892
212271_at,-0.24436948603175337,5.176514376937983,-5.0040935352485185,7.608886584363121e-7,2.9008541629281893e-6,4.780414721120431
222764_at,-0.532115792117822,4.005289929897803,-4.947904356428449,1.0040942920650264e-6,3.758512281933133e-6,4.7715259254033615
218007_s_at,-0.27337332523150226,8.137775489823824,-5.064495196611878,5.630645763738331e-7,2.186339545738628e-6,4.76828935121999
201487_at,-0.3014269671358454,6.668758378588585,-5.021414326983326,6.981663429432595e-7,2.670280625473452e-6,4.763583367391961
229599_at,0.31947978830357704,5.792686781405483,5.003311297011676,7.638461314792205e-7,2.910058181556504e-6,4.759067677433401
217144_at,-0.22625343945268475,4.9581756431365305,-4.991726192983157,8.089686132209787e-7,3.0699542165909827e-6,4.753311216565487
212798_s_at,-0.31660843592721605,5.479706853182208,-5.002793651457281,7.65809339164367e-7,2.916500337884061e-6,4.749679578894034
214527_s_at,0.30938759189762677,5.561012914483471,4.997392857545676,7.865851142870414e-7,2.990307427025221e-6,4.7483794456879576
213689_x_at,0.38039190599957323,4.592513464990901,4.937946683639302,1.0543893544687852e-6,3.93166486405294e-6,4.743381174685621
201553_s_at,0.23071474872792583,9.023207464679421,5.08015352050295,5.205276012850624e-7,2.0311678982543203e-6,4.73138762972679
227560_at,-0.2907574016691821,4.338603375999181,-4.951555021131797,9.862418402119271e-7,3.6981479993665996e-6,4.724086482687486
208692_at,0.1362447985526363,9.908492301335329,5.1212674191872445,4.231042879692863e-7,1.6744426438917487e-6,4.71685172065952
233632_s_at,-0.3068942940174451,4.36706723645706,-4.951951732615631,9.843204044189562e-7,3.6922354665757276e-6,4.714451818087302
218360_at,0.2879949666467017,5.100622479337642,4.973586727892297,8.84833195955776e-7,3.3401050134863382e-6,4.714346259277383
200037_s_at,0.2821134279350778,7.7431188713157075,5.025986454960356,6.824617649594587e-7,2.613013898502745e-6,4.713408736190143
225463_x_at,0.23933197098206596,5.282685103955043,4.9831886799907625,8.438577244944265e-7,3.1933054759833244e-6,4.711700260686966
203423_at,1.1100577037289874,3.8798338054194645,4.8641387570220544,1.5108039454688984e-6,5.512684832359778e-6,4.708894070491835
225564_at,0.4378294404480897,5.077858338643618,4.9632298613791335,9.311828323633763e-7,3.5064188692825488e-6,4.707782569764203
201705_at,0.2018051794036665,6.168972988490062,4.996449810655768,7.902682239614854e-7,3.003243520148774e-6,4.703074003039815
209803_s_at,-0.3977300185931368,6.192152646906848,-5.001331838480276,7.713797219939455e-7,2.935627339865413e-6,4.701026685012997
226649_at,0.4919635448321209,5.210238218418648,4.967057456558362,9.137866530405119e-7,3.4433332444681687e-6,4.6976311798303305
225353_s_at,-0.620125121809234,5.3445771211074415,-4.991103158923122,8.114668281343001e-7,3.0783442385987096e-6,4.692100283276349
208308_s_at,-0.2913575626091537,7.735952221035136,-5.033215255487002,6.58326089261301e-7,2.528736964595309e-6,4.691947024793638
204866_at,0.47405748230891476,4.1471061802529645,4.891176593183926,1.3250003856537991e-6,4.87456357538089e-6,4.688453189624374
226671_at,0.6855070514189742,4.209809211291911,4.885315324390321,1.3633062802152504e-6,5.0017466369678005e-6,4.68561191448601
200864_s_at,-0.31030456134887335,5.152344973714886,-4.983212840696592,8.437569697090902e-7,3.1933054759833244e-6,4.679628810956398
205404_at,-0.5546546266651337,2.3424159123344035,-4.8450163992751785,1.6571207773902353e-6,6.005661328884165e-6,4.6660207002295575
221474_at,-0.19683049650232212,8.58351854587833,-5.0602579548637525,5.751412544672654e-7,2.2299993699268234e-6,4.664385706142506
200078_s_at,-0.27487736467788093,6.731860348978424,-5.001189808252491,7.719230235728391e-7,2.9366517583578925e-6,4.662925058695403
36553_at,-0.36118644076670203,5.312514883002531,-4.980785736078925,8.539367164939718e-7,3.229164858383311e-6,4.6536457751322065
200783_s_at,-0.30102231364547527,5.083360956216367,-4.975762903086293,8.753814905295894e-7,3.3067566671521477e-6,4.652050360622111
224840_at,-0.3673028651640654,5.59954856227338,-4.983188839686309,8.438570584951694e-7,3.1933054759833244e-6,4.648120245794928
200981_x_at,0.2971876221204859,8.870388631208568,5.0533651492642235,5.953234381779611e-7,2.3032502684003243e-6,4.6448516640181285
209487_at,0.5555519572293813,5.075555246878174,4.942327718206484,1.0319686973496998e-6,3.856114633661435e-6,4.639039258861276
208858_s_at,-0.2421520211487732,5.428863042172524,-4.978273366968736,8.645989689121772e-7,3.2671776909898253e-6,4.638452735557286
203358_s_at,-0.37227585404695873,4.547962436192148,-4.9509292980670905,9.892798336638142e-7,3.708241727795816e-6,4.633171308111531
227455_at,-0.3275539146772627,4.256378983164932,-4.926359444534143,1.115978300224839e-6,4.152648673257625e-6,4.632697847489284
212498_at,0.30222978696438857,6.137049208311064,4.979317646701861,8.601516254986719e-7,3.251518829910823e-6,4.6264945443613295
222158_s_at,0.4243891416225765,4.597593844268253,4.910912439515766,1.203502457899225e-6,4.456661538705287e-6,4.625893466030394
225716_at,-0.3703571208989126,6.4329193337057315,-4.986314358358621,8.309190606300303e-7,3.1499065451272168e-6,4.612382570712405
202466_at,-0.24008709213298887,5.012053710369487,-4.9636754429040675,9.291413658000026e-7,3.4999618325651992e-6,4.609685192252284
210627_s_at,-0.23498297510249785,4.802770767854339,-4.954324936126716,9.729012557321772e-7,3.653239100125768e-6,4.607457141275039
226241_s_at,-0.312915571766949,5.549458422514917,-4.973079616387812,8.87049831175712e-7,3.346114380769508e-6,4.604568376922089
218342_s_at,0.3059431484691489,5.175413109834371,4.953231600147377,9.781460861255575e-7,3.6716464683472663e-6,4.603468458454119
220408_x_at,0.32649739361937885,4.688632519675988,4.918478994743311,1.1598328596592148e-6,4.305367091312948e-6,4.602037825485747
200710_at,-0.33835087211858744,7.026070742061241,-4.995121684533541,7.954835382455509e-7,3.0219911862498536e-6,4.598866925290837
204470_at,-0.8004948089294798,5.666129888551851,-4.973404243054734,8.856302387327364e-7,3.3419361562324076e-6,4.582925740337661
200061_s_at,0.11533400475062003,10.518869052467334,5.125794413422455,4.135239804342294e-7,1.6401637920740094e-6,4.581828155995574
228950_s_at,0.49987544238528364,4.536168362094387,4.891010051641915,1.326074332620461e-6,4.876839795867833e-6,4.575000062009439
200861_at,0.2575792337970109,5.012392729297069,4.939277741691899,1.0475281967470358e-6,3.907440658687672e-6,4.571096692606982
209064_x_at,0.31319348773351785,5.706459973611024,4.9606207301554335,9.43223971027432e-7,3.5480191016913194e-6,4.561377001444897
212372_at,-0.575089252358304,4.691678427638429,-4.9477170192376905,1.0050187714970958e-6,3.760658784159409e-6,4.560299293111518
241879_at,0.6108437819773285,5.53889425126788,4.949717834800602,9.951873924439588e-7,3.729080984698192e-6,4.559393904868438
221173_at,0.5786851717107272,3.8443355467197664,4.842766659441872,1.6752072432581282e-6,6.06300513412984e-6,4.554230201190416
226000_at,0.2629090705571186,6.001847799422933,4.961503357936722,9.391339169190435e-7,3.5338748338439453e-6,4.547136525378664
225068_at,0.23792052267340272,5.201495700331606,4.944884622944027,1.0190967159505835e-6,3.8106747357691454e-6,4.546093664190135
218315_s_at,0.29437473284744614,4.930582759786236,4.925436465567514,1.1210307186887394e-6,4.168553311111581e-6,4.540684020321491
224412_s_at,1.0218804762801375,1.8366636768262081,4.7908989999683795,2.1490404504232607e-6,7.648727689496477e-6,4.536844300511017
225406_at,-0.4184160111963684,5.426458979526969,-4.957925214768839,9.558215904771838e-7,3.594144155416662e-6,4.5359016726254495
218039_at,-0.394570249297203,5.53116219249965,-4.957423679193445,9.581833952905524e-7,3.6017609521921712e-6,4.528307295701738
209903_s_at,0.353441826212253,5.086475470722074,4.928178212649639,1.1060865350085218e-6,4.118701789901388e-6,4.517839152492641
223245_at,0.3026996381130028,5.121632568471263,4.9300880324682375,1.0957906489215413e-6,4.0832018163118165e-6,4.506745314777812
241681_at,0.6913993947910322,4.30050762260631,4.850959314719144,1.6102442152885283e-6,5.845661226155881e-6,4.505926881523736
223681_s_at,0.4011673506948292,4.7238562845119985,4.894630904538312,1.3029133967402523e-6,4.798250676960578e-6,4.496046487680468
217370_x_at,0.2654700806444293,5.087102245733755,4.925098311495494,1.1228873045978208e-6,4.174008221428333e-6,4.484271238654243
211967_at,0.2930703718273465,7.523620108683798,4.969443638460369,9.031008405713326e-7,3.4042643578609026e-6,4.470985916165267
206552_s_at,1.1037892831940836,0.9955577922260048,4.766111138716363,2.4187689913253567e-6,8.52657854691298e-6,4.463316011235465
203460_s_at,-0.25432394713482187,5.33389292841437,-4.937109270260789,1.0587281446797227e-6,3.946469942224729e-6,4.449159225532463
227985_at,0.47837969593838897,3.396289012187776,4.805120782712733,2.00761973272595e-6,7.1811786967255775e-6,4.443984842864532
212273_x_at,0.2927469387757837,9.487216011759047,5.035975447901482,6.493296696284989e-7,2.495970129433121e-6,4.4258145001223586
212412_at,-0.2693530477137697,6.797553181793439,-4.952346684744776,9.824110796889279e-7,3.6863642370253883e-6,4.4247918536646935
211445_x_at,0.11293694603537739,7.880496936632808,4.972048588444459,8.915731022985232e-7,3.361993187231284e-6,4.421968653061022
202686_s_at,-0.44697973553898956,4.412434658942224,-4.898258575180924,1.2801003674816881e-6,4.7207281366028655e-6,4.417336984369419
216804_s_at,-0.3296826654974213,4.903938699322692,-4.920279166793529,1.1496707364656256e-6,4.269123951388647e-6,4.414476692515041
218986_s_at,-0.5534206418170214,4.4681651836340635,-4.905139767638549,1.2378812759979266e-6,4.576060079284261e-6,4.413621271826402
207076_s_at,-0.48262715195493594,8.034193359199445,-4.9908309773590895,8.125605470529503e-7,3.0814021736560202e-6,4.405900446258968
201411_s_at,0.32285432046917123,5.264225891207851,4.9131110726094125,1.1906523890650675e-6,4.4136536484616145e-6,4.396379727755297
207700_s_at,0.41529026793256896,4.218965440563608,4.832193788960709,1.7627853192629841e-6,6.360632915211973e-6,4.3866023526602955
204211_x_at,0.23626796876608835,4.964852035967576,4.897147020592662,1.2870492486829974e-6,4.74472078497624e-6,4.383429278178253
227280_s_at,-0.31434984898874413,3.9818314452638988,-4.851558567598596,1.6055890041406584e-6,5.830737288596229e-6,4.382244932664781
204215_at,0.3555755484803003,5.412874047433016,4.91254208206657,1.1939651416306749e-6,4.424402823344663e-6,4.370894918361232
213373_s_at,0.268739013656035,5.142657603919249,4.9025946630650274,1.2533376484808529e-6,4.628406145527534e-6,4.363967610296183
205070_at,0.33468448215924884,4.4702166019721465,4.849061605748722,1.6250722935614305e-6,5.897493049093362e-6,4.362002578144654
204394_at,-0.3386334463650655,4.181251924771915,-4.8630600754170015,1.5187150085006648e-6,5.535894483180545e-6,4.358882014460681
202096_s_at,-0.28041735384123384,7.155197935639712,-4.946178040370087,1.0126445500829153e-6,3.7878704836027486e-6,4.356093278179701
208931_s_at,-0.2859630986285885,4.615052594689789,-4.89153670852431,1.3226810408856446e-6,4.867702504640299e-6,4.351269808700181
200780_x_at,0.28702617948620995,9.466685189465368,5.019204750027311,7.058805062792101e-7,2.696896527735085e-6,4.348923602601158
1557987_at,0.6364941031522298,4.8160475641022975,4.855168150025149,1.5778216875163159e-6,5.733786885468891e-6,4.347655713269429
201633_s_at,0.39870267973954565,5.4036552110155975,4.904492401115551,1.241795192229696e-6,4.588945117059929e-6,4.340368521491014
202427_s_at,0.32366235459089715,6.7320259286325275,4.9232692686398325,1.1329809378182533e-6,4.210067563942749e-6,4.329729428472243
213577_at,0.5056733586238811,4.552957561858136,4.838268100659238,1.7119450415015556e-6,6.191785020123621e-6,4.3284355062518785
209616_s_at,1.0194442713239638,3.484902282942562,4.770183726289151,2.3723196922159765e-6,8.382975676058114e-6,4.324031663529572
201144_s_at,-0.253967438382068,6.56782724048863,-4.925641482508498,1.1199065456023315e-6,4.165819035777006e-6,4.320989689647188
1554433_a_at,0.3788861269615945,4.38057702199133,4.831607000929923,1.767772923711418e-6,6.376481929872196e-6,4.3201646053191105
212110_at,-0.3114415184530276,6.664264443718829,-4.927457279582406,1.1099973220573767e-6,4.131828113690298e-6,4.317230463949695
AFFX-HUMGAPDH/M33197_3_at,-0.126474420832558,10.257724501527933,-5.066183834338181,5.583203798233083e-7,2.168704216478282e-6,4.315833198055614
219035_s_at,-0.17166445914046596,5.426563922852269,-4.9089843446405546,1.2148813732673925e-6,4.495690553303481e-6,4.3139027037023245
221381_s_at,-0.3353899792062772,5.829640769078199,-4.914233126080538,1.1841455841537822e-6,4.3910528359430495e-6,4.312082359982474
200038_s_at,-0.17177030697781584,9.793766677742727,-5.041597565333178,6.313712617022927e-7,2.430427713480655e-6,4.305360168277227
203708_at,-0.5083519026891917,3.5703906576390922,-4.813813625496964,1.925639370491413e-6,6.913728455132541e-6,4.299243581464658
203743_s_at,-0.2820345064424202,5.3986434812263315,-4.905205252291115,1.2374860254583162e-6,4.576060079284261e-6,4.293760284134879
228189_at,-0.3146485231161716,5.03313643674514,-4.896604044027184,1.2904568792943267e-6,4.755646559298288e-6,4.284403373181385
221954_at,0.40384071537617955,4.303778210263069,4.816465668001197,1.9012772563294888e-6,6.832735071136469e-6,4.284143465159671
203276_at,-0.35604781509197325,4.742757395962913,-4.886054171072282,1.358419414604842e-6,4.987233443681176e-6,4.281223692898628
202501_at,-0.3273605533447142,5.424857817459233,-4.902346047558443,1.254857427822531e-6,4.632421648608812e-6,4.277482902311476
224472_x_at,-0.22107326659149887,6.01982037579761,-4.907960498570157,1.2209658595826271e-6,4.516646151142502e-6,4.27733380239588
218496_at,0.2388500177476038,5.065303891642455,4.8784314171972865,1.4096600264762253e-6,5.155919379870195e-6,4.267732060180207
211615_s_at,0.29942318661700906,6.2303179711036885,4.903558270021587,1.2474639074203172e-6,4.608303737997882e-6,4.264247831987756
201040_at,-0.3184354721610374,5.323178362662293,-4.895507854295531,1.2973629221037709e-6,4.779452883252303e-6,4.252168264408207
201049_s_at,0.09896933136650868,10.622916258958137,5.063869423141862,5.648325535319691e-7,2.191615771817452e-6,4.249259280148662
229553_at,0.611045819426802,4.027724046853984,4.783057319763266,2.231071830299011e-6,7.92751990646544e-6,4.244620546515628
205886_at,-1.2803286196765349,3.5289909920222033,-4.83580475152347,1.73238989891578e-6,6.259390552136509e-6,4.242637692551108
240452_at,0.4976778086769751,3.729467649997526,4.772162979045942,2.350056885336528e-6,8.31170664001658e-6,4.24179277697459
203729_at,-0.4757661730011788,4.742530929350801,-4.879332123493911,1.4035096865827235e-6,5.135177347117731e-6,4.2391446537208415
225626_at,-0.4702786889117215,4.862390329522019,-4.882027579299619,1.3852583634845614e-6,5.075332711357766e-6,4.229946325330577
201272_at,-0.45512073213083937,4.980090080399673,-4.883900045775539,1.372714574323247e-6,5.032816986558845e-6,4.223137650792786
202634_at,0.32221173762533456,5.413600451832454,4.88131692438087,1.39004797006392e-6,5.088941634058522e-6,4.220657738621542
217742_s_at,-0.18811805705230264,6.305972904310477,-4.898477422052834,1.2787365171228364e-6,4.71732242008848e-6,4.217595857784735
211671_s_at,-0.501570544541163,3.944625743863893,-4.820970366494239,1.8605753462966436e-6,6.69095122016648e-6,4.2108652355313385
200954_at,-0.2550346788738217,5.686624530916261,-4.890476053827987,1.329523494376394e-6,4.8878466696136955e-6,4.210313395401973
225726_s_at,-0.4212886233544364,4.778824036639098,-4.871755630644715,1.4560617402294208e-6,5.320187388498563e-6,4.201505856543445
201992_s_at,0.4294823911362781,4.670314335950884,4.824535905435988,1.8289556710202407e-6,6.5794500012222425e-6,4.197887851746087
205129_at,-0.36089918412969996,3.9004065762274633,-4.805900697980341,2.000129359183075e-6,7.156775492628018e-6,4.190396875378056
201260_s_at,0.2129026661538555,6.982845506709789,4.898971683382964,1.2756614435185745e-6,4.707599395251288e-6,4.188575526142104
219093_at,0.7207529554701179,3.1742208028900705,4.737049101669681,2.7765869589008163e-6,9.682804717026186e-6,4.185361723950351
221031_s_at,0.9983365429905533,4.01326718884135,4.756577990424377,2.5309464635241837e-6,8.88693197762523e-6,4.1824789334504295
205436_s_at,-0.34849525333380055,5.838848510559006,-4.886375354148998,1.356300323794618e-6,4.981160565242284e-6,4.180695425662369
210817_s_at,-0.23296555261874555,5.9702959882618405,-4.884700867278819,1.3673833197973765e-6,5.014987163638923e-6,4.170478604240994
212670_at,0.5361008171015584,3.524356358252863,4.747243326018979,2.6456310110649747e-6,9.253230500012756e-6,4.170063269336053
208736_at,0.16889650798823314,7.875344721735162,4.9165776472810245,1.1706602228720378e-6,4.344053677737492e-6,4.165781794005184
206662_at,-0.34592209790820727,6.27404419099201,-4.888234404195095,1.344097236495162e-6,4.938036246424098e-6,4.163752836121503
223194_s_at,-0.4253060344758562,4.861741509901413,-4.866665487891177,1.4924280969251175e-6,5.449346353905516e-6,4.1631977725067255
224706_at,-0.22941930896128704,5.808735084025257,-4.881265103807765,1.3903978496116209e-6,5.088941634058522e-6,4.162243342169171
227410_at,-0.40389675231924305,3.9300893523582467,-4.8031348436505805,2.026815065337495e-6,7.245001599920115e-6,4.155416195192325
202846_s_at,0.23701139537249594,5.348780413477144,4.866731657481042,1.4919497808036257e-6,5.449346353905516e-6,4.152483043826937
207002_s_at,0.6844929536092393,4.266647822112496,4.771412712700559,2.3584721706425948e-6,8.338716951846243e-6,4.14752707431204
218642_s_at,0.3686191211055786,4.789459870329096,4.825938554050616,1.8166592460815096e-6,6.537410313493857e-6,4.1448425194580585
214329_x_at,-0.43673668098290575,4.50062285165033,-4.843882683541134,1.666211472460096e-6,6.032485131620483e-6,4.139144727352903
201232_s_at,-0.22286153623709729,6.040932878296505,-4.877582109030655,1.415483203441673e-6,5.175451043846636e-6,4.1340060050497875
209384_at,-0.2745438189324712,6.141041853061056,-4.876748823128168,1.4212190656741972e-6,5.194650239020019e-6,4.122443263561551
222642_s_at,-0.2993410453748589,4.412650995693883,-4.828476399389915,1.7946131963108138e-6,6.462417200698403e-6,4.119507669579644
226803_at,0.46328602815547687,5.462099772123055,4.856205696810393,1.5699262214692318e-6,5.708967960149315e-6,4.113857281599236
203908_at,-1.0448903023279004,2.8842070041872643,-4.753792174487062,2.5646619824999236e-6,8.996471453346982e-6,4.105353717158628
233329_s_at,0.5094172128244634,4.836620402323839,4.81201187165294,1.942361854562082e-6,6.966361750225505e-6,4.1013188318835425
201900_s_at,-0.23833695936204655,6.8380548345924606,-4.883476398698842,1.3755429926160755e-6,5.041461539478624e-6,4.099128844828774
208829_at,-0.32164323282866597,6.895816761984842,-4.885554509518265,1.361722413565373e-6,4.997647213609401e-6,4.096874521436807
224984_at,0.39617317657005996,6.046068321527075,4.863871731941253,1.512758602079173e-6,5.517937658860803e-6,4.091346122589769
226064_s_at,0.48004134995260195,3.8233443191221745,4.74333475876847,2.69512241092382e-6,9.407900419754606e-6,4.090145496929777
223427_s_at,0.6496316481758592,4.6055610260697755,4.781077290189904,2.2522568233919698e-6,7.99484007587746e-6,4.083938783136336
212652_s_at,0.3197540719499265,5.2436826832745,4.844156614605601,1.6640105635900948e-6,6.0265534711767024e-06,4.079214957786837
219508_at,-0.9231797020277471,5.59680958032588,-4.866410540087187,1.4942724053497596e-6,5.454221559970009e-6,4.079103079405261
222673_x_at,0.4228589958231866,5.250815910229811,4.839186293461256,1.7043840445374757e-6,6.166520185454231e-6,4.073746202177087
208756_at,-0.23856218491811437,7.28835709127183,-4.8884590430925305,1.342629863239189e-6,4.934337469942172e-6,4.072430538899308
201415_at,0.28748905626007665,6.277684558134771,4.862299580292314,1.52431647633937e-6,5.552533971786355e-6,4.06896318519046
202749_at,-0.3075711611208804,5.5489616642812205,-4.855664907581688,1.5740367250835234e-6,5.721973340963619e-6,4.05325147307722
1556034_s_at,0.4926337364009841,4.818476143240208,4.799113972130768,2.0662220326109412e-6,7.38093919151751e-6,4.04982390768224
209845_at,0.28117384861521844,5.672678514864071,4.8485241983135765,1.6292952768203567e-6,5.910816220987633e-6,4.036674588163384
238755_at,0.6730212428748339,2.3633544563549167,4.689295302762904,3.4776890283709896e-6,1.1941180307993081e-5,4.036550364335882
223516_s_at,0.24797192272510618,6.557175025565276,4.858251796965356,1.5544673884196326e-6,5.654672031286765e-6,4.033767167857798
203104_at,-0.3702574769570365,4.174608709528876,-4.793484447361084,2.1226367392157077e-6,7.567323589756365e-6,4.032496877725141
200640_at,0.20581261102533108,8.601499957249025,4.91563203161164,1.1760813481030218e-6,4.362659100494346e-6,4.032018191437661
230250_at,0.40354504500907973,4.476357862741323,4.770162897719949,2.372555049921423e-6,8.382975676058114e-6,4.017392239693768
216221_s_at,0.21326997257550248,6.3462912030436405,4.84818467339892,1.6319687364527936e-6,5.918510857690852e-6,3.997577745899738
225478_at,-0.303670480001781,5.684006191348271,-4.844268302681342,1.66311400613741e-6,6.0253433708995855e-6,3.993664326852068
209122_at,0.5665761805018142,5.9363527376898135,4.837408379061851,1.7190538449446332e-6,6.213300890989156e-6,3.981639804780013
225489_at,-0.2192426309496476,5.153826226516735,-4.8326228084569385,1.7591473067602376e-6,6.34964457456955e-6,3.978906785994919
231814_at,1.0246941853778704,2.7004178076073133,4.676168371839108,3.698469969033516e-6,1.264253630448502e-5,3.972744268924364
230326_s_at,0.25383397902117893,5.911076988082937,4.834762289499274,1.7411126136884094e-6,6.288786052071453e-6,3.9578219637733696
218229_s_at,0.23945754358088558,5.576543339376693,4.829330433544755,1.7872524185396839e-6,6.438075036925229e-6,3.9528634488888077
202497_x_at,-0.48395676189861214,4.195124936775136,-4.7819752290932485,2.242625583737054e-6,7.9659309942225e-6,3.9429828671330256
204354_at,0.37193775825182523,4.215014338304716,4.737327526466583,2.7729288468449e-6,9.67319659272205e-6,3.9422833554686196
200727_s_at,0.4137615319585042,5.342497443274698,4.813731787078253,1.926395915109739e-6,6.913728455132541e-6,3.9318737359048805
201558_at,0.3593563851700773,6.379716363789967,4.829579170558268,1.785114071958307e-6,6.432535167470347e-6,3.914668553483928
218153_at,0.2775794701618996,5.231563831870377,4.808106562835401,1.9790895003012484e-6,7.093337509778278e-6,3.908099377246451
225885_at,0.4340832845114041,5.325433169904652,4.804997643144732,2.0088048429509488e-6,7.1830194534491035e-6,3.9006767596848473
202042_at,-0.18505785201028124,5.514177493804247,-4.8189833933001465,1.8784239512163865e-6,6.75287107026213e-6,3.889677068056752
212368_at,0.40024107417764837,5.631298993178038,4.8137869542006255,1.925885898374444e-6,6.913728455132541e-6,3.887626833201443
217526_at,0.398998340285908,5.036553375486164,4.785408078990937,2.206169368972381e-6,7.844239113774018e-6,3.884185944772044
224929_at,-0.34242120397847403,4.340419189519894,-4.769865847302434,2.3759140939994758e-6,8.39207638938885e-6,3.8733945046045335
212449_s_at,0.3041099193219447,7.1433013196829975,4.831187983718432,1.7713428226290882e-6,6.387208232522861e-6,3.8637136346622425
223155_at,-0.27966399938077924,5.109758052095692,-4.807401181071528,1.9857942372476524e-6,7.112609048356437e-6,3.8634416352934116
203974_at,0.41698136158994337,5.467212753125875,4.801665620771358,2.0411296615554263e-6,7.293736512422709e-6,3.8549392809920597
227404_s_at,0.6328135322157514,8.125750471824617,4.8466019785177785,1.6444869600015507e-6,5.961891303721358e-6,3.8489105391542644
213605_s_at,-0.3966623320005328,4.19083952412392,-4.753891170905449,2.563456498635251e-6,8.99518816569913e-6,3.843388581486625
200072_s_at,-0.19061953896687472,6.9853398156240285,-4.830585606216359,1.7764870699544645e-6,6.40360228143411e-6,3.841382235502204
1555745_a_at,-1.2403624323730431,5.292779266045168,-4.81287383006503,1.93434444326422e-6,6.93993034852297e-6,3.840631077899131
200682_s_at,-0.18318588904068395,7.354929969183401,-4.838046805356304,1.713772159553313e-6,6.196301432769033e-6,3.83431385699979
212687_at,-0.2642680664887592,6.2391395094067805,-4.815483389997377,1.9102658032460083e-6,6.862735596973335e-6,3.8325143494316096
206805_at,0.5594490770905174,2.953302435448035,4.6544183988508685,4.0942418677527015e-6,1.387586622247222e-5,3.829115165266148
208703_s_at,0.29068738183823134,6.295944222738297,4.810618856278828,1.9553865504863143e-6,7.010728284926334e-6,3.8289552364065553
202124_s_at,0.3718710416570116,4.244491448204296,4.712701686161103,3.115080087862505e-6,1.076858760286254e-5,3.823823123434148
208834_x_at,0.07544643463933842,10.749243571949215,4.983212705426422,8.437575337793515e-7,3.1933054759833244e-6,3.8222940048774525
202365_at,-0.24031780233434535,5.154986926554989,-4.797897364200887,2.0782902455143736e-6,7.4215744667318286e-6,3.8174117542329267
204881_s_at,0.3661640233051338,5.455363847838846,4.793652605559528,2.1209302992854224e-6,7.563757089295849e-6,3.8137985572756
219691_at,-0.4593037866361543,2.9691705533817863,-4.673571288286386,3.743718741429185e-6,1.2784298620482419e-5,3.8134250862251555
212091_s_at,-0.46693844087141756,4.0809037840088624,-4.741175588603253,2.722843246661841e-6,9.50156993533821e-6,3.8070040721908196
202834_at,0.8283307206971208,4.297944106785024,4.6913493328979925,3.4443099812877895e-6,1.1841749945293995e-5,3.805949381246405
208855_s_at,0.2437182034096264,8.338045083521758,4.853066083326351,1.5939353769484064e-6,5.7903796857403445e-6,3.800750524307067
215016_x_at,0.47534210889904194,5.724815297738422,4.793091203406138,2.1266324732615393e-6,7.576526001347147e-6,3.789029215854118
216304_x_at,-0.1735098569913625,6.476775187451595,-4.807629878987292,1.983618043125712e-6,7.107190667560452e-6,3.7840262034540473
205499_at,0.9155781876099078,3.879755529690515,4.663963639511233,3.915782643133561e-6,1.3325851161337305e-5,3.781901270212493
223139_s_at,0.3411810370964795,6.024485995975844,4.797047047935626,2.086765283767194e-6,7.449355709762729e-6,3.781381403883442
204834_at,-0.5335724477889285,3.2296069384404977,-4.679404090253726,3.642829571181633e-6,1.2464271221995795e-5,3.7755803622993156
239673_at,-0.6381929849273769,2.778605189345683,-4.661370398897492,3.963512406279274e-6,1.346262156260934e-5,3.7721898458631715
211202_s_at,0.3289957886820359,5.339397788211278,4.780467029533509,2.258825162453757e-6,8.0154998229106e-6,3.767781530982914
210809_s_at,-0.7973307277095949,7.242045602935057,-4.8333196112977275,1.7532539507351653e-6,6.330505417669642e-6,3.766838010891087
228597_at,-0.3541116603534028,4.474635282985534,-4.75858037417608,2.5069764511168115e-6,8.809780099508032e-6,3.7655667037213094
228089_x_at,-0.21545888206554084,5.581704050116181,-4.792956529927019,2.1280025488955588e-6,7.578886737472779e-6,3.7652025478028683
205983_at,1.471066074073235,4.852984854074775,4.683663345937781,3.5708145105430926e-6,1.2241139113298565e-5,3.754367711535508
210878_s_at,-0.2741982736761347,4.975962855801478,-4.777579224814928,2.2901580639432395e-6,8.123994483120506e-6,3.7459137490522636
225361_x_at,0.4213921240019721,5.224615854072677,4.766317916039381,2.4163896719721492e-6,8.523800644003173e-6,3.745260238156737
227948_at,0.49191265262809053,4.7301791523402645,4.724202850336196,2.9505119662472396e-6,1.0245975589759053e-5,3.7423791032264404
215726_s_at,-0.3281271728623638,5.887716461703789,-4.791857071643633,2.139219526792471e-6,7.6163040181215494e-6,3.7413112143720504
209585_s_at,-0.29955318710135975,4.30494552789004,-4.736433277105688,2.78469453338215e-6,9.707918169906598e-6,3.7412880847517584
205541_s_at,0.9608082513047657,4.004479828284049,4.6574462165649155,4.036803545797597e-6,1.3698535440649241e-5,3.736599482212
210915_x_at,-0.5247488970559095,4.619928267084328,-4.765341640107013,2.4276431910126554e-6,8.549421928112615e-6,3.733961551317794
219014_at,-1.0619533363157683,6.287179758176336,-4.805955245300666,1.9996064904666786e-6,7.156775492628018e-6,3.732441077357749
223228_at,-0.2323249975993382,4.887628113550673,-4.7697322717698745,2.377426057104354e-6,8.394649093526349e-6,3.730957049486787
201666_at,-0.4512586806039833,8.451465071173379,-4.863065153334727,1.518677673603346e-6,5.535894483180545e-6,3.7191642510742273
217110_s_at,-0.8837352400126969,3.032385547135341,-4.6681796466808985,3.839362116849498e-6,1.308656899707562e-5,3.7167295174953967
203688_at,-0.4578312333344414,3.3557077797241512,-4.6686017367846935,3.831790629296568e-6,1.3064918208674136e-5,3.711555089897839
208728_s_at,-0.20512403669556786,5.7598009575181965,-4.783111047875597,2.2304996579484287e-6,7.92751990646544e-6,3.7114066167854283
224956_at,-0.26201279657065935,4.6258393861631575,-4.751591953452337,2.5915954296460622e-6,9.073124783594205e-6,3.707684353429724
200650_s_at,-0.1432434186802293,9.712715410789668,-4.9107579134692765,1.2044106112563631e-6,4.458483371938293e-6,3.706420292179681
211928_at,-0.22867674581061712,6.189752416256869,-4.786979775016994,2.1896693477095674e-6,7.78815661421401e-6,3.7063298909216256
213734_at,0.37575570130181507,4.866495882238279,4.733840959651304,2.8190738933056534e-6,9.821378412677549e-6,3.6994811459795347
208892_s_at,-0.40109330755971945,5.761138046064538,-4.7814339594131186,2.2484264517183816e-6,7.983888822425927e-6,3.69720085751052
225892_at,-0.3214776561657963,4.8563558599306855,-4.763543408377967,2.4485035730507242e-6,8.61439040331442e-6,3.6966588183711204
210686_x_at,0.27990639948281926,5.688352007260213,4.774375913884738,2.3254037777118294e-6,8.240837138811389e-6,3.693888914110108
229947_at,-0.7094409227063165,1.5877367657355135,-4.614206340339455,4.935631647187908e-6,1.6549427804796264e-5,3.6922900223021653
202381_at,-0.33492899018505107,6.650078161846327,-4.7932229881482105,2.1252926080847716e-6,7.574271360749221e-6,3.6922437511567683
204290_s_at,-0.3336798350254023,4.534375379988801,-4.743348319812736,2.694949166666863e-6,9.407900419754606e-6,3.68919835781006
219664_s_at,0.2687115273987229,5.194539073469148,4.7528014724666825,2.576755897248541e-6,9.035936473722953e-6,3.662878649647049
204274_at,0.29032296062735813,6.366335923364121,4.773646902547122,2.333497664896877e-6,8.261322037025858e-6,3.655790610789399
200963_x_at,0.13034758866953422,10.325487773019635,4.920884209066704,1.146274552314158e-6,4.257988654279325e-6,3.650619516383175
208704_x_at,0.25561215580544255,7.2734512172734345,4.788233735834316,2.1765902764918648e-6,7.74420844638238e-6,3.6496804022054983
208615_s_at,0.30069920007489515,5.641443133572281,4.7635751408091735,2.4481339699090965e-6,8.61439040331442e-6,3.6493527095778724
225356_at,0.20965568774622603,5.7099102320058375,4.764413665438882,2.4383867019686387e-6,8.5844353395300765e-06,3.6435820240917254
230398_at,-0.5080186357578458,4.976942511219511,-4.7584273981163525,2.5087999510365943e-6,8.812057008345913e-6,3.6417140836463133
224644_at,0.2296152745022609,5.956279438318692,4.7657480643903325,2.422952227420979e-6,8.538515530381891e-6,3.637465859991954
218010_x_at,0.35263218214799547,4.990945437273191,4.730280556135711,2.866958315774944e-6,9.968751845795836e-6,3.6370868092972177
201023_at,0.25950182268369504,6.57651441047781,4.772269325626687,2.3488664016601437e-6,8.310239683284386e-6,3.6366472614136605
43544_at,-0.2707725659355247,4.588710800010762,-4.732604017664804,2.835621818426706e-6,9.86940108538184e-6,3.636449882365726
205055_at,-0.2517112981819929,5.701264028924338,-4.765536666929766,2.4253910943868914e-6,8.544299504823008e-6,3.6322505997785086
204617_s_at,-0.3340852633096707,4.947873677976129,-4.752167167844644,2.5845279226888668e-6,9.05726124820603e-6,3.6285171233561293
201751_at,-0.23420588171582718,6.096835027689237,-4.768744773763763,2.388632480114782e-6,8.428662634871428e-6,3.628027212987157
228332_s_at,0.21528193188989217,7.717272926956664,4.795222396718243,2.105063941272851e-6,7.509673660624726e-6,3.6269066248480497
218214_at,-0.22978389186865528,5.029798138065081,-4.752068496223352,2.5857389551900814e-6,9.058541997040988e-6,3.624928750450824
217899_at,-0.23628864373376024,5.302005375565317,-4.75855075907725,2.5073293683748704e-6,8.809780099508032e-6,3.624200737823646
219077_s_at,0.4801525659484548,3.731043343346144,4.634318111963998,4.49594598517138e-6,1.5151012689254796e-5,3.6227931646253575
205076_s_at,0.5425667812690154,5.720152335528982,4.754204430898111,2.5596455098674713e-6,8.984758305114752e-6,3.6175028494553594
208982_at,-0.45561344937244214,5.324090011652282,-4.7585655250297405,2.5071533994707504e-6,8.809780099508032e-6,3.61470802516532
201351_s_at,-0.2134662972107702,6.609943697227407,-4.773694836685054,2.332964641531581e-6,8.261322037025858e-6,3.614579036509344
203911_at,-0.4936634939247671,4.248978661434692,-4.713113004537511,3.109045308881779e-6,1.075466657864078e-5,3.614056404638152
217776_at,-0.3010138184646618,6.328679665667203,-4.7661875213100355,2.417889819107481e-6,8.526284934857948e-6,3.5980899026525073
205894_at,0.8565974213695166,5.000831273043737,4.690405371137754,3.459611410330631e-6,1.1886727722537539e-5,3.5970485564216634
212042_x_at,0.1240590067817031,9.8606698469069,4.88156382646864,1.3883821145687458e-6,5.08503849346153e-6,3.579312451482542
203576_at,-0.2659918770209515,4.626946231258356,-4.7226390149105235,2.9723869437882686e-6,1.0308572783685245e-5,3.5772891853106863
201857_at,0.19065565053813316,6.223225106508115,4.752320423280162,2.5826480456544195e-6,9.053634984651766e-6,3.5620086939432003
212215_at,0.27347063174296016,5.025201728386137,4.720928334247864,2.9964946744275504e-6,1.0385456954753267e-5,3.561328675006079
217843_s_at,0.2803126620960274,4.7218136048861865,4.696604559829374,3.3603062878943506e-6,1.1575228701675941e-5,3.5567132646175104
202742_s_at,0.9625403876128847,4.177182827386641,4.623974454245604,4.717157359781529e-6,1.586155266645936e-5,3.5566221341074575
226820_at,0.3738488313895408,5.044514606853619,4.715332705303565,3.076671918193164e-6,1.06495593730544e-5,3.5552699943772987
226217_at,-0.27615652541938673,5.399895610281629,-4.743498475853002,2.6930316181958997e-6,9.406732222279972e-6,3.547358336366715
204363_at,-0.46334839749976464,4.865216822935784,-4.733483004501664,2.823853072172934e-6,9.834830286797348e-6,3.5462388110698475
225676_s_at,0.35725302662916986,6.2140899465916135,4.74563213777848,2.6659254471034827e-6,9.318127019517001e-6,3.5375368811404027
212643_at,-0.19410970035994787,7.382664577495491,-4.773994926965151,2.3296303274568905e-6,8.253085217607695e-6,3.5351413799413347
224974_at,-0.29887000907454364,4.588243109236568,-4.708173725149822,3.1822625453064912e-6,1.0983111677792668e-5,3.516917625826183
228010_at,0.7965144561222472,1.8339431517037585,4.56031948682916,6.326723941235669e-6,2.0861247640030077e-5,3.5166151919211464
201360_at,0.3494462463903293,7.975457028948082,4.775321416510857,2.314946539788175e-6,8.20649314386192e-6,3.514613131239189
226236_at,0.3194886730697141,7.039173229645245,4.751892063733217,2.5879057365007154e-6,9.06316906019358e-6,3.5108267811343534
208635_x_at,0.13368979447725593,9.76101663343274,4.860779039148983,1.5355758879349379e-6,5.591646664665869e-6,3.507238914715547
216338_s_at,-0.2358100668259482,4.901633394476977,-4.719779351321885,3.0127921707323205e-6,1.0435189953137844e-5,3.500426358227357
200903_s_at,0.38894963027847185,7.011688957726698,4.747851775157335,2.6380057647515856e-6,9.229574055448641e-6,3.4992286066194147
201600_at,-0.20833820184795548,8.499379936222995,-4.806709155747311,1.992393279678179e-6,7.1338600284733735e-6,3.4840893071521997
208612_at,-0.2252944693411518,8.263137358294546,-4.795651117353825,2.1007506435703057e-6,7.496782693060855e-6,3.4801255298982685
211942_x_at,0.12624386835686816,9.83880968733581,4.85871868541459,1.5509605400002137e-6,5.643831611760289e-6,3.478262364360816
235085_at,-0.38152211382719925,5.194008340200872,-4.721868670966598,2.983219815262894e-6,1.0342794136217276e-5,3.460159545574639
225412_at,0.31732832027090635,4.944096530842886,4.689076871318853,3.481256893718001e-6,1.1949601122204724e-5,3.4547518756082916
231839_at,-0.1725743656564612,5.478150448342669,-4.723215835259439,2.9643002632715502e-6,1.0290521296315008e-5,3.4543654064995017
210691_s_at,-0.29329376150352315,5.261159351749013,-4.7208236792872045,2.9979756119277345e-6,1.0387229214289075e-5,3.4529549154526666
208066_s_at,-0.21011791177878003,5.485776610468952,-4.722666354385103,2.9720031818520267e-6,1.0308572783685245e-5,3.4500223768523
209302_at,-0.19039105782451698,6.277277849225965,-4.7312856074222465,2.85336252357844e-6,9.924698933472671e-6,3.4485533530918806
218059_at,0.2224203767715426,7.390258449256434,4.746798122192649,2.6512238583000306e-6,9.269765402731146e-6,3.444907483055217
209161_at,-0.2235311212047958,5.650477263586906,-4.7230908292820635,2.9660509747547065e-6,1.0293263392467499e-5,3.4427647026635846
204305_at,0.32998381918637837,4.7100447253773865,4.667049038875252,3.85971397065989e-6,1.3143393441728988e-5,3.442703533808964
212673_at,-0.20728079386826975,6.007696411254257,-4.726604341889223,2.9172210887935014e-6,1.01369411366347e-5,3.4419236556998705
213620_s_at,-0.35965515501704054,4.96298406867599,-4.711606972398094,3.131196454441544e-6,1.0820808908526535e-5,3.440471536018914
204839_at,-0.24296255015406462,5.969232827426797,-4.724958851143515,2.9399926193059176e-6,1.0212756462588943e-5,3.435097366659603
211478_s_at,-0.6944342460636904,2.5025226405195946,-4.576201341487091,5.881773671699772e-6,1.9484057311354256e-5,3.4347881783770724
222405_at,-0.26405265191701743,7.283968318723031,-4.750435987019638,2.605854777712697e-6,9.120066067832775e-6,3.43330620034844
213831_at,-1.0655776041172202,3.5124872315735107,-4.646159225426266,4.2549410753834795e-6,1.4397720701384464e-5,3.4324800320231423
232138_at,0.6997622923064637,4.109943865640438,4.601483682613376,5.23479336187815e-6,1.7492308573237872e-5,3.432068968892237
235142_at,-0.2883417152800715,4.402535668878027,-4.672253792818125,3.7668763477291935e-6,1.2855860564900557e-5,3.419397818920906
208789_at,-0.4806091348806262,5.21517735137836,-4.713330801486292,3.105854392145576e-6,1.074709887049598e-5,3.416230596851623
211509_s_at,0.1812221802106898,8.29642079598614,4.769465003093052,2.380454096089138e-6,8.402571575421067e-6,3.4141020685840084
205928_at,0.2986432225889515,4.586083250288932,4.6511268086342215,4.157574859395793e-6,1.4077149010337273e-5,3.411279567482911
227013_at,-0.39316969138471697,4.907751284683855,-4.703279098078511,3.2564523194634088e-6,1.1228314676025586e-5,3.4089582253266713
204042_at,0.8228008036976842,2.2464729046310024,4.540923657806892,6.91401393997959e-6,2.2658253698073216e-5,3.4071703018145447
223354_x_at,-0.20410711306157475,5.13925395048919,-4.7068946364213575,3.2014917446377666e-6,1.1045919826184989e-5,3.406967993145198
222014_x_at,-0.22267505661303483,4.711070998904559,-4.687727767235409,3.5033713218384066e-6,1.2021658222567216e-5,3.4011886931317683
218435_at,0.40449489457756643,7.334402759602131,4.732336964887172,2.8392067229852364e-6,9.878668926060682e-6,3.3987684791356765
201375_s_at,-0.27275511439346867,7.040106851939704,-4.736363892970906,2.7856094296366302e-6,9.707948542516988e-6,3.397190360847204
210111_s_at,0.22070450801893937,5.993207317223056,4.712913627191114,3.1119691267321973e-6,1.0761305763293102e-5,3.3953120237064027
219718_at,0.9235710148213365,4.2746468166091995,4.591905908175395,5.471414038978058e-6,1.821481000608202e-5,3.3876672656535023
203125_x_at,0.36919182368452663,4.044523895884856,4.601015196414581,5.24613521132352e-6,1.7524741664767345e-5,3.3848698018745473
220622_at,0.7657070721972662,2.724553838129112,4.543822947199429,6.823016796659665e-6,2.2394295019183514e-5,3.3801533354312188
212671_s_at,-0.773506549544795,5.544982930554128,-4.7102215025926535,3.1517083385438487e-6,1.088818169326677e-5,3.3717342489625395
214585_s_at,0.17727042964511827,5.809349921242241,4.705983421685589,3.2152586191779873e-6,1.1089847259257495e-5,3.3716817129184777
225298_at,-0.23117473591256604,5.012112770571635,-4.695210241100411,3.38240013122971e-6,1.1647590037243293e-5,3.370361555619943
201493_s_at,0.2223373223260701,6.249695707456684,4.709603466413231,3.1608999954585224e-6,1.0916415748338862e-5,3.3680400421056014
204450_x_at,0.3593215244590315,1.5746312034661132,4.526248916843988,7.392739462514434e-6,2.4123794657909573e-5,3.3675983188677545
225433_at,-0.22154555966582604,5.025671824101263,-4.6911833633084346,3.4469955913744724e-6,1.1847181190373667e-5,3.350463276162337
203034_s_at,0.0830939829982326,10.472664533954143,4.86271357618505,1.521264701820483e-6,5.543302296123413e-6,3.330730273922871
227761_at,-0.42288684147026284,2.738530616212287,-4.55312256153302,6.538826534872892e-6,2.1527488834693697e-5,3.328560221992899
212616_at,0.3452307249473976,5.722069124191584,4.692544106197671,3.425036238960232e-6,1.1786833674263079e-5,3.323683300529967
217294_s_at,-0.3732820079884977,7.793399087284632,-4.744466272409562,2.6807039641729294e-6,9.366725886557271e-6,3.31904431968099
219155_at,-0.36208421129934926,4.455135722953383,-4.6560122971652,4.063908088945321e-6,1.3786145458160616e-5,3.312748112912047
226158_at,0.45082397755156806,4.095806236671077,4.581474065461833,5.740809836682276e-6,1.905244602861748e-5,3.3019253459779367
56256_at,-0.32375612235093587,5.619373505971439,-4.691435376535527,3.442918472111725e-6,1.1840765840042668e-5,3.2980606270433688
228454_at,0.3641977830298529,5.449953068944932,4.679311085486572,3.644417558680357e-6,1.2465723277823328e-5,3.295602536326424
227697_at,-0.5018834302965759,4.427413723354941,-4.655136172348611,4.080554951994377e-6,1.383823526455073e-5,3.290103954329357
227871_at,0.3428232540645148,4.464725200137219,4.609708851510268,5.0394594887322034e-6,1.687116546962128e-5,3.2852228930147103
225953_at,-0.325742613191277,5.105339507503331,-4.680307347735345,3.62744168188634e-6,1.241955344776234e-5,3.2833858742601993
217762_s_at,-0.6439698436947331,5.680710471176747,-4.690080298802128,3.464895881472794e-6,1.1901067514657917e-5,3.278001261241913
218088_s_at,0.25265151641961986,5.766491533436315,4.683598333455074,3.5719033761011214e-6,1.2241139113298565e-5,3.2760870242404163
227970_at,0.38054100164799,4.20519148995631,4.585617736495428,5.632311980516885e-6,1.872136464389618e-5,3.274877994481357
200697_at,-0.25855656934116594,6.468203985296793,-4.696631874910708,3.3598748526307546e-6,1.1575228701675941e-5,3.2740866362501926
218905_at,0.28851031186759607,5.839196339826222,4.679796089881616,3.6361437755736995e-6,1.2445370053584999e-5,3.2563650327897733
201290_at,-0.18566767058926406,7.65958242745639,-4.719024521267972,3.0235452671428e-6,1.0469049918196773e-5,3.2485330263097776
233864_s_at,0.22123514711139208,6.394809597153645,4.682604616660658,3.5885864868360424e-6,1.2294380247353542e-5,3.2391660330068905
204634_at,-0.29203812165974796,4.266015579949127,-4.618302023721542,4.842869518767479e-6,1.6258746836275778e-5,3.22719810566948
205321_at,-0.5741180143904828,5.3299579985643,-4.673634850920647,3.7426049691991185e-6,1.2784298620482419e-5,3.226026187196756
200075_s_at,-0.2590851840041244,6.553776374119075,-4.687565318389228,3.506043266721493e-6,1.2026974548955284e-5,3.2259568008737407
204855_at,-0.9803330332590305,5.018336701601251,-4.667084820143271,3.859068292968574e-6,1.3143393441728988e-5,3.2092940612997385
208799_at,-0.22538264827936152,6.587637690926705,-4.684039828838422,3.564515236002715e-6,1.2223640116292281e-5,3.2091790456599583
218025_s_at,-0.457598450621338,4.688479443100061,-4.650147976212749,4.176589320853908e-6,1.4137062051914033e-5,3.206580226036041
229147_at,-0.5229487235420949,4.402254886215323,-4.634444178444347,4.493312383831787e-6,1.5146902318436102e-5,3.203445134541311
210868_s_at,-0.4386579631262231,3.465891336752615,-4.558265688581445,6.386569258196413e-6,2.1045621797311034e-5,3.2017770085281985
1552701_a_at,-0.4142928752471543,4.37647528987286,-4.627162511464883,4.6478858823144705e-6,1.564335578298301e-5,3.199547800049519
226654_at,1.4889451769413662,5.407606582666406,4.592430241658519,5.458198864714152e-6,1.817646392218922e-5,3.1995244415226045
201141_at,-0.7597223491869465,5.870667142023505,-4.67630636187111,3.6960805485306067e-6,1.2638401186213976e-5,3.1991226477668864
211858_x_at,0.28658137406292983,8.57684542205695,4.728372720403102,2.892938142466624e-6,1.0055822946218347e-5,3.1841632650818807
224492_s_at,0.2905269415898982,4.609878661670132,4.602445402021223,5.211584275903898e-6,1.742018794001824e-5,3.1824957403174556
210564_x_at,0.3149720843253526,4.586289105026671,4.5978434032764355,5.32354589725059e-6,1.776671252250641e-5,3.1798992271202895
212587_s_at,-0.48181737607029335,3.126997563088259,-4.536512861012569,7.054687311322065e-6,2.3098063926098188e-5,3.178421112438439
208912_s_at,-0.2168193449635174,5.388559081801032,-4.661022928426326,3.969950080709522e-6,1.3480214014149321e-5,3.1783985614137302
211995_x_at,-0.11417665453764039,10.297786892621957,-4.82601732197531,1.8159710886376091e-6,6.537129795892039e-6,3.169864475039958
218473_s_at,-0.21128485846763226,5.754303732362123,-4.663321913086024,3.927542205610111e-6,1.3357384015460672e-5,3.168939768668526
228623_at,0.5629209410028148,3.8372475638570487,4.531915865614742,7.20421876792285e-6,2.3558850934297157e-5,3.1672558224277942
212513_s_at,-0.2335126054725067,5.704125336154137,-4.662144645414168,3.949203809265742e-6,1.3422531855540575e-5,3.165304780704096
208766_s_at,-0.15991521666431355,7.596024422422431,-4.6974178879936535,3.347482757501456e-6,1.1538475798298937e-5,3.1623476258742045
1557915_s_at,-0.2521177183372656,6.966099266424843,-4.6807368239231995,3.62014706716663e-6,1.239854077063814e-5,3.1553212498384102
217716_s_at,-0.18901820941273004,6.429276569835895,-4.6674824409807165,3.851900156317365e-6,1.3125129254016518e-5,3.1502279169452265
201575_at,-0.16215462234780229,6.21529124529518,-4.663378025449744,3.926512600326151e-6,1.3357384015460672e-5,3.1475977879392847
224330_s_at,-0.23265108440864682,6.05178085700324,-4.66154393771198,3.960300966210054e-6,1.3455979781480594e-5,3.1456842689080577
202733_at,-0.30196928170711906,5.798471331964047,-4.657671378645908,4.0325632517385085e-6,1.3688482292735945e-5,3.1385264181750747
210164_at,-0.6714356310136315,3.9481112272697776,-4.592535295242912,5.4555548068484895e-6,1.817330803661936e-5,3.137161183364978
232083_at,-0.46226635376052316,4.084104634432907,-4.590184778916842,5.515009203078882e-6,1.8354238456845003e-5,3.13131266830292
200884_at,0.8367907415130942,6.435086599579456,4.65380101722001,4.106049737851606e-6,1.3911483504618676e-5,3.12927533709162
205401_at,-0.28468220390064525,4.283757179655553,-4.596919024910549,5.346311850795766e-6,1.7837134493171922e-5,3.126457039884123
218671_s_at,-0.21711233589519005,6.847205620790584,-4.670757069588905,3.7933513139961326e-6,1.2942093193261328e-5,3.1255869186047436
220017_x_at,-0.4357400532803052,1.9597101007164313,-4.484419207369927,8.938096404865209e-6,2.8763540638426252e-5,3.120109476035622
208861_s_at,0.36619726845572603,4.824279604634666,4.600468422238144,5.259402217705283e-6,1.7563583528141115e-5,3.1186659693720706
222235_s_at,-0.383782010213775,3.7447059995194194,-4.553779684269756,6.519180770414616e-6,2.146940780616409e-5,3.1076333647794705
214548_x_at,0.2661375667854357,9.023807604475312,4.733107932633736,2.828869145826413e-6,9.849098199297486e-6,3.105968970308928
201511_at,-0.17838135560551088,5.35682365264451,-4.643367371191444,4.310620150709002e-6,1.457691719524796e-5,3.1031898557337225
201235_s_at,0.4166804762154967,4.257511312895344,4.5475396650653135,6.708043104266362e-6,2.203043095524388e-5,3.101843041051546
212139_at,-0.22113721061796257,5.1737703940501945,-4.6396000443541885,4.386864141241899e-6,1.4825386607294783e-5,3.1003987184156347
212829_at,-0.25001339829636066,4.710385229609667,-4.620532137488885,4.793066683305775e-6,1.610163793610999e-5,3.098555855749483
208677_s_at,-0.3566085205993984,6.808438139321321,-4.6652740055083015,3.891875352687161e-6,1.3248700557145712e-5,3.094667044048075
224656_s_at,0.1740028427818017,7.344150996101863,4.66875240787161,3.829091356446772e-6,1.3059871283544817e-5,3.09352741449709
224707_at,-0.3180264204795378,7.764258293899095,-4.691633178668047,3.4397216390981564e-6,1.1833570301752907e-5,3.093097700375939
204059_s_at,-0.553148850841785,5.077291657538243,-4.638539098159989,4.408568558859589e-6,1.4889342676879815e-5,3.088983853414467
209090_s_at,0.3065882308443965,5.543525849078887,4.636441633669507,4.4517816454802724e-6,1.5025814986776988e-5,3.0859985057924417
202900_s_at,-0.2775930654631953,5.459552529678564,-4.640640620864161,4.365676186577415e-6,1.475843767333665e-5,3.0806405057696775
203175_at,-0.2375340772350287,5.220484157522569,-4.636087514642613,4.459117432058902e-6,1.5041097307823368e-5,3.0793990894895424
225527_at,0.24614147011576407,5.373915380123939,4.630734735866836,4.571427953192437e-6,1.5395695587095434e-5,3.07617030506446
223776_x_at,-0.22105492188661283,5.289461429766456,-4.634820523971369,4.485459122325805e-6,1.5125188409655758e-5,3.068507417666421
205767_at,1.6453899593759338,3.973945035953152,4.486021305099103,8.873592961226391e-6,2.8564543687986277e-5,3.0675012699588864
222047_s_at,-0.20702165181738885,6.812580880789694,-4.654947389312359,4.084150507281002e-6,1.3846045691297904e-5,3.0591508250910087
226867_at,0.32656029670811637,6.104938047899447,4.6373756050142925,4.4324894453624565e-6,1.4965414254071226e-5,3.0546562162822575
201097_s_at,-0.18010867648796985,8.46596075321858,-4.708750874379523,3.173622380344006e-6,1.0956821321503494e-5,3.0473510094681515
220773_s_at,-0.3416644166010357,3.747012537514685,-4.53699176859326,7.039281699592091e-6,2.3054669779189874e-5,3.0458434435004698
232458_at,-0.6758564715747524,3.3880966767759295,-4.528241751661999,7.325911444271906e-6,2.3927196105607017e-5,3.0444361916273035
208800_at,-0.2858752827584969,5.411888512309518,-4.631472572077066,4.555786965732176e-6,1.5347844579839246e-5,3.042303510489952
227867_at,0.4991750206197885,5.346329715477391,4.613456151081442,4.952806382534605e-6,1.6591436765507575e-5,3.042258919727212
204917_s_at,0.4031787322703471,4.084917609757936,4.52216021422997,7.531685325564866e-6,2.4547290810093218e-5,3.037243019854319
212254_s_at,0.44362885941377905,5.604641659528846,4.6238885427052345,4.719037735772997e-6,1.586289653697399e-5,3.035577469153216
202778_s_at,0.34818584627928745,4.761287788998584,4.577123071947364,5.856894347887645e-6,1.9413647632710503e-5,3.030608051789823
200949_x_at,0.158626939494042,9.902420342616153,4.762570240245763,2.4598646584664804e-6,8.651520054547407e-6,3.0248314361256696
220789_s_at,0.26442178755786977,5.2406204638702345,4.611508668210918,4.997660110885115e-6,1.6736459133451775e-5,3.0173082088560808
1553970_s_at,1.8710927223550242,3.824714824163909,4.464804210411412,9.765165018332632e-6,3.1219181979252475e-5,3.0113436469274824
228588_s_at,0.30001132428656646,5.555648901356218,4.619344085860639,4.819536670167451e-6,1.6185484748433825e-5,3.008033557454521
218826_at,-0.34262450692024077,4.258904169594548,-4.570796458826656,6.0297158823711485e-6,1.994329924292748e-5,3.006836872292345
200092_s_at,0.11481344572369848,10.214329679053575,4.776750908124801,2.2992223236063313e-6,8.153448776165053e-6,3.0060373908356794
202034_x_at,0.3854764282114362,4.039776081571283,4.512673527991378,7.863780515860112e-6,2.5559672532284397e-5,3.004964753441387
224599_at,0.23741657135244573,6.183452075662241,4.627065541452036,4.6499784041724665e-6,1.564548324243079e-5,3.0018284050165196
227973_at,0.2993983565860336,4.6292725972800515,4.560170239367622,6.3310546482542234e-6,2.0869104137460766e-5,2.9929909682795586
218042_at,-0.2185500805257074,5.547859845667513,-4.621514743732221,4.77127960737922e-6,1.6033475041986695e-5,2.992792839032086
203605_at,-0.20436160975935497,5.252559516975481,-4.616737418073744,4.878106504917822e-6,1.636678828286396e-5,2.991741621329278
220261_s_at,0.28394121554040586,4.937780093200861,4.586015997246927,5.621988230491736e-6,1.8692849135089377e-5,2.990397451217553
201243_s_at,-0.33672053054156886,8.32413382556594,-4.693585598421068,3.4083198256494992e-6,1.1733075286691223e-5,2.986482679594311
200691_s_at,-0.24807094536200863,7.049325361040086,-4.643875697593735,4.300430536027237e-6,1.4547051573242752e-5,2.98162388421191
225806_at,-0.47237644379932253,4.148600613842367,-4.561623411986393,6.289008704837647e-6,2.074327286173821e-5,2.9780917219188545
216640_s_at,-0.2228169816398179,7.597084073116198,-4.652327886503492,4.134356779026996e-6,1.4002960535477778e-5,2.9532351098113905
224680_at,-0.22248028192317584,5.712559456177482,-4.613987266175482,4.940641181182099e-6,1.6561041606384177e-5,2.950834379083812
217437_s_at,-0.36856688553070827,4.333117242805753,-4.563451439456116,6.236497167773426e-6,2.0595435930442882e-5,2.944564379936457
225012_at,-0.27142230099396725,4.608088093728594,-4.579244308964932,5.800021085581195e-6,1.9242993462320018e-5,2.944042330629964
1555226_s_at,0.2602231330955215,7.044396172323583,4.626403890898597,4.6642803734353565e-6,1.5688676810239553e-5,2.941522984569044
226993_at,0.25801772484455976,5.063938457019608,4.584545695546834,5.6601920186453325e-6,1.8802368091704632e-5,2.940203391088888
226398_s_at,-0.2592757352002732,4.595722146320633,-4.576229710568925,5.881006423615569e-6,1.9484057311354256e-5,2.9356727509847396
208313_s_at,-0.1969093750943856,5.563406445746049,-4.6068247923755825,5.107140418621556e-6,1.708853783995599e-5,2.9277102521429983
225880_at,-0.26927048561152517,4.965874766041746,-4.594872430540001,5.397049219434197e-6,1.7995203326423453e-5,2.926842934619314
221477_s_at,-0.33405842904795296,6.16162884964304,-4.613644297838041,4.948493590914265e-6,1.6582174488415553e-5,2.921389817843151
222454_s_at,-0.255373054600977,4.955358126862585,-4.589038801897418,5.544220826164057e-6,1.8445725997110418e-5,2.9045394417320693
209512_at,0.42509002357118514,4.069450786908042,4.488647851502749,8.768807327919218e-6,2.830377610846598e-5,2.90169182167428
218684_at,0.19983896241493126,5.389685894016158,4.592944923027972,5.445256764697449e-6,1.8144645636144253e-5,2.9015328885793403
208120_x_at,0.2674562664229352,5.224354149366116,4.583872756368349,5.6777604386959154e-6,1.8854881456834883e-5,2.8987105428540456
217398_x_at,-0.1295389521390738,10.383247314535764,-4.772667202955975,2.3444175607457076e-6,8.297239949874056e-6,2.8983557399433035
200661_at,0.3560946662106402,7.054428046672344,4.615328425121562,4.910049497277994e-6,1.6468804090275252e-5,2.8979669642692567
214279_s_at,0.5566748837562069,3.8034768299925195,4.4673149660693,9.655346435090401e-6,3.089537824346579e-5,2.8958364226555178
212294_at,0.29122155246146064,6.673676046371539,4.606568857912161,5.113188481701971e-6,1.7101963223375967e-5,2.885999096885559
204994_at,-0.44407391496844856,3.916667521376115,-4.518133061593068,7.670985189045549e-6,2.4963324523160682e-5,2.883147543635255
212656_at,-0.19324128148255904,5.095162361783442,-4.586531177209387,5.608660633811515e-6,1.8654325169209177e-5,2.876852615329973
223002_s_at,0.29534320263237596,5.458058322733414,4.585137620110272,5.644781792521007e-6,1.8756993592828024e-5,2.867812135523428
222549_at,0.7734135730091877,5.4693344169719404,4.565780855131561,6.170192266406277e-6,2.0389040638497976e-5,2.8595692037434333
217073_x_at,0.36025253863578666,1.615916732635718,4.405160176031864,1.2754728775219476e-5,3.989530200552591e-5,2.85539742707586
217717_s_at,0.27623149512617495,7.054307160452302,4.6068062061080495,5.107579404792222e-6,1.708853783995599e-5,2.854790282323738
224731_at,0.23758712741495205,8.208131256599675,4.638698012431548,4.405310996904356e-6,1.4883032705719448e-5,2.8469523685583784
230206_at,0.49273942648765634,4.241160840831279,4.481389266473464,9.06131787058942e-6,2.910761569643912e-5,2.838593017102216
218209_s_at,-0.3552017360190475,4.0386676058531785,-4.5098170919773555,7.966493752671136e-6,2.586213562798966e-5,2.819686408452264
1557411_s_at,0.4075275076049261,4.446436706959025,4.497928715765969,8.407964527156565e-6,2.7221071012217674e-5,2.818556280442019
200720_s_at,-0.2337598601271522,5.021560339486889,-4.571463763173113,6.011259067011046e-6,1.9888393571614992e-5,2.818095222058547
217807_s_at,0.20692369603563202,9.113691963403285,4.6736764613737085,3.741876025192991e-6,1.2784298620482419e-5,2.8091860745133275
218844_at,0.42473387863395873,4.1442962186527685,4.470925012504207,9.499516930995506e-6,3.0424013417564977e-5,2.8072929791380394
205910_s_at,1.783254589073134,3.7784652348477583,4.416485875963764,1.2126834856177825e-5,3.815412094397446e-5,2.8063641343316093
213428_s_at,-0.5460000328349717,6.5286201236562125,-4.595870754616582,5.372242166580242e-6,1.791806672807414e-5,2.7997442842758433
226841_at,-0.47539715165597946,3.741956450618613,-4.486167901931883,8.867713025688495e-6,2.8554195865404524e-5,2.7976347616322883
227547_at,0.3422345174242769,4.431253184002522,4.493478157999374,8.579190680840697e-6,2.7725149250029077e-5,2.792958991567785
225368_at,-0.3684049511094839,5.546052788834403,-4.577286104897508,5.852504292323621e-6,1.9405100118744334e-5,2.7923443979920677
1554464_a_at,0.4276700073243285,4.726565681731985,4.51291514564799,7.855150779386364e-6,2.5539371866332663e-5,2.785293807572529
244447_at,0.43037533477280393,3.611027271160572,4.435826849278376,1.1122383348549378e-5,3.525269018136375e-5,2.7822736467775737
201138_s_at,0.27200418963211587,5.853816572083618,4.571529169257304,6.009452935693331e-6,1.9888393571614992e-5,2.7739456873924526
208808_s_at,-0.2847357647354368,7.720773956152514,-4.6174543754997135,4.861929219516506e-6,1.6317621468884814e-5,2.7717679951147574
202705_at,-0.3559925770424569,5.763879145233087,-4.574649533082129,5.923889337692052e-6,1.961750431984388e-5,2.770095862836535
218399_s_at,-0.2722907357995624,4.676850353158458,-4.544841493425657,6.791322229042529e-6,2.2297099307303896e-5,2.7698709330617692
226760_at,0.3262581311337897,5.5471889561812056,4.563082580695827,6.2470589309422655e-6,2.061760392088247e-5,2.7633924625843154
203775_at,0.31988511581664053,4.970227866318065,4.534261989402406,7.127528054404783e-6,2.33294250066723e-5,2.7633285386225186
224753_at,-0.3542613677088813,4.733503583690933,-4.549301860528682,6.6541826868343264e-6,2.1866950651550963e-5,2.7613536151741327
213343_s_at,0.43335978551037113,3.919533995952233,4.443318226388546,1.0755147030324305e-5,3.416959968442001e-5,2.7495833779952807
219429_at,-0.38064093132576876,4.748963770669425,-4.5476242447215425,6.705448452516904e-6,2.2028662763512294e-5,2.7495031805699774
211766_s_at,0.794925597701483,1.5682525194481254,4.373846815565882,1.465675519108098e-5,4.5393992009844045e-5,2.7492545249829856
218995_s_at,0.6360619487051582,4.347769435219803,4.459837342842535,9.985946785073347e-6,3.189607868470208e-5,2.744887478879198
210949_s_at,0.2788966674325554,8.55832791046945,4.629806479237328,4.591178840938139e-6,1.5457353527017686e-5,2.7442968919597472
226835_s_at,0.4020803624592895,7.664828835047176,4.594280227413683,5.411816623304739e-6,1.8038827469030388e-5,2.743845245069103
209077_at,-0.21629033247172466,5.415795582279489,-4.5625927463646745,6.261111195235237e-6,2.0657617565308007e-5,2.7406361580112613
201266_at,-0.21267863391748773,6.325533532487301,-4.572630708111296,5.979113041063554e-6,1.979426390881145e-5,2.7354426037499
205353_s_at,-0.24899205828493481,6.8310063554651475,-4.582746517568076,5.70728031356697e-6,1.8947038735433203e-5,2.733734733017595
200711_s_at,0.19066873067906284,6.338935477334288,4.567945793351106,6.10917596286374e-6,2.0199877188320757e-5,2.7315740462915414
223328_at,0.24085499292260928,6.073095417508073,4.564230230501995,6.214253807100609e-6,2.0528307442327727e-5,2.729770296382151
203882_at,-0.368055134397464,5.870360794665371,-4.5657885963180265,6.169973051771556e-6,2.0389040638497976e-5,2.7257310055704878
221522_at,0.2524770907929278,5.515229500795969,4.552535053887868,6.556439121681272e-6,2.1578842491727026e-5,2.7140974978873764
209752_at,-1.4493676565417277,4.927642458616724,-4.555228233524065,6.4760738117546645e-6,2.1334003304221316e-5,2.7127898776901915
205356_at,-0.30925163900950714,4.500349878397647,-4.520245879375116,7.597597304549217e-6,2.4754580268745672e-5,2.712300932302071
1552348_at,0.8037461711434252,3.0211677539466706,4.391199912477892,1.357154255771401e-5,4.2240539053105805e-5,2.7111113342759516
200898_s_at,-0.24194476555865618,5.144621663770366,-4.550854322475528,6.607076589873366e-6,2.173214967986287e-5,2.71052379286189
203153_at,-0.6896051252549816,3.4366506534879924,-4.452185831572108,1.0335444510060154e-5,3.293385396676812e-5,2.7000583715163504
209337_at,-0.29834830487860003,5.293396741189041,-4.5517716284213945,6.579393460612456e-6,2.1647740216075322e-5,2.698042783811357
218052_s_at,-0.2134429919055532,5.160562411210036,-4.543718630587458,6.826270862264652e-6,2.2398113245770662e-5,2.6796313406114978
226200_at,-0.22353948355041542,5.140431563919406,-4.542532083598501,6.8633890807084435e-6,2.2506117912956703e-5,2.676175776077926
224890_s_at,0.2551491845646153,5.421128701656399,4.5403114005246765,6.933378565861587e-6,2.2714765925405256e-5,2.6721328705548544
218542_at,-0.4005810697802686,4.554864536118378,-4.519760392935511,7.6144006740875985e-6,2.4801786081331845e-5,2.669135505053119
222514_at,-0.22273504363230048,4.794204650870632,-4.526105377090262,7.397575448544275e-6,2.413222465903009e-5,2.666770361621106
209679_s_at,0.3397425659739463,6.153739635149901,4.549571367524323,6.645982035404344e-6,2.1846703143690314e-5,2.6650407481107763
212973_at,0.26988691231004747,6.241894923356122,4.549829129658726,6.6381478319395006e-6,2.1827648165613222e-5,2.659539992816052
226749_at,-0.19959282120010413,4.873296465082869,-4.525457846249955,7.419429091168795e-6,2.4196147291839058e-5,2.647338105253696
225663_at,-0.3194464472535805,5.796950498389955,-4.543526975375751,6.832253259529746e-6,2.2410878496430546e-5,2.6333882770738626
211750_x_at,-0.1360509857305536,9.657168240593393,-4.673514462025636,3.7447147457363795e-6,1.2784298620482419e-5,2.629610224786001
225921_at,-0.3284061150210062,4.148555798928121,-4.472161465602816,9.446700878122804e-6,3.027296036713419e-5,2.6280229595073177
237131_at,0.50639741820428,2.592686288969876,4.364099737203897,1.530220399792461e-5,4.720199004600241e-5,2.6181075377974423
32502_at,0.49003926976350987,4.260455384112946,4.429931061669874,1.1419812884915644e-5,3.609927867692573e-5,2.613748438873868
222415_at,0.30296790679221175,5.112093779372141,4.510302945076009,7.94893288509536e-6,2.5817543801277033e-5,2.612417393824802
225528_at,-0.18826371689248372,5.472946701745477,-4.533268083265421,7.159921046978276e-6,2.342829388401902e-5,2.609919632029655
226510_at,-0.3181940663895994,4.427535663874168,-4.487297198083679,8.822542438194468e-6,2.845150425658559e-5,2.5922831559795068
225210_s_at,-0.26643316837722497,5.119909651547272,-4.523229092953458,7.495121930266655e-6,2.443555728513289e-5,2.5908796823979863
214351_x_at,0.14703663217401317,9.820719906357976,4.662416576312876,3.944190133846354e-6,1.3409745764486191e-5,2.588995165742787
211992_at,0.31383147691668617,5.85105496665629,4.5281784621358545,7.328024869083975e-6,2.3927196105607017e-5,2.58619787394682
223186_at,0.2311298303695428,5.36056256051292,4.518452177828616,7.659857402890983e-6,2.4934686222172922e-5,2.5831484615243543
203523_at,-0.32348120508136874,3.9074150987917102,-4.440708957267956,1.088171884849502e-5,3.4520537170247894e-5,2.581837995644337
205097_at,1.225369500389728,5.640357157670044,4.48620395725017,8.86626743461994e-6,2.8554195865404524e-5,2.5734845153798727
212496_s_at,-0.21725700306377604,5.076431218765372,-4.515741816193216,7.754864044448834e-6,2.5228623901664245e-5,2.5682265948016036
206631_at,-0.5093555805829763,2.415612976684603,-4.364453331003371,1.527832140019928e-5,4.7155475989724833e-5,2.563990965583585
201408_at,0.3220206435591236,5.503461808614802,4.515583547126259,7.760446640320464e-6,2.523912108614242e-5,2.5605593578600114
204508_s_at,-0.6141449908574829,4.279780227091939,-4.481117593998207,9.072445396786034e-6,2.913462456108177e-5,2.5559369089865376
218309_at,0.4604561888089692,6.98508272947882,4.532034362346361,7.200326413580621e-6,2.35533120209738e-5,2.544014937675671
225313_at,0.4957356835195993,4.159922482512861,4.406177598917969,1.2697075381091936e-5,3.974978625296257e-5,2.5394753594813633
214100_x_at,0.2671201280100088,5.209575496305668,4.49977940889003,8.33773131060635e-6,2.701001376792435e-5,2.5352107965638853
206055_s_at,-0.25121573750395787,6.3588937257332985,-4.527633713737069,7.34623982166179e-6,2.3979362342919793e-5,2.5339878086184733
226875_at,0.6154686105805236,4.263495505294507,4.405952689256099,1.2709798627931344e-5,3.977799377768872e-5,2.532707063472037
207158_at,0.6552856093535941,3.541781754827772,4.366516714183187,1.5139664567530433e-5,4.6781432509937565e-5,2.530911102699486
204417_at,0.7565762098700769,4.585669212684688,4.419139892280553,1.1984034320175812e-5,3.774917955661378e-5,2.5254627794185938
218763_at,-0.17673284984162635,5.110538919447081,-4.505787273001015,8.113589577571978e-6,2.633168286717013e-5,2.5233976910648455
223034_s_at,0.15068941772733158,8.420928277960847,4.577822996811853,5.838069496166972e-6,1.9363231737596524e-5,2.5233844151528935
231513_at,0.6606556031438979,4.669542979998539,4.43131078004492,1.1349534236169401e-5,3.5898305365244403e-5,2.52177381715547
226610_at,-0.31393344642030985,5.012430702613268,-4.503998817526416,8.179702397081578e-6,2.653017008172417e-5,2.517993084344509
226227_x_at,0.37050312978221894,8.311008337094039,4.5631071943947985,6.246353617441062e-6,2.061760392088247e-5,2.511404399973223
239331_at,0.640140456816369,5.004949883209846,4.457973041858223,1.007004427076764e-5,3.214917227669161e-5,2.510130689258899
225431_x_at,0.5555327007696941,4.3771219160196795,4.411677044837117,1.2389734561875264e-5,3.8867123385466977e-5,2.5095689173528557
204447_at,0.4710973431035174,4.956422014588343,4.463254428594252,9.833547423676356e-6,3.142804103515657e-5,2.5028592255467785
225180_at,0.45797066531108166,4.219391805644598,4.402888646600141,1.2884352739865319e-5,4.0218552127674e-5,2.502568303775101
208290_s_at,-0.32211208435886257,5.552199846635761,-4.510576121500652,7.939075392442357e-6,2.5796577094096138e-5,2.5019382069383287
204033_at,-0.40270620455267697,4.904817957082775,-4.496666053594698,8.4562071768109e-6,2.7368987155642046e-5,2.4939113768456345
222802_at,0.7579475344483906,4.561979547328947,4.410151291335897,1.2474281399344667e-5,3.912089479835463e-5,2.4938615015883894
218456_at,-0.361648015832963,4.064298962809566,-4.433859539021866,1.1220795624578965e-5,3.5533072280849675e-5,2.4883878202171736
235457_at,0.4101649248889144,4.269785807291139,4.4055141510983615,1.2734642031567151e-5,3.984410633299617e-5,2.4883728935569245
223001_at,-0.21432643451143568,7.047423273913669,-4.5312277869867685,7.2268605309432e-6,2.361847372422041e-5,2.4873942157460256
212197_x_at,-0.2567601307091332,6.052641493876669,-4.510263758173536,7.950347895119288e-6,2.5817543801277033e-5,2.4779127821627185
212270_x_at,-0.18778231982649762,9.584870753659661,-4.636131675819308,4.458201973557201e-6,1.5041097307823368e-5,2.4706502845899436
226382_at,0.6507795634664588,3.6350805206245433,4.354253441034601,1.5981764679337186e-5,4.910027100938895e-5,2.4654851425141455
202591_s_at,0.23242685910248947,7.609749007506669,4.530611025550197,7.247213531957022e-6,2.3677767175314297e-5,2.4563093959472617
207717_s_at,-0.40883957754345335,5.520259997402799,-4.500210178966757,8.321464582458623e-6,2.6965471891070544e-5,2.455693146567464
213139_at,-0.4961558062696901,3.6519652750326848,-4.39878651014925,1.3121639373457187e-5,4.091156071241177e-5,2.446895016100088
209132_s_at,-0.234170108603736,5.174471779637604,-4.490373766139156,8.70059894389333e-6,2.810054762916167e-5,2.444768735924967
209950_s_at,-0.43794536232581793,4.3097242560098366,-4.447311659156948,1.0564157343163872e-5,3.361265744499987e-5,2.4380576741006514
238449_at,0.4894284092672636,3.872756508641168,4.3643375504077335,1.5286137580629343e-5,4.7166011492304763e-5,2.4359160262775834
232652_x_at,0.3204191099867676,5.533685799892165,4.4872973264229215,8.822537317319887e-6,2.845150425658559e-5,2.4345685135518833
1555486_a_at,0.33429165833364066,4.368358034208659,4.404733115843921,1.2779003173285884e-5,3.994790224552427e-5,2.431559739086415
201997_s_at,-0.2468495033911729,5.110120192502297,-4.482791616721933,9.004086184097377e-6,2.894981251207539e-5,2.4189744350065556
203178_at,0.6356267777160317,2.3979396417887484,4.309787731832028,1.9426504673600334e-5,5.8889684371330044e-5,2.418710475195681
201385_at,-0.14952178299064164,7.684867125338128,-4.531489468690142,7.2182416609588046e-6,2.359750470364714e-5,2.414579743554775
224801_at,0.4521125979215481,4.147419315323861,4.377371184037998,1.4429846170446139e-5,4.473001794675622e-5,2.414087042512497
211716_x_at,-0.2533929313389773,6.143327713388423,-4.495647628905731,8.495311392679509e-6,2.748724583200712e-5,2.409528562972839
213291_s_at,-0.23039685747596345,5.060287870257343,-4.478829838772652,9.166671122581751e-6,2.9410766018633813e-5,2.408843167835953
225466_at,-0.25004069121686606,5.425581573349444,-4.486638702036658,8.848854675251401e-6,2.852777012818786e-5,2.4081018397534937
209111_at,0.23330101107298798,5.77818235464175,4.486440961516623,8.856770676208775e-6,2.854470043749236e-5,2.4058890516890443
212768_s_at,1.808374733827367,7.290007834365662,4.491659418944462,8.650120510245443e-6,2.7945941202128897e-5,2.4035034901108334
224752_at,0.20223739723460984,6.545867906356499,4.495278404849256,8.509531161639372e-6,2.7516633665753877e-5,2.4033149548380264
212686_at,0.5537427072105469,4.005260732130669,4.361199064756049,1.5499474428138534e-5,4.776923749961108e-5,2.4008837547573014
226691_at,0.3188302151374715,5.431933595938123,4.475844625655033,9.291033739177574e-6,2.9800851631080644e-5,2.3985361994874435
218924_s_at,-0.272588815196578,4.454158463725672,-4.44151178874073,1.0842623555283773e-5,3.442709725778158e-5,2.397089644755784
203887_s_at,-0.4069705651339386,3.2762739699575185,-4.356426535918335,1.58293481441987e-5,4.868785721182908e-5,2.3924912216417713
202712_s_at,-0.46920173651895286,6.223246383428491,-4.495121631925767,8.51557578710945e-6,2.7527870672089184e-5,2.3906018659995887
218049_s_at,0.3226697322296316,6.424892775542825,4.488671363835486,8.76787468395369e-6,2.830377610846598e-5,2.3863207358964527
242343_x_at,0.557993888290619,3.8298024901688206,4.346895096727603,1.6508349487623088e-5,5.060198800025927e-5,2.384804936106905
202112_at,-0.4218683236450912,4.9962852539713465,-4.474110632478863,9.364011559073223e-6,3.0016952672756263e-5,2.384323829986439
213456_at,0.7604039070090112,2.9356778600076057,4.3106658206520105,1.935208686229859e-5,5.8713935586464114e-5,2.3827875098742357
200957_s_at,-0.20764680879335076,5.640144523616305,-4.482058665937417,9.033955488004389e-6,2.903713325622293e-5,2.377983490685164
218379_at,-0.2636228383361777,5.707570668693019,-4.4828493292893885,9.001738297288657e-6,2.894981251207539e-5,2.3759676023560434
220376_at,0.9576145108434849,3.184671640135995,4.31126702460081,1.9301292078790214e-5,5.8577503427660566e-5,2.3737826555877053
219454_at,-0.5591422549612686,2.765417526352448,-4.331797859477086,1.764113172172256e-5,5.3833516151040126e-5,2.3708497388441394
227383_at,0.6132436555598242,4.671882893608272,4.398084299889627,1.316267531146621e-5,4.1027564914674865e-5,2.3694706035862776
224976_at,0.3730249172165384,4.325899860697435,4.381640781330641,1.415945570859158e-5,4.3968188117722195e-5,2.3600286140590327
203892_at,0.8615030020158315,4.4075946218193085,4.360861476515912,1.5522590615526194e-5,4.7826722250253696e-5,2.358493567669237
204791_at,-0.2732780366412498,4.287426850714246,-4.4176813756466995,1.2062310056537102e-5,3.7962258412362506e-5,2.3553733461078146
202185_at,0.3309599301597065,6.8726045162634355,4.48752070195475,8.813628707344393e-6,2.8439880825837497e-5,2.3526358537715266
225447_at,-0.2863892302291977,5.2055949378338315,-4.469859119153863,9.545274325047593e-6,3.055229275298323e-5,2.3501508000667712
217092_x_at,0.14239131259770296,7.315216041374892,4.499699881008201,8.340737771195898e-6,2.7011585170139554e-5,2.3489106153803068
203190_at,-0.24571814910080103,6.188149196572246,-4.48169198945239,9.04893394054722e-6,2.9076553480828546e-5,2.3467825550748262
203550_s_at,-0.20825809305245893,5.404117244202104,-4.471402780610861,9.479075247658995e-6,3.036762354311328e-5,2.3453789627072847
217792_at,0.287776361457522,6.092570587586736,4.4753277658479576,9.312729396522739e-6,2.9861499558499884e-5,2.343887293972191
208990_s_at,0.2403507937355143,6.408181568628527,4.479234040579868,9.149955357513367e-6,2.936592922260057e-5,2.3436090380650363
200766_at,-0.3111115382048224,4.837552463540921,-4.455134450313139,1.0199395346225606e-5,3.252936062641111e-5,2.339342529976303
200735_x_at,0.1294564225473187,9.663522219173847,4.5989062935697635,5.297483654514837e-6,1.7685242253293063e-5,2.3389866615818136
206499_s_at,-0.2954442194036454,5.11434394786049,-4.4648015232814195,9.765283189813783e-6,3.1219181979252475e-5,2.337004100364906
209255_at,0.3522977358791178,4.534885771057984,4.395011078129549,1.3343717883268885e-5,4.157977012317032e-5,2.3360225185058283
225517_at,-0.2747710489264298,4.548073545610783,-4.435562729064261,1.1135547452303087e-5,3.5283975112843235e-5,2.3359840182328346
212379_at,0.25643428084802855,4.911170425722462,4.435027798661982,1.1162254808977192e-5,3.535814185942421e-5,2.335529965466823
237269_at,0.6173183271562451,3.1516390823415126,4.3061839020770405,1.973480080416801e-5,5.977351456461744e-5,2.33259776655313
202699_s_at,0.3167081567897961,4.845033182984845,4.42194607472121,1.1834797335184623e-5,3.732298612064553e-5,2.324403805115435
219489_s_at,-0.5219848414639141,4.885117655123991,-4.457947820879768,1.007118661071381e-5,3.214917227669161e-5,2.3239596888797482
217947_at,0.21990325700241867,7.765131531078666,4.504359692338466,8.16632069473983e-6,2.649478909834882e-5,2.3216165460359406
224826_at,0.5540079245276502,5.292465458458166,4.440990686579398,1.0867984197333277e-5,3.448717852666807e-5,2.3197023175292095
228846_at,-0.466448245010671,4.873140083997392,-4.4550677114184625,1.0202455617349352e-5,3.252943661567369e-5,2.316176503087627
200083_at,-0.23277821828086595,5.990090323669462,-4.470468262464718,9.519098819012094e-6,3.047761675077004e-5,2.310077283506849
208051_s_at,0.30089235086563954,5.478390170110974,4.455831414021008,1.0167488985454129e-5,3.243725714745982e-5,2.303814536633819
200850_s_at,-0.18737659880057675,7.603561326515332,-4.503883334195822,8.183989105063737e-6,2.6536039734427304e-5,2.302659610695775
219922_s_at,-0.3930835953058647,4.021435116756721,-4.386852953789892,1.383593805184532e-5,4.3013466148989813e-5,2.2983475911503284
203316_s_at,0.2445437687624372,7.774331262326857,4.495478941643457,8.501805145667184e-6,2.7499951245631806e-5,2.2839762832174317
216250_s_at,-0.3542041647531483,3.97717239413197,-4.377497777574766,1.4421758540676985e-5,4.472401246104927e-5,2.2815702422483515
212935_at,0.34187396554559507,4.8519553196738485,4.408846785039879,1.2547005761151644e-5,3.933745177618307e-5,2.2740623728186726
209395_at,-0.6930256544474596,4.238269523096258,-4.41522934049233,1.2195009941552192e-5,3.8346093778646505e-5,2.2684097530649643
232644_x_at,0.20529960670693748,5.383834548226369,4.446239018861665,1.061513592315667e-5,3.3754808888328113e-5,2.265386274958333
37012_at,-0.23091302797902338,7.05505581201046,-4.479488352618944,9.139453255727383e-6,2.9341013703508376e-5,2.2610656308089814
223671_x_at,0.2230639434008485,5.361052523104881,4.4439089655545505,1.0726687472686656e-5,3.408929187033289e-5,2.260200383917369
222621_at,-0.24097890015407156,4.740555921819674,-4.427605393399851,1.1539219194648063e-5,3.645522124218953e-5,2.253654233135788
202054_s_at,-0.3429737181206539,5.501198022661737,-4.450526200423349,1.041278241813265e-5,3.317042463439045e-5,2.2452322124882933
206949_s_at,-0.2151267232027855,5.416780103499543,-4.448225019923693,1.0520933598673209e-5,3.3485074760126585e-5,2.244801703600775
209480_at,-0.9531860809934549,2.231181768156008,-4.291749094259209,2.1017132505609863e-5,6.32462192507299e-5,2.244470210212702
235060_at,0.5623616349602777,4.610353567130339,4.365542405039845,1.5204986359579509e-5,4.6956188777796274e-5,2.2421459429311987
201428_at,0.3515780866212996,6.182732751963435,4.4503383781045525,1.0421569661761248e-5,3.318854809347451e-5,2.2343123131678038
203570_at,-0.5111560788961694,3.871577280817473,-4.365942331955129,1.5178141036923142e-5,4.6886800729111195e-5,2.2337145153485007
222467_s_at,-0.22959351562007496,5.710348415039096,-4.449052563617607,1.0481917318908208e-5,3.3370811363287856e-5,2.2316990148382514
212363_x_at,-0.12478064741294877,10.021243197113202,-4.602860424545557,5.20159912295502e-6,1.739223826598537e-5,2.227787643212624
224799_at,0.29839429657925126,6.101217043950913,4.446763822138602,1.0590164626004667e-5,3.3685401911635395e-5,2.221081654309323
212985_at,-0.3605144627112718,4.03706009109411,-4.367840407317038,1.5051348358115307e-5,4.6521954691427954e-5,2.218431956345267
226817_at,-0.3850848676082929,6.559351438627788,-4.4598381827509375,9.985909049347982e-6,3.189607868470208e-5,2.2152658021009266
208919_s_at,-0.2133891537373031,5.592548766627741,-4.442127331641187,1.0812739729467745e-5,3.434238977817609e-5,2.2087797982925608
238880_at,0.5616617100207676,4.374395806983597,4.3370711423594015,1.7237276389547365e-5,5.265552950134615e-5,2.2033507813579334
217818_s_at,-0.2562306373581526,4.804472888351829,-4.419776481591424,1.1950022423892185e-5,3.765311477269323e-5,2.202150878004531
1554423_a_at,-0.17458980014542622,6.015801375982948,-4.444867113097516,1.0680680845358017e-5,3.3953155458848795e-5,2.2009048633542116
226278_at,-0.21601947872001406,4.6090634767767416,-4.404304090060369,1.2803433801436764e-5,4.000092922566114e-5,2.196004337503309
224474_x_at,0.23230392582639553,4.9283317044245605,4.403321338791538,1.2859564545339332e-5,4.0152875247513915e-5,2.189899849674866
823_at,-0.35906546945745493,3.1572757666977456,-4.297661645235484,2.0482549202025462e-5,6.182855722775395e-5,2.1843148788650897
1554078_s_at,0.23539477449066015,6.427348103905213,4.441139646088602,1.0860728947159622e-5,3.447436717360623e-5,2.1787767332567203
221514_at,0.38049152579696527,5.02373927807273,4.398883607172895,1.3115974834398207e-5,4.090580448352489e-5,2.1773247527518427
231716_at,0.28829414740766063,5.472652352218329,4.426342833337193,1.1604542114035653e-5,3.665078410013678e-5,2.177052501570085
226460_at,0.33440905964664147,5.424747841309532,4.4226706121181225,1.17965552359479e-5,3.721333811622788e-5,2.1734521703380008
208358_s_at,-0.3783100946718982,4.790728851223361,-4.413635949850386,1.2281989140761206e-5,3.8596934486645584e-5,2.161592781494977
224742_at,0.27238017192263464,4.875006028439916,4.388170592256773,1.375527924808751e-5,4.27751252785955e-5,2.157302821707189
219119_at,0.23955517008972554,6.04662242812673,4.431634064819835,1.133312706708947e-5,3.585699653565549e-5,2.157019813460387
210825_s_at,-0.23090943633056502,7.94625186478025,-4.484196391008091,8.94710291709657e-6,2.8783877943199865e-5,2.1558089957680027
37117_at,-0.31314424263966684,5.098623534051752,-4.4187991902197705,1.2002275499269337e-5,3.779552540378378e-5,2.141176805153199
203819_s_at,-0.840146811537451,1.4429180672740822,-4.243034170951631,2.5957874422613475e-5,7.690451014642095e-5,2.1404568526581738
206875_s_at,-0.3249371855099121,5.324285902282106,-4.423350894554224,1.1760756654671322e-5,3.711133609469628e-5,2.14022017749813
201870_at,0.3197292787416227,5.510267655805283,4.417794820199326,1.2056204202465087e-5,3.795419207199779e-5,2.139241503331448
235716_at,0.6014576571479489,4.156866578769534,4.30438109437415,1.989077308164542e-5,6.017787405356323e-5,2.138432632515493
222669_s_at,0.22238438011224027,6.127478950002958,4.428065749034072,1.151548878232388e-5,3.639098269175095e-5,2.137214629436248
214941_s_at,0.1966228566971888,5.191643384067006,4.4078478224261,1.2602970604035074e-5,3.947825265527127e-5,2.1325372411480448
200015_s_at,0.14707848942973373,8.013170427669992,4.466220201097555,9.703084394055622e-6,3.1038860290689127e-5,2.113993851563187
226274_at,0.38111908548835466,4.047050035131484,4.301181945385752,2.0170453825982838e-5,6.097236790004349e-5,2.111755929947435
223190_s_at,0.3060199101556477,5.5540381172564075,4.4122575439892024,1.2357711491530179e-5,3.8789382715723056e-5,2.109278909171687
210397_at,0.6698687978714972,2.369888466740307,4.230137606268241,2.7440734676104923e-5,8.085054746565237e-5,2.1008928936785667
36936_at,-0.3531757101782061,6.647412631208148,-4.4330755453587996,1.1260245772353582e-5,3.56474624583995e-5,2.094750631162724
1564494_s_at,-0.32354807551257664,6.211428418509312,-4.4241581056079555,1.171841357849213e-5,3.699951802722847e-5,2.0945989901982847
214696_at,-0.40642255569105123,3.9063148443504043,-4.329348031171224,1.7831813101065765e-5,5.4363179781365265e-5,2.094106715067433
211563_s_at,0.266076272678928,4.583782690169894,4.348259752299602,1.6409454545198954e-5,5.031324743638134e-5,2.093836752702063
203042_at,0.3033537726458351,5.616186315199776,4.408270090448024,1.257928481755116e-5,3.941558299222743e-5,2.086074554659577
38158_at,-0.2573830886745331,4.3716270981043515,-4.3581821940978855,1.570722553489997e-5,4.836230541726972e-5,2.0781499790309184
208708_x_at,-0.2850794310382292,5.951549807568162,-4.414626194042204,1.2227864630709039e-5,3.843812024318836e-5,2.0710513555772465
201092_at,0.24341704591973484,7.211205575374818,4.430345561702655,1.139865585923707e-5,3.604303430342583e-5,2.0694549970810776
203594_at,-0.23627933800945247,5.6565098432033505,-4.407611310339597,1.2616255638296395e-5,3.95083153034403e-5,2.0573196756872587
228123_s_at,0.3486076474780874,5.57868337797171,4.399409275140869,1.3085348507587891e-5,4.08221719748949e-5,2.0557078104899595
202557_at,-0.2888417734374599,4.425774382240778,-4.354611812374384,1.5956533001089205e-5,4.9036815272710455e-5,2.03080906933853
203799_at,0.49029811226282105,4.083892960963014,4.278449743243864,2.2268690708564055e-5,6.673683675614478e-5,2.0292243422141585
205980_s_at,-0.2887246256888402,4.471203776030586,-4.356971641357117,1.5791334089011527e-5,4.859884001596682e-5,2.029197275092029
201931_at,-0.26688991919850263,6.847938975042544,-4.420817297372831,1.1894612306871686e-5,3.750025833666987e-5,2.0285115846407997
222513_s_at,0.5647786227357626,4.159701633186433,4.278430725391878,2.227053032793966e-5,6.673683675614478e-5,2.0245537948045227
205548_s_at,-0.27988391591691203,4.705178465245427,-4.372611331501416,1.4737103875299382e-5,4.5590122384083826e-5,2.0215117434348056
208731_at,0.2413690814489651,7.044024395550917,4.412281524662391,1.2356390309541347e-5,3.8789382715723056e-5,2.0088177850827726
217855_x_at,-0.1811138970679894,6.078060455738068,-4.399995355685644,1.3051283103913145e-5,4.072775878014026e-5,2.0062946686114733
224664_at,0.1727601952244896,7.078278310352641,4.4132855268659394,1.2301197330879013e-5,3.864596099874101e-5,2.005107302473407
214574_x_at,-0.30533772053990593,3.95648573350817,-4.30590953324048,1.9758462601864123e-5,5.981136192533776e-5,2.002800924533516
224677_x_at,0.19923152661435573,7.109344833362865,4.412713065902624,1.2332638231545982e-5,3.873337829802173e-5,2.0014359507500865
224894_at,0.310093144800039,6.113840770415408,4.394926509043362,1.3348733344175348e-5,4.1583303377769844e-5,2.0000770285648537
201389_at,-0.4452020240438643,4.463717528575931,-4.356315567348055,1.5837097475963327e-5,4.869771103903419e-5,1.9976466531627022
225750_at,-0.2921767771403227,6.627440683919076,-4.408389531066398,1.2572592906259826e-5,3.9406140375881073e-5,1.9957417412555358
209366_x_at,-0.28364530407227834,6.433038242303985,-4.404117648331732,1.2814064543035445e-5,4.002247039345152e-5,1.995116445141381
205480_s_at,0.3215755290748666,6.9255277691398875,4.404557215585758,1.2789014313461478e-5,3.996753510505041e-5,1.9920209058109677
233878_s_at,0.36615166719994796,5.1587162480902595,4.364823719477947,1.5253342665840362e-5,4.709194812079187e-5,1.9895774437172502
202261_at,0.1950427016985177,5.175683240205824,4.372876493084068,1.4719823893748131e-5,4.556297988261304e-5,1.9885894512364892
214895_s_at,-0.3556340036602794,3.901958752111396,-4.300609102757297,2.022092849054124e-5,6.109047008436782e-5,1.9861541217913388
240304_s_at,0.676196928833529,5.844592024899345,4.382238468703891,1.412199346718836e-5,4.386457408349924e-5,1.982905682517842
212377_s_at,-0.2584565641600514,5.119840565714988,-4.381130770240328,1.4191497653019881e-5,4.404215363754403e-5,1.982804178532965
212192_at,-0.6217657310027765,5.342266585918891,-4.388318211809676,1.3746270833423297e-5,4.2759523646476124e-5,1.9804286006209502
201078_at,0.23522275549210475,8.051379335225008,4.431723084643548,1.1328613170881724e-5,3.585330366311843e-5,1.9695376974170937
224355_s_at,-0.5437702356742979,2.6386329005947093,-4.227279739948496,2.7780096403664092e-5,8.178295487014383e-5,1.968501029981283
222496_s_at,-0.3474977463061253,6.150049356411166,-4.393536984202005,1.3431399302284058e-5,4.1816501227948016e-5,1.967353710550837
201383_s_at,0.26792412550899175,4.91824282746387,4.346051971671891,1.6569734151638516e-5,5.073208401443367e-5,1.9619845808048417
203717_at,-0.5707172892595703,3.651030109819114,-4.2843718899237295,2.170283470374697e-5,6.512674178746255e-5,1.9584360200337922
205698_s_at,0.4794884640834245,5.103060625945434,4.346468793144571,1.6539359783065525e-5,5.066740568085815e-5,1.9566860924176126
223416_at,0.18691424749283972,7.787480696047269,4.4207533475172784,1.1898009715891056e-5,3.750025833666987e-5,1.955828701785486
213222_at,0.7340907341395514,4.30182993957779,4.2618865099613465,2.392702515418118e-5,7.128204128941684e-5,1.945761933458158
221688_s_at,-0.22504619009695045,5.412298714567733,-4.377466848926935,1.4423734066360984e-5,4.472401246104927e-5,1.9436424748839212
211889_x_at,0.6063559154426079,5.583769700968201,4.363718095713721,1.532802105535861e-5,4.7268016570540244e-5,1.9331275640541579
224915_x_at,0.3704007818282545,8.163269920210693,4.423445150037639,1.1755804846435702e-5,3.7106640341740034e-5,1.9316861542994097
203637_s_at,0.40567244177837597,5.141591619862903,4.3464315910268,1.6542068589574777e-5,5.066740568085815e-5,1.929018050955671
201307_at,-0.23996329986744788,5.840762443988912,-4.379234442046371,1.4311245663822104e-5,4.4400919431371616e-5,1.928037201267653
222617_s_at,-0.20649542009852745,4.831884894411793,-4.35477374640794,1.59451442839024e-5,4.901587681877946e-5,1.926252477247524
201303_at,-0.19060389754844215,6.83109634556979,-4.394829726047696,1.335447537700406e-5,4.158909730053619e-5,1.9254427747047949
211922_s_at,0.33837943190689673,5.3305623953484,4.3599392022212955,1.5585911025507214e-5,4.8008011735554564e-5,1.923573945262918
226086_at,-0.719740788797728,5.048709382786898,-4.370051141659049,1.4904946455223715e-5,4.608273921350986e-5,1.9229489098279746
213860_x_at,-0.17158006004524945,7.509024095989239,-4.411806315411255,1.2382596522166511e-5,3.885610912184237e-5,1.9209920452265026
207843_x_at,-0.2792921350747349,6.354492806028096,-4.383165270473196,1.4064090175424426e-5,4.369738922544137e-5,1.912784530076297
202893_at,-0.28685643071796,5.115233989771922,-4.3633808834720655,1.5350867237548888e-5,4.73248462491687e-5,1.906741951433748
204094_s_at,0.273052050698473,5.348325374256945,4.3566173189676105,1.5816033554278197e-5,4.8660875205911065e-5,1.898485805629103
203716_s_at,-0.5191992042192445,3.4320736776625034,-4.24884447068395,2.5315063839025396e-5,7.514554694028236e-5,1.8911653343043913
200904_at,-0.3065605167114664,6.759312567924775,-4.385179787382817,1.39390124689125e-5,4.332133466186818e-5,1.8835385955884156
1552349_a_at,0.6226689428489862,1.4335627452369106,4.15763649822787,3.739991733562492e-5,1.0764785449128152e-4,1.88044968579025
212891_s_at,-0.24264254862839713,4.585879789950656,-4.328627148175201,1.7888296661572785e-5,5.451986404990875e-5,1.8801943845921922
210393_at,0.8102836838264154,3.3799508633662283,4.197208604174864,3.1602127964277114e-5,9.227407928081242e-5,1.8777030584436414
206571_s_at,-0.26353278342068875,4.210833542658441,-4.29410832137503,2.0802245067493305e-5,6.270524800451767e-5,1.8695682221133492
218438_s_at,-0.21450312624912315,4.836136235835388,-4.340270402761045,1.6996582413358638e-5,5.1949896546165785e-5,1.863065868819496
1565717_s_at,0.37054990347584166,5.520097653140899,4.349780317255294,1.62999280348255e-5,5.001017826315412e-5,1.8551535206081837
203284_s_at,0.3480540547225932,4.672127686102587,4.293183362621836,2.088624267276549e-5,6.290534657108145e-5,1.852413415544567
212240_s_at,0.4315266741935655,4.95835075430448,4.31126277120299,1.9301650994085858e-5,5.8577503427660566e-5,1.848717806084748
200636_s_at,0.30412922580615565,7.068297398823229,4.373328988245575,1.4690380538188563e-5,4.5484984596998286e-5,1.8461516013180903
208074_s_at,-0.20954553690082373,6.798652932944846,-4.375575946022236,1.4545005720156115e-5,4.506091563910713e-5,1.8459038841957547
209307_at,-0.2930441506725208,4.1003187357550965,-4.27786807967865,2.2325021384415262e-5,6.68627213003189e-5,1.8359361796461604
201014_s_at,-0.3351611997093869,5.852642034823073,-4.358142711512471,1.57099619949686e-5,4.836230541726972e-5,1.8352682648396161
226905_at,-0.36803923980128195,4.171548902827673,-4.288275544236435,2.1337377593705732e-5,6.4137858069969e-5,1.833895740500724
222402_at,0.3749989366118325,4.308700429493935,4.254383956338993,2.471637386308794e-5,7.355663930083097e-5,1.833332096617477
210616_s_at,0.24032688034212893,5.836100101343565,4.351690725929093,1.6163311197278417e-5,4.962956516378437e-5,1.829303720783722
200831_s_at,0.40564747007116025,5.6564341326635725,4.346406718540052,1.654387987227124e-5,5.066740568085815e-5,1.828694218841969
203012_x_at,0.0814039318776787,10.70023616633592,4.541977441604764,6.88080602253023e-6,2.2556326474714307e-5,1.818349285204178
211658_at,-0.1859852867200381,5.168791578116861,-4.342086254514193,1.6861400470459356e-5,5.156613852127636e-5,1.8176798520626365
226282_at,-0.33508214608047004,4.534789829285872,-4.31330236439705,1.9130272950570876e-5,5.8106780300387234e-5,1.8163131221107403
205963_s_at,0.2237098735612482,5.639416152596145,4.345736494832135,1.6592758830703866e-5,5.077355765590703e-5,1.815428116115796
211474_s_at,-0.37611379539643053,6.82889006102252,-4.371781208770421,1.4791326603765462e-5,4.574465412994786e-5,1.8145167780412894
227787_s_at,0.35578392960317706,4.668946281885074,4.282518474239322,2.1878434629543645e-5,6.561692894353333e-5,1.8105741928075059
202990_at,-0.4660875998549933,3.9097851862837367,-4.263603420724938,2.3749800129401658e-5,7.081313909999442e-5,1.8053807014275867
203108_at,-0.4269707950806788,7.234480817446834,-4.381452869304279,1.4171253406766225e-5,4.399207121028298e-5,1.804302269934956
224478_s_at,0.29656113546366986,4.379208797651315,4.256838590076466,2.4455425457686797e-5,7.283596689691373e-5,1.8038320775608279
217871_s_at,-0.2559542821253632,9.057825802392458,-4.457405899089667,1.0095762011440114e-5,3.221802157538217e-5,1.7972088057566262
209488_s_at,0.5598062557303105,4.790037773546183,4.273234415415744,2.277864661174739e-5,6.810707260721456e-5,1.7922752337759382
205768_s_at,-0.38135915776977203,4.0014693719990735,-4.264125649579368,2.3696142886799585e-5,7.069250313179726e-5,1.7920934230888772
201770_at,-0.23150825778324843,5.993091817348189,-4.3483983781330675,1.6399440239489367e-5,5.029693767124237e-5,1.7911097232146975
201550_x_at,-0.10886491246824517,10.296445408667557,-4.51855536503569,7.656262511904796e-6,2.493055935867358e-5,1.7892458790556898
1553976_a_at,-0.2676140391849237,4.416850579441174,-4.293633986022631,2.0845280168663874e-5,6.279963060936335e-5,1.7890939741056933
213905_x_at,-0.5901568315596929,4.646837390554934,-4.32260507820858,1.8366870199625045e-5,5.59148282036326e-5,1.7877643577809899
226535_at,0.6075432403824164,4.43390609187378,4.23702918719549,2.6638566801290366e-5,7.863845856771114e-5,1.7841070446588514
38671_at,-0.28501677383333,4.4140069034534415,-4.29164855126661,2.1026337265786935e-5,6.325615027474738e-5,1.7787710825998344
221081_s_at,-0.24899394880367917,4.871847479975755,-4.3207992722603485,1.851274502486333e-5,5.631091352963114e-5,1.7701482383237703
200044_at,-0.1543358591011541,6.709923785358972,-4.354015519562555,1.599853696125343e-5,4.9137708275776374e-5,1.7673808397881814
218585_s_at,-0.3404585336416615,4.607404299879435,-4.307945569982556,1.9583516534085515e-5,5.9348857886749115e-5,1.7663403731110918
222476_at,-0.2169732694558989,4.734928215133775,-4.310391419493628,1.937531299689027e-5,5.876775994781582e-5,1.7651343996307958
227074_at,0.441067218027505,4.242892504861855,4.2252328261804895,2.8025615647956758e-5,8.239254128335915e-5,1.759286918266576
231045_x_at,0.20385575976748777,6.9162388563489445,4.349761579550323,1.630127345234147e-5,5.001017826315412e-5,1.7541195015491304
210298_x_at,0.5889063924574808,3.056225286498179,4.159626551545553,3.7085639688053275e-5,1.0685811134430197e-4,1.7500187871664927
201740_at,-0.1890230250293298,6.554753887129495,-4.345959236157212,1.657649916556546e-5,5.073829587448651e-5,1.7452496337676529
218285_s_at,0.35980459500682344,5.29047914499869,4.314137893127317,1.9060487607597112e-5,5.791123191723989e-5,1.7448456087194089
201628_s_at,0.19588212565541144,6.200042860529146,4.335945212653635,1.7322757083453296e-5,5.290156688569988e-5,1.7436447399704136
213106_at,-0.5296400972378412,4.076069656613065,-4.267406873072576,2.336164558407154e-5,6.975287322802631e-5,1.7433946403038894
202826_at,-0.3220355770067594,6.2290716394634424,-4.340662298450056,1.6967320202293793e-5,5.18752572280746e-5,1.7406972386738717
212209_at,0.2347177057428281,4.883685016016735,4.291784712461951,2.101387256462192e-5,6.32462192507299e-5,1.7392255393713727
201503_at,-0.19916040157884018,6.324333581639817,-4.340009895702125,1.701606072684173e-5,5.199459742346133e-5,1.7375667614428565
225219_at,0.3313820262656434,5.112362578390146,4.301722137141195,2.0122966347936294e-5,6.084598884714691e-5,1.7334653029678009
1553987_at,0.20764278489380555,4.937106815974112,4.29609820740267,2.0622630923324368e-5,6.219883025945213e-5,1.732656662288754
210211_s_at,-0.17593240254685644,9.313384102115645,-4.452531707623142,1.0319396284976187e-5,3.289249997052957e-5,1.7309753058262558
225535_s_at,-0.1687210921903858,6.908672676371994,-4.349916193227312,1.6290174950070877e-5,5.000476912324049e-5,1.7297204562747241
222794_x_at,-0.22322926389839154,5.113564367969482,-4.319164861551872,1.8645727952996404e-5,5.669931409606883e-5,1.7253945204137118
217932_at,-0.2184026348694536,5.552163028632882,-4.325558044096533,1.8130689796944083e-5,5.522720494588057e-5,1.7179523040100158
213069_at,-0.3847507736556966,4.790824444998475,-4.306092853222936,1.974264993187751e-5,5.978038686269186e-5,1.7102942141369404
208310_s_at,0.22564812018767455,5.8629446071965194,4.323180386302022,1.8320627323532257e-5,5.578990350113731e-5,1.7079409838876813
225086_at,-0.24227896151931605,5.447867055142895,-4.321725423932627,1.8437791859094412e-5,5.609885378769623e-5,1.7069190450678988
212846_at,-0.26647534161579284,6.216945305523085,-4.330742629343608,1.7723025051529532e-5,5.40622913943724e-5,1.7027113951883521
201865_x_at,-0.43562639551785726,4.8177144529741165,-4.306234736198431,1.973041979933779e-5,5.977351456461744e-5,1.7009796377951538
218087_s_at,0.8374945220466029,3.996857102327997,4.174688695295208,3.4787187053351206e-5,1.0080474300853434e-4,1.6894404161854126
225144_at,0.3590373886140285,5.4129119438789655,4.305618345440446,1.978360451435616e-5,5.987055230573376e-5,1.6853444976885799
1556499_s_at,-0.4035057772775549,9.06784180517294,-4.436481166893254,1.1089835427304186e-5,3.5170339530109456e-5,1.6816956607471747
208679_s_at,0.1547270663090106,8.57276379413135,4.38988501110476,1.3651004775584783e-5,4.2475519651710655e-5,1.6784913349956785
201604_s_at,-0.2551741378110576,4.415767556074836,-4.265755738149817,2.3529399825740493e-5,7.023417674370518e-5,1.6762655275730358
200616_s_at,-0.3211309485852958,6.5877891980936685,-4.332225484974778,1.760804800669704e-5,5.3757485977698886e-5,1.6761180737232877
202258_s_at,0.32878944013766204,6.169229056858399,4.317291494164744,1.8799275784187774e-5,5.715001176958106e-5,1.671765889274102
225342_at,0.8589867436343653,4.846146385949509,4.227529610046167,2.7750266296574937e-5,8.171759286289371e-5,1.6694017359664475
227894_at,-0.2889904914173804,4.105996981881021,-4.235964847314045,2.676097692491691e-5,7.895630564490081e-5,1.6676416838858037
225673_at,-0.38204151733663944,6.56817841847245,-4.330673913808568,1.7728370440809853e-5,5.40632031119829e-5,1.667423013378679
228728_at,0.5211483908809753,3.7394185412048366,4.167179988778747,3.5915499493841746e-5,1.0379356516793273e-4,1.6649517838855257
208405_s_at,0.25105516955361873,8.400591859222509,4.372750661666353,1.4728021626174369e-5,4.557518650525881e-5,1.6574791083070242
203306_s_at,-0.3541102602018576,5.983841591903177,-4.315757067458591,1.892594187230714e-5,5.751875610724153e-5,1.650406687512545
227085_at,0.22197554925610652,5.283977504065171,4.296113591270175,2.062124810623482e-5,6.219883025945213e-5,1.6497004143818348
212696_s_at,-0.14625882173865568,5.928601917965667,-4.31286511336518,1.9166890396016557e-5,5.8201501364094494e-5,1.6486497674237572
226594_at,0.647297533983927,4.90418211551914,4.241580999519264,2.612106002088822e-5,7.728111461026664e-5,1.64537053433496
212099_at,0.4236340211208749,7.0838908205731155,4.321871696979883,1.842598056646659e-5,5.607884369561266e-5,1.636463977049198
200030_s_at,-0.1420434931557683,9.116864948812676,-4.416323736728261,1.2135611406483837e-5,3.8170524074474846e-5,1.6261681399665218
208979_at,0.2675436640874381,5.952791597179941,4.30380335160761,1.9941005831219843e-5,6.031281633818695e-5,1.6242864250922668
217777_s_at,-0.3475491340478279,5.292572210971776,-4.3002231048126145,2.0255007770042986e-5,6.117617655496772e-5,1.6234072022260122
213084_x_at,0.0758805917237855,10.75354080776425,4.500938131846514,8.294044756873486e-6,2.6884750826137868e-5,1.6232153707398318
212950_at,-0.4173815104041225,3.3732428287159646,-4.173164823523812,3.501340908736612e-5,1.0140542080371809e-4,1.6172212499969651
1557360_at,-0.35541739989834625,3.8122668291220747,-4.200796678692115,3.112105370560095e-5,9.101824961728173e-5,1.6138651451096848
212456_at,-0.223975227055553,5.470137522546971,-4.2979263584392164,2.0458921405364953e-5,6.177464064703346e-5,1.6074969648426674
202919_at,0.212873108086212,5.7318789126794085,4.297392246982847,2.0506621925706857e-5,6.188378610988663e-5,1.6072636359236352
205626_s_at,-0.8715708690384684,0.7189954228868427,-4.093135934270173,4.907385380910038e-5,1.3871456355063125e-4,1.6030243276079972
201218_at,-0.21780474761532018,7.364608760567584,-4.331773714265393,1.7643001512769707e-5,5.3833516151040126e-5,1.5973933800289846
212219_at,-0.18880536849960364,5.116102657112698,-4.287013677651822,2.1454865142319795e-5,6.445484303692428e-5,1.5944369481769085
209251_x_at,-0.12331039455437087,9.636143904044122,-4.436025580645517,1.1112488135890454e-5,3.5231750636222087e-5,1.5941170213555722
201668_x_at,0.4055957336002158,3.906253866953533,4.161902284286385,3.672932798131561e-5,1.0600250287280013e-4,1.5870751203051716
223294_at,0.25154933205239144,5.765851292949164,4.2917777163860915,2.101451283941611e-5,6.32462192507299e-5,1.5836538764365802
224196_x_at,0.21036736202158401,5.4058524893817355,4.282909080748229,2.1841314610976654e-5,6.552394383292996e-5,1.5754761468692617
221589_s_at,-0.34960339391343603,3.970703502568015,-4.2041857502779125,3.0673075571770524e-5,8.975707691897777e-5,1.5719613017295622
37892_at,-0.8174523364881993,4.14294950017866,-4.246186810005577,2.5607181536346598e-5,7.594953925771902e-5,1.5708642256392267
224581_s_at,0.24498970037571274,6.304951603117342,4.295222816785506,2.0701463599221255e-5,6.24190204161152e-5,1.570586954318503
202138_x_at,0.2079683850610785,6.281424761053564,4.293921498894901,2.08191848063236e-5,6.273865733618698e-5,1.5650660203936164
212112_s_at,-0.24945719277474812,5.707469247267097,-4.290217682633837,2.1157751836224124e-5,6.361577193978924e-5,1.5618415640045153
203114_at,-0.22596901996345792,4.491683794784528,-4.242151630203774,2.6056864053415696e-5,7.713378961156185e-5,1.5601340668403
208825_x_at,0.0729941486658235,10.752800017806983,4.48623874959392,8.864872694960952e-6,2.8554195865404524e-5,1.5591057482842192
202799_at,-0.19979870410543987,5.609197027605157,-4.2874055195129115,2.141831630569819e-5,6.436309188862405e-5,1.557016346704292
207540_s_at,0.3082546776819216,4.642546515557121,4.2203202393672115,2.8623329281503187e-5,8.403445508159594e-5,1.5567805685457268
218200_s_at,0.18687863184783443,7.781190200060155,4.325931259717586,1.8101047079851995e-5,5.515259310763778e-5,1.556773237949395
241031_at,-0.6383872940295964,4.350235639313902,-4.250339934628737,2.5152089744638457e-5,7.47446150996704e-5,1.5545322468396439
210966_x_at,0.23210011773064146,5.3838336259403325,4.274808750188345,2.262354510860878e-5,6.766221070589779e-5,1.5477246992003142
211464_x_at,0.2648994673550518,4.60674240767786,4.217792707484502,2.8935568865903015e-5,8.492787650970384e-5,1.546107342702852
212542_s_at,-0.2768408161694736,5.146045578670253,-4.275490334993334,2.2556709314506584e-5,6.748115802466044e-5,1.5372174225423993
204259_at,1.2493461872769944,5.021470000364565,4.183409602642486,3.351909098272258e-5,9.747286148151655e-5,1.5366385636132414
211953_s_at,0.35106691887615005,5.515850619055711,4.273116347205871,2.2790319359395927e-5,6.812296074140864e-5,1.5348341979008975
219140_s_at,0.9743808134943177,3.7777028192489985,4.120508947750138,4.3749408571552205e-5,1.2455153176376262e-4,1.5340384602379764
205004_at,0.25877730690537537,4.603469606634569,4.214216700109635,2.9382883275502213e-5,8.614636796126306e-5,1.53242441662257
215071_s_at,0.5795440713576799,5.186062230962625,4.24439903117145,2.5805491648284968e-5,7.649536027340256e-5,1.5320203158923071
218355_at,-0.3301064168923915,4.657301335925269,-4.253684398018114,2.4791227873724183e-5,7.375140342074481e-5,1.5299342085713317
202391_at,-0.4898401128183622,5.137419683532598,-4.275722083828922,2.2534027123612304e-5,6.743213200426218e-5,1.529339375547309
222387_s_at,0.39817602041840966,4.235554911946621,4.17123894428568,3.5301314487300655e-5,1.0212880964149391e-4,1.5258870195823402
217817_at,-0.22333230220205533,6.18265228928743,-4.286591417727156,2.1494317852451605e-5,6.45371712873638e-5,1.52329994091955
212287_at,0.2550730114738663,6.20009320138515,4.280513316270963,2.2069938205574802e-5,6.617275342746232e-5,1.5150581346974183
229659_s_at,1.3490127088906212,7.446248061568811,4.285732962388277,2.1574738913138298e-5,6.476048696454205e-5,1.5066016287645407
220073_s_at,0.36932907761358935,4.338476756791397,4.174408232833021,3.4828717517437805e-5,1.0089779631268556e-4,1.5051275239474755
201659_s_at,-0.21456045449011632,5.883613545024293,-4.277717296537312,2.2339646021281714e-5,6.688782219843237e-5,1.50270234781385
218625_at,-0.6739678372445661,2.6990548887506316,-4.11563432656997,4.465551503663037e-5,1.2696245556991005e-4,1.4971627595320571
221605_s_at,0.6130598438276775,1.7317920188785396,4.064204659421534,5.536836341551217e-5,1.553591611499167e-4,1.494862010908431
201027_s_at,0.19570165090202632,5.4245483061573685,4.262689935267923,2.384393651745771e-5,7.105426756926967e-5,1.4884376704489668
202442_at,-0.19609366709166418,7.28543969364425,-4.300986005706412,2.018770503168895e-5,6.100730155274576e-5,1.4809335369720271
231784_s_at,0.4039118836271536,4.232831373875386,4.158568335008798,3.725244337405958e-5,1.0725219722287029e-4,1.4767227396849512
208981_at,-0.35290269335685054,4.634319377511078,-4.23770502780791,2.656111549263259e-5,7.843143061537292e-5,1.4704188595990617
212537_x_at,-0.1744944902658471,9.569276429765772,-4.4049794179355954,1.2764997801335797e-5,3.991576808105966e-5,1.468871879792525
201168_x_at,-0.23550212091915626,5.5244459455061845,-4.265020640075862,2.3604454523611375e-5,7.04385853235233e-5,1.4679659915321972
226896_at,-0.19655289969804085,6.233778457094183,-4.272845695852398,2.281709869895259e-5,6.818398280666084e-5,1.464467970015983
203519_s_at,-0.2172052553765863,4.659230937103656,-4.231929418060606,2.7229983197152467e-5,8.025166712272197e-5,1.4634975007649622
200897_s_at,-0.446287269392034,6.911888670338897,-4.2910930273219154,2.1077265173544637e-5,6.339156142733961e-5,1.4623890900123175
225120_at,0.2811783184072966,5.32834103995615,4.249308397583561,2.526439810948047e-5,7.50367332816369e-5,1.457218546066379
239332_at,0.7966193432569093,4.642996120806498,4.1611054677164905,3.6853713200020906e-5,1.0633283854344841e-4,1.453395594829166
219269_at,0.5049782723857594,3.964090109111123,4.126013574230813,4.274722440786354e-5,1.2202265256633149e-4,1.4502667724326663
209183_s_at,-0.46165200336060974,4.466076939013441,-4.223021121944209,2.8293225623351137e-5,8.313366047804738e-5,1.4432364765758088
1555742_at,-0.3469226544931646,2.7378178899808843,-4.093362610053775,4.902733430503245e-5,1.3865623875655033e-4,1.4422799945521438
203544_s_at,-0.20804355566822175,5.1093391895586375,-4.249333368635884,2.5261673751176274e-5,7.50367332816369e-5,1.4381739262645006
202234_s_at,-0.41350395482782754,3.889222778922256,-4.167221213788329,3.590921065275209e-5,1.0379356516793273e-4,1.4360596254058908
202853_s_at,0.1967122179337601,5.2879322568830975,4.244201503024378,2.5827492181861055e-5,7.65393979928845e-5,1.4321086170074304
209156_s_at,-0.6208092613833507,5.901661907503807,-4.262957731113597,2.3816302832272778e-5,7.099166729052261e-5,1.4248755620841846
225039_at,0.2264094628034536,4.665982887951433,4.195354104505181,3.1853540914410405e-5,9.295750035850686e-5,1.421682548937552
212179_at,0.4360426976234013,4.6429584671404305,4.17753660903605,3.436813452157532e-5,9.975746880883392e-5,1.4216681047979147
200837_at,0.22475007659903104,7.294974780923316,4.276095754004468,2.2497500358590273e-5,6.734163770370986e-5,1.4111608345089621
201687_s_at,-0.1696933491421568,5.841761392958152,-4.254368765997864,2.471799696471497e-5,7.355663930083097e-5,1.4100011952512634
223761_at,0.5189091711311675,1.3522431050957675,4.035425659824281,6.238573008789585e-5,1.733242547799866e-4,1.4075579433979515
229555_at,-0.32271360608632377,4.817769536066848,-4.232254474719167,2.719191605311036e-5,8.016152908006914e-5,1.4072488563003294
226599_at,0.3849559592926721,4.667645329945091,4.178411179650427,3.424041485320334e-5,9.94355013072289e-5,1.4029808696668562
225392_at,-0.2217135102648403,4.644522985950858,-4.2152068190107315,2.9258376149854445e-5,8.585181695244882e-5,1.3976615433100736
204790_at,0.37284383899554774,3.947851257921611,4.11751956741231,4.430298531581777e-5,1.260605263448488e-4,1.3942727238146384
216268_s_at,-0.3533152330241254,6.878745379945572,-4.2716521642499945,2.2935550150817666e-5,6.851883680025367e-5,1.3929672736422223
209572_s_at,-0.20862849585645726,5.190516820538515,-4.240408693709565,2.625341801650151e-5,7.762982810123674e-5,1.391965350221252
219666_at,-0.41830750838118597,4.205947342263391,-4.186027982424957,3.314703220554168e-5,9.654816639966504e-5,1.3892452632126453
201490_s_at,-0.30247953788340964,5.263701782182294,-4.241744948240662,2.6102600358961182e-5,7.724783360374341e-5,1.3862639878941305
212245_at,-0.21817699293982112,5.473605750042684,-4.242902196817189,2.5972654378268648e-5,7.690576184477391e-5,1.3803535139614782
201224_s_at,-0.24440263274084575,5.262943770003993,-4.2389566884140875,2.641824202011248e-5,7.807410393419725e-5,1.3779589930206555
209276_s_at,-0.37070409055880005,5.7526770734238495,-4.246938188082608,2.552426917826936e-5,7.572459033697028e-5,1.3771083285828727
201816_s_at,0.2757586122138589,6.539513706159031,4.250933630791595,2.5087667290940493e-5,7.459455445124772e-5,1.3761751186461169
218967_s_at,0.36233706167193436,4.578463607953077,4.165413422886998,3.618597514721132e-5,1.0451883304181041e-4,1.3725804467786293
201778_s_at,0.20826716925993982,6.7173259285122,4.253628539564709,2.479721414370604e-5,7.375140342074481e-5,1.3718889114961161
226177_at,-0.26930164547415214,6.2721668899396414,-4.250852944951175,2.5096413326065877e-5,7.459985459548938e-5,1.3678389093221135
235419_at,-0.49434920103990665,3.346802108836852,-4.110138551754637,4.5698483462622206e-5,1.298244108552298e-4,1.3629855422971877
218330_s_at,0.3828120114561744,4.26406232229486,4.131777532182767,4.172125162866807e-5,1.1922106393649534e-4,1.360777457760948
217789_at,-0.20618048426861335,5.573502354053688,-4.237805358880709,2.6549635877716055e-5,7.841914782408935e-5,1.3544672917153289
217941_s_at,0.3250203844674411,5.840294773265815,4.2360284850439385,2.675364287440606e-5,7.895630564490081e-5,1.3528322381729652
217866_at,-0.18820435279433753,5.13282914013118,-4.22623602298549,2.790502877951939e-5,8.21056229923074e-5,1.343104480762923
208675_s_at,-0.20001359762049706,7.8564176759549404,-4.286810934329672,2.1473799279413376e-5,6.449363938333487e-5,1.3402765509543793
212218_s_at,-0.3387601972330856,4.531746382393746,-4.1968545021863335,3.164998676286037e-5,9.238863983393e-5,1.3385664855587969
212114_at,0.17469864629912774,5.805671411941579,4.232727160906078,2.713665065849251e-5,8.002062716884951e-5,1.3354176356284704
213994_s_at,-0.7343707080653596,2.370496096103424,-4.061967783019615,5.588572447954918e-5,1.5668771691950022e-4,1.3328824335239595
212144_at,0.20634951317481742,5.179705409190656,4.213706428380088,2.9447246812590843e-5,8.631145146464725e-5,1.3304500671709532
213005_s_at,0.3997239530919326,5.051807606940959,4.194576945596491,3.1959465323862026e-5,9.321583229363842e-5,1.33015099094834
227226_at,-0.5393850194106572,3.164728722653954,-4.092498969885172,4.920479945029705e-5,1.3904801279636834e-4,1.3292300419958512
201253_s_at,0.18674218172589113,6.849786239971535,4.245399337496796,2.569435247068618e-5,7.61869908714257e-5,1.3259855681376038
218189_s_at,-0.28468357527797317,6.717139342286349,-4.2489329493140415,2.530539356266579e-5,7.513766109668476e-5,1.321203505943636
220048_at,0.6145310580037958,3.4432018795539916,4.06112702844221,5.608136507466722e-5,1.571539796089223e-4,1.3137400527652305
223151_at,-0.2937535977349279,6.072742853072396,-4.2346761441432115,2.690990912737221e-5,7.937385916341919e-5,1.312924949791439
212959_s_at,-0.29553770949010505,5.395702349858961,-4.2259166524448455,2.794336417495087e-5,8.219584305498316e-5,1.3128214668054152
34210_at,-0.48818776144295034,3.839617700970277,-4.1365164673438635,4.0895323326837364e-5,1.1704824974630208e-4,1.3108137895275567
218597_s_at,-0.21557117357778324,5.5573686638839535,-4.226476121268498,2.7876241790538704e-5,8.204345557748383e-5,1.3085707865063068
208753_s_at,0.35214573618737527,6.095007767046773,4.227599361624394,2.7741944635501576e-5,8.171554932090414e-5,1.3061381956903348
227997_at,0.6514267767795747,2.909656411616789,4.041083460055724,6.0942688872345784e-5,1.6984365918039552e-4,1.3060687268704818
225769_at,0.34470753557017136,4.690781558168577,4.160255037936651,3.698690996572984e-5,1.0663099205136269e-4,1.30465022778397
203810_at,-0.38951752046477517,3.1954183116749064,-4.080950989293384,5.163718758595921e-5,1.4553780336973982e-4,1.3008193328438296
200792_at,-0.15104609875655453,7.913516815642277,-4.27787979265108,2.2323885711794258e-5,6.68627213003189e-5,1.2995105207311424
204186_s_at,-0.27418455707561457,4.785907986298352,-4.2017826537110725,3.099008543824509e-5,9.065996321679947e-5,1.2951172812958216
202129_s_at,-0.34861776146192786,4.505303522961465,-4.184883030249729,3.3309237636202575e-5,9.694155468531327e-5,1.2946542819711313
219377_at,0.3284006756158467,4.239640454881652,4.11588073855028,4.460928623986468e-5,1.2686468900654908e-4,1.2931005927630839
205961_s_at,-0.2714055426689421,4.43176206241426,-4.171645678537261,3.5240323430889406e-5,1.0197989868047492e-4,1.2829210693145097
202084_s_at,-0.23290779997128297,5.263107374990006,-4.21500157640277,2.9284143951497494e-5,8.590389763208999e-5,1.2804332403171337
207850_at,-0.6984984338169696,5.441313409669661,-4.221980192590577,2.8420016556864975e-5,8.348331159136125e-5,1.2803164944910232
232304_at,0.5237743107512339,3.8667962976145787,4.0761471589644165,5.268232340194775e-5,1.482884210733227e-4,1.2779118094028927
212731_at,0.3564081053005455,4.454252442215732,4.129603830664974,4.210538353803574e-5,1.2025459180031376e-4,1.2766450879306301
209099_x_at,-0.33265987519616785,7.096858901689979,-4.248700971023658,2.5330755136385235e-5,7.517129633686843e-5,1.2756489323643994
222622_at,-0.24811430116879132,4.850434838124897,-4.198357037467756,3.144738500114685e-5,9.189739103035629e-5,1.2716916919682273
202932_at,-0.2810129883521991,4.874707776619958,-4.199439993254027,3.1302126257905965e-5,9.152283804610988e-5,1.266204108742354
241607_at,0.647352421667709,4.176287384521868,4.087267403595791,5.0292930162951774e-5,1.4193576418221874e-4,1.2658245185822334
225954_s_at,-0.27392829371104416,4.5926164852059,-4.1796765762755115,3.405642007106457e-5,9.892799029862112e-5,1.2647615268282522
201527_at,0.21629539416787708,7.200231544746247,4.23812164917626,2.6513477741788084e-5,7.833394568333584e-5,1.264385627932361
212685_s_at,-0.19476640475616955,6.20530875056174,-4.2230988373623,2.8283781121574503e-5,8.312870978201033e-5,1.2620904751874473
218641_at,0.45628584075659195,4.35296386149366,4.109580602573438,4.580565484013771e-5,1.3009437441739006e-4,1.2601184383227402
214239_x_at,-0.2809404289354495,4.200320676795961,-4.140595870203351,4.019682512829847e-5,1.151105553593856e-4,1.2485991815370392
200846_s_at,-0.20082370823956586,7.105909521619135,-4.239349558818709,2.6373548318080098e-5,7.796352735419208e-5,1.2472042910524443
204808_s_at,0.26496846379288447,4.934611268479896,4.172723242628616,3.5079224078053165e-5,1.0156857501302259e-4,1.2432331791648874
203549_s_at,0.5849191771535993,3.2712211284814696,4.0374123724954885,6.18753559901318e-5,1.7208481015635563e-4,1.2429036483738525
225548_at,-0.28985033605753024,4.999570854525974,-4.197244301628599,3.159730708819362e-5,9.227407928081242e-5,1.2351496354187645
205044_at,-0.6503133509902821,0.8178622578289472,-3.9938657518378404,7.402427592765018e-5,2.0365230303362003e-4,1.2278867190475875
204057_at,-0.36018227406445197,5.56069508234108,-4.206764967805364,3.0336271435788436e-5,8.884430724209992e-5,1.2229160169783668
228624_at,-0.3149422486990096,4.345146682034004,-4.151086413216145,3.845233764115378e-5,1.1051437229068281e-4,1.2226540473713108
210103_s_at,0.5537914968239059,4.521928737281524,4.107956926264831,4.611889351170594e-5,1.3087992216977636e-4,1.2223479287824484
218467_at,-0.1704526133639872,7.467646158405773,-4.2429218745491015,2.5970450134354812e-5,7.690576184477391e-5,1.2205658550877256
223361_at,0.2453887334253191,6.074807026413686,4.207240404026932,3.027457309959008e-5,8.868785934260557e-5,1.2202714681515285
224970_at,0.3292002096620493,5.445925442705572,4.193462068982178,3.211200582524978e-5,9.358430859790559e-5,1.2165912943582997
222116_s_at,0.33514821055640986,4.301106893705598,4.101287141003554,4.7427122952577974e-5,1.343789389555588e-4,1.21566234609758
216321_s_at,-0.46635706705117386,3.562481524881442,-4.083406922728872,5.1110508928046736e-5,1.4412921351570536e-4,1.2002104548995627
201833_at,0.24548934617316667,6.366874326880113,4.205790675400436,3.0463081956686527e-5,8.919130828149296e-5,1.2000996010963032
219125_s_at,-0.23934020094086667,4.843382628611389,-4.1771626011279395,3.442289190790354e-5,9.985714622512066e-5,1.1891332324687331
218046_s_at,-0.22577061985191443,5.4261010261447895,-4.194149749208056,3.2017833750250435e-5,9.33352525078729e-5,1.1841751363166182
200793_s_at,-0.2468503768835331,6.711177115317963,-4.21267256199145,2.957806658383771e-5,8.667117814897521e-5,1.1761937168985366
209589_s_at,0.4245195961688933,5.56940203242761,4.185051977957288,3.328525534474769e-5,9.692441981741832e-5,1.1754585092964547
222148_s_at,0.2244953838361543,5.058387079855294,4.166957904058986,3.594939638019968e-5,1.038635068557387e-4,1.1733643037107448
229310_at,0.49336155790728864,3.4689975947987195,4.027112303734388,6.45650511423296e-5,1.7891500074696768e-4,1.1629890735987987
1552256_a_at,0.3384731632422555,5.36194124303789,4.176117509036761,3.4576341552455056e-5,1.0024799649565657e-4,1.1619308664908257
203231_s_at,0.5462537096216075,3.218427096772831,4.014883825943288,6.790242880558662e-5,1.875808973167224e-4,1.1613931920711957
209179_s_at,-0.20309284014023565,5.334101984193604,-4.186082972844974,3.313926067762315e-5,9.654816639966504e-5,1.1588143160599635
200933_x_at,0.10696916694973088,10.545852973207545,4.377155951821383,1.444360658019066e-5,4.475972151969411e-5,1.1558909484207458
222550_at,0.2346629566132873,5.8623624196704025,4.184957396575084,3.329867923668962e-5,9.69371605061565e-5,1.1402816625992704
223218_s_at,-0.44913394888186364,6.244644215832525,-4.194671419020123,3.194657098657965e-5,9.320359885055222e-5,1.1305384953067419
216952_s_at,-0.2564842681466946,4.634746675937967,-4.145987848770198,3.929098646846047e-5,1.1275765819357541e-4,1.114584025780828
233177_s_at,0.36330113043812834,4.944030348044939,4.133639831992623,4.1394804184404687e-5,1.1838295174253268e-4,1.11319501508605
229158_at,0.48934273376303933,3.9861919312026446,4.041587882456605,6.081558449432076e-5,1.695335302335827e-4,1.109600942955855
213347_x_at,0.12546048982454502,10.227548488135941,4.345355723702351,1.66205896570157e-5,5.0844196743463504e-5,1.1081465160175519
225202_at,0.5531986104941167,6.178828680654688,4.177524491289544,3.436990734373247e-5,9.975746880883392e-5,1.1057760162986376
218395_at,-0.25402356322639624,4.355251757980028,-4.118958312563659,4.4035730417780195e-5,1.2533336343402743e-4,1.105254723585407
218859_s_at,0.4424233602791266,3.9997382134548087,4.043484819778618,6.033984356224607e-5,1.6842645755141798e-4,1.1019537589352657
224587_at,0.30584925999338247,6.015036012592212,4.175510155963607,3.4665817567787404e-5,1.0048022283650066e-4,1.0968629497957423
211622_s_at,-0.21519464741667213,4.6969987762390115,-4.141946501126706,3.996807495544406e-5,1.1457800026697142e-4,1.0908045538782645
234339_s_at,0.2170494305677854,6.6987233906003585,4.184213327985379,3.340446455863123e-5,9.716590519050131e-5,1.0906686039141515
225647_s_at,-0.37937480789795475,5.539192104589415,-4.17235445723145,3.5134279598826946e-5,1.0170049644480763e-4,1.0839376053144019
225365_at,0.2374949713224778,6.644169295851729,4.181017472699681,3.386247506622108e-5,9.841798572556332e-5,1.0825327495442512
212922_s_at,0.2251808491833805,6.04609998729535,4.169266537546295,3.559851135620029e-5,1.0293302352468926e-4,1.0671611670860308
219215_s_at,0.39556126121655943,5.894909164072754,4.164960313569285,3.625566176766945e-5,1.0469188800998459e-4,1.0640941336073446
213064_at,0.25285776512001784,5.0417308234134115,4.136538038827128,4.089159954453273e-5,1.1704824974630208e-4,1.0617556776530783
212541_at,0.21996824526228295,4.969409749591008,4.13219017905914,4.1648707117637636e-5,1.1904551743629989e-4,1.0592772352957738
206149_at,0.9098187257923748,3.5829645950442273,3.992230141568011,7.452200786699094e-5,2.048638106951691e-4,1.0587548376000164
218339_at,-0.20054677725337022,5.5019759024894705,-4.160598017838935,3.6933136410994446e-5,1.0650462728694038e-4,1.0450515680789323
204551_s_at,0.2840580402102811,1.5999665259830664,3.9478922374618435,8.928835734672596e-5,2.426550411606989e-4,1.0447693114185954
213649_at,0.3462797325757184,4.991123569806895,4.122078297900873,4.346143457573781e-5,1.2383041186432957e-4,1.041607883609787
226147_s_at,-1.032849828253938,8.425492399260133,-4.27109981501966,2.2990566186294112e-5,6.866404671139359e-5,1.037553444053506
214722_at,0.3675847767885637,5.321549508970119,4.142073918602218,3.9946558905281695e-5,1.1454697150757035e-4,1.0367257228931877
213158_at,0.5199491187961994,4.217653448979478,4.037119731273364,6.195028395378146e-5,1.722484796254505e-4,1.0357396482154373
212771_at,0.35259161340833206,5.732968404163852,4.155394242000529,3.77570614310597e-5,1.0859702347531423e-4,1.0340546727905071
235529_x_at,-0.30485913930012026,5.791686622180324,-4.162397986803943,3.665214925724535e-5,1.0580826596412543e-4,1.033691484064219
218231_at,-0.22159722910091934,5.595368150820331,-4.1591160344195774,3.716602209327032e-5,1.070609289285305e-4,1.0332650173095264
225556_at,0.2698496357565016,5.786955741653413,4.156868290125489,3.752191295692481e-5,1.0796998482609064e-4,1.0324421327352162
202428_x_at,0.1898383836013751,8.452137146204693,4.2254846993446815,2.7995293215468174e-5,8.23259885306919e-5,1.0253528671444743
229235_at,-0.26491531471734214,4.937181119010275,-4.1416483442211245,4.001846562106653e-5,1.1469176623822519e-4,1.0235185858924414
201381_x_at,-0.19181894125703944,6.538233837326495,-4.170264089948619,3.5447906349519296e-5,1.0252522157732188e-4,1.023351192602564
226670_s_at,0.6131829409039024,4.359821208098072,4.039994307510758,6.121799434925748e-5,1.7047787196870169e-4,1.0224451495416291
212429_s_at,0.15541806626304733,5.911645711910609,4.155375274391872,3.776009637314902e-5,1.0859702347531423e-4,1.0155143770554504
208407_s_at,0.2644794055566648,6.487902615015098,4.160803804066909,3.690090828134829e-5,1.0644034206195052e-4,1.0123657110155992
217744_s_at,0.2982790867661008,7.506654104298981,4.182176882390148,3.369562846723594e-5,9.795963847204848e-5,1.0089071602300894
224615_x_at,0.24839979503290377,6.008598909961196,4.152153439261323,3.8278994750922213e-5,1.100598150205662e-4,1.0010515331179892
203150_at,0.21276295611099294,5.055361429103193,4.124093309145561,4.309432549867462e-5,1.2291520475700245e-4,1.0006618265090683
209955_s_at,-0.5633552558104851,3.8591751345443734,-4.064780566976322,5.523590167646514e-5,1.550280887241213e-4,0.9997196806899886
201264_at,-0.20440762833028087,6.290719807054761,-4.159743049226122,3.7067319997271244e-5,1.0683405949173173e-4,0.9992993832122741
223054_at,-0.17744371183831842,6.265623048005123,-4.158749009333134,3.72239137182365e-5,1.071988676514698e-4,0.998177402676145
201812_s_at,0.18710432973107005,8.160953028827851,4.2042367094288275,3.06663867583886e-5,8.975707691897777e-5,0.9966921732916543
208685_x_at,-0.25318597223353795,5.494301079715844,-4.148336287146513,3.890255838501569e-5,1.1170278959492712e-4,0.9944290310392017
214435_x_at,-0.2192436660767263,5.6188269600042515,-4.14906224304285,3.878322779173587e-5,1.113900051830741e-4,0.9916379422144246
204989_s_at,-0.3203560851437247,4.349004966460708,-4.0861627698256795,5.0525592820163044e-5,1.425548264109578e-4,0.9655407285915825
226756_at,0.3912494248372579,4.672283284737396,4.068991182063523,5.4276544965982273e-5,1.524953124103247e-4,0.9638477539069719
203041_s_at,0.2951328934935669,6.337656410239443,4.144279896570479,3.957579452123324e-5,1.135141865343967e-4,0.95491124801244
209389_x_at,0.22259093681774778,7.710438415189487,4.1762201430002746,3.4561243129343376e-5,1.0023134749449257e-4,0.9535450001977299
218589_at,0.48015074864709073,4.475208320989974,4.0406812838843305,6.104420991301795e-5,1.7008234611135534e-4,0.9515893250511134
220310_at,-0.5601124477313704,3.134786669145097,-3.9942967951547703,7.389363115971315e-5,2.0334509905317415e-4,0.9490558621229201
201539_s_at,0.5321214313373249,3.047405177483189,3.952423831587776,8.766063373923016e-5,2.38655239961467e-4,0.9434320424585012
210651_s_at,0.3604373227017636,4.562556476577878,4.05342691244241,5.7903672098762465e-5,1.619639789018387e-4,0.9351296532449958
225585_at,0.31422179517155624,5.377401284725547,4.120674615731253,4.3718923211156005e-5,1.2449782678392192e-4,0.9323764262650887
211542_x_at,0.11566930947626304,10.336890297093316,4.309842170528661,1.9421883071939838e-5,5.8889684371330044e-5,0.9294489601975204
211070_x_at,0.2104580539692599,8.379171753673614,4.1973494454536855,3.1583111677294554e-5,9.226885066780927e-5,0.9289822852287415
217764_s_at,-0.5351733630529673,5.371163490011244,-4.132334028225251,4.162344624222688e-5,1.1900506527701535e-4,0.927847918248383
200993_at,0.23297845406974405,6.603086874038168,4.141373236876332,4.006501436892071e-5,1.1479446347532696e-4,0.9254845794662083
201432_at,0.29711933326049167,7.116164316065392,4.151053340374807,3.845772238398819e-5,1.1051437229068281e-4,0.9249489056085576
226032_at,-0.22577920137784424,5.997851922095988,-4.134129982316563,4.130928930038441e-5,1.1820150007345572e-4,0.9127971208080625
224782_at,0.15793651411970291,5.484063520689323,4.122472424186503,4.338939663008429e-5,1.2365804897528413e-4,0.9108713874013112
225029_at,0.2972492394153823,5.616604119557216,4.12154882479346,4.355839015407279e-5,1.2407365959068913e-4,0.9044988803893919
201349_at,-0.29760959397721215,5.358283400854717,-4.124138183839197,4.3086183582720586e-5,1.2291520475700245e-4,0.9042663955650854
208319_s_at,0.2634923063934244,6.280731950967019,4.130521873632598,4.194274026316561e-5,1.198220203838115e-4,0.9015155365732133
225601_at,-0.30053544444610547,4.697203513345535,-4.097008517700041,4.828483873359814e-5,1.3667920122780716e-4,0.8931032487216477
224562_at,0.26802246479271447,5.885869897350402,4.123207595249973,4.325532634065272e-5,1.2330875760708157e-4,0.8921782123680391
39854_r_at,0.1836498744198241,6.651333219992355,4.133959555075667,4.133900409020194e-5,1.1825494013840678e-4,0.8901539756747159
207259_at,0.6583828874239674,3.487475289102589,3.9511249820745733,8.812427627856551e-5,2.397956240214052e-4,0.8881001701221791
208983_s_at,-0.3688774189787047,3.8582178552751136,-4.023823647513685,6.544694987649408e-5,1.811713627976437e-4,0.8877247140640945
202469_s_at,-0.1500796802414705,5.890215305047158,-4.124894289985162,4.294921803434678e-5,1.2256658838624324e-4,0.8836751050913048
209481_at,-0.20769565072232157,5.033614883828903,-4.1085179830673475,4.601042515243372e-5,1.3064131583833088e-4,0.8809522812808552
224298_s_at,0.21569967513278054,5.259624892226787,4.105305720044945,4.663474524222974e-5,1.3227376907069293e-4,0.8789988117536005
201532_at,-0.20702657197253174,7.087761286153358,-4.146989678312099,3.912483609113235e-5,1.1231092418121673e-4,0.8737500192221512
217769_s_at,0.1809837164140065,8.585513141078941,4.194390442782495,3.1984934979068584e-5,9.326472738997325e-5,0.8681005588938859
218320_s_at,0.21717421321062044,7.2890804157160325,4.140878106201678,4.014892137998914e-5,1.1500411624166407e-4,0.8608362741931561
209313_at,0.15637937166400176,5.574153827030554,4.1118220002968995,4.537656841549999e-5,1.2894407889529216e-4,0.8605718816254724
225808_at,0.21578208047363168,5.9707140278015505,4.1152946367888985,4.471931817703046e-5,1.271101235421935e-4,0.8542557153452446
204391_x_at,0.28171276760855957,4.581886316175407,4.03975785180682,6.127791914315205e-5,1.7055985012616543e-4,0.8520176291580839
202451_at,0.22228927244629512,4.944887366129335,4.07815825133051,5.2242361141264814e-5,1.4712734356108568e-4,0.8514665588631649
218210_at,-0.19840983839601115,5.263683314374736,-4.107639490604598,4.618037058442245e-5,1.3101967957386592e-4,0.8499027098583127
223405_at,-0.27826002491308777,4.087555084433123,-4.028743135496718,6.413191587337341e-5,1.7780673259613078e-4,0.8477331300756079
221269_s_at,-0.3173838097396737,7.2247378583226585,-4.145692851884248,3.9340038644360714e-5,1.1286819335753517e-4,0.8435608388588296
1554452_a_at,0.500753950366136,5.540706991794299,4.098165484724437,4.805146340513223e-5,1.361119321679486e-4,0.8413279759722725
200937_s_at,0.13920915249922192,9.058460363745366,4.214543639350346,2.934171503361033e-5,8.60492179455427e-5,0.8404520760282104
222529_at,-0.3549434059383029,4.294262700339273,-4.049298078339812,5.8903822369777814e-5,1.646325721490816e-4,0.8333006188500285
203574_at,-0.27247244659550013,4.97159784340337,-4.0949539015114365,4.8701939893283306e-5,1.3780873800230958e-4,0.8310044196000277
201364_s_at,-0.21362936214829534,4.7654771986751605,-4.081147486961266,5.1594859261143345e-5,1.4545677033279703e-4,0.8285682336780997
204137_at,-0.2830825671734141,4.2511876825396415,-4.039752507965527,6.127927407221233e-5,1.7055985012616543e-4,0.8283963946765436
225802_at,0.3785206129115164,4.68441083523236,4.03606581674134,6.222084295911936e-5,1.7291099627005077e-4,0.8274623247635677
209112_at,0.26350328414423974,6.7460111337467294,4.1173865883473875,4.4327764648360645e-5,1.260975418687965e-4,0.8208972048496772
212226_s_at,0.3924709710576837,5.473024917967591,4.093183498012979,4.9064089069894225e-5,1.3871456355063125e-4,0.8178376163878323
225646_at,-0.3185529392386441,5.4240184380219185,-4.103083314670891,4.707138669533663e-5,1.3344158922125996e-4,0.8153768118508982
238701_x_at,0.27045842091743527,7.302559552147214,4.1288394457606605,4.2241261899525874e-5,1.2061051138849165e-4,0.8153003344567704
225499_at,0.3589035779285425,5.151384998079628,4.07406410175761,5.314174003378016e-5,1.4938532169558825e-4,0.8074102117165705
228560_at,0.38317851827958355,4.449384042710572,4.006436597455379,7.030272866457942e-5,1.9386181008587886e-4,0.8050592250834594
212805_at,0.8264822738072835,4.4705895944146645,3.9784905240152915,7.883023763723282e-5,2.1609732236634475e-4,0.8036707460365191
1553535_a_at,-0.23556783815333665,4.412544212433077,-4.045796081960813,5.976496745340006e-5,1.6686528442227646e-4,0.8014057181810585
213629_x_at,-0.5385116453779811,5.552809200819892,-4.102274978378076,4.7231164422199274e-5,1.3385911758069334e-4,0.7975063664119393
213980_s_at,-0.162291957009129,6.293280809275279,-4.108364909663775,4.60399945394027e-5,1.3069063632766855e-4,0.79556692826662
222392_x_at,0.23153516731505686,9.056947026000648,4.199321981703321,3.1317924259522655e-5,9.154404436351056e-5,0.7933388447486678
202106_at,-0.1824958678099032,5.001091780531178,-4.083459562852016,5.109927625649162e-5,1.4412921351570536e-4,0.7903815087532093
226434_at,0.24084822528581765,4.863046744791587,4.05215134981771,5.821092402009555e-5,0.00016273842093613876,0.7855608301319092
202974_at,0.4898494102419881,4.455062704078627,3.994894260550154,7.371290715363317e-5,2.0289989063126208e-4,0.7845766655830797
225823_at,0.2163037366958307,5.975952105265742,4.097260764676466,4.8233865558113855e-5,1.3659249318637954e-4,0.7823665974666021
1553906_s_at,-0.20174278411692909,5.247522180524931,-4.089967633534708,4.9728475751822875e-5,1.4041675295974656e-4,0.7813654824378986
228442_at,0.4563207233918063,3.548438386676225,3.9320611048532284,9.520241004908675e-5,2.572265873533081e-4,0.7801717323947779
201421_s_at,0.24922308235848567,5.5873522931076,4.090167732004961,4.968688782198214e-5,1.4033631142549292e-4,0.7792076469806606
209471_s_at,0.271873946445187,5.8582356735123255,4.094165238602708,4.8862951761233594e-5,1.382278326427503e-4,0.7781427587543241
218930_s_at,0.2831249426647558,5.349465702182301,4.080696854583271,5.16919806723563e-5,1.4565391608178672e-4,0.7745710630641494
201644_at,-0.3142137773487885,6.313598589545153,-4.1047981887867575,4.673412050357422e-5,1.3252054869105097e-4,0.7720394158803217
1568619_s_at,0.3489743826901886,5.1025076386149415,4.06143548951729,5.6009511844603524e-5,1.5699369450320188e-4,0.7676089877739845
232909_s_at,0.23777113351406853,5.074182924988293,4.065290530636026,5.511885874104041e-5,1.5474012937441456e-4,0.7671803233993817
229465_s_at,0.43022106869403187,3.5862675082987887,3.931093017099132,9.557583895353053e-5,2.581704394122977e-4,0.7660907151058769
203747_at,-0.32893615292173367,3.1425194630267343,-3.9356559987592603,9.38277757258591e-5,2.5389668132132573e-4,0.7626001404222169
214911_s_at,-0.26413528529631425,5.5674149162678805,-4.09096053377498,4.9522438776278363e-5,1.3990872537190667e-4,0.7611319841747655
209309_at,0.9657788815499695,4.544726932395929,3.962845046122716,8.402340527253009e-5,2.2933573011072988e-4,0.7504416064891055
200748_s_at,-0.19707264755081733,9.945265401712554,-4.255362280831534,2.4612052881778198e-5,7.328207963382152e-5,0.7478118597052372
213400_s_at,-0.380826502331392,4.669312982086684,-4.058939935407859,5.6593345774276804e-5,1.5850575510583723e-4,0.7426442858680975
204263_s_at,-0.24739939268910965,4.469253056513869,-4.033705923117207,6.28307442765306e-5,1.7442491926262564e-4,0.7310485164644067
219232_s_at,-0.4581267531302782,3.377575157172197,-3.9441798870732563,9.064310623923715e-5,2.459624106233403e-4,0.7189743179886428
202829_s_at,0.23175625248314188,5.712816434870759,4.075410175559979,5.284443139187902e-5,1.486275645841953e-4,0.7105586497492373
206697_s_at,0.3451893803115157,1.7385087557907783,3.857845390898366,1.2822170425232944e-4,3.379186021292018e-4,0.7024602403605673
210638_s_at,0.17947962981709423,5.7869807282857435,4.074481036976029,5.304948165779002e-5,1.4916511732280957e-4,0.70058533408592
1555575_a_at,-0.17341510497998172,7.780880634745423,-4.123361321998796,4.3227341651280466e-5,1.2326178097156443e-4,0.6914845976018915
223049_at,-0.14235919806578815,5.860974095867124,-4.075948463172846,5.2725982242943646e-5,1.4833336338462586e-4,0.6910383041052999
200050_at,0.21020300766705793,6.145983794541718,4.076077852833857,5.269754793107132e-5,1.482923117902724e-4,0.6898297215564764
216733_s_at,0.641625465262147,3.2158409072839547,3.8876452961224763,1.138381772258809e-4,3.033702469206125e-4,0.6890269544896004
201699_at,-0.2365058982395973,5.961836030979645,-4.077259352562027,5.243857797547497e-5,1.4764112637352517e-4,0.6880525385484715
202075_s_at,0.5993951901699627,4.646195645138702,3.9783675186053413,7.886985320327357e-5,2.1615061073590938e-4,0.6803067846338671
226330_s_at,0.29270274274787716,4.6386323877704765,3.9997768748188576,7.225162331497343e-5,1.9908221208161274e-4,0.6763215296708855
225467_s_at,-0.21556051311501914,4.766849848663387,-4.041832729894341,6.0753978603752164e-5,1.694058752686093e-4,0.6742981762186346
218566_s_at,-0.3006532336344166,5.202057725947002,-4.063087463405249,5.562618528577322e-5,1.5600086988651533e-4,0.6734969245230182
220753_s_at,0.3746782268962281,5.291052628276333,4.047623919510949,5.931401947333013e-5,1.6564939797126843e-4,0.6700547835721977
212127_at,-0.19021972901770282,5.11873158773697,-4.0575608668152165,5.691845345799187e-5,1.5937464503279323e-4,0.6686583300090287
213588_x_at,0.1410766743562945,9.957382279064493,4.221729459350608,2.845063809757048e-5,8.355035250528305e-5,0.6649894901799698
211430_s_at,-0.806559523220577,8.673083940512054,-4.184269679868491,3.339644173814763e-5,9.716590519050131e-5,0.6595006268726822
224862_at,-0.2762551866877745,4.579800969787137,-4.025070317348082,6.5111301031196e-5,1.8033541053443712e-4,0.6532900101644223
206576_s_at,0.6546046050054342,5.4561936533867605,4.038491916084268,6.159969268663168e-5,1.714071448706195e-4,0.6481946561838114
226433_at,0.5483794101980879,3.238145094886276,3.8765750067577827,1.1899348324882949e-4,3.160865822079619e-4,0.634607887731585
210102_at,-0.33855800436735145,3.754365154707004,-3.9457009415263418,9.008568970745468e-5,2.4467529311074946e-4,0.6341364985603999
202116_at,-0.1957839854280013,4.816329019770583,-4.03422736775939,6.269549333991816e-5,1.7409456198821754e-4,0.6339404866163001
202189_x_at,-0.15366731746141266,7.261107416574648,-4.089302195698426,4.9867016674414015e-5,1.4077084311804938e-4,0.628163019907225
225681_at,-0.7897741121717167,6.053208969562378,-4.070055838502546,5.403649047441847e-5,1.518606827000118e-4,0.6260507746745496
228262_at,0.8817039893811461,2.09460741391151,3.8360156340743887,1.3983049551615734e-4,3.650605266295928e-4,0.6252549368317295
224464_s_at,-0.18992511693879266,5.056798053758049,-4.041896884908665,6.07378464054046e-5,1.694049853009892e-4,0.6161625103880937
224625_x_at,-0.17095733972888616,8.678256122979741,-4.150127554325636,3.860874548581734e-5,1.1091860831042132e-4,0.6152276694488208
224746_at,-0.249904298572879,5.484408650290067,-4.052314017597776,5.817165535858283e-5,1.6267108949530093e-4,0.6139123117171827
202696_at,-0.14462833416871204,5.350149326418761,-4.048561209188949,5.9084034700705795e-5,1.650931830330363e-4,0.6120270073268994
201593_s_at,0.2544586579083411,6.701185676465888,4.063782302924383,5.54656993553085e-5,1.555915258427389e-4,0.6112500678587063
219061_s_at,0.27881297632492685,5.083960751484955,4.023825601647404,6.544642246996516e-5,1.811713627976437e-4,0.6110272071697338
200683_s_at,-0.16735573582871763,6.132570945415662,-4.056753201158488,5.710967896083107e-5,1.5978479778202748e-4,0.6009557698163217
233588_x_at,0.21994522507542982,5.0355776770979,4.020678699882839,6.630099570655955e-5,1.8344074561063337e-4,0.5982232268419647
218005_at,0.25917536367728145,5.309315986895747,4.033224391996703,6.295588849531952e-5,1.7472705529802024e-4,0.59166064245571
223839_s_at,0.5119814238022987,4.5840275783965785,3.9534148778396254,8.73084213062991e-5,2.3781721776109388e-4,0.5831056003373547
201429_s_at,0.06303414877490848,10.879828950601606,4.2640232101768225,2.37066590602076e-5,7.070418666815257e-5,0.5809374921360355
222040_at,-0.3436032975273164,3.7425612974832694,-3.9302265235745892,9.591125492213287e-5,2.589458855798411e-4,0.5802748292780198
206515_at,0.6319771811086209,2.6609285489291055,3.841698221834967,1.367164990235612e-4,3.578411566184733e-4,0.5792827514293251
208968_s_at,-0.1912195922261977,5.859229823940405,-4.047951921377712,5.923344043216545e-5,1.6546749604948852e-4,0.5792587452016367
213552_at,0.3925373991807465,4.022828170943914,3.909986023579868,1.0407077721908095e-4,2.7879725840160394e-4,0.574419809325633
213233_s_at,0.19350572867166757,5.782434781829188,4.042180571394597,6.066656032412903e-5,1.6925022415426936e-4,0.5743694248548987
202642_s_at,-0.23995537750150694,5.1761942618796155,-4.035325429029708,6.241158436155881e-5,1.733511286661601e-4,0.57101913754523
200986_at,-0.5085106702194255,4.6141108420464025,-4.015500487473286,6.773028306637297e-5,1.8720188918732036e-4,0.567861302260817
217834_s_at,-0.224931986360673,5.670528019141359,-4.042953535343145,6.047272917401303e-5,1.6875341173253492e-4,0.5677587452954764
218594_at,0.23943348483592625,5.430414126338335,4.03134679693263,6.344611684328257e-5,1.7599643960178308e-4,0.5637205942940815
200942_s_at,0.18199605670851077,6.947465819360986,4.057261244596547,5.698932190456569e-5,1.595313837375522e-4,0.560508446294687
202720_at,0.2186948796184313,7.004782338970173,4.056833040192006,5.7090748872198266e-5,1.5977356130299374e-4,0.5560068522849395
223940_x_at,0.5607287088014994,4.183357565673447,3.907078164165265,1.0529563418179176e-4,2.817966847338334e-4,0.5516518442896343
216035_x_at,-0.240988436986993,5.595809936172131,-4.036485355900008,6.21130055153134e-5,1.7265610484835302e-4,0.5459586465643582
224953_at,-0.26968956621722956,4.178699655955223,-3.958482289198888,8.55283475745175e-5,2.3320569803151082e-4,0.5438665139239767
225793_at,-0.30618162369650237,4.235182309862416,-3.9656410449525006,8.307215127894818e-5,2.2702856037024795e-4,0.5427873931187595
221270_s_at,0.2308658883072222,4.751261362081337,3.978949707163962,7.868251804306641e-5,2.1574758530723589e-4,0.5388817569322795
232209_x_at,0.17119656332931207,5.411714831493506,4.025830253194106,6.4907500841886e-5,1.7981744414769194e-4,0.5382046441243631
202729_s_at,0.46835426008550246,5.02938681707834,3.9868875631175946,7.617001310068315e-5,2.0917953097862564e-4,0.5304517565301046
205656_at,-0.3252202326796084,3.6962927332600146,-3.9123303411494548,1.0309312724423926e-4,2.763855535954793e-4,0.5292107812955926
226218_at,-0.3991626423081659,3.8859043112885585,-3.9325928202197824,9.499789509017646e-5,2.567387613776641e-4,0.5213175021021721
216449_x_at,-0.2174965823662984,6.283747201941411,-4.038235856473739,6.166497226877108e-5,1.7154423472223957e-4,0.5165725198853401
201329_s_at,0.3323288240577384,6.391775772148984,4.032478382216597,6.315023492389742e-5,1.752210481066338e-4,0.5106653314386653
202303_x_at,-0.19919649951774976,4.65518212550448,-3.990284889660286,7.511809878281229e-5,2.0639656123628316e-4,0.5062343980371509
209567_at,0.2644357602061193,5.674539993898966,4.022086621710278,6.591735932101169e-5,1.8242641963471927e-4,0.5055799219062882
202627_s_at,-0.5149881155570295,3.8828024634587996,-3.9348319986095888,9.414119070594369e-5,2.5461615148517417e-4,0.5011517467211286
203001_s_at,0.5708064635378554,1.7433410076333287,3.7974400840658893,1.6280812948756755e-4,4.204830017358513e-4,0.49591875485317605
209971_x_at,0.1910078362794715,6.337309682899354,4.027868119502664,6.436396871713e-5,1.7840393191891684e-4,0.49050150465350484
216236_s_at,-0.41938817470145207,4.053815804339137,-3.9429100107774815,9.111097494044241e-5,2.469192700574145e-4,0.490220098960541
209449_at,-0.2332824385890998,4.790838858077841,-3.9975176113990676,7.292433380884045e-5,2.0083249051262413e-4,0.49011308435173184
224373_s_at,0.11403535300813289,10.908918248545406,4.241163573629856,2.6168115941466332e-5,7.739895805657891e-5,0.48891389891915615
217978_s_at,0.1492837790750981,6.490516304335382,4.029541404982957,6.392090895449653e-5,1.7726758934235603e-4,0.4865831906654705
218035_s_at,-0.29869610217576775,7.33535930932407,-4.0590306445817355,5.6572023535886964e-5,1.5848747074789673e-4,0.486531496110838
201136_at,0.2850391491958052,8.001578353277145,4.065478334104177,5.507581492408535e-5,1.546598178982245e-4,0.47763920014190475
212850_s_at,0.8553409307630513,4.576775516954156,3.8998412903219535,1.0840346272442132e-4,2.896075551537969e-4,0.472500087783871
212774_at,0.30123672446460714,6.049043923959937,4.017684869622993,6.712382178047002e-5,1.8561971898906564e-4,0.46893055694862795
201501_s_at,-0.19781008106188008,5.173201847215455,-4.008357647225139,6.974988856514857e-5,1.924145873378868e-4,0.46853525610812685
204641_at,-0.34033290650854064,4.658801422592829,-3.987613312317988,7.594413287416182e-5,2.086126911489476e-4,0.4667817378308978
212348_s_at,-0.21684752540476726,5.264713961328819,-4.009490462518052,6.942582251522338e-5,1.9164102978757742e-4,0.46284178188168124
212419_at,0.4818774262457688,4.282240654328477,3.8945835733859346,1.1071557120030758e-4,2.9541616793745827e-4,0.4611470363853405
222119_s_at,0.17790000364015568,4.965502701832124,3.98089786372708,7.805870803054662e-5,2.1409189429883406e-4,0.45636856816254046
202201_at,-0.27501046102862553,5.711644987463506,-4.01512422646167,6.783526986183506e-5,1.8744370545004872e-4,0.4554060318381996
206710_s_at,-0.5818714633343474,2.381619942184088,-3.825145156505822,1.4597495319155362e-4,3.799391821042551e-4,0.4519865141754682
202887_s_at,-0.4379021905420035,6.9145948371267645,-4.040049661188813,6.120397414668307e-5,1.7047787196870169e-4,0.4504821962438239
226318_at,-0.3085976854391925,4.757402272645129,-3.9860499591637235,7.643149856560333e-5,2.0979007023656378e-4,0.44531516747476907
227798_at,-0.2283365961596877,5.054602866259167,-3.9989270764249865,7.250396280067871e-5,1.997261387204091e-4,0.44529002202349055
204366_s_at,0.1427435689768732,5.758328897066352,4.00871940612366,6.964624404678063e-5,1.921999516932408e-4,0.44310840872192614
224964_s_at,-0.37676272717758774,3.4631577363467616,-3.872817609054639,1.2079288313128958e-4,3.203104348974023e-4,0.43980700932293804
203696_s_at,-0.23327391534942973,4.653528862076769,-3.9735953088942626,8.042146050271343e-5,2.202902343046712e-4,0.43560419630502967
212445_s_at,-0.2807950324274514,4.52794339167639,-3.964709557126455,8.338792231786991e-5,2.2777532172140244e-4,0.4346854658439847
214937_x_at,-0.28648702577471574,5.148706469650304,-4.0001439816078275,7.214287232575807e-5,1.9883369982656192e-4,0.43431153340427375
224502_s_at,-0.1538798775615168,6.467033264555582,-4.019116632927441,6.672911345331183e-5,1.845775864769764e-4,0.43211821179860443
201963_at,-0.3954810142062632,4.551987162892572,-3.9696976255713228,8.171015163809962e-5,2.234773690321576e-4,0.42299167761027334
203030_s_at,0.4471281808738626,3.0996472476854016,3.8155127868918663,1.5163179756685452e-4,3.928492012898942e-4,0.41991132624573524
218445_at,0.3500291011979281,4.597240699710238,3.9209158863260347,9.958639758513612e-5,2.6799022289112365e-4,0.40805221874184916
221795_at,0.6660893661486235,1.0413730069942455,3.7566471232914114,1.9095718669712026e-4,4.862667794357617e-4,0.4080057280730678
1555383_a_at,0.5917989910521915,4.809872707367136,3.924464849558069,9.817008181821204e-5,2.6471081966234725e-4,0.4056337361765019
218862_at,0.21493726910462002,4.990141677048075,3.9668042435624447,8.267942211763274e-5,2.2601292399749927e-4,0.4046331171087312
224693_at,0.3363995474141303,4.5637183258330944,3.9158699624899627,1.0163345494029474e-4,2.728136313644143e-4,0.40231702502888567
225481_at,-0.477353822944778,3.4990440205970468,-3.8702619436001213,1.2203144613300631e-4,3.232746989176302e-4,0.3989287269412358
224626_at,-0.1802614157434802,5.325648598965252,-3.9931657725994945,7.423689920301891e-5,2.0413241816271603e-4,0.3965301532515806
201495_x_at,0.5427591470101715,2.1125154754258864,3.776145250659777,1.769741649439781e-4,4.530284896164485e-4,0.3851793998745521
208114_s_at,0.2502731779302618,4.612464710032282,3.923029000076448,9.874078646335663e-5,2.661826988882586e-4,0.38453324880759254
203480_s_at,-0.18140814427190483,5.164799756603506,-3.9858848047017745,7.648315729014336e-5,2.0987809017656398e-4,0.3839308250528095
226006_at,0.18965047857768721,6.091262491947291,3.99707859223065,7.305574212600575e-5,2.011426793615779e-4,0.3826699353371037
202120_x_at,-0.16925949089781114,6.213268432093711,-4.001504130356947,7.17412963135975e-5,1.9777779398033195e-4,0.3803439767350998
215945_s_at,0.32839747581962586,4.482350248727629,3.9030713776247756,1.0700574880571326e-4,2.862303587904135e-4,0.3779621393633077
208683_at,-0.27093299491020895,8.20514084767898,-4.067920596630938,5.4518957750854694e-5,1.5313623345173213e-4,0.3759693795403152
200716_x_at,0.08639392106575207,10.436254168445728,4.180858272709761,3.388544632997352e-5,9.845803811581404e-5,0.36771301296080416
208974_x_at,-0.20352534146721668,6.893941085086302,-4.012771580317307,6.849522997916725e-5,1.8916973414973416e-4,0.36455850420786984
223343_at,-0.5047565115951861,3.372155556933101,-3.852263193032098,1.3110036018383953e-4,3.4491113915753266e-4,0.360629738096633
205014_at,-0.4829636094112444,3.85480137808962,-3.8912794602290983,1.1219235995776546e-4,2.9920755594412283e-4,0.35693877057993895
213857_s_at,-0.19161820821579073,6.991046824625473,-4.012334792741483,6.861842545364329e-5,1.8946113192909293e-4,0.35337292980539825
1554327_a_at,-0.27121131242052643,4.25998582056493,-3.915944448758935,1.0160294940898423e-4,2.728136313644143e-4,0.3509390272663957
237732_at,0.47717179139124255,0.550750240715843,3.733591254628907,2.0883464914931996e-4,5.271549472989313e-4,0.3488338872878405
218845_at,0.2223752530041358,5.251065188855838,3.9681751712130393,8.221881672190682e-5,2.2481117497238077e-4,0.3458023895224036
221675_s_at,0.26055520089206086,6.39364230564842,3.990724761269882,7.498291295349592e-5,2.0607797497968234e-4,0.3456822511277595
228760_at,-0.2266091386858017,4.520903327574873,-3.9373284857297652,9.319466772134863e-5,2.5231096166257466e-4,0.3434048532566427
200047_s_at,-0.15025128294081955,7.351912822055498,-4.0176244680082425,6.714052189700638e-5,1.8561971898906564e-4,0.3355652867434671
218102_at,0.20408513644500872,5.522587948410888,3.9754790985995307,7.980555133588486e-5,2.1865904640954847e-4,0.3337538903709829
217546_at,-0.7771956513854169,2.3192099417447345,-3.7939972530394996,1.650234990693348e-4,4.25589009516077e-4,0.32572609434265143
212482_at,0.24309968298154186,5.212996332529018,3.9593535459916067,8.522577944386833e-5,2.3243986129892097e-4,0.32279756772353707
208905_at,0.18952090899343457,8.966442310736728,4.078386142361551,5.2192726742893415e-5,1.4702621130597348e-4,0.32076990991667387
228729_at,-0.35896315418508795,4.2481810024317195,-3.914124347597663,1.0235085115601242e-4,2.7453296655842793e-4,0.3186513922278609
201682_at,0.16337546401583528,6.617998156906726,3.9828809766511495,7.74285224023583e-5,2.1241786440370411e-4,0.29716547424291484
207529_at,1.4864681132778186,3.0814369466856117,3.7584138706271997,1.8964849537859787e-4,4.835088841006471e-4,0.29274290888179166
214150_x_at,0.13477025791267117,7.138988997671166,3.9937818984682236,7.404971645516784e-5,2.0366999034254508e-4,0.29051029963305286
210646_x_at,0.07849222818448977,10.67358693454997,4.17725925279692,3.4408733468091527e-5,9.984310987098172e-5,0.2872435089149654
224232_s_at,-0.21709610648931899,4.992818645370234,-3.9549632367285503,8.67608254743238e-5,2.363857383790516e-4,0.28668780904543745
220202_s_at,0.23339889815019865,4.712872247723725,3.9081500544021037,1.0484255047535105e-4,2.8065423369376207e-4,0.28142252866088757
238761_at,0.3163612845094457,4.22049024118894,3.8519261365309867,1.3127611580435585e-4,3.452039834590241e-4,0.280949776870715
218244_at,0.23746783005199845,5.174426928664545,3.9461147645178585,8.993459996005578e-5,2.443493201552314e-4,0.27918540928427493
221884_at,0.3705748376175351,6.296194917041154,3.970404616781308,8.147495528430951e-5,2.228910102044964e-4,0.2758344592087676
225665_at,0.436081628020568,6.040296756907054,3.964948543802375,8.330679838096428e-5,2.2761176512503707e-4,0.27020772360620704
222602_at,-0.2625480605368378,4.951232810412117,-3.949734758616162,8.862310966642531e-5,2.4103055949642403e-4,0.2679998922882625
208840_s_at,-0.2805131415157347,5.05940212510397,-3.95297827952561,8.746342042277622e-5,2.381788568859181e-4,0.26246706832031563
208248_x_at,0.21862268029865864,7.208001902490997,3.9866472015404115,7.624496291488098e-5,2.0933169854103534e-4,0.26200913018841554
212423_at,0.577828380564354,4.546819874624045,3.858215369263125,1.280330382491865e-4,3.3758748185171915e-4,0.25931903930279976
205769_at,-0.3826682896523178,5.037407832642005,-3.9521593198010074,8.775486712698403e-5,2.3885109032809447e-4,0.2554364197550081
213010_at,-0.4158005252667279,3.6839014704976787,-3.8439455293403415,1.3550317046891934e-4,3.549255416218907e-4,0.25513992266834595
218203_at,0.2288074727171856,6.7870165580827555,3.9714558134742433,8.112643733147718e-5,2.22107723775138e-4,0.2434725055840543
223062_s_at,-0.6259161965385291,5.716497765328958,-3.963495385826854,8.380122998831162e-5,2.288459283366766e-4,0.2429108680173222
220081_x_at,0.20986375516773273,5.4965215205582805,3.949292652564285,8.878230385327137e-5,2.413409848211358e-4,0.23601341536672393
210972_x_at,-0.3352756782605714,4.253380332056157,-3.8896743682280097,1.129164693149935e-4,3.0106374708101675e-4,0.2347813643263521
201448_at,0.31919908001479463,5.248383725174502,3.9339355000479075,9.44833070055058e-5,2.554769479934335e-4,0.22978415666749186
203370_s_at,-0.36943323249136806,3.5804798294196107,-3.8228219350104866,1.473207945557471e-4,3.8306982331934915e-4,0.22393219464917635
226779_at,0.33027866257545696,5.207145915530964,3.929110374624711,9.634495416691328e-5,2.599857667481466e-4,0.22329463106718794
227750_at,0.33096459072616874,4.885230740111422,3.901798350417407,1.0755456116478702e-4,2.875547825700932e-4,0.22106948326387332
205825_at,1.046361630029287,2.4073144752377194,3.728239004423056,2.1320449086343872e-4,5.374258142635339e-4,0.22006450278315715
218448_at,0.23911187067480635,5.389067092457599,3.940380858979274,9.204962963028243e-5,2.4940002079646323e-4,0.21797176311476285
211065_x_at,-0.18937033695475541,5.277196380389375,-3.9443692292600985,9.057354093923771e-5,2.458359118525598e-4,0.21224204488100806
212012_at,-0.4139100056810772,5.231139332944635,-3.9456610832066126,9.010025495397242e-5,2.4467529311074946e-4,0.21098597342377
201951_at,-0.3406307544110765,3.577105258343007,-3.8179789387815304,1.501640985716388e-4,3.893291355270974e-4,0.20961721389722765
210676_x_at,-0.25524471838787116,4.47045642371749,-3.8986921713475575,1.0890485854900591e-4,2.9080203131493025e-4,0.20897735869014245
230830_at,0.5977030542572452,2.606395224957768,3.7359163136846982,2.0696275819757977e-4,5.230460081553838e-4,0.19811443562389286
223592_s_at,0.2727298859410244,5.811763899448887,3.943457026047693,9.090915482682015e-5,2.464970325638381e-4,0.19352719108643246
210543_s_at,0.33758160490716904,5.043217684211868,3.908154106444141,1.0484084119911367e-4,2.8065423369376207e-4,0.18974849512139702
208030_s_at,-0.1840670579181582,5.616036015028485,-3.9440945119374597,9.067449005816624e-5,2.4598526512867433e-4,0.18935243227941267
203828_s_at,-0.35498074142048325,6.977592387893499,-3.97120683349051,8.120885721129244e-5,2.222765680389821e-4,0.18256003638580864
201795_at,0.25112206310156876,7.40074937440493,3.9705045330848643,8.144176769954103e-5,2.2285712831805442e-4,0.18071900274182084
203254_s_at,-0.29074137024486213,3.963125566152704,-3.8407992083521534,1.3720474745538668e-4,3.5876847925056326e-4,0.18020585368371833
209130_at,-0.2012149061200482,6.272581071461822,-3.9496659093623405,8.864788321586381e-5,2.4103674438871804e-4,0.17504159645214656
225775_at,0.2635899552413449,4.303375991938373,3.8328496225547153,1.415943735124263e-4,3.6934514814673065e-4,0.16768742034135364
209645_s_at,0.37584092521310164,4.404348585871735,3.8338403802260914,1.4104014671550215e-4,3.679890627771979e-4,0.16396956020873432
1559946_s_at,-0.23394230994072215,6.857394398859485,-3.959518935185733,8.516845811008036e-5,2.3234267678464245e-4,0.1600550426880485
221563_at,-0.33616629038810025,3.832584145204373,-3.8257455584871014,1.4562903310606158e-4,3.7922309957832707e-4,0.15649656738237017
235072_s_at,-0.2773465124323375,5.255686955814421,-3.9301218718779243,9.595184050329651e-5,2.5899019080670584e-4,0.15517559646538182
203243_s_at,-0.2622747084401956,6.306680969381789,-3.9450102918498486,9.033838649341883e-5,2.452597908018236e-4,0.15175302705759375
223434_at,-0.6418652294196071,5.623872348148127,-3.9381841762562138,9.287231871737185e-5,2.5150180748715993e-4,0.15049026076119798
209325_s_at,-0.32690529387668166,3.3156388150111407,-3.7799427565722277,1.7436562649898184e-4,4.4677803316995755e-4,0.14403059987961075
202503_s_at,-0.3519257769318949,7.038244300611665,-3.962998707798784,8.397085958981942e-5,2.2925071834498865e-4,0.14369775293451692
203583_at,0.14906057217491128,5.361928167032479,3.922303508627599,9.903033936050445e-5,2.668441235266114e-4,0.14321423208812423
207785_s_at,-0.20817609558071096,5.116394173588237,-3.921781112210179,9.923933202504621e-5,2.6732485893495603e-4,0.1417312573666214
202593_s_at,0.24561153678276396,6.084375745851362,3.9336903414851436,9.457706771692114e-5,2.5566594157238866e-4,0.14107912739325368
223013_at,0.19752114171774277,7.393196920510615,3.960504802824504,8.482752884096529e-5,2.3147155284596564e-4,0.13898999115622068
214110_s_at,0.4175682010679234,4.040938786248658,3.792452062421253,1.6602700705177964e-4,4.278680121591809e-4,0.13799268022702726
211653_x_at,0.5051189375779166,3.9408306750346496,3.7794405793399326,1.7470848377272997e-4,4.4744250218915993e-4,0.13647588673102984
212239_at,0.32092326215147,4.375309289022648,3.8255595385559538,1.4573612517477694e-4,3.794097470224509e-4,0.12871269887059
201219_at,-0.22815165137594828,5.025995708602507,-3.915307734728099,1.018639927375872e-4,2.7336396648240777e-4,0.12810105259574645
218857_s_at,-0.417571178219026,4.648001150288548,-3.9002365588125065,1.0823150038365068e-4,2.8922027029435013e-4,0.12703515913238217
201949_x_at,-0.1829783605094783,6.615196092663884,-3.9432899309010776,9.097075926188618e-5,2.466016558635088e-4,0.12485335598040681
218140_x_at,-0.19121202085767167,6.439957358116125,-3.9387799968579706,9.264848978300495e-5,2.509591077232192e-4,0.12178601370638376
226031_at,0.26211481628534006,4.946566683941066,3.886109793351656,1.145404060960645e-4,3.050140120574544e-4,0.12022746266289008
203680_at,-0.5163937175266001,2.7186232793690834,-3.746570107865636,1.9858578211542758e-4,5.041349487683829e-4,0.11941702969206425
202067_s_at,-0.2675997322992602,4.4313062639876115,-3.8699667269921116,1.2217528927520291e-4,3.235757414104447e-4,0.11289869390415497
212086_x_at,0.24314376886197797,5.790539768245961,3.922289446683371,9.903595959505338e-5,2.668441235266114e-4,0.1128194638533806
227566_at,-0.6140044253387038,3.3802389710861642,-3.79008969241005,1.6757235915233355e-4,4.317466771522244e-4,0.1079808469251482
222760_at,0.33930342862757407,6.049781480671641,3.9212071178024206,9.946944865803286e-5,2.677427646918357e-4,0.09871936935063186
213923_at,-0.20787494461054937,5.130749230564848,-3.9107376351184557,1.0375638132864721e-4,2.780940988676001e-4,0.09817120508012778
204118_at,-0.3666296362878668,3.961941120630901,-3.8249029215432913,1.4611473579370597e-4,3.8021063020596843e-4,0.09789835322260387
206226_at,0.28490821835386915,0.7544268081825588,3.6681219518717287,2.685776398900816e-4,6.638837692991334e-4,0.09738027657691806
212660_at,-0.22234938260220408,4.789224754312526,-3.8913687029658792,1.1215222882221861e-4,2.991750068158436e-4,0.08862385810829299
202498_s_at,-0.4221347818405525,3.228862944975893,-3.7632311478077867,1.8612298507916106e-4,4.7508590401549976e-4,0.0865854034800222
202628_s_at,-0.4914293001154142,4.07171522974198,-3.841118684503658,1.3703105365684372e-4,3.5840177681293136e-4,0.08354229040118177
201074_at,0.2090301332525495,5.969795317499118,3.9169241588845827,1.0120251913674832e-4,2.7192941748482185e-4,0.08164317062739013
203381_s_at,-0.5204218966859818,4.570561971587064,-3.8865294223217433,1.143480921379537e-4,3.04577600963177e-4,0.08127611146722558
204702_s_at,0.41851779786732757,5.188080485077494,3.8856879835314495,1.1473402779414129e-4,3.0545368781278217e-4,0.08066644827730673
222834_s_at,0.289296907157892,4.1735593306579775,3.7951387379399284,1.642858516068561e-4,4.2389073416769014e-4,0.08020898856052927
234970_at,-0.3384018039124968,3.9140269689931233,-3.812613814928976,1.5337439857407312e-4,3.971718472139341e-4,0.07956004392518778
227158_at,-0.24255241897467333,4.544402912946517,-3.869706271623583,1.2230232821814238e-4,3.2375212310377057e-4,0.07596901791846111
242476_at,0.53666635478824,3.0923897828497493,3.717594618839232,2.2215222296431054e-4,5.584037458040026e-4,0.07492360549509947
209004_s_at,-0.22794287640578365,5.959614948928049,-3.9189953930483,1.0036086960901148e-4,2.6980326126006024e-4,0.07476598181211092
208095_s_at,-0.19872235553355355,6.485140240391589,-3.927346255926668,9.703422223545404e-5,2.6171390302326766e-4,0.07402827116489075
213729_at,0.25329814843232606,6.124756928461976,3.9158874682029663,1.016262847715725e-4,2.728136313644143e-4,0.07150064332026407
202004_x_at,0.18289302143826772,6.165528086166714,3.9168152906468108,1.0124694222744435e-4,2.7198056471479723e-4,0.07064504760121171
219485_s_at,0.21202654178558833,6.0663291912427,3.915173090090889,1.0191927630085914e-4,2.73443828452568e-4,0.07021335029151743
209025_s_at,-0.22725541748941885,6.033777097751508,-3.918703894628832,1.0047891855438854e-4,2.700528485883503e-4,0.06983448378657897
226302_at,-0.40483088102158304,6.585951530162066,-3.9309856950156825,9.561732253046421e-5,2.58217387514208e-4,0.06537900774964367
204673_at,-1.0662667007027304,5.981324013106571,-3.9282503463591376,9.66803991648528e-5,2.6082526221432085e-4,0.06417357878051
226092_at,-0.20637775614245213,4.670425755680418,-3.8750094713965093,1.197401086799102e-4,3.177772615011809e-4,0.06312375056875741
200042_at,-0.17351605613068705,6.370971989193207,-3.920194767752356,9.987653537200665e-5,2.6863603400459633e-4,0.05702293853864404
213374_x_at,-0.2540106964551594,5.633604775736656,-3.9088335068295303,1.045546217698976e-4,2.800234157552282e-4,0.05139939500156565
203333_at,0.2747476488335674,4.7632479526591895,3.8484840710137065,1.3308374736900863e-4,3.4944269254024254e-4,0.04982373765161796
218223_s_at,-0.341937292529634,3.590299909837131,-3.773935701913811,1.7850881141223934e-4,4.5673869038913783e-4,0.04394375922022142
204529_s_at,-0.5337128821910615,2.719594932602285,-3.7259759312717655,2.1507795441593104e-4,5.417658419134421e-4,0.043357070920232665
213518_at,-0.2373709789909046,4.835257321039504,-3.882094444765471,1.1639615395992994e-4,3.09724788219754e-4,0.038242909120429935
207483_s_at,-0.18599373610341607,5.546687368394377,-3.9033566201234677,1.0688314235217814e-4,2.8597380220251857e-4,0.03768809487497027
1554006_a_at,0.28768639288938164,4.774851957132019,3.8440857329925624,1.3542781218737912e-4,3.548149063251143e-4,0.034344815944707285
217940_s_at,0.22100004379952068,5.7110973718595,3.900530565812573,1.0810375947357266e-4,2.889509918264431e-4,0.033882837851064274
211961_s_at,0.1386261435683407,6.370497991774028,3.9101289855867063,1.0401090747419875e-4,2.787065662258857e-4,0.03333463938101122
202746_at,-0.5052928269905528,2.623602082328938,-3.717140252073698,2.2254192389534508e-4,5.592520832021656e-4,0.03183189503750139
200893_at,-0.11830915109388221,7.866663982932489,-3.9570773218215747,8.601840655973538e-5,2.344822365074924e-4,0.03133630881117355
213086_s_at,-0.15930430629361378,6.658661823711543,-3.919276481845088,1.002471606234905e-4,2.6956521881512394e-4,0.030682038259454814
236565_s_at,0.5470278210015748,3.2095176136192327,3.709690467776066,2.2902394096108262e-4,5.745712562628639e-4,0.030594970004116817
225771_at,-0.16243859129782454,5.368897706449684,-3.8980555234725287,1.0918359125590234e-4,2.9147366387353144e-4,0.029782467732590412
224619_at,-0.2192985713052189,6.715553190504259,-3.921222056505868,9.946345327577705e-5,2.677427646918357e-4,0.028683273594872105
222036_s_at,-0.30060673965274,4.615094934150762,-3.8658384889118116,1.2420362515191638e-4,3.279792297828185e-4,0.022395727259143072
227413_at,-0.22792729215500934,4.486500023900687,-3.8490077241863587,1.3280723762455938e-4,3.4880214186612025e-4,0.022165205567710622
218111_s_at,0.29351429196899254,4.852551739494495,3.849236341852619,1.3268668869092452e-4,3.4857098968756116e-4,0.020115761112013963
213668_s_at,0.40707176527106576,3.9515682590152834,3.75174504220814,1.9463303959940488e-4,4.948039281510262e-4,0.0145875027533231
214864_s_at,-0.18885354673546167,5.76669708710663,-3.8997664784418737,1.0843603886086162e-4,2.896223595902295e-4,0.012579971171978066
200644_at,-0.21833715523521427,8.21097077837499,-3.973092973137194,8.05864596484711e-5,2.2068577254960914e-4,0.011849197268743339
227384_s_at,0.5141953526336804,4.950452941551263,3.8385042214544436,1.384586201286318e-4,3.616940252226365e-4,0.011824052531417273
213670_x_at,0.2524838842748313,5.016114027770613,3.863143901581231,1.2554468728814524e-4,3.313526077649421e-4,0.011776492139306427
223598_at,-0.18294475325767479,4.796235339240917,-3.8698853144437932,1.2221498541074572e-4,3.236008746182202e-4,0.011234859993591861
235201_at,0.614196450773992,2.7052951555583244,3.6839847627783606,2.5278086458743287e-4,6.291917756331712e-4,0.0050903550865664116
209398_at,-0.44474688078111724,4.186092862775127,-3.8276414752011996,1.4454177976854431e-4,3.765749237987391e-4,0.003621905036244044
208965_s_at,-0.4532590840809639,3.4990736589295217,-3.7608091715067067,1.8788770724588254e-4,4.79206444114065e-4,0.0013067409406257724
227776_at,-0.2729542699190184,4.8135097052898015,-3.8714503439525694,1.2145402059410881e-4,3.2190423617632055e-4,-0.0013137974467936075
222067_x_at,0.38723844903192395,5.443226274601675,3.8788118803584153,1.1793432218534322e-4,3.1350630113438757e-4,-0.006707722798992677
208117_s_at,0.24758300897618116,5.260456109028501,3.8751095176422976,1.1969226306062707e-4,3.177772615011809e-4,-0.006938901734123704
203856_at,-0.257163758404006,4.678521512935906,-3.859783528069943,1.2723628340483302e-4,3.356518847860074e-4,-0.010526369482359854
1554482_a_at,-0.2252657769833005,4.50869228769005,-3.842346617953748,1.363653785373762e-4,3.570966268078492e-4,-0.01121256648572011
212789_at,-0.23359235678341236,4.915653515239058,-3.8717607944965207,1.2130360351825242e-4,3.215851285550701e-4,-0.01805405960385098
217993_s_at,-0.16444976925087432,7.165044444950305,-3.920207341609154,9.987146950771097e-5,2.6863603400459633e-4,-0.018735238499593798
222029_x_at,0.20960577450461812,5.034855631285055,3.8586627905436637,1.2780523164559885e-4,3.370697800638357e-4,-0.022831379010122888
206032_at,0.6572100258589956,1.0865337838013946,3.63454741267267,3.051229149697833e-4,7.468087247135684e-4,-0.023962499911795554
226464_at,-0.1982345789179501,5.1911841138751305,-3.8795040800196694,1.1760837555009169e-4,3.1271743044629743e-4,-0.02638890708906061
223059_s_at,-0.4142872332356862,5.048046102964191,-3.8781814152773793,1.182319420824064e-4,3.142194977744529e-4,-0.027691412140685934
201516_at,-0.26441458572391235,5.176416003072872,-3.8795635790471836,1.175803981278885e-4,3.1271743044629743e-4,-0.028447752005373417
203166_at,0.2289063536196287,6.0579237803141,3.8874061519917062,1.1394727624402752e-4,3.0358546888889997e-4,-0.033896032812592125
211296_x_at,0.08784716504475361,10.690360230968176,4.096982987591208,4.829000062048447e-5,1.3667920122780716e-4,-0.03751643428070395
220645_at,0.996552245496848,3.9062957966328775,3.7076694044012855,2.3081286050912332e-4,5.785245857340219e-4,-0.038457934056306264
202166_s_at,0.2339381889071668,5.303702075453577,3.869468227015584,1.2241854537086436e-4,3.23979712588456e-4,-0.03875107911685394
202119_s_at,0.2318243223219891,6.991999616557018,3.9018133728047535,1.0754806939124784e-4,2.875547825700932e-4,-0.040716834306567584
217428_s_at,-0.7984275333030256,2.7113837253395974,-3.7122913222541936,2.2674102399261587e-4,5.690036519168175e-4,-0.041524419543018
210299_s_at,0.6193385396734619,3.031429788798523,3.679831300635764,2.568304025912148e-4,6.377895463513408e-4,-0.04422079907584742
209901_x_at,-0.32153997457518346,4.524795621909,-3.8396596742378373,1.3782598839054682e-4,3.602170806606314e-4,-0.04700651401809797
204636_at,0.48741938211832725,3.254325811990405,3.6910044360108403,2.460730261170362e-4,6.134932112617661e-4,-0.047130342719095886
200043_at,-0.13821121872018985,7.845387164138318,-3.935048207750513,9.405885804570006e-5,2.544577136978749e-4,-0.051737156651499916
200059_s_at,-0.13581369148788042,9.201473956775946,-4.008322584504928,6.975994186692359e-5,1.924145873378868e-4,-0.05694371019911415
225469_at,0.2705680168251509,4.988621957583989,3.8412058750454388,1.3698368572191263e-4,3.5840177681293136e-4,-0.057992511786926215
203566_s_at,-0.3056328261829822,5.07229010202994,-3.8685208855955584,1.228820877817654e-4,3.249656396953969e-4,-0.06133386711991751
243_g_at,-0.19930657944838817,5.453799721105057,-3.8753601157955373,1.1957249757936931e-4,3.1754590147937116e-4,-0.06303180312155288
222404_x_at,-0.2887486993547469,7.256401611884257,-3.9136281427920205,1.0255564989472011e-4,2.750134361256913e-4,-0.06553183429027687
203939_at,-0.5086369848915165,4.579928607945436,-3.847196851682554,1.3376576424604865e-4,3.5106139940419386e-4,-0.0660438260991798
214736_s_at,-0.18547814296299084,5.666613921231969,-3.8775381345678426,1.1853634370007744e-4,3.1495035963763135e-4,-0.0661166277791354
202408_s_at,-0.17871699804424362,5.142022559514861,-3.866618725020414,1.2381784680888131e-4,3.2719797554601516e-4,-0.06755730043767993
213975_s_at,-0.5034218060389944,8.070704023698992,-3.9557989526396113,8.646661821586627e-5,2.3564408062746764e-4,-0.06840570656716416
202431_s_at,0.40556927058671893,8.01041865343402,3.921438366309776,9.937667952223304e-5,2.6762754341922644e-4,-0.07031666391661506
202417_at,-0.15559567685819198,5.332756717391404,-3.870396902344554,1.2196574135045454e-4,3.231805557970367e-4,-0.07151296720003053
225061_at,-0.24099066089845933,5.23930311958058,-3.8691513502097092,1.2257341164801234e-4,3.24309448996087e-4,-0.07253523366515591
225009_at,0.2825790852847743,6.545307406145452,3.8829003582199473,1.1602142437304989e-4,3.0880435262322574e-4,-0.07419215865316797
200647_x_at,0.2374143724462921,8.413934138780462,3.943464425991557,9.09064275384561e-5,2.464970325638381e-4,-0.07604643835835212
208629_s_at,0.241928048723408,5.564393516386387,3.868058748218205,1.2310881731771503e-4,3.25404579305374e-4,-0.07648320475407466
206453_s_at,0.31959524890381186,5.248892066366058,3.851841210788016,1.3132043480883267e-4,3.452357835845459e-4,-0.07976961072209843
218528_s_at,0.20307865593016158,5.184749833505255,3.8530753900685215,1.3067775904133553e-4,3.439682635404982e-4,-0.08042075306149155
204895_x_at,-0.631849026661838,3.1387670834951025,-3.717691688478696,2.220690516756257e-4,5.583256865996193e-4,-0.08859454750427709
211596_s_at,-0.35908908355833524,4.896657177115041,-3.8522970311498845,1.310827278344563e-4,3.4491113915753266e-4,-0.09920323186223179
228478_at,0.39399618974480605,4.481244882803491,3.7694096540810316,1.8169164878073312e-4,4.6421717943906366e-4,-0.10012409526838706
213786_at,0.30726048590137556,4.123380877828113,3.739981764187743,2.037276089699969e-4,5.160874615501482e-4,-0.10286853898757897
207814_at,1.4148933843586404,4.1746163444103725,3.6880111980180272,2.489125577433042e-4,6.202838406848145e-4,-0.10353589882710423
213125_at,-0.4247642288227734,3.799675484510013,-3.754631788155256,1.9246040597883392e-4,4.899782151262471e-4,-0.11705440370040865
227919_at,0.904282566008029,3.8054770409255583,3.6832508165845375,2.534920508406332e-4,6.303761236433852e-4,-0.12232061566814956
236300_at,0.5858943338883965,3.087600460706612,3.6603036223802583,2.7670048275403803e-4,6.830166524755783e-4,-0.12315974620859826
209774_x_at,-0.6452069265455019,5.6251939699016305,-3.865951375124374,1.2414773970814713e-4,3.279792297828185e-4,-0.12342062639842055
203581_at,0.20263297630476138,5.265697006688655,3.846054566146783,1.3437375399710008e-4,3.525201251345685e-4,-0.12351532124726283
214280_x_at,-0.21546847410723455,7.238315360912005,-3.895945448968727,1.1011224254861493e-4,2.9387953523251416e-4,-0.12368763079962264
211603_s_at,0.38862335250295027,4.148596660196963,3.7302109408730084,2.115845814135326e-4,5.337192419786142e-4,-0.12393769956532896
201834_at,0.2677779069700465,5.073794313541305,3.829445354093089,1.435144273301421e-4,3.74171345823269e-4,-0.12789502435068467
201119_s_at,-0.1747519098673938,8.25042026610213,-3.936464914557842,9.35210595364427e-5,2.5313064952347413e-4,-0.1305654320454499
207467_x_at,-0.22376956490748226,6.794080568341672,-3.88118867796928,1.168186788602501e-4,3.1077191622295986e-4,-0.13103567540349914
219143_s_at,-0.30564108574206,4.400342082311545,-3.804479395339226,1.5836556857913881e-4,4.095028569124581e-4,-0.13109669988366246
219115_s_at,0.4596797675701969,3.3451636778021583,3.672818172243016,2.638068245657832e-4,6.532969282416171e-4,-0.13167274300922926
208682_s_at,0.26274963978593174,5.539001426407082,3.850157269354898,1.322021345747948e-4,3.4738323956334967e-4,-0.13954742607638693
1554572_a_at,-0.24526422716423,4.152457160826203,-3.772762451084862,1.7932878693049614e-4,4.5840069387239105e-4,-0.1397332558433746
218631_at,-0.2400886043829493,4.851650626759566,-3.834329708969089,1.4076717418383918e-4,3.6736631839987064e-4,-0.14292432451627768
224600_at,0.21884637923740266,4.965921152361307,3.8200134832860195,1.48963372027006e-4,3.8668393615830265e-4,-0.14397122941507412
224917_at,0.35076556923412866,7.631573274185538,3.88942842019493,1.13027814310351e-4,3.0128563690141587e-4,-0.14721511814249943
213539_at,-0.2998865084250971,4.5315780121809475,-3.8118292314435935,1.538492598524867e-4,3.9830524910577334e-4,-0.14741956992409655
224806_at,-0.22567865614496374,5.608099113695596,-3.8543335843413606,1.300256380781105e-4,3.4233587140103166e-4,-0.15166966566443207
201393_s_at,0.2284845445182806,6.214727619361951,3.857958671110734,1.281639104848834e-4,3.3784940281116044e-4,-0.15241982946141963
201698_s_at,-0.16848658505013822,6.81195315145528,-3.874851560933113,1.1981566379363959e-4,3.178764750424123e-4,-0.15278713350241446
234983_at,0.2387549613560687,5.547527212903941,3.8460289886331296,1.3438739765234554e-4,3.525201251345685e-4,-0.15772788016837946
201484_at,-0.2620390471440389,4.82755026134846,-3.826624285465495,1.451241519510295e-4,3.780002528206611e-4,-0.16973537889946844
212088_at,-0.18552660985719507,6.202381221037517,-3.8564023481037744,0.00012896008039804256,3.3961389904233776e-4,-0.17322612354580613
235463_s_at,-0.27111633964532494,4.195458598623615,-3.76756973169724,1.8300076462640427e-4,4.673390206061189e-4,-0.17779847505894075
219787_s_at,-0.36937074505544903,5.5562764604326675,-3.8479041948160804,1.3339057976923568e-4,3.5016252905361965e-4,-0.1783553189757816
202352_s_at,-0.19692172382625275,6.059759802641585,-3.852062346674675,1.3120506324151545e-4,3.4510185183067886e-4,-0.18192428763363377
202404_s_at,-0.5455373698301255,8.522419020654702,-3.9501643218594875,8.846869095731794e-5,2.4067168263731516e-4,-0.1950287111091651
210058_at,0.29174948151843433,6.153806897001845,3.8447791297555054,1.3505569903259743e-4,3.539265420098377e-4,-0.1965951259490888
204766_s_at,0.28371647161231106,4.326091075976378,3.7349299534043126,2.0775493256225644e-4,5.246767073407481e-4,-0.1973112602154945
212180_at,-0.16167315751939115,5.424652343996999,-3.838516534450738,1.3845186409996237e-4,3.616940252226365e-4,-0.19793030301158865
209059_s_at,-0.18001518378740283,6.997215015241668,-3.868085280859598,1.2309578942674217e-4,3.25404579305374e-4,-0.19827379712576132
205943_at,-0.5704919615765789,2.9631599572374765,-3.6698445854646224,2.668183028355456e-4,6.599917982630339e-4,-0.21184167474768678
200907_s_at,-0.41626351250840493,6.290514475437935,-3.850228088232138,1.3216494191340702e-4,3.4737071214875593e-4,-0.21476534277078407
225493_at,-0.16528405790633746,5.050010852909817,-3.8226536960642026,1.4741870886659828e-4,3.8323140696138494e-4,-0.21733085724143386
202199_s_at,0.2787969929471813,4.43434614081558,3.7414822963927246,2.0254561762724686e-4,5.134574542453136e-4,-0.21801288981641687
216025_x_at,-0.31152622050658507,2.0564025798726178,-3.620322797431714,3.219729635547523e-4,7.842874848936019e-4,-0.21818098006820463
209058_at,-0.1707873621664433,7.14707263948213,-3.865835039359846,1.2420533326135485e-4,3.279792297828185e-4,-0.22267074558215416
224690_at,0.3304207961912025,6.515263854329736,3.842066492611822,1.3651696780764893e-4,3.574062258365941e-4,-0.2236435945056794
228303_at,0.4188770541667301,4.2158143403950685,3.705911287481884,2.3237972339139456e-4,5.820631229113888e-4,-0.2273777444734728
210792_x_at,-0.19553641094110819,4.812816107282338,-3.8076730758961737,1.563879641732998e-4,4.0458446273570656e-4,-0.22740576842143145
218593_at,-0.2149417581772701,4.663411701878545,-3.797192348937824,1.629665987737476e-4,4.2079083457776767e-4,-0.22790297062680143
203987_at,0.35132536794291297,4.304075687781908,3.719037254820739,2.209191576642811e-4,5.556954534063028e-4,-0.22831654054044836
210854_x_at,-0.447555680641123,5.196969107136559,-3.8281444869140753,1.4425460636956303e-4,3.760096345589121e-4,-0.23096154479582065
1553114_a_at,0.2769705753095218,4.898272056378509,3.7845272753999963,1.712647899723062e-4,4.3977940914988406e-4,-0.2325285304163831
210619_s_at,-0.5420496049535194,2.8883630470366692,-3.6572281245670006,2.7995859054512795e-4,6.905791711459037e-4,-0.23561474028326224
219478_at,0.5034385263143237,4.494159927719135,3.7232433273665566,2.1736077376925342e-4,5.472587472126937e-4,-0.24103164485571327
32811_at,-0.19946384937786582,5.111464184691927,-3.8190281765646388,1.4954373378581634e-4,3.879084794303754e-4,-0.24188089655346978
218195_at,-0.2332222337359748,4.607455954891632,-3.7897319783152033,1.678075385138814e-4,4.321447500238489e-4,-0.24413227641655144
201819_at,0.31240685726709266,4.470752357383357,3.731376638541344,2.1063244068519587e-4,5.314426135328552e-4,-0.2511152605697209
201018_at,0.33848851555823106,5.589376390468842,3.8194427931203463,1.4929925819950811e-4,3.873681165152168e-4,-0.2529902704222513
1553962_s_at,0.38615776513772143,3.7613210910190324,3.66471794860863,2.7208628143420813e-4,6.722463867630701e-4,-0.2538115138856343
229218_at,-0.5574799180214957,4.585754300429299,-3.7980083853816784,1.624451520586103e-4,4.1964671184082275e-4,-0.25650531531514265
206268_at,1.6851427434879296,5.228900864501572,3.6992537230891394,2.3840423735520862e-4,5.960384118521236e-4,-0.25759414251852597
224629_at,-0.23781829199481697,7.101171568759781,-3.8565644609302727,1.288769305907966e-4,3.394783765476282e-4,-0.2579451032075646
1552610_a_at,0.25024749770573573,5.317837058224127,3.8107090251814997,1.5452965912486047e-4,3.998734874890411e-4,-0.25802028990450143
211126_s_at,-0.2725565691118066,4.121061700695912,-3.73662346691446,2.0639657499951832e-4,5.219845391807931e-4,-0.26354102052854955
225913_at,-0.20621179237289924,5.512740507266353,-3.8223353146451986,1.4760417361139012e-4,3.8362045412392584e-4,-0.26505287895620544
201285_at,0.18692735235388813,6.724702045284481,3.8359812028038625,1.398495660681274e-4,3.650605266295928e-4,-0.2673666483494701
222088_s_at,-0.4584876513280124,3.3714528417478378,-3.6748532079146807,2.617643059398293e-4,6.485386238513855e-4,-0.27397335329785744
203133_at,-0.13223908312771257,7.804652458859733,-3.8745013390409944,1.1998339466557913e-4,3.182426608200914e-4,-0.2741054948853989
218678_at,0.41243001661019296,4.121755654430287,3.6850016576467066,2.517986044913597e-4,6.268925052093741e-4,-0.27423080311176307
225017_at,0.3254445299740664,5.300885556542003,3.802347596754551,1.5969873875502203e-4,4.128505280604611e-4,-0.2743956289358902
203029_s_at,0.5994897416074082,4.1721022094467655,3.676120504554707,2.604998716658768e-4,6.455551989721347e-4,-0.27799095689209175
201585_s_at,-0.17010750629847834,5.563380996468148,-3.8180897617925273,1.5009845958056738e-4,3.8925315843297463e-4,-0.2824746925638131
201438_at,-0.4718740358283732,7.61772985493643,-3.874991709489435,1.1974860493608392e-4,3.177772615011809e-4,-0.2829233482222371
221517_s_at,-0.19524253611986764,5.22658482716793,-3.8114684359659967,0.00015406809319476431,3.9877542459422813e-4,-0.28446468251953316
1555778_a_at,-0.754394565651794,5.3844811326675615,-3.8200853053985515,1.489211508861853e-4,3.8666802943376224e-4,-0.2847363371064322
203387_s_at,0.35477146739376614,4.6908749714047175,3.7422528717306482,2.0194113757899884e-4,5.121674732206e-4,-0.2924923104488979
211931_s_at,-0.1662006779641494,6.838739778498574,-3.8378280761975248,1.3883009329342214e-4,3.625760091302856e-4,-0.29426682307712504
213136_at,-0.20051474598732028,5.531276845096668,-3.814626970483416,1.521622777200118e-4,3.941282594812588e-4,-0.29464357294630084
208625_s_at,-0.17785373579708938,6.044050275897021,-3.8211615301359423,1.4828983602499453e-4,3.852155706439783e-4,-0.29558163373237445
227477_at,-0.2126689762816961,4.7219021129884355,-3.78223057685715,1.7281165133401137e-4,4.433264417483869e-4,-0.29845045870263487
228221_at,0.3985688912132686,5.201878320978775,3.785967137549185,1.7030169098890543e-4,4.375160708786916e-4,-0.300365164678678
207249_s_at,-0.6494910822600183,1.9988098116970177,-3.6019170103362903,3.4507372072193964e-4,8.33357702906704e-4,-0.30143072304736496
225857_s_at,0.39808169144010624,5.675217702725139,3.8066348397720815,1.570282939191844e-4,4.061429533452975e-4,-0.30457272781812517
202939_at,0.17370235181538451,6.572878364040897,3.823093633006821,1.4716279718747518e-4,3.827518927578105e-4,-0.30488532919187605
201209_at,-0.1780868808085706,7.560817662803822,-3.8576228969679054,1.2833528882938785e-4,3.3813476370615645e-4,-0.30623431283533176
229777_at,0.4807722399573924,7.036950003602691,3.828012479357704,1.4432991834778536e-4,3.76114428426131e-4,-0.3062807021959042
202933_s_at,-0.2420686106855382,5.845330035828952,-3.8159427536017723,1.5137493745739114e-4,3.9227859336744825e-4,-0.307396999314566
211047_x_at,-0.16550797915586274,7.245332988498502,-3.845863916778179,1.3447548239847447e-4,3.5266483303178877e-4,-0.3088240134862783
201319_at,-0.15249954485627232,7.136349527407386,-3.8411595562573213,1.3700884736612428e-4,3.5840177681293136e-4,-0.3125875168487573
217109_at,-0.7756839936075074,3.9173728559826646,-3.73478756917711,2.0786952103856205e-4,5.248423707014177e-4,-0.3127453377818892
230615_at,0.6554569725550834,4.017276501212526,3.651822089961947,2.857731515201253e-4,7.033052543613835e-4,-0.3161316836311405
224881_at,0.22220031945867866,4.7659748625640965,3.7535159813855454,1.932974648160801e-4,4.916419137166824e-4,-0.3163536140401968
217997_at,-0.5026129380504302,4.696857454363152,-3.787557843145465,1.6924363552313208e-4,4.352153306191344e-4,-0.3166352675612636
210036_s_at,0.41449132303409686,3.935948529521943,3.655254052289341,2.820688338088012e-4,6.949869863370947e-4,-0.3242408363840017
222603_at,0.26615661577506183,5.157954116225021,3.781185857417857,1.735196373450559e-4,4.448231334954735e-4,-0.3296254719347207
209098_s_at,-0.35689337661097614,3.4579444023073886,-3.6595921974834305,2.7745096554712684e-4,6.845537065652625e-4,-0.33203061877289297
219614_s_at,-0.5773428278439218,1.8871092778815481,-3.587544264074734,3.641842199175084e-4,8.761521553955238e-4,-0.33305603588094623
203244_at,0.19222187383718695,4.915674824380829,3.7647475483227697,1.8502605755923963e-4,4.723985115901178e-4,-0.33461537436164157
203484_at,-0.15664214161729323,7.046242087022073,-3.8317626679115215,1.4220477849078117e-4,3.708470769161973e-4,-0.33793867199788696
211986_at,-0.3011207485721694,6.6298250690386995,-3.8221327293682745,1.4772229901448535e-4,3.838343413393601e-4,-0.3415909805037982
232202_at,-0.32302199724107417,4.493580983352192,-3.7575915281505115,1.902565779995983e-4,4.847131320118185e-4,-0.3430187649054801
228600_x_at,-0.3785022518193832,4.352914756096331,-3.7455196058553137,1.9939736240749564e-4,5.059554579515635e-4,-0.34306079028137404
227357_at,0.3022108001899741,4.902363860554572,3.7531728371900193,1.9355557460076726e-4,4.921815501300783e-4,-0.34335156805095846
242961_x_at,-0.2912635834650626,3.7103744269444854,-3.67254160862843,2.640855588007696e-4,6.536849795361933e-4,-0.3445916215370888
217628_at,-0.3911890915285176,2.7386347276179266,-3.6118821902026412,3.323803294931682e-4,8.057910092465063e-4,-0.3456097800203679
213225_at,-0.22188838688474452,4.420777216230554,-3.7418674927993303,2.0224323644443882e-4,5.12812258468467e-4,-0.3483933452500878
51200_at,-0.1860346574141653,5.111566495372064,-3.7897970838319517,1.6776471168606424e-4,4.321383400559765e-4,-0.34970651038863654
204278_s_at,0.26930692665366224,4.224857220849854,3.6828907894045866,2.538416009423016e-4,6.310988792979525e-4,-0.35230057093380207
223344_s_at,-0.36533167657246013,3.7507760781180512,-3.6792221815028343,2.574293848112902e-4,6.389807691110639e-4,-0.35710553075817497
202992_at,0.6079633262598353,2.0793573192477375,3.5609597300815605,4.0217328722120377e-4,9.600005405527532e-4,-0.36150381103403717
222420_s_at,0.2208425981803115,5.431524753554499,3.7878529537241077,1.690480262925862e-4,4.348445662359922e-4,-0.3619867293813055
200041_s_at,-0.16307940889264028,7.982539660836156,-3.8604341784964316,1.269070764792121e-4,3.3486588924182243e-4,-0.36224113851894923
210532_s_at,-0.1521440191623647,8.065942780077187,-3.8644095146104203,1.2491311202847774e-4,3.2976692192239574e-4,-0.36227055231692074
212434_at,-0.1927659183498195,4.997291802197204,-3.7798678469104825,1.7441673014135197e-4,4.468021114309669e-4,-0.3697778884630756
204185_x_at,-0.22205018065101748,5.564566488971724,-3.7929607612389216,1.656960039573894e-4,4.272205271710018e-4,-0.3774020821787607
222525_s_at,-0.21663378942223033,5.125570726299495,-3.782957077855128,1.7232092273298621e-4,4.421734240092171e-4,-0.3792627486968403
210511_s_at,-0.5413011959594834,4.288921540267271,-3.7403036587257015,2.03473501786121e-4,5.155656633478511e-4,-0.3798398565156562
226965_at,-0.16436696798090872,5.673186517396737,-3.7927013556711118,1.658647176079769e-4,4.275526274625256e-4,-0.38204091845235055
201629_s_at,0.24531668828251538,5.6995063857411035,3.788291915835705,1.6875746190305542e-4,4.3438219350490934e-4,-0.383735165725537
212489_at,-0.47139964432641424,4.5446746222095715,-3.7571158312254442,1.9060917138568443e-4,4.8549597076910064e-4,-0.3855912169205995
210881_s_at,0.6868545005549243,2.2418306834725086,3.556850490673878,4.08366510037328e-4,9.736991813999319e-4,-0.3858893377900081
217868_s_at,0.1538016474016075,7.297255051581321,3.8196999620768515,1.491478100812874e-4,3.870689170060155e-4,-0.3860389467888252
219862_s_at,-0.1805343575413049,5.4270541243160135,-3.7879940435963046,1.6895458254230142e-4,4.3478511716927095e-4,-0.38616260895054655
206441_s_at,-0.17517920212035418,5.854136057470516,-3.7940048637951826,1.6501857053509048e-4,4.25589009516077e-4,-0.3867116172308602
218286_s_at,-0.16062130485824833,5.376611093508149,-3.7866337962693586,1.6985750670333558e-4,4.365843256508719e-4,-0.38689090790357383
208661_s_at,0.3148785128556456,5.989838933873514,3.7886512975261466,1.6851992538171755e-4,4.338750205754242e-4,-0.3957460438833609
229292_at,0.2962640464404992,4.288223130668547,3.6738570556573005,2.627622562995177e-4,6.508605899969325e-4,-0.40062657483306907
210183_x_at,-0.13809836102180711,8.380247529594234,-3.869030642537694,1.2263245345573584e-4,3.243855491040242e-4,-0.408944702847192
208893_s_at,-0.3147571083108904,5.6242008811948425,-3.78605774232489,1.7024125817554123e-4,4.3746572291546496e-4,-0.4093106283766881
56197_at,-0.19682346925876923,5.4660182326519875,-3.780326821809186,1.7410383752078693e-4,4.462139740096149e-4,-0.41733873416714484
203903_s_at,0.42456149295121876,7.126974793488388,3.8011007257794174,1.6048340010356977e-4,4.147789301108668e-4,-0.41774501354739346
227819_at,0.5259464287886872,3.4025468577557767,3.589958558744111,3.609062358702232e-4,8.690466407906723e-4,-0.42117251207661965
209503_s_at,-0.1498927492127044,6.54672485173764,-3.7957824078945466,1.6387127364244993e-4,4.229228991885247e-4,-0.4219502358309457
216559_x_at,-0.13830676223533708,5.8118883642674986,-3.7834343781195408,1.719992370900532e-4,4.415595080147951e-4,-0.42236515255375195
217758_s_at,0.19131425673315575,7.528666921690166,3.81634117915051,1.5113728659797953e-4,3.9175750092527333e-4,-0.4223713243009062
220987_s_at,0.3449241926480446,4.642643026484652,3.6990743058584523,2.3856860992124262e-4,5.963102002067831e-4,-0.4275599871710343
201245_s_at,-0.19661216469360313,5.2716731806568,-3.7733392316464873,1.789252368682166e-4,4.576948573469925e-4,-0.4290645085671265
200045_at,0.15723953043395653,5.686155408266186,3.776770728300838,1.7654200276113254e-4,4.5203022838910447e-4,-0.4292198597104733
219253_at,-0.25311822825094,4.227070865284738,-3.7003280787016886,2.3742219685320997e-4,5.937217541756392e-4,-0.42953507105004096
203473_at,-0.2480924382328089,4.590578857383537,-3.73551338696344,2.07286015924811e-4,5.237394076892689e-4,-0.43481387973937036
202600_s_at,0.3595007608518912,5.653254401451843,3.7708997707922585,1.8063789777350505e-4,4.616349710991316e-4,-0.43723489356700274
209026_x_at,-0.1934829637362759,8.049591959737489,-3.8451766260778593,1.3484281741913702e-4,3.534551267460766e-4,-0.437493278572993
204320_at,-0.6412003669867362,3.813717988781077,-3.6818159621720907,2.548878483549158e-4,6.335530207485414e-4,-0.43890800635876914
225703_at,-0.2582816044306714,4.42091998734782,-3.7160681217491676,2.2346402005746712e-4,5.614376282541382e-4,-0.446792449178929
200876_s_at,-0.1265613449056217,8.159333775663287,-3.8456063097152757,1.3461305427170161e-4,3.529392193863777e-4,-0.44873763199403793
202718_at,0.7912417343724802,5.667036567201644,3.753644656686532,1.9320076013030617e-4,4.915126438556091e-4,-0.45257686341766235
201652_at,0.20242911490147542,6.809676753933045,3.7857695385684638,1.7043355845421533e-4,4.377498709470172e-4,-0.45984453223026467
209681_at,0.30922443056465493,4.073300728465858,3.6342825162644474,3.054289916752836e-4,7.472582255920918e-4,-0.46223044391057133
201274_at,-0.16802372165169938,7.097983409806313,-3.799055272077348,1.61778497297603e-4,4.1802533563657044e-4,-0.46611708954548536
225606_at,-0.2229602074821466,4.873312525842231,-3.746362888300674,1.9874562572599704e-4,5.044212007587316e-4,-0.46962358159726936
211465_x_at,0.3334365222602364,5.152694638177648,3.738571763685584,2.0484420591516437e-4,5.185481989530142e-4,-0.4707051865944649
218317_x_at,-0.20893740165111951,5.2261977754185445,-3.760770240368854,1.879162019717341e-4,4.79206444114065e-4,-0.47131418072883235
224839_s_at,-0.31975209384115144,3.8489478635508423,-3.6528266277752373,2.8468419087317225e-4,7.009473079347952e-4,-0.4717938993175155
208898_at,-0.2066743875495877,6.0099584564353,-3.773062636656296,1.7911865223962212e-4,4.580802390649491e-4,-0.4725365981218923
215667_x_at,0.176888812202407,4.890434191137213,3.7245718902699605,2.1624805667076915e-4,5.445851977230724e-4,-0.47703679258149645
200673_at,0.1213954967274981,8.387756241748987,3.8407153554385998,1.3725037131723217e-4,3.5880020203062676e-4,-0.47727457549769525
217814_at,0.20404453582107945,5.769467179215823,3.7612778908285205,1.8754495875297671e-4,4.784875311075588e-4,-0.48889492530298995
201811_x_at,-0.30171616125606304,4.693458827358822,-3.732071560491136,2.1006675039289544e-4,5.301401877406569e-4,-0.48907234774094643
201722_s_at,-0.2913913868675669,5.9404261232537,-3.768241278574841,1.8252192787948738e-4,4.6622732793823277e-4,-0.48980155696670646
213842_x_at,0.21423328740744896,5.8062357709559835,3.7613971974213287,1.8745781058905468e-4,4.783791150168039e-4,-0.4899521761206529
230784_at,2.0312034700174673,4.055035436756686,3.553236544699232,4.138869729783499e-4,9.855459305439123e-4,-0.49339046707985634
206797_at,0.6108554602045515,4.135207065850394,3.61245193224564,3.3166801347579185e-4,8.046103778003076e-4,-0.4938582595258989
200821_at,0.2627093780567003,5.722906642952221,3.7578596222583553,1.9005813373603237e-4,4.843227370870872e-4,-0.49600572252449826
220051_at,-0.4074995605872511,1.218756155527232,-3.5173399500298324,4.726468099563152e-4,0.0011123605613053613,-0.496886041424907
208101_s_at,0.1586191296685302,5.302719982201385,3.744637958468872,2.0008090242368626e-4,5.075696679291856e-4,-0.5088009808306522
235521_at,0.5253885941655684,3.7359332505741136,3.583508089944479,3.697267126376687e-4,8.879885652916372e-4,-0.5112892130788982
218429_s_at,-0.1912196036093889,4.828433847582646,-3.728873551795512,2.1268195182173842e-4,5.363610522284096e-4,-0.5169559324762796
204559_s_at,0.19883649795415126,7.709961762529365,3.7962447865237703,1.635740720615916e-4,4.222575985532122e-4,-0.5189497905141982
213095_x_at,-0.2870289524398672,4.756881601432251,-3.7273136746493716,2.1396865157150948e-4,5.390983453164584e-4,-0.5207494296604507
210215_at,-0.33351334720658143,1.8591256111255805,-3.5262594582292106,4.5735821032118294e-4,0.0010791999095624135,-0.5228812065589947
222488_s_at,-0.15206568440328766,5.976860893590286,-3.758306807700272,1.8972755940850847e-4,4.835953709120512e-4,-0.5230243593111661
200014_s_at,-0.13416384018441432,7.075049719316493,-3.7817732173836207,1.7312125900746908e-4,4.439081014234122e-4,-0.5245990208314213
201088_at,-0.23143750653074532,7.222094118463995,-3.787836593553808,1.6905886477857815e-4,4.348445662359922e-4,-0.5275186763154904
202623_at,-0.21423501202408882,5.715689458646906,-3.754047325651647,1.9289843262660093e-4,4.909766948749764e-4,-0.5279375056485858
202410_x_at,0.7527599147183375,2.851440468507504,3.53106236266782,4.4931864273654615e-4,0.0010621250263981947,-0.5296967066696805
217825_s_at,-0.19435043956665568,4.582136336725398,-3.704690241821356,2.3347382357043805e-4,5.84666917230038e-4,-0.5339796935938494
212568_s_at,-0.22330968737080326,5.29173299575726,-3.7413602612234014,2.0264150467329438e-4,5.135790015531116e-4,-0.5492636983642871
223538_at,0.2726306526257373,5.455782938130773,3.7361069835617085,2.0680995422838909e-4,5.22906547002297e-4,-0.5498606795959784
202664_at,-0.3712969808393038,3.703797220585498,-3.620199595350927,3.221226486237947e-4,7.84295439706071e-4,-0.5501955073409013
222983_s_at,0.18276700165592935,6.267918381247791,3.7512614001982203,1.9499929280789534e-4,4.956174196562237e-4,-0.5514027934982462
229150_at,0.4770689484831281,2.9229557721247423,3.532893052843213,4.462892191102305e-4,0.0010556627079549347,-0.5516289190297465
201860_s_at,0.45692112131940926,5.002407550775258,3.6938270652850975,2.4342328046844466e-4,6.077356335722321e-4,-0.5546168371746347
202363_at,-0.5826821602521477,3.4192345141544416,-3.6033818030112856,3.43179817617013e-4,8.293447746742748e-4,-0.5633004069455954
224920_x_at,-0.2971011970117531,4.342992176995556,-3.6769777312949796,2.596478394644198e-4,6.437415654205807e-4,-0.5645309435317696
212017_at,0.15730512027965454,5.532877038196216,3.7359851073564125,2.0690761428346702e-4,5.230300311040071e-4,-0.5674511817236745
212312_at,0.22689301871766293,5.778250932553333,3.7395605147106576,2.0406059965461413e-4,5.166866471519453e-4,-0.5676330354860593
225309_at,-0.17630752099473193,5.362192460453303,-3.736841602286585,2.0622221924858236e-4,5.216667378536157e-4,-0.5687943893909466
214085_x_at,0.4667731121005347,4.384823254495188,3.623818061507944,3.17753472312404e-4,7.750667005652969e-4,-0.5690410222823568
226801_s_at,-0.17152035801939705,7.168315122569585,-3.772761383089155,1.793295349593196e-4,4.5840069387239105e-4,-0.5713127102471436
205289_at,-0.4558396832440887,3.7187599846220425,-3.618337375509718,3.24393132954508e-4,7.894647054388106e-4,-0.5769490313896943
204050_s_at,0.1489915937328333,7.761947552652465,3.783340261818542,1.7206262370730803e-4,4.416164081879231e-4,-0.5779236641733014
208611_s_at,-0.21256926755770558,6.281907935103165,-3.748643527557128,1.96993057215873e-4,5.005660868011497e-4,-0.5781877767595978
212785_s_at,0.2418213990237989,4.797844357433194,3.681088668203769,2.555981023507381e-4,6.350237640267757e-4,-0.5882411142676638
54970_at,0.22032535752098595,6.012596080770216,3.7373213834333283,2.0583921786743073e-4,5.208208646702375e-4,-0.588299508284778
219715_s_at,-0.1999187163630512,4.560407137722879,-3.6877958116280496,2.4911806788482715e-4,6.205072916182639e-4,-0.5900613669511472
222403_at,0.21005987481940064,5.284104932380143,3.718682920394518,2.2122141985676257e-4,5.563251340200699e-4,-0.5942599719597128
225728_at,0.642141659762361,3.9385354756329973,3.5668030880446437,3.935178827037547e-4,9.401777603490909e-4,-0.5945056708135574
227719_at,0.7399660722151329,3.752461379942346,3.5507775935694363,4.1768300337086e-4,9.941430826731887e-4,-0.5948216716519026
212590_at,-0.37211901676228787,4.151972453098368,-3.653945081878764,2.8347632766586136e-4,6.982942971451765e-4,-0.5989670172238579
204714_s_at,-0.5364276259281252,2.0737460081337002,-3.513603238198066,4.791927804496943e-4,0.0011270235470817948,-0.6023688325508516
202237_at,-0.528566310636062,5.903102456424214,-3.737368190455947,2.0580188848520197e-4,5.208208646702375e-4,-0.6100792152725134
201625_s_at,-0.302901368312427,3.8505947733160566,-3.610329826606485,3.3432845222869487e-4,8.097808520746119e-4,-0.615721111362288
226159_at,-0.1663946886995949,4.727507745432173,-3.69324100018967,2.4397123179540882e-4,6.089617442274498e-4,-0.6166014749173883
236083_at,0.5185897207518728,3.589221830890584,3.543025319354266,4.2986517561671467e-4,0.0010197399526974899,-0.6188124558152008
58994_at,0.29126939057206563,4.281732067449236,3.6104734792809023,3.3414772793661254e-4,8.095261441395138e-4,-0.6194580941073689
203362_s_at,-0.3636731516752712,5.609418188479152,-3.72879663553729,2.1274522676794597e-4,5.363943549929408e-4,-0.6198656512525087
218556_at,-0.22524128191102485,6.232904603635259,-3.7353043070051375,2.074539427353854e-4,5.240401057590625e-4,-0.6242552549195048
227812_at,0.5627990483560326,1.1047161006887034,3.458090175845555,5.869868989170572e-4,0.0013602402440186963,-0.6250482952405321
221586_s_at,0.3609850008770738,4.151770381040688,3.5924921791123183,3.574960026105963e-4,8.612220993855e-4,-0.6265070208546017
208921_s_at,0.27980550619944544,8.260493559324914,3.786944073036861,1.6965114700624492e-4,4.36158564405544e-4,-0.6289590178658413
208891_at,-0.3079555006568843,6.751354663648697,-3.7469582488932556,1.982867064038706e-4,5.034950191288613e-4,-0.6309162323733837
201885_s_at,-0.19486411158480393,7.093385173318798,-3.7538702032107927,1.9303136279459157e-4,4.911983348262374e-4,-0.6335015302518769
224568_x_at,0.476359888567241,4.066167900168713,3.574096652698503,3.829592207209627e-4,9.167915377840611e-4,-0.6339847614952516
221593_s_at,0.26108517410023935,4.8538798930439535,3.67103504253104,2.656088176741023e-4,6.572170958004202e-4,-0.6365092336058327
210664_s_at,-0.3800257465822856,2.8709378771034992,-3.5306081287493516,4.500732827448737e-4,0.0010634395849240918,-0.6468599789111398
217969_at,0.20921256077659256,6.463527236726318,3.7274894913537646,2.1382325952175413e-4,5.388587577644206e-4,-0.6474152060169684
218127_at,0.2442366833936701,4.644496206297155,3.646589798236418,2.915087329768789e-4,7.162690496287394e-4,-0.6478355654076067
39249_at,-0.293300572557857,3.6445631597125225,-3.5788660176195926,3.761989746582192e-4,9.016151265130877e-4,-0.6549099009883035
229649_at,0.605364241109635,2.4616342110211953,3.4837443569874993,5.346285747787319e-4,0.0012478161049247396,-0.659456422662001
226190_at,0.20129693269924614,6.259026444699139,3.7203677313396266,2.197876723549064e-4,5.52979176594202e-4,-0.6626146135322468
1558953_s_at,0.2510849621716098,4.406293873273103,3.611242899513027,3.331813071696374e-4,8.075500777620645e-4,-0.6723053638289613
224415_s_at,-0.19518327210981642,5.846882853481436,-3.715774254015402,2.2371739117127597e-4,5.619424177298662e-4,-0.6728791642212624
202998_s_at,-0.4583496522085519,5.605325456733206,-3.7146277305926017,2.2470850523279349e-4,5.642996288229996e-4,-0.6739853652137997
225041_at,0.35984261495032444,4.09472264130276,3.571779750076955,3.8628420390039134e-4,9.241319062940805e-4,-0.6765708237555694
203386_at,0.31348409852872816,4.85321097017461,3.655775865853475,2.8150957715271607e-4,6.937685990423388e-4,-0.6774205005594398
201825_s_at,0.22648556269982978,5.22690621515152,3.691155151648071,2.459308587405386e-4,6.132814920128933e-4,-0.6797927890261501
201477_s_at,-0.21174754251814404,6.401899363470751,-3.7226044077673146,2.1789780843968248e-4,5.484819600127628e-4,-0.6817342077095976
211452_x_at,0.2136111570437798,7.3601963961430394,3.739645226658138,2.039935951171956e-4,5.166390979883018e-4,-0.6825824241009064
206093_x_at,0.31085610349731085,3.386420094575942,3.520940982138933,4.6641775184722516e-4,0.0010989077139958925,-0.6832554746688819
204990_s_at,-0.2874138619208693,5.542991179669625,-3.7093458699002686,2.2932803190286725e-4,5.750915743856313e-4,-0.683632575263931
201723_s_at,-0.2665527574098995,5.4607017818101244,-3.707059772977629,2.313550446060079e-4,5.796320376202438e-4,-0.6865516860855969
211162_x_at,0.43236113380362656,3.8344122259884372,3.543763432473701,4.2869110829250634e-4,0.0010175032666472014,-0.6867533497505169
201070_x_at,0.21874437831580423,4.991315921582499,3.672635591305789,2.6399080745470214e-4,6.536014606568579e-4,-0.6878846160544851
211165_x_at,0.4090257086184311,4.804119878167476,3.6384946540604473,3.005960295062694e-4,7.368552210069881e-4,-0.6906418547009743
210652_s_at,0.4873203945916892,4.745658622780308,3.625070953989712,3.162536565399896e-4,7.717597773377925e-4,-0.6920134663667188
213656_s_at,-0.2190853817943493,5.2691973798747975,-3.701173413815959,2.366521749516299e-4,5.924876724133703e-4,-0.6921830506550126
211796_s_at,-0.42058480504351714,4.1221336189854325,-3.626392535166528,3.146788182577947e-4,7.682666773007644e-4,-0.6949844998546668
229830_at,0.4432148626176127,4.533634585402026,3.602428357015373,3.444114641042917e-4,8.319458883763872e-4,-0.6987079921742563
220192_x_at,-0.3545118203598023,4.0949860457997485,-3.616501965682036,3.2664561984155983e-4,7.942248128376374e-4,-0.6995143955820646
218805_at,-0.2569515123054307,3.9847223681495163,-3.5965738233601834,3.5206562548432946e-4,8.490947874411575e-4,-0.703720969337807
226876_at,-0.2914194609860386,3.605902279457277,-3.5594823275640244,4.043897469674462e-4,9.646980601713689e-4,-0.7109133787589945
221305_s_at,0.5758643326265045,1.7547031769630534,3.4482833987010153,6.082375881623257e-4,0.0014049265377281146,-0.7113218717021255
225216_at,0.26787434714766784,4.605190778029248,3.621278758468755,3.208137298756968e-4,7.818192648221884e-4,-0.7122988195990727
201405_s_at,0.17896795815697059,6.320550873558217,3.7076174583612276,0.00023085901278940948,5.785245857340219e-4,-0.7126564299157847
222408_s_at,0.22577038882241418,5.84708277869022,3.7003770213265095,2.3737755044433723e-4,5.937217541756392e-4,-0.7133728225532234
225464_at,-0.4286394509654743,3.786834136233505,-3.5845239661083164,3.683243075530838e-4,8.851185075855063e-4,-0.7175711844476362
225674_at,0.259529028525963,4.767906536562316,3.63495271196716,3.0465516602105864e-4,7.460047528191089e-4,-0.7315481489004885
201643_x_at,-0.1791413554524794,5.351915724436567,-3.691480861520233,2.456238862744047e-4,6.128012793799948e-4,-0.7320670776481135
201797_s_at,-0.26296195440066483,4.244086685508781,-3.616117523932013,3.271192773341289e-4,7.95015612087233e-4,-0.7362406897652498
235242_at,0.2790922202060738,5.022089207744545,3.6571685829249136,2.8002202179201025e-4,6.905791711459037e-4,-0.736567114271355
212923_s_at,0.30640564455208724,3.936125791285897,3.543677691885531,4.288273358454321e-4,0.0010175032666472014,-0.7370026954859741
213134_x_at,-0.24488973055567562,6.038237848898946,-3.700875486934916,2.369232901742235e-4,5.928893267078851e-4,-0.738136668412686
205573_s_at,0.21289207626226986,6.403051418059886,3.7008933605694634,2.369070168242129e-4,5.928893267078851e-4,-0.7400825086156457
205199_at,-0.5137873695855001,3.7521830047680456,-3.579253755647736,3.7565432807524e-4,9.005112590445392e-4,-0.7408040226397716
209149_s_at,-0.1967012618297905,4.564334233506929,-3.644683951298731,2.936246380496892e-4,7.213026249544417e-4,-0.7410394761804477
223970_at,0.8115385815546298,2.682497309734979,3.4612502643779353,5.802881994221786e-4,0.00134617312265262,-0.7423107727703622
210059_s_at,0.2606845002445507,5.164343528372436,3.667674032520169,2.690368859562979e-4,6.648655499999584e-4,-0.7444780681408041
228151_at,0.2837327755737835,4.789515745832523,3.630402812978829,3.0994498900670903e-4,7.577454740367123e-4,-0.7489821216477788
224559_at,0.47254664548864894,4.7930978668624435,3.6120623965319263,3.321548727183678e-4,8.05609044924581e-4,-0.7544179622518268
225315_at,-0.2090964006169361,5.743603184849852,-3.691781430751701,2.453409279589811e-4,6.122379131666818e-4,-0.754858173445224
217833_at,0.2503324778013341,5.598872070415919,3.6833121244731806,2.53432572183458e-4,6.303745404693256e-4,-0.7573320286560818
40284_at,0.44089374750864097,4.801186321702475,3.6160399837728208,3.272148899858996e-4,7.950676154272947e-4,-0.7573363851599844
212992_at,-0.5755723018510069,3.6289778316622328,-3.5651467983745073,3.959533497990868e-4,9.457855599548755e-4,-0.7599349607854649
207525_s_at,0.20354129996936776,5.706007964268122,3.6836504624317703,2.5310456514847027e-4,6.29851151320688e-4,-0.7664646169583582
200609_s_at,0.15852735325743125,8.147621937592483,3.7478878209754334,1.975721641612897e-4,5.017995719914406e-4,-0.7667477999045067
209396_s_at,-0.5301574380233454,3.814191086396495,-3.5808080257805677,3.7347849212423677e-4,8.960852877878652e-4,-0.7668934616103389
227190_at,0.42151421450058457,3.4156427182760076,3.493184738447309,5.164849361266227e-4,0.001209421447152898,-0.7675204376533475
202171_at,0.16504841512977514,5.6401052995610534,3.6815271422037923,2.551696790191794e-4,6.341064187734792e-4,-0.7716921197704174
209610_s_at,-0.28941185308647344,4.492446934593315,-3.635428901189547,3.0410646452204106e-4,7.448314024747658e-4,-0.7721947159226614
215235_at,-0.2136925941512483,5.83417733639544,-3.6881435421833064,2.487863611402103e-4,6.201136079327765e-4,-0.7724691904193763
201552_at,0.21105660721951452,7.599654593453743,3.7221772129383384,2.182575775133306e-4,5.492584984496854e-4,-0.7748312280125838
201634_s_at,0.28789350288618965,5.382475921900116,3.668546509005235,2.681430271334873e-4,6.629624393448072e-4,-0.7810361668417878
209160_at,0.6632183708179191,6.478877291461186,3.685830344904901,2.510007975040771e-4,6.250514978291905e-4,-0.7823702688810998
218182_s_at,0.4647590087794695,3.3823777583851715,3.4858377587860185,5.305545758266862e-4,0.001239387520896487,-0.7827663866790404
212093_s_at,-0.3205767039481754,4.289430195625968,-3.6109797218542656,3.335115727091043e-4,8.081677173563977e-4,-0.7837092084051704
201624_at,0.23864813812574723,5.428224501879468,3.671009009231206,2.656352118749015e-4,6.572170958004202e-4,-0.7843540751595599
201497_x_at,0.7303119302429697,6.088002670659504,3.67777268683629,2.588600433757723e-4,6.423830541312599e-4,-0.786722899611493
213359_at,-0.350257532319641,4.65521430335218,-3.648224657813794,2.89705104201997e-4,7.121640159054598e-4,-0.7878516626343135
203189_s_at,-0.23866971464881764,4.946887552575262,-3.6627697408195656,2.741137141131708e-4,6.769433423915166e-4,-0.7892243733571549
202393_s_at,0.2685046235373783,5.95238718659569,3.6802134604578693,2.56455271940965e-4,6.370056406917594e-4,-0.7897267476036474
200973_s_at,-0.2851343690958227,6.686204146518359,-3.700344319545273,2.3740738076579216e-4,5.937217541756392e-4,-0.7918737562857228
202611_s_at,0.3186982227171682,4.195728122349904,3.547033915427684,4.235250011589088e-4,0.0010067058658565322,-0.8040775019762485
222442_s_at,-0.19088113288969655,4.683660240473902,-3.6384529439519917,3.006435331859932e-4,7.368552210069881e-4,-0.8041909369426774
225523_at,-0.1694793187740445,5.6929430177205775,-3.6764249191896914,2.6019700113541353e-4,6.449538346052024e-4,-0.805947228861676
217882_at,0.1583290104770337,6.016523430604121,3.677563024366596,2.59067599113404e-4,6.427492332797352e-4,-0.8065347611996811
213807_x_at,0.32270548614615946,4.451194555152248,3.573038902439618,3.844738549421673e-4,9.200063453195081e-4,-0.8070779077907586
215812_s_at,-0.3526960070711068,4.9564775997653845,-3.6602372193549395,2.7677045056454034e-4,6.830319826993598e-4,-0.8097685385866411
226860_at,0.2970351886383076,4.546447221373965,3.5807517472049013,3.735570704061053e-4,8.960852877878652e-4,-0.8263698179548546
212314_at,0.2198510941668335,7.1750449893473425,3.693841821410599,2.4340949893614672e-4,6.077356335722321e-4,-0.8283332582926128
212761_at,-0.2142807017433306,7.3645261153798165,-3.709266701002374,2.293979482816491e-4,5.751322770749606e-4,-0.8297800853281885
228726_at,-0.30952229131532594,5.557392882662717,-3.6686381757562128,2.6804927607632e-4,6.628836321804284e-4,-0.831609347334461
202548_s_at,0.1964551581366524,5.708891992840859,3.663222339421946,2.7364144818764767e-4,6.759328647531173e-4,-0.8400365007592576
222473_s_at,0.32145417511953506,4.282664849157339,3.54492688189183,4.2684658109365555e-4,0.001013701490413729,-0.8440513085759909
224331_s_at,0.19907047280595327,6.725285086626963,3.677253454306615,2.593743446538409e-4,6.432123505269901e-4,-0.8473363858454439
221485_at,0.19203977818360965,5.9604119303556855,3.6626022250568955,2.7428870329024714e-4,6.77219377356169e-4,-0.85590659378789
231913_s_at,0.307592413721032,4.190312877029727,3.531918772635257,4.4789906887505743e-4,0.0010592368046045233,-0.8589658200774286
200607_s_at,0.2727189692340337,5.462963415280727,3.6487726505394726,2.891028908708654e-4,7.111731963030037e-4,-0.8649017824101
226625_at,-0.37690036734852755,3.9919996034045577,-3.5565045712100076,4.088919172931612e-4,9.747350044418414e-4,-0.872343526083144
1554576_a_at,0.40959346894564685,4.335147892233564,3.534229789809594,4.440892756211294e-4,0.0010509229975103067,-0.8725043170257072
205290_s_at,-0.42104524565366896,3.281221049548747,-3.491091409354233,5.204577698063262e-4,0.0012179257509688014,-0.8752345755481796
223743_s_at,-0.24845360544248488,4.995247168722165,-3.6410512127166568,2.976977827612538e-4,7.303037203392058e-4,-0.8758872145272898
235074_at,-0.2432328574282249,4.269616032760106,-3.5772760288973613,3.78440145163264e-4,9.063781075640616e-4,-0.8779394573046382
224479_s_at,0.19840314184759822,5.002418217473223,3.62115910837619,3.209586072213596e-4,7.819944414742837e-4,-0.8797166805426357
1553703_at,0.23311805126654514,5.221000898604032,3.634267741269032,3.054460720496378e-4,7.472582255920918e-4,-0.8797235070249823
201261_x_at,-0.446079983885086,4.611333077438173,-3.621619636265703,3.204013172269635e-4,7.809918797388987e-4,-0.8848365926822934
203924_at,0.38944023841416026,0.9981076139419417,3.378402514762282,7.817535798855222e-4,0.0017672348810537245,-0.8857442572893239
212863_x_at,-0.15028612728137894,6.967783313044781,-3.6793271958411222,2.5732602449174446e-4,6.388722364727829e-4,-0.8861436809881704
226426_at,0.260537891092391,4.903946085302404,3.604417171942586,3.41847024571369e-4,8.268699874086874e-4,-0.8890401168990465
225651_at,-0.3961612944742469,3.4226220644998917,-3.4975920767357342,5.082129346287458e-4,0.0011926583063916218,-0.8896997569335632
205251_at,-0.24506256576787366,5.198968360659121,-3.6442510785963385,2.9410722724767743e-4,7.22322495530575e-4,-0.8909370505911545
214505_s_at,0.5340547001026882,3.72327054547121,3.470127481850621,5.618503293270419e-4,0.0013067960438733392,-0.8910414807328726
228992_at,0.21547858330882838,5.438422700901916,3.6412787112985106,2.974411542718314e-4,7.29841293109054e-4,-0.8937793709875832
221481_x_at,-0.15045185533989625,7.997685207387762,-3.7142753081008073,2.2501398695131113e-4,5.649343431472689e-4,-0.9028760892045433
201347_x_at,-0.1775937835547974,5.745097593454736,-3.648526737047354,2.893729904322714e-4,7.116742071857032e-4,-0.9084330747153757
226611_s_at,-0.26723316348266957,5.2235880429239225,-3.639307938595431,2.9967118654855785e-4,7.349765159099589e-4,-0.9120299871368935
221484_at,0.26482077030780976,5.295487564587883,3.6278570511068517,3.1294225505215575e-4,7.645084458918106e-4,-0.912671852140325
224610_at,-0.2760519147323269,6.177431831007618,-3.649121011335734,2.887206734815702e-4,7.103960898043321e-4,-0.9331206511752423
219032_x_at,0.36585456290528595,5.003505493537341,3.594333942376263,3.550359962373913e-4,8.554882203533902e-4,-0.9335356338217515
203706_s_at,0.5338941370022668,3.8713134805107456,3.4679330867960427,5.663564563688768e-4,0.001316419335447988,-0.9343339885919644
201302_at,0.2126042177379824,8.048427351461719,3.695115033017964,2.4222313874869105e-4,6.050213302435829e-4,-0.934989886023522
1554600_s_at,-0.24677634206794513,5.762192195401457,-3.6415054024941806,2.9718564323219466e-4,7.29548532526696e-4,-0.9366596347569844
223067_at,0.14568202965452495,6.512417758213566,3.648051355707204,2.8989579865175115e-4,7.124693028117022e-4,-0.9387995718428988
227040_at,0.2550316023974119,4.800824505705518,3.5782217139942274,3.7710565017932626e-4,9.033839066125049e-4,-0.9455283473803222
202238_s_at,-0.45357199698315714,4.827231777443274,-3.6180882574732456,3.2469800301655467e-4,7.90027187444095e-4,-0.9468997662314793
241937_s_at,-0.3146141744843431,4.471373298767826,-3.5843879686550757,3.6851176087946016e-4,8.853703732454938e-4,-0.9484366942097822
217763_s_at,-0.5064127809831417,5.5968034185206585,-3.638141237962226,3.009987586897922e-4,7.375571138709387e-4,-0.9490807974900051
211974_x_at,-0.18035418409406323,6.610649146874489,-3.652156576497942,2.8541012038814194e-4,7.025732122514165e-4,-0.9503308306747975
209523_at,0.22687051909677292,5.325998726505386,3.6202203216270306,3.2209746254784186e-4,7.84295439706071e-4,-0.9510557068716361
205780_at,-0.3893681239031175,5.807796268584229,-3.639218447405459,2.9977282226269333e-4,7.350575062715116e-4,-0.9519136467532645
205226_at,-0.3989365851574363,2.148859412655844,-3.40726311708457,7.051474859381172e-4,0.0016114003875544046,-0.9541705383605255
219363_s_at,0.26268124379121477,5.034657805510422,3.595569990419543,3.5339394348964147e-4,8.517231308446634e-4,-0.9649448437045596
219798_s_at,0.1851080244441981,5.517754907078528,3.6236313494367303,3.179775528898954e-4,7.754367229932731e-4,-0.9669295866813643
202109_at,-0.17135571081992168,5.863547915266047,-3.63222136058538,3.0782043877837083e-4,7.527232048921905e-4,-0.9719728658955402
224576_at,-0.2477516486496559,6.032396524709395,-3.6347974371806524,3.0483428636036834e-4,7.462727855984063e-4,-0.9739964180681246
201254_x_at,0.0933700626269874,10.261325654995543,3.8237421992542107,1.467862905609995e-4,3.818653547304487e-4,-0.9746113731310597
200800_s_at,-0.40188707590385225,6.7742401489606,-3.6534764882428563,2.839817933746367e-4,6.993786097522949e-4,-0.977351702914965
208845_at,-0.16581981816020033,7.920240805669113,-3.687868583330498,2.4904861518512856e-4,6.204785615065773e-4,-0.9854213800421698
209134_s_at,0.10113714391220821,10.268554182063435,3.820929392896799,1.484257939306003e-4,3.854752800917626e-4,-0.985592996376857
201200_at,0.19376744212184296,7.396014813332157,3.6563339470940575,2.8091260353098514e-4,0.00069261604640447505,-0.9888587716064334
202295_s_at,0.3311800141435886,7.072749183065874,3.643523622827096,2.949199115161222e-4,7.241524208279205e-4,-0.9900207656208568
209806_at,0.40633173098116016,6.636141194280518,3.6322224257818965,3.078191983604607e-4,7.527232048921905e-4,-0.9914345948712198
218883_s_at,-0.3668277523794646,5.517945453458551,-3.6222171993874777,3.196795531529524e-4,7.79409889150564e-4,-0.9965299864744912
212454_x_at,-0.30817943434732953,6.001221571697109,-3.627810988399749,3.129967370187138e-4,7.645084458918106e-4,-0.9994700253139603
226317_at,0.2531205104545436,4.455305532782616,3.523142233962434,4.6264794279156493e-4,0.0010909855626515595,-0.9999833772698041
215088_s_at,0.1542169176764255,5.635091068380784,3.616159446660153,3.270675944839312e-4,7.95015612087233e-4,-1.0043483878804915
201384_s_at,0.18712955924868704,6.58264527018886,3.6279831526199606,3.1279315047499413e-4,7.643597219522382e-4,-1.0127158241908356
214879_x_at,0.15385985616134565,5.383744264736576,3.606808366565452,3.3878746056770253e-4,8.200248678404422e-4,-1.014092229320525
204298_s_at,-0.44747832205710375,2.0064707812646745,-3.384687310856813,7.64439765863459e-4,0.0017328487540616245,-1.0167066659365798
1553984_s_at,-0.2333121579188027,5.341139750892372,-3.6118836148428386,3.3237854655779596e-4,8.057910092465063e-4,-1.017182024247508
202443_x_at,-0.2191482836197362,5.795196694347938,-3.6188833222262367,3.2372594394211503e-4,7.880200039654348e-4,-1.0174006415640795
212293_at,-0.19977405987694039,5.431319253330729,-3.6126106519614813,3.3146983051752946e-4,8.043117314460459e-4,-1.0191315024496843
225129_at,0.2670827916828551,5.566859224620639,3.6084935241761067,3.366467326524245e-4,8.152116742552946e-4,-1.0191577619936618
203196_at,0.379277005791386,4.002756258091763,3.4615730052309828,5.79608090861527e-4,0.0013448866097898068,-1.0223640225592057
222399_s_at,0.21355164836180363,7.675405060494904,3.655894493920988,2.813825822833121e-4,6.936151872989237e-4,-1.0226480999346848
224994_at,-0.2625438426789683,4.275697811175658,-3.536828821831721,4.3984092514509214e-4,0.0010422507920989541,-1.0230276092259505
230492_s_at,0.417909488142557,3.934208304029771,3.4486424319138185,6.0744708700861e-4,0.0014037059195692921,-1.0372087045474867
211686_s_at,-0.21981497050222165,4.3178912401951175,-3.535027174501966,4.427818121408974e-4,0.0010480852953397837,-1.0376683411699723
200972_at,-0.22509634937562267,8.068996810751718,-3.6835522186762666,2.5319976794108395e-4,6.299417357066493e-4,-1.0378381358144413
AFFX-r2-P1-cre-3_at,0.16256714325190363,9.844094844964348,3.7749750898093453,1.777853460569082e-4,4.549962762321208e-4,-1.0402329053230135
219562_at,-0.3742318088906805,2.6923956527330692,-3.401379157952208,7.201736938195768e-4,0.0016420233501790837,-1.04655990136711
219600_s_at,-0.24476711789245129,5.372981335455881,-3.604062116082292,3.4230352712651097e-4,8.276004707980844e-4,-1.0472905795007783
202429_s_at,-0.23640343651942936,6.043049705730456,-3.6137670186001154,3.300293013555175e-4,8.009977130542952e-4,-1.0485212616314845
226950_at,0.3675991630913449,4.711270142343537,3.5268644481575966,4.5633816064377176e-4,0.0010770545747910833,-1.0511458254341628
1555175_a_at,0.45999998774490997,2.606393913741701,3.372137443772631,7.99375779850024e-4,0.0018047866658658183,-1.0523937666785494
201980_s_at,0.1804239659367976,5.698209335474199,3.6031240799684037,3.4351233206842487e-4,8.299611216619386e-4,-1.0530138291591067
218686_s_at,0.23635679728195244,4.856806606597847,3.5535845793702383,4.133523086451486e-4,9.844916146099325e-4,-1.0538472329942792
213993_at,-0.5426097574921886,2.19683319136245,-3.381394692835777,7.73465483112394e-4,0.001749975864959467,-1.0561888427365753
223099_s_at,0.17348750421894188,4.853364459381444,3.5574000771636625,4.0753305900465464e-4,9.719282415665328e-4,-1.0576081989370207
209825_s_at,-0.1779896432727695,5.3295045825314125,-3.5975159005943675,3.5082328618884655e-4,8.464796993110616e-4,-1.0640444390359471
201950_x_at,-0.2071914386038567,6.795547173882961,-3.6254295880137577,3.1582556691946807e-4,7.708907036701438e-4,-1.0645967748465788
210131_x_at,0.17270891830415097,6.2274005369309595,3.6072005238450164,3.3828814917689323e-4,8.190013428547022e-4,-1.0661261375388698
212141_at,-0.28359027964560324,4.991686846560476,-3.5875511587173823,3.6417481916705297e-4,8.761521553955238e-4,-1.0678546152872608
235141_at,0.23127221740602946,5.891147361299751,3.600977537739747,3.4629356735766623e-4,8.361151649994767e-4,-1.0690515351690815
219217_at,0.2114737002698869,5.440043611736289,3.5916094538563956,3.5868069915156374e-4,8.638818187973701e-4,-1.069360113260096
215952_s_at,-0.12324231092703389,8.72561808025652,-3.7096417458260564,2.2906691267606568e-4,5.745712562628639e-4,-1.0717164150757954
202071_at,0.2584896004651903,7.221754075109761,3.624967087155433,3.163777406450918e-4,7.718867537077815e-4,-1.0756188392145383
234000_s_at,-0.2678665751658081,7.351816147501962,-3.641332803131692,2.9738016686696667e-4,7.29841293109054e-4,-1.0770810258089192
226621_at,-0.3585406229612804,3.5734123669539843,-3.4500080209782915,6.044491522952227e-4,0.0013974699821365409,-1.0879391159279121
200053_at,-0.16874413380166728,5.831662098347046,-3.598587840219126,3.4941469564070117e-4,8.432709246223996e-4,-1.088867531389579
224784_at,0.22074487488100936,5.1835559661941755,3.5702852778426366,3.884432513878788e-4,9.286749725771805e-4,-1.0985400825641003
55616_at,0.2279866749973434,4.416786599785388,3.490443712987402,5.216927771272276e-4,0.0012202826902541462,-1.0997025066329753
216598_s_at,-0.4750176192642382,4.72520699024067,-3.5687503998284185,3.9067244013316614e-4,9.337960399702385e-4,-1.102104383463688
218720_x_at,-0.30876934155403196,3.625256289629682,-3.4458909739221264,6.135296693255123e-4,0.0014156242402507458,-1.1033157866645977
225301_s_at,-0.2457546430722165,6.367784237480901,-3.6039547538807786,3.4244167746585953e-4,8.277476738925436e-4,-1.1045696729379815
225395_s_at,0.1827919402186411,5.4497084236350375,3.5818609323092456,3.720112377046058e-4,8.929770086330813e-4,-1.1069540404687341
212792_at,-0.22219857114584246,4.529562399205562,-3.538274155657021,4.37494888258972e-4,0.0010373799774055705,-1.108579817955607
205941_s_at,-0.6405548108900305,3.463281387199461,-3.451883656260503,6.003539949176442e-4,0.0013891128180459444,-1.111000974634103
225154_at,0.2177039102486523,6.373932844937804,3.5958608200570996,3.530086214943673e-4,8.509859050560659e-4,-1.1118076832146793
216320_x_at,-0.231094199419575,3.8569773544320434,-3.4604496631527266,5.819785162444053e-4,0.0013495099230576438,-1.1120430739053155
226525_at,-0.2713642438919047,5.198990444126081,-3.580331860662683,3.7414382125748466e-4,8.972918641440414e-4,-1.117501570257688
218167_at,0.20090224601450507,5.791195335494747,3.5859545670864827,3.663578345789385e-4,8.807880345251724e-4,-1.1175865585404434
219481_at,-0.1842569226357721,4.650239303103308,-3.544196402599105,4.280038093784718e-4,0.0010162244702729539,-1.119094084134808
213460_x_at,0.2284245150915413,5.122673944915299,3.559467953074866,4.044113682656229e-4,9.646980601713689e-4,-1.1197835856841643
215171_s_at,-0.16950487996450136,7.056482579217278,-3.615870332034536,3.274241743812633e-4,7.952154115045282e-4,-1.1232866961565833
201648_at,0.1579857876130843,6.951399139225754,3.6056912300038992,3.4021363951391537e-4,8.231049503415934e-4,-1.1238709647489156
221923_s_at,-0.24489191297949428,7.846526432737199,-3.6484554112140564,2.894513756386458e-4,7.117036004628902e-4,-1.124281470970371
218858_at,0.37641326883920523,4.615624918798664,3.493242871034801,5.163750145154095e-4,0.001209421447152898,-1.127103817311908
AFFX-r2-Ec-bioD-5_at,0.25929430825721583,7.4308018376477225,3.614370659062318,3.2927965966866553e-4,7.99359391350649e-4,-1.1361193258304754
222574_s_at,0.2317996574626577,4.624690179970867,3.5047949400558958,4.949601896622601e-4,0.0011625758631554027,-1.1403499898690956
201809_s_at,-0.26492138819309985,4.20478302176948,-3.494128497478476,5.147031049806458e-4,0.0012065676944546298,-1.1439216125131049
225799_at,-0.2978778370000393,5.643931075524719,-3.5807677369663016,3.7353474331884145e-4,8.960852877878652e-4,-1.1463729492595842
202564_x_at,0.18786884758423003,5.331596124376621,3.5648558720586805,3.963825936243337e-4,9.465998050596269e-4,-1.150058755108537
221749_at,0.19594380706443473,6.499974943195979,3.586103514256926,3.661536617903521e-4,8.804947651537692e-4,-1.1541593281585527
226675_s_at,0.4271730697468073,3.5639149505608536,3.385272229068669,7.628466830675933e-4,0.0017296034953869052,-1.1574598890952243
226959_at,0.43036474867246705,4.102119547351814,3.4244587736950116,6.628916638221061e-4,0.0015223061938962966,-1.1576142930309707
205680_at,-0.542700687483341,1.8848133232692086,-3.338901482527406,8.992052238662147e-4,0.002006156000308606,-1.1589079120213377
242093_at,0.6113838751581655,2.7296453878901588,3.3388904268047526,8.992402794251775e-4,0.002006156000308606,-1.1612566736572205
200031_s_at,0.08740993603228317,10.399304279915395,3.7817921508119734,1.7310843172538637e-4,4.439081014234122e-4,-1.167325292271845
201130_s_at,0.45716301229530115,4.548035035291802,3.4683487166511777,5.655003900517833e-4,0.0013147147740071082,-1.1685576818479309
204937_s_at,0.2769755803523639,4.554011335404799,3.4827045254898987,5.366630537032148e-4,0.0012522917216995296,-1.1691945752156485
218810_at,-0.31571629383033234,4.463552879714305,-3.5177705439171447,4.718978941905736e-4,0.001111086184717278,-1.1717560616071214
225547_at,0.24868687180700666,8.245651874599176,3.636856138347755,3.024674468593995e-4,7.409864528252336e-4,-1.1738767501907938
210592_s_at,-0.19561753884981162,8.624211925668385,-3.677368404728544,2.592604032025031e-4,6.430786523520295e-4,-1.1759216932158187
223040_at,0.24536359601832233,6.553811224213967,3.580084562291254,3.7448980095735885e-4,8.979205992963709e-4,-1.1764836157650134
220933_s_at,0.1940051353667052,5.178543113822292,3.547113205909627,4.234004794653119e-4,0.0010066332304731218,-1.1826569081574778
213725_x_at,0.330402133432999,3.9758532024774036,3.4122549206836146,6.92629219941562e-4,0.0015851606138077234,-1.182738944527033
225083_at,-0.2009472195870757,7.091663594896865,-3.599601029532491,3.48088184465616e-4,8.402588373546968e-4,-1.1871011136233456
211042_x_at,-0.21408890308685258,5.3869623643833755,-3.562686847769091,3.9959662436576514e-4,9.540625444239897e-4,-1.191608500592669
225008_at,-0.2756084138095754,4.177496136899504,-3.4766278143530935,5.48697809051692e-4,0.0012787034214424137,-1.1922203694080933
201918_at,0.27436558000247424,4.591993987314132,3.4799865989682104,5.420150194605783e-4,0.0012642296763512248,-1.1948853356791318
217839_at,-0.11207845169140268,7.410418509240114,-3.6057226753567693,3.4017341825866353e-4,8.231049503415934e-4,-1.1961264763651878
211150_s_at,-0.21136639196087037,4.6196222717491775,-3.5219062158316934,4.6476119245202963e-4,0.0010957276969055004,-1.1964304719590002
235350_at,-0.3588928927870907,3.4046714068602073,-3.4021140708682336,7.182807349040907e-4,0.0016382673010490788,-1.1965753624077688
208739_x_at,-0.14936581674459382,7.704361367118052,-3.6178207902233734,3.2502562813963666e-4,7.906447670889935e-4,-1.1974434171252302
224622_at,-0.14606194915791826,5.435580386936096,-3.560487355025061,4.0288072292822964e-4,9.614749798908719e-4,-1.1995086145749765
212857_x_at,0.13702065978289119,8.147696758687603,3.628312472303735,3.124040717386986e-4,7.635831212723427e-4,-1.2002864612116628
200613_at,-0.15823327963054754,6.7991439027180025,-3.5858833081742993,3.664555521303984e-4,8.808252927917788e-4,-1.2005638665180678
203689_s_at,0.2722593369454366,5.352593852059799,3.5473630378421213,4.2300835518758095e-4,0.0010059241973639412,-1.2039950143791138
208964_s_at,-0.3547697128485287,3.5870620821352013,-3.416567431151684,6.819815385432522e-4,0.0015627953416928045,-1.2067460426314662
224604_at,-0.24983659971039548,6.3713290304066525,-3.5748892361957214,3.818279562528777e-4,9.14287638653795e-4,-1.2068355785129539
1555326_a_at,-0.3190159214325436,3.9892939815868953,-3.454116315403314,5.955130920407839e-4,0.0013785072936544766,-1.2127173752990519
212329_at,0.19568352839830738,5.416455639415951,3.5466305785250785,4.241589524292036e-4,0.0010079890987963749,-1.2240303280493192
200762_at,-0.3448287029081919,6.443586564586264,-3.5730736415264572,3.844240216402928e-4,9.200063453195081e-4,-1.224948263931588
200917_s_at,0.26231402546143656,4.3833470273628725,3.44797911938046,6.089082864243704e-4,0.0014058694983759223,-1.225314291808873
213506_at,-0.30875643720992024,7.064670717365552,-3.589140070772742,3.6201441719962827e-4,8.71519202575195e-4,-1.2296026265181554
203535_at,-0.41106165921356885,4.716666744455613,-3.5285715421941535,4.534713632345074e-4,0.0010707601309965348,-1.2314024458563697
225283_at,-0.3448676716487759,4.482428358542796,-3.5045576194234638,4.95391645064839e-4,0.0011633342160411266,-1.2335846592424842
226066_at,-0.40871685154327403,2.7696268972994043,-3.3493734898374914,8.665649981970049e-4,0.001938912035439539,-1.234318441181144
228133_s_at,0.6176905993595665,2.3719039106722017,3.3041624209650045,0.0010158465663826193,0.002248040542379054,-1.2350182292828116
212438_at,-0.1529274455672523,5.1892727844742295,-3.5437071896502217,4.287804642242122e-4,0.0010175032666472014,-1.2365384757791924
210438_x_at,0.18400288983013793,5.876733432444779,3.552221041151249,4.154507333372109e-4,9.8904971249812e-4,-1.2401613849228301
225073_at,0.17786680062434795,6.088998525777795,3.555153084982886,4.109507268072909e-4,9.7942494689355e-4,-1.241077417759028
202790_at,-0.27340570833446465,7.146997362355501,-3.586936049882377,3.650144075412986e-4,8.779522559474477e-4,-1.2437138656682594
202467_s_at,-0.21460947621745494,6.705931458361608,-3.571524841312178,3.8665167047961785e-4,9.248044978450873e-4,-1.2457285870477266
208885_at,-0.32783093065418434,4.887238014454905,-3.5314531928550905,4.4867028624453456e-4,0.0010608264790416462,-1.2477874255506745
203857_s_at,-0.180204382757082,5.618394356469477,-3.5489549780053977,4.20517697995394e-4,0.0010004455026925729,-1.251401462407669
200085_s_at,0.17174954469387685,8.244974960225235,3.617507179555763,3.2541017026398725e-4,7.914004889984325e-4,-1.2514242146415073
227947_at,0.25966991074116824,4.496599364639519,3.4514415381932344,6.013169516268822e-4,0.001390740177629272,-1.2577208214102011
227808_at,0.43094792525861286,4.9632463728589515,3.490625210370269,5.213464276245454e-4,0.0012197388685612045,-1.2591408741929566
206113_s_at,0.2459839680830564,4.605609852708543,3.4656244809313015,5.711335269595238e-4,0.001326947185928731,-1.2614941024460684
227186_s_at,-0.2158685200383398,6.790612874847079,-3.5676030969744597,3.923465549682642e-4,9.375883656870431e-4,-1.2675513219979386
211703_s_at,0.20514767882338603,4.6529630015408525,3.471541763396535,5.589639107687688e-4,0.0013009299100729566,-1.270546839101562
227861_at,-0.21972611648699497,5.017854282976387,-3.5283722253368563,4.5380521359518765e-4,0.0010713123078989082,-1.2709049806800277
212501_at,0.26360965983165296,7.979004233064905,3.59592195070673,3.5292767924817995e-4,8.509822704897034e-4,-1.2710423710611378
203131_at,0.4103929238910998,5.732366568230636,3.5371274541459594,4.393552280746149e-4,0.0010413302120272896,-1.2729447448760487
225721_at,0.613957730675017,4.279707118614506,3.3940577293750716,7.392873796846294e-4,0.00168331258205344,-1.274499964001076
227625_s_at,-0.1521613206694304,7.769566185131635,-3.596831266668486,3.5172571987911866e-4,8.484660295124967e-4,-1.2810376541277115
204386_s_at,0.1841654056566092,7.657912602248214,3.5820680291549087,3.717232792036499e-4,8.924857664967955e-4,-1.283738289861776
200077_s_at,-0.08836082422689505,9.490471513354265,-3.6963624883981354,2.4106605518726463e-4,6.022716066280704e-4,-1.2857690505260138
225324_at,0.30664859575322334,5.6022969942748,3.5304303138456756,4.503690178618067e-4,0.001063903701952268,-1.2912836050690526
221664_s_at,0.2010701241834345,5.346242721104098,3.5240349549302277,4.6112723171639345e-4,0.0010876389329321275,-1.2919624818263005
AFFX-BioDn-3_at,0.25462252930101237,7.822194548594393,3.5834787494547653,3.6976729111976047e-4,8.879885652916372e-4,-1.2934638114253003
229256_at,0.35719853602689383,3.6809743480652903,3.354034948760601,8.523929847379314e-4,0.0019111942330467685,-1.2956030863913037
210159_s_at,0.483312615425905,3.9762170584347953,3.368668804894472,8.092905566113076e-4,0.001824480162663497,-1.299039051790321
209291_at,0.5777197159744976,4.066600045685452,3.3704829153721336,8.040909080727962e-4,0.001813903116063143,-1.3008911326984487
228009_x_at,0.18285063535801266,6.120468544467875,3.537663929651119,4.3848396248126107e-4,0.0010394951737246626,-1.3029551247936046
226797_at,0.25762386583039865,4.840111520382243,3.4782794334872613,5.454021125277329e-4,0.0012715762418954522,-1.3049519964557676
207507_s_at,-0.1750923797912308,8.209167346704643,-3.6143878964604337,3.292582765824747e-4,7.99359391350649e-4,-1.3071672519960202
213843_x_at,-0.4227500446159992,5.153631112563545,-3.526205912616141,4.5744859416810605e-4,0.0010791999095624135,-1.3076399801469796
201499_s_at,0.1394460358574038,6.587988545366263,3.5425301252692134,4.306545344470965e-4,0.0010213863244480286,-1.3143124774774497
201517_at,0.1848382145596393,5.448340397897764,3.5209786843323645,4.663529428166061e-4,0.0010989077139958925,-1.3176807170162865
221689_s_at,0.20273994178273663,6.123077138866717,3.5309874597837227,4.494430008042087e-4,0.0010621846167252343,-1.325406069561236
201478_s_at,0.25613273060452807,6.532713780513825,3.5366614304529995,4.4011339107786134e-4,0.0010425351800429814,-1.3255374016959234
217756_x_at,-0.14920124923793174,8.368770470232468,-3.6159237225629277,3.2735829765043455e-4,7.952154115045282e-4,-1.3316772345476693
206143_at,2.032713970591274,5.177476505840061,3.359023760672411,8.374647104781575e-4,0.0018816609570789643,-1.3346575297182381
213357_at,0.17518098562642392,5.548494736844728,3.518453900995625,4.707116353084392e-4,0.001108536766115478,-1.3368391377626168
222389_s_at,0.14825555474993923,6.285244804070249,3.5300702719852532,4.509683830532529e-4,0.0010650847194994485,-1.3384350352749976
36994_at,-0.16751870173610817,7.7284865237754135,-3.5782842725222506,3.77017527006251e-4,9.033748080559085e-4,-1.3412862977112292
36830_at,0.2730455701910454,4.2890282420226455,3.4013557427068792,7.202340821890707e-4,0.0016420233501790837,-1.3419631623173807
237206_at,0.4843331796033396,2.6054009550862216,3.2807125342448185,0.0011023611465008462,0.002420991177216803,-1.3433867702394844
207071_s_at,-0.1828975263645341,5.090052655193417,-3.5090043678175338,4.8736548219221554e-4,0.0011449882479660537,-1.3443079724663543
217865_at,0.2032000184898718,5.483112375229025,3.5137569505291824,4.7892184327567866e-4,0.0011266336642539187,-1.3446537963348026
220230_s_at,-0.32502423596313085,3.346549379560269,-3.3498330464469523,8.651581562271143e-4,0.0019365731984247966,-1.347187049174547
219961_s_at,0.4090286141507118,3.8782682292905974,3.348788692256763,8.683583163793788e-4,0.0019425188230052799,-1.3518914332392393
210285_x_at,-0.178716223638235,4.899295628986934,-3.4960923847692884,5.110136594672997e-4,0.0011987057880169,-1.3546551185857982
202151_s_at,-0.16911332724318912,5.0392923899170015,-3.5024395654154166,4.992579301986009e-4,0.0011721565211960576,-1.3577333313135025
219756_s_at,0.3614381001520757,4.895058320232766,3.4602508794966504,5.82398921821006e-4,0.0013501925231483307,-1.3585214324242978
202268_s_at,0.1815804610911691,6.769207185380782,3.5330235979622264,4.460739250600456e-4,0.0010553864750813314,-1.3592204628985636
231550_at,0.3316438897606501,4.17990038455501,3.3772127051221013,7.850721715240362e-4,0.0017736141234789117,-1.3625941784277886
201549_x_at,0.2604324866066518,5.162558317338218,3.490354163399164,5.218637428563033e-4,0.0012204161268761357,-1.3627219281267848
223015_at,0.17806240299202816,7.367431498340947,3.54917354194461,4.2017681965521335e-4,9.998565679623058e-4,-1.3636333025590517
208640_at,0.1278773548540382,8.931099232221865,3.627714091938633,3.1311137311126777e-4,7.646141190200619e-4,-1.3707065030198322
202073_at,-0.27227632243757194,4.354958386368993,-3.44344530119066,6.189839231201383e-4,0.0014275941374351005,-1.3729068149289887
212628_at,-0.22620687172770101,4.9240183999296985,-3.493913767872064,5.151080120221036e-4,0.0012072527089898918,-1.373257429998704
223112_s_at,-0.1760084728867811,7.183675362044783,-3.5482470948250984,4.216235105644222e-4,0.001002853612050767,-1.374693753076392
214751_at,-0.24711181621688652,4.195287733703132,-3.4226630777404803,6.67191307069212e-4,0.001531523563880966,-1.376975931555541
212954_at,-0.2281031014138792,4.336040319003301,-3.4359461369768445,6.359916553762829e-4,0.0014639833700142069,-1.3819897614696641
231899_at,-0.4755924125620042,2.792013798487712,-3.307386454365437,0.0010044574626702986,0.0022255952011555136,-1.3822524984998177
223280_x_at,-0.35521633895156585,4.756088762074738,-3.483807551268145,5.345051648006879e-4,0.0012477999194834971,-1.3872528737267587
222122_s_at,0.2454502999797623,5.017992408675244,3.4719053714850614,5.582240613593335e-4,0.001299490301899726,-1.3883630785449927
212594_at,0.3453740771311516,3.894163512886834,3.340236611045481,8.949811157660168e-4,0.0019979022073768156,-1.3961790578158482
206054_at,0.2946167496917811,0.7693690701939707,3.2114115635057727,0.001399582230802842,0.003022928314232025,-1.3974119889517258
202122_s_at,-0.2153203699858612,6.031808551200124,-3.5129512769671387,4.803435378594487e-4,0.0011294820722318425,-1.3975926551208735
221263_s_at,-0.17383001116832608,7.30771527062137,-3.5449311725409447,4.2683979249240686e-4,0.001013701490413729,-1.4010348564675246
201075_s_at,0.20042653532899884,5.35937805256741,3.4927999626084794,5.172130518071145e-4,0.001210861762239864,-1.401347589882434
225121_at,0.16948513304085314,5.1238822533462125,3.47949627288496,5.429858314316119e-4,0.001266218374429007,-1.406742091275972
221841_s_at,-0.45224919212296705,6.927026207735315,-3.5350207616934957,4.4279231277026613e-4,0.0010480852953397837,-1.4138022959445342
217826_s_at,-0.21187904300029048,5.191150910743896,-3.4931953202401558,5.164649256228234e-4,0.001209421447152898,-1.4142166128598115
226997_at,-0.4042251127187136,4.02466822859892,-3.4040276051080345,7.133736570015054e-4,0.0016281150378050975,-1.41708172765754
205166_at,-0.27399516099565246,3.898090057292285,-3.376261040349284,7.877359680065566e-4,0.0017792568891533292,-1.4175927609457126
201849_at,-0.6114364288987821,3.677657352114123,-3.379580115664742,7.784819019959841e-4,0.001760210345310886,-1.4199735210999611
201423_s_at,0.19522552892414194,5.166963898102553,3.4769625217844577,5.480284232583691e-4,0.0012774213442921906,-1.4209039475446446
227088_at,-0.356746616441807,3.759397195994767,-3.366411687097706,8.158036430882211e-4,0.0018372302771503283,-1.4219734239821706
201306_s_at,-0.11491429713542511,8.640033668416008,-3.604263702052381,3.420442738121678e-4,8.271603398080709e-4,-1.4274206686176543
227506_at,0.5485795590812108,3.2165629577406607,3.2758487462944132,0.0011211401324114317,0.002460215943982726,-1.4292157448057008
209078_s_at,-0.18929769319469109,5.160870163263998,-3.486591271444219,5.290952678488314e-4,0.0012362589037115744,-1.4312474117947174
203781_at,0.1343965552755662,6.64515284519935,3.50953808128903,4.8641037173889547e-4,0.0011429950235663055,-1.4325256459801725
218283_at,0.14718539961157237,5.666764596323947,3.4924506661088985,5.17874860203292e-4,0.0012121462480572138,-1.4356780023592055
202727_s_at,-0.20795381179567823,6.867249661411935,-3.5209433754666604,4.664136375324204e-4,0.0010989077139958925,-1.4364530395589687
240303_at,0.425942868465886,3.61243926199471,3.2997451493344894,0.0010316455435127319,0.002279877359727573,-1.44220629258629
1553569_at,0.08899126969792955,10.972624283438337,3.748400868717107,1.9717883501861252e-4,5.009193406579075e-4,-1.4478634494262073
200860_s_at,0.14465304373611124,6.930606230421795,3.511057601851563,4.8370068136060525e-4,0.0011371264865956032,-1.4515683961472963
212762_s_at,-0.26028302602077746,5.341420931111856,-3.486588884054361,5.290998855145681e-4,0.0012362589037115744,-1.4517366737064998
201540_at,0.5440880903987562,5.253406060977897,3.4528291577462102,5.982994705539476e-4,0.001384658074755766,-1.4546449922453126
200798_x_at,-0.25248533267795936,6.90337640604906,-3.5175711165134413,4.7224461266684925e-4,0.001111658214787949,-1.4552272500796581
200090_at,0.2020418446840753,7.199516958137409,3.516525071680788,4.7406714113949164e-4,0.0011154582216181363,-1.4557251649612422
200817_x_at,0.09607757100038371,10.335544445973573,3.6968535265311315,2.4061201818781155e-4,6.012774786204864e-4,-1.4591683852459143
221100_at,0.2900290765895681,3.0883610929370215,3.2684386585964145,0.0011503211880876537,0.002519605579223683,-1.4609019878322345
211597_s_at,-0.49383940506135576,4.174910131311831,-3.4134030528768484,6.897794235133186e-4,0.0015796509115216292,-1.4642609927639727
212230_at,0.29024881612547326,4.430020520136,3.377958006880548,7.829918609022969e-4,0.0017696607185329761,-1.4650042810861912
225922_at,-0.24700839021397736,5.659945044151774,-3.487262659539198,5.277981690716559e-4,0.0012337555717356861,-1.467853452002795
213193_x_at,-0.3594776808815027,5.050243624766387,-3.4746851165405204,5.525981416508516e-4,0.0012874058159575061,-1.4693851796020265
208824_x_at,-0.21354906176141158,4.610557065981593,-3.438356574463307,6.304779347575385e-4,0.001452227502699959,-1.4695531881441655
213477_x_at,0.06552671945210459,10.578096143802853,3.712823448600362,2.2627659369945757e-4,5.679712156284651e-4,-1.4719445630972894
200960_x_at,0.13471189653368798,8.508105762098346,3.570802012151546,3.876954552306722e-4,9.270940651531676e-4,-1.4763640453268856
200095_x_at,0.08515577291393503,10.31571139652546,3.6911834054709467,2.4590421601343497e-4,6.132814920128933e-4,-1.476455978090038
220133_at,0.5927111618591283,1.680245248803874,3.20408988844712,0.0014349761818472783,0.00309127284056503,-1.481299207358199
226333_at,-0.31328513860961826,3.256628668032771,-3.298591267430968,0.0010358099601065344,0.0022874937337912394,-1.4855162782850462
223591_at,0.23687144555012996,4.688567366212761,3.4082069306644294,7.027645793321527e-4,0.001606297618601526,-1.486198004637485
201366_at,0.12175028199908504,6.482720580660148,3.489946216095807,5.226432479843632e-4,0.0012219723080874037,-1.4885331355697051
230229_at,0.3660637011827637,4.034264540737324,3.321264496907991,9.567726555888603e-4,0.0021269776840264496,-1.4913058438367832
225143_at,-0.2003298487484414,5.193040419321111,-3.4701745656299186,5.617540120808191e-4,0.0013067960438733392,-1.4915490785811398
201105_at,-0.3663584822106745,7.959258757228281,-3.5550538510005865,4.1110227857798235e-4,9.79568218506656e-4,-1.4916478963163629
201830_s_at,0.2283738572212798,6.890550586343472,3.4962977274299116,5.10629324519734e-4,0.0011980665688961696,-1.4929129539377683
220690_s_at,-0.20228892753298394,4.517666718362051,-3.4221258926653273,6.684825955935564e-4,0.0015335019371721136,-1.4935450484028072
215482_s_at,-0.1275867395930801,5.229415947449646,-3.46905450801872,5.640494503393427e-4,0.0013116261691958713,-1.494491839136919
220056_at,0.3533517882150014,4.224164234364051,3.3379371256885277,9.022677942314084e-4,0.0020116534608951254,-1.5017283183497137
228106_at,-0.20419533502735196,4.464142049153165,-3.4132792955980418,6.900860770087007e-4,0.0015799881950046063,-1.5028074106347313
203037_s_at,0.41121973793115985,5.418757185612246,3.45751383230309,5.882163784210126e-4,0.001362794563586572,-1.503804437892331
218781_at,0.21934761456742197,4.847621740306896,3.4222481111719714,6.681886014636291e-4,0.0015331558122681213,-1.5054885206184592
238974_at,-0.18100403798992545,6.055615280057901,-3.480997286081453,5.400190423820559e-4,0.0012598484322820045,-1.5067018465415511
222943_at,-0.4878145253669852,0.8547069045757956,-3.1929389504878927,0.0014904736984511118,0.0031973257371859755,-1.5098885825421577
235391_at,0.4704039019196666,3.780410018372843,3.289187253107866,0.0010703357192518397,0.0023564542869595065,-1.5100835054656985
225814_at,-0.22269236777468396,4.55211052128242,-3.421763961056609,6.693539222415426e-4,0.0015351720336060043,-1.5103995670017314
223368_s_at,-0.19488884056770245,5.222645770427585,-3.4653627790953494,5.716774200600485e-4,0.0013279228536650692,-1.5105854645121886
223060_at,-0.16043673465593308,6.394447018971798,-3.485195293890673,5.318017901495066e-4,0.001242030211003197,-1.5127616792182739
200610_s_at,-0.13865269543207626,8.083547366402016,-3.5464248814129893,4.2448260219397823e-4,0.001008534512597935,-1.5128290050812687
223335_at,-0.18442750842861227,5.19043576887794,-3.463326689690518,5.759255593370718e-4,0.001336631394535973,-1.5136091994943124
201570_at,-0.1737531454646285,5.8224615762510865,-3.474648257363837,5.526723931287754e-4,0.0012874058159575061,-1.516444635884735
212442_s_at,0.25080845275199115,7.063967199036857,3.4936563006055,5.155939002749409e-4,0.0012081271770878045,-1.5165594437572203
225677_at,0.22854460324918385,4.5996642963067496,3.387624248750462,7.564718782883477e-4,0.0017173306276971963,-1.51981640663446
203113_s_at,0.20238267385000236,8.503532599332091,3.55437239271522,4.121444277872332e-4,9.81833056456444e-4,-1.5220637183991572
208470_s_at,0.26335482947573136,1.3350316077615005,3.1864476998874007,0.0015236867463783805,0.003260390026560308,-1.525083129146397
234675_x_at,0.3348212274273255,5.589181451077092,3.4607963083540336,5.812460775042211e-4,0.001348103318532739,-1.5256488160672275
218107_at,-0.14866511810611183,5.923952123475045,-3.47229066256183,5.574410907457959e-4,0.0012979496642381463,-1.5285471217524087
221816_s_at,0.24757907355292133,6.220622022228923,3.470401152710785,5.612907083454358e-4,0.0013060615461565278,-1.5357042908393632
222414_at,0.2192678122066463,4.629059198660568,3.384139463077887,7.659346924082954e-4,0.0017358701840004375,-1.5431927857545684
209033_s_at,-0.15165702371229714,5.86779291521827,-3.4643961206564806,5.736906149802888e-4,0.0013323103312993351,-1.5526553438070856
1557954_at,0.2793890200394002,4.422865003588737,3.35197883078769,8.586173245464646e-4,0.0019239421455482693,-1.5533116100971753
202052_s_at,-0.3057115874455666,4.365098627627204,-3.3936954674675386,7.40245277065234e-4,0.0016847774916507016,-1.555496226829952
208078_s_at,-0.3583060716424989,4.580437509065123,-3.4172345076212576,6.803482035298349e-4,0.0015593860300417463,-1.5627321049656606
218034_at,0.18998050880521783,6.332189572023146,3.4641488073641384,5.742067402732266e-4,0.00133321994116755,-1.5644073873031807
225720_at,0.6806368125849211,2.8291676133444854,3.2128879788108717,0.0013925435702712918,0.0030113684433420167,-1.5646771358542964
200732_s_at,-0.2610500895823524,6.893363910434154,-3.484985879587973,5.322089169065228e-4,0.0012427101409807275,-1.5661221146170288
214953_s_at,0.22019289798516878,7.5674911208580316,3.494580020874019,5.138526556518278e-4,0.0012048377106583566,-1.571468490917744
224320_s_at,0.3674419833216733,3.588101694477744,3.261061697401757,0.0011800696925395576,0.0025826530370125188,-1.5716042963208334
203640_at,0.26207328366102095,6.040422681326044,3.456805784347995,5.897301059328377e-4,0.0013660061891585923,-1.5721952245063253
212263_at,-0.3438954294524994,3.661547759235574,-3.30934535039447,9.975955449736357e-4,0.002211305829361175,-1.5734371987084517
225207_at,0.55286669465707,3.4455829005874863,3.2413994251053144,0.0012628775917119725,0.0027487215847237633,-1.574572807415831
201681_s_at,-0.18656043399921732,5.080296594107187,-3.4403714170562307,6.259033613611163e-4,0.0014429315064044845,-1.5762457126260196
223304_at,0.17480817123906656,5.676923393749814,3.449990457530823,6.044876222552721e-4,0.0013974699821365409,-1.5789768731204763
201259_s_at,0.22353785280363922,6.61692306610969,3.463933131753431,5.746571938535054e-4,0.0013339767102389173,-1.581197424499397
212338_at,0.28985601481523077,5.93462901010202,3.451821817479237,6.004885964472621e-4,0.0013891242353140832,-1.5825351735845583
1553704_x_at,0.2251098622136352,4.627709456955268,3.3711077916646115,8.023070822775496e-4,0.0018110231294646837,-1.5840457562870212
201576_s_at,0.17587716909969228,6.24586722476379,3.456644173674004,5.90076120862064e-4,0.0013662168754690492,-1.5859571813304356
226041_at,0.29305999196387883,4.12527739821369,3.30409221902048,0.0010160958873851316,0.002248127889623485,-1.594055255605217
218069_at,0.190834806825116,6.871255195273513,3.4663533834344658,5.696211999976615e-4,0.0013237205890618106,-1.595328763185563
221437_s_at,-0.1871376836533238,5.206714575254682,-3.438518104915103,6.301100431373927e-4,0.0014516922348668574,-1.5992241458885044
205576_at,0.3786154584967446,0.4720300239424066,3.1355756649338833,0.0018086311125684214,0.003808149589022307,-1.5992557573748991
1553993_s_at,0.23902279130359486,5.551300049930533,3.437002017837866,6.335708828395947e-4,0.0014590380197464698,-1.6090346947586065
207198_s_at,-0.20959353402670367,4.848939028873659,-3.418419468865742,6.774558174251164e-4,0.0015530888448695211,-1.6097184955613475
212747_at,0.15976053657750552,5.167643928066005,3.4204106738394326,6.726212626181976e-4,0.0015423355279171127,-1.6166827195738804
214494_s_at,0.15809073804309187,5.839863846063975,3.44155691891697,6.232262435395202e-4,0.0014370690372447008,-1.6170402435967208
212640_at,-0.17559180643005254,6.086751867946359,-3.4483605213663284,6.08067702465616e-4,0.001404837027499276,-1.6186249646979318
204579_at,0.38117805618746237,4.154748478005688,3.291902581430213,0.001060258643197044,0.002337150379541138,-1.6186489990922066
222464_s_at,-0.1567943483879345,5.7898315298786605,-3.443540123941533,6.187716124061503e-4,0.0014274117751307252,-1.6193916191999334
203449_s_at,0.19481821036608074,4.639679949525219,3.3654528477034504,8.185851793233574e-4,0.0018423325685065395,-1.6220096520694076
201420_s_at,0.23862384970667097,5.34656446666428,3.4227020459204085,6.670977256659995e-4,0.001531523563880966,-1.6315569145206483
209526_s_at,0.4780824995642079,3.22139764461645,3.2137361806929365,0.0013885146725482209,0.003003262202101573,-1.6334051985516416
227520_at,0.28129836398316993,4.93442569315876,3.387427724310163,7.570026237993088e-4,0.0017181242549510996,-1.6346688754151977
203455_s_at,-0.18215257432936566,8.467980574597087,-3.5362838701808097,4.407285328398684e-4,0.0010436615323416248,-1.6366014500329351
209068_at,0.21245216843894166,4.614748638701897,3.355465418600244,8.480874052122228e-4,0.0019043304070506272,-1.6377611316416232
200635_s_at,0.24082347996562045,4.9939330679171965,3.3939414009710878,7.395948507665786e-4,0.0016836548313349674,-1.6402874139574717
232017_at,0.34499389752851145,4.258629979553405,3.298418921481282,0.001036433302436724,0.002288398592127911,-1.6410775296230087
216591_s_at,0.23721398705740315,5.526340831901746,3.425911410062762,6.594323664049792e-4,0.0015153365382446467,-1.644276948737466
227354_at,-0.3252163925904389,3.549295482389434,-3.274972625529565,0.0011245541798165098,0.0024672023199619635,-1.6445057416608853
224720_at,-0.2334090052551602,4.45245431939032,-3.3705110747528657,8.040104425279391e-4,0.001813903116063143,-1.6480595112435967
206857_s_at,-0.5026716464952264,2.6531854131654136,-3.2160416492477584,0.0013776182665107533,0.002981936982736423,-1.6499353684952327
238604_at,0.31991352977086496,4.784064980620484,3.362024430088654,8.286031566713924e-4,0.0018633135217087798,-1.6502022178805493
225503_at,0.20667632924047233,4.94388843883989,3.388717435845691,7.535258716177529e-4,0.001712093883911132,-1.6511994980131703
202910_s_at,-0.1876464771386959,5.921915724399799,-3.433328093712328,6.420311982151519e-4,0.0014775682548826899,-1.6612039021765241
204130_at,0.5619124889116692,5.017446600062121,3.362938418835646,8.259213523372389e-4,0.0018580628827360017,-1.6643516873912372
221538_s_at,-0.24194314812356174,5.015284736999774,-3.4112629713910216,6.951001841572121e-4,0.0015904759232969272,-1.6688769641320924
222108_at,0.6003362264572086,4.86726623298743,3.340613975920956,8.937905482574442e-4,0.0019956603050191746,-1.67302406134628
208712_at,-0.28161648367477327,5.775302329952344,-3.428100895521354,6.542501357475443e-4,0.001504396158888912,-1.6747343610258412
203261_at,-0.2142370890532646,5.842950081671617,-3.4276697119113737,6.552676791496219e-4,0.0015060893899871057,-1.6772544195388228
226223_at,0.2625720695549691,6.0099190561960105,3.425065352390784,6.61445109334391e-4,0.0015196357401456855,-1.6773633835783608
208835_s_at,0.25383221255989213,5.075049378137207,3.3900482780709815,7.499538333467376e-4,0.0017047009159014638,-1.6782880697986418
230083_at,0.3602419277187834,4.379890730882505,3.299193433066682,0.0010336347723890022,0.0022836315356987795,-1.6822466627622532
202424_at,-0.19055835233056795,6.047249071023611,-3.428325590091022,6.537204667605949e-4,0.001503500936111261,-1.6843540998813546
209213_at,-0.2440505445070605,5.1079231461459855,-3.4107285036677673,6.964349566009273e-4,0.0015928496349414461,-1.684457523241698
201765_s_at,-0.19733971415101995,5.647799985023302,-3.422278431404614,6.681156854259383e-4,0.0015331558122681213,-1.6847471404631094
200945_s_at,0.17660628424820154,7.113787985926596,3.446155742413092,6.129418899214805e-4,0.001414877497679125,-1.687935592154803
224647_at,0.1402079887909256,5.267947919771084,3.405394990811571,7.098862796461504e-4,0.00162119200892117,-1.6883384990224668
200894_s_at,-0.23024108101943555,4.941785345430601,-3.4009485499605705,7.212849947653572e-4,0.0016440693933875048,-1.6892622948791018
201772_at,0.20683435845808687,6.408306007388645,3.4249181219783407,6.617959501736313e-4,0.001520115783492734,-1.7000909497173593
201496_x_at,0.754396425337674,3.6363539710350286,3.2030688646570082,0.0014399771632836907,0.0030989303636517027,-1.7039882222366325
216942_s_at,0.2578263637552947,4.435139332169156,3.3094828565882617,9.971155058327197e-4,0.002210699175079869,-1.705884948004912
242013_at,0.441893486872452,3.5574360431215233,3.2105364823443843,0.0014037696041683193,0.0030307504573670306,-1.710713331638086
200040_at,-0.09023021949998955,7.445953531976787,-3.456689764575162,5.89978489730217e-4,0.0013662168754690492,-1.7127130709645053
211270_x_at,-0.1274838299326981,7.269106327859955,-3.4495492513329395,6.054547648106078e-4,0.0013994038609311849,-1.7181811886540181
238619_at,0.4108810625526024,4.038565765844421,3.246542948097676,0.0012407109786987326,0.002705421680195303,-1.7200577453151826
203126_at,-0.27395637514918947,5.375568159142232,-3.4057083886344155,7.090892313084138e-4,0.0016197170437115217,-1.7271125187634597
224682_at,0.1904882079313465,5.148020808260842,3.3830830149563704,7.688251379064818e-4,0.0017405798187641885,-1.7310241567193403
224068_x_at,-0.12587996718488506,5.390289123155141,-3.4027176390291927,7.167295564241679e-4,0.0016350774569787287,-1.731894165749745
229460_at,-0.27772975696596064,3.8711722395023753,-3.276218199565804,0.0011197033378966502,0.0024575664533675093,-1.734363746995581
212345_s_at,-0.22546220454481422,5.652420238538481,-3.406764384291429,7.064097069143365e-4,0.0016139405395976302,-1.7377698594781732
223309_x_at,0.18603982146366432,4.723417736405877,3.339605382801244,8.969759052267884e-4,0.0020019380984780386,-1.7390899129468025
209780_at,-0.2178633672819485,4.569591365112283,-3.354874188264403,8.498644947131304e-4,0.0019071215609262181,-1.7396275194842667
224410_s_at,0.26685862223223905,4.123783106931295,3.260849373280293,0.0011809363762320436,0.0025840219359832277,-1.742046649376154
225418_at,-0.20403823356831016,5.359969214069779,-3.399240838642104,7.25707957624985e-4,0.0016534473309307662,-1.7446531900086235
225492_at,-0.1901808448093966,6.004248290629612,-3.408650091353391,7.01648293948352e-4,0.001604088385204587,-1.7479041039787786
201111_at,0.3396886834130277,4.9938176115153015,3.3531579096595476,8.550428330836258e-4,0.0019163334457792643,-1.7551722286193465
202970_at,0.2150209018918729,4.472987512857085,3.2997237274329128,0.001031722714455267,0.002279877359727573,-1.7593024470273484
207305_s_at,-0.20243091770091368,5.650163202109256,-3.399622170601797,7.247181245505981e-4,0.001651543345737196,-1.7606301470007786
221647_s_at,-0.12212643344990942,5.648898800709323,-3.3978851695404875,7.292371087463782e-4,0.0016611348386136402,-1.7633932026308097
202244_at,-0.11123952324112298,8.119515330439423,-3.4732551139802,5.554856724122675e-4,0.001293677827946222,-1.7669769756679958
206323_x_at,0.21526460674927023,6.538711585084063,3.4050072581538684,7.108735351606235e-4,0.0016231006355873316,-1.7739414386980972
202207_at,-0.4138123186819058,4.473642922147985,-3.346552247403589,8.75248393122317e-4,0.001957114597269752,-1.7757643671497432
232321_at,-0.659549531858105,2.5816844644108046,-3.17691961187045,0.0015736776458512788,0.0033576595538746764,-1.7764254090879597
208764_s_at,0.15241893404787624,7.881360711211483,3.448001468758447,6.088590000254804e-4,0.0014058694983759223,-1.7774502084722448
200603_at,0.16764855787700636,7.613113573660142,3.436566545188062,6.345682288950697e-4,0.001461020725586263,-1.778520879476999
203232_s_at,0.31157539413989904,4.462782029439561,3.282239812655728,0.001096524800920717,0.00240965542405408,-1.7803508542341273
201479_at,0.23908877451618957,6.975472243421053,3.4132245901058043,6.902216701784335e-4,0.0015799881950046063,-1.7805951995840434
222691_at,0.2270644807038643,5.697955969793151,3.3881671197161967,7.550075689023799e-4,0.0017147331112256086,-1.784488002823867
200672_x_at,-0.2928187208660027,5.193239585560306,-3.3836341589145458,7.673159416336278e-4,0.0017376824484951576,-1.7868382792178572
227442_at,-0.17124138802399827,4.926477630204868,-3.3683914268493016,8.100883365152681e-4,0.0018255103805401905,-1.7870384162632904
212353_at,-0.6055106051152244,5.365765587555506,-3.3904360028222613,7.489161332979123e-4,0.0017027034244525754,-1.7889841507685782
231807_at,0.24730649895182208,4.577822378942768,3.2989303723640884,0.0010345844979804332,0.0022852585003844085,-1.7930242102100715
220761_s_at,-0.18131662084305936,5.553770342367914,-3.387924633869579,7.556613100137908e-4,0.0017158540937214375,-1.793429350146332
203909_at,-0.16358990961010703,4.7507060462752655,-3.351913846175038,8.588147351378835e-4,0.0019239820697474163,-1.7942906508237586
209063_x_at,0.1546756887010696,5.780184248219232,3.3873212541897133,7.572903080842528e-4,0.0017181242549510996,-1.7951056013750168
225864_at,0.31162028393846253,5.854156148599872,3.3864196307910377,7.597305960213114e-4,0.0017229030218408783,-1.795955397958286
200921_s_at,-0.2041214048817247,7.329504807041973,-3.4297111584311453,6.504631139206237e-4,0.0014963305431461545,-1.79891240685079
202988_s_at,-0.44413436219843444,3.2032126997132386,-3.2034835425648502,0.0014379441284777534,0.0030963678503545668,-1.7994672988295424
202441_at,-0.14553080005030097,6.289268467608322,-3.3972169553851264,7.309825159408388e-4,0.001664756737515775,-1.8004783233350556
222271_at,0.4132701263754813,2.8817261844645072,3.14447669728459,0.0017554726639125288,0.003707882225649629,-1.8024320246744026
206407_s_at,-0.3257662577989894,3.3162127553950254,-3.2034612357468344,0.0014380534242029862,0.0030963678503545668,-1.805007908155555
217948_at,0.3765985827592155,3.799611277582797,3.2012449337632995,0.0014489509025550841,0.0031138637952001233,-1.8073076956699579
226934_at,-0.2639380676641762,3.9364344676233207,-3.2601250615209056,0.00118389737673976,0.0025894431598638317,-1.8076641766662709
218281_at,0.17046090137894804,5.820204472482061,3.383908523432927,7.665656785861723e-4,0.0017369327653751403,-1.807936554432736
209669_s_at,-0.14711589825219476,6.842502675438257,-3.4091545922241524,7.003795090003965e-4,0.0016015294941133934,-1.8080919832871158
202471_s_at,0.16972048792742248,6.10819674609946,3.3881976520638375,7.549252911258304e-4,0.0017147331112256086,-1.8084408768266664
202643_s_at,-0.2875427625859711,4.763565519407317,-3.3545409544132436,8.508676371490865e-4,0.0019085511085885026,-1.8100090568055958
235148_at,-0.2281044609516476,5.534396912924408,-3.3820039613491892,7.717879129800785e-4,0.001746549199779379,-1.8137312857444199
225307_at,-0.24265876364758823,5.433175638318657,-3.3801432524448085,7.769218722958947e-4,0.0017570538353189613,-1.8143709867042332
212988_x_at,-0.0859637598114746,10.088407953297093,-3.588322703656771,3.6312426441023805e-4,8.73994662913251e-4,-1.814530870052094
202798_at,-0.16238983567928567,5.938475966983804,-3.3873167066261796,7.573025979538031e-4,0.0017181242549510996,-1.8145558520166905
218645_at,0.23653514056668973,5.229668584424605,3.3608883550693296,8.319478935705478e-4,0.00187004989169561,-1.8147711169744856
203242_s_at,-0.2282251362952891,4.28171862175738,-3.296114801488099,0.0010448003680137226,0.002304972475809516,-1.8199854999700769
209436_at,-0.5125523769441801,4.624188635834561,-3.349523641986619,8.661051032018066e-4,0.001938287856820755,-1.820854320456463
209317_at,-0.1813704150805265,4.674030345518976,-3.3380816990847695,9.018080462503069e-4,0.0020110469607576057,-1.8211426905679335
217234_s_at,-0.328985685758656,5.567823305954383,-3.3805798138113565,7.757144911783228e-4,0.0017546936959445462,-1.8239636612722352
221796_at,0.5829665038931435,1.0967227636191634,3.0715735721143185,0.0022367534531550133,0.0046259343134458794,-1.8270765617306086
203313_s_at,-0.20782568433993684,5.958757482845228,-3.3837544980162093,7.669867844102385e-4,0.0017375194378064886,-1.82892368361136
1553113_s_at,0.24611212757904538,4.093374287040721,3.2309846022703117,0.0013088885720446415,0.00284193823922056,-1.8298099550920117
225053_at,-0.20739168974076266,7.082660676115729,-3.4111520341078694,6.953770411939297e-4,0.0015907696438843837,-1.8318262767253435
226316_at,0.3589732874821029,3.7396336413042346,3.1888676609612943,0.001511225689544427,0.003236657499418122,-1.8333341168389312
222768_s_at,0.2731017232827198,4.36131728122399,3.2576088593231645,0.001194237198383463,0.0026099271942639822,-1.8375342272193809
218788_s_at,0.2117123222220238,5.082217091588838,3.344388807517328,8.819618899999083e-4,0.0019708923086293323,-1.8382669313607778
204362_at,0.3152405796209626,5.670484081342116,3.369148294974027,8.079131967835249e-4,0.0018217583828966327,-1.840458890351611
228768_at,0.19376253199893634,4.678176314516708,3.3010451571891646,0.0010269723674995583,0.002270785340149178,-1.8441462003987592
226403_at,0.2888725448878778,5.592211142226728,3.366308695456679,8.161019936242449e-4,0.0018375159011552197,-1.844463035446764
203052_at,0.39325090459269335,4.522143576050583,3.262467600768789,0.001174345804297019,0.0025706511241180966,-1.8460727186420005
218876_at,0.3992704756707971,3.3333812551716258,3.152930157424965,0.0017063244712790672,0.0036169082035640374,-1.848783295258567
202967_at,0.262135403202638,4.812832905331338,3.3098179807072463,9.959464733584147e-4,0.002209021649914844,-1.8502258358730597
200699_at,0.19320512922539168,7.003865035837197,3.3933017703502917,7.412876065130576e-4,0.00168679144617128,-1.8524590736457274
224959_at,0.7271734384521624,5.886780665035957,3.3622291827801605,8.28001672990375e-4,0.0018623518628481815,-1.8529760207545394
213988_s_at,-0.22357380081028433,7.894966001405634,-3.4389479636080718,6.291319992895784e-4,0.0014500626308926966,-1.8544924368650149
200980_s_at,0.19999367921692887,6.827093740849566,3.3866924352100445,7.589914660415798e-4,0.0017215912715865856,-1.8576233710850962
226520_at,-0.2458723581874407,5.032299623924011,-3.3551936008100784,8.489039914130882e-4,0.001905365275509829,-1.8577619570881971
213258_at,-0.36328376793448935,4.1557885633619485,-3.2798290307611975,0.0011057505074463666,0.002427937115448437,-1.8580909408303778
222608_s_at,-0.3665471253409378,5.146369646269464,-3.361578825807267,8.299135736646049e-4,0.0018658686494583236,-1.8597188271941292
244414_at,0.4077611055531098,3.6540766294350817,3.169285470973134,0.00161481964191526,0.003441329386082789,-1.8647303858977518
225084_at,-0.19219677348019842,5.286923578779848,-3.3605958646035323,8.328110501663501e-4,0.0018715973946784369,-1.8661782500891375
205206_at,-0.44710334009133096,3.2808523685012787,-3.188112996407754,0.0015151015307116457,0.00324366161041444,-1.8667001459427057
212083_at,0.14791814343194148,5.784315637189014,3.364646712640214,8.209305542743307e-4,0.0018472230682505576,-1.8703990742848697
221729_at,-0.4677702367851654,6.336991686890024,-3.3822988868353243,7.709770774545486e-4,0.0017450829137482737,-1.8721846426491275
218258_at,0.2636990890375557,7.271307651027551,3.3929016611261424,7.423483126594528e-4,0.0016888463524146779,-1.8761859051905692
208802_at,-0.19850260789327148,4.544736699877736,-3.3085473465758715,0.0010003856435535673,0.002217031733427672,-1.8771339080466989
209082_s_at,-0.29593030068269227,3.8112487327881746,-3.226616662124624,0.0013286432302221818,0.0028819102906196058,-1.8784045295128662
217750_s_at,-0.11688550241743925,6.205406626484859,-3.3706713388731524,8.035526298114972e-4,0.0018134525643923678,-1.8818458414457497
234989_at,0.4647984077960432,7.408925223900215,3.390581613780903,7.485267680541184e-4,0.0017021794239362703,-1.883023843179612
208899_x_at,-0.19546966844428865,6.047440090205501,-3.3679413153705067,8.113844804418244e-4,0.0018280466748629369,-1.8852637613659473
218574_s_at,-0.2866655604891325,3.7767093994830456,-3.2191605412447393,0.0013630031873941098,0.0029522549831284065,-1.8853756599876919
218310_at,0.156080254841934,4.9788006231413755,3.3243873858821944,9.463363173070602e-4,0.0021050874101558423,-1.885805845236293
216834_at,-0.4290475727825285,5.838240949931514,-3.3668213364634743,8.146179577783235e-4,0.001834945790933385,-1.886725949674818
223076_s_at,-0.15163545034718068,5.405487025808599,-3.3565605895212416,8.448047237880868e-4,0.0018973570243064515,-1.886763978942417
205173_x_at,0.23527076844541858,5.469901471157787,3.350008359392966,8.646220300292745e-4,0.0019357775982661689,-1.889872581220624
212410_at,0.22789596792005648,6.321022853255051,3.365639340316021,8.180434850840553e-4,0.0018415002848719236,-1.8914124080634398
212648_at,-0.1713773942167758,4.737255972654674,-3.321116905126947,9.572685260740789e-4,0.0021276385310853956,-1.8928289062080204
211002_s_at,-0.36618367471894453,3.4314364541527533,-3.182561345745671,0.0015438974160169095,0.0033000345207081306,-1.9062400012712715
243768_at,0.3413054064157163,4.228364760511001,3.2122269990063557,0.0013956906679401507,0.0030169560382653014,-1.908336596882135
200863_s_at,-0.12855740747329572,8.058640786124494,-3.4278259597677114,6.548987819234689e-4,0.001505564517327494,-1.9108053349898544
213263_s_at,0.26946901623118014,5.334452369880071,3.3360863690413334,9.08172534660721e-4,0.0020239759442105894,-1.9110769661694818
205470_s_at,-0.41543906561788035,3.2775027687199847,-3.170162585416827,0.0016100427116884162,0.003431831987727418,-1.913014712064129
218326_s_at,-0.28842474309208044,4.688676777091644,-3.3169220787159444,9.714622650247613e-4,0.0021573953659225265,-1.9130450891665065
231766_s_at,-0.4504121551135907,4.503611940256781,-3.3095607761359704,9.968435810464608e-4,0.002210553774322239,-1.9135316808076936
204825_at,-0.26784261688665983,5.299672430920055,-3.3473597897121827,8.727546613691898e-4,0.001951945863726123,-1.9145748600734942
202551_s_at,-0.2062874982770645,4.641009762769152,-3.306612886503636,0.001007179280924498,0.002230242173737939,-1.9153566635859853
202023_at,0.255681292748938,6.165363109725435,3.354514190167788,8.509482540001428e-4,0.0019085511085885026,-1.9192569238270698
224967_at,-0.21599967664382605,5.837256096588226,-3.354485062463573,8.51035997920963e-4,0.0019085511085885026,-1.9196706225708606
242463_x_at,0.25287949696464596,4.388683012764453,3.235010096520366,0.0012909237047823469,0.0028042853185274333,-1.9212399721527813
214898_x_at,0.3091725360220404,5.809603712969649,3.346428285721327,8.756317790857464e-4,0.0019575632824176963,-1.9249965332715036
210609_s_at,-0.24136722729143117,5.114546347347304,-3.337187567862974,9.046549062835765e-4,0.0020165559739941646,-1.9275126023396485
208654_s_at,0.22013412459375767,7.438166802707466,3.383609594358134,7.673831479352741e-4,0.0017376824484951576,-1.929429792178472
224933_s_at,0.23318471840706023,4.734847131858786,3.27766013451836,0.0011141120070816456,0.0024457954778413257,-1.9302905373530157
226806_s_at,0.29466546155706447,5.001480622472398,3.3011941275252923,0.0010264381159467493,0.002270072571456962,-1.934751677121679
209040_s_at,-0.25793279577899425,6.6889008225650075,-3.3685180340883023,8.097241048104475e-4,0.0018250734977560117,-1.9353789432344897
207051_at,0.3763802633799764,2.5412743462908134,3.087772640380669,0.002120374759537802,0.004400537543380176,-1.9369837612629413
202148_s_at,-0.20050002527736766,5.546818563223097,-3.344412467788447,8.818882102245701e-4,0.0019708923086293323,-1.9370047741806422
224367_at,0.6195507099439527,2.8864297224790523,3.0941057785689,0.0020764096855824424,0.004317658571747808,-1.9387096738131406
223886_s_at,0.20183481620297428,5.084445503956918,3.3135963065252856,9.828540779502398e-4,0.0021817894192045005,-1.941316627559039
1555945_s_at,-0.15692649002922687,5.451449569918992,-3.3407126339237547,8.934795299753464e-4,0.0019953817395509453,-1.941797224160422
229580_at,0.38117551052515225,0.7991216430299237,3.0270428752339082,0.0025875760560437047,0.005280248761238469,-1.9438903033462536
212213_x_at,0.1973936467921302,4.812765010603092,3.2857589730020016,0.0010831855880295506,0.0023813189420399295,-1.9444442262872954
226103_at,-0.46252069252582173,2.565789597450261,-3.111818452180582,0.001957860952773598,0.0040949949994267,-1.9478191624849677
214919_s_at,0.19254352135659225,4.896767882760142,3.293126534614267,0.0010557451714884258,0.0023276801856669076,-1.9505634742585594
230656_s_at,0.20376147527914074,5.723566536620369,3.338092071277715,9.017750707200317e-4,0.0020110469607576057,-1.951883335299943
223394_at,-0.18897293525780787,4.449898608140139,-3.2708086509691596,0.0011409124171441554,0.002499508123694343,-1.9557226110666885
204784_s_at,0.5043508779651932,2.8109507485403253,3.0883267237705816,0.0021164943759719485,0.004395890703719946,-1.9567301090295341
212354_at,-0.5677112456564435,6.158648250301183,-3.353239345775646,8.547964632432705e-4,0.0019161821533218574,-1.9593962266852447
202309_at,-0.19801437815423825,6.5699676732816386,-3.3552288970076773,8.487979144239157e-4,0.001905365275509829,-1.9639990800477278
214794_at,-0.20109081909327473,4.9796038028643395,-3.318111097241956,9.674193459101118e-4,0.002149753879430622,-1.9658118780994434
200017_at,0.08317016029044211,9.847152290752119,3.519186028785021,4.694438096822337e-4,0.0011057940925958158,-1.9660833479313826
214328_s_at,-0.12037010525666192,9.574362211054694,-3.5100278665088163,4.8553541393508206e-4,0.0011411893131826533,-1.9669995450937892
222406_s_at,0.2265587581523281,4.592166762382626,3.24952203547259,0.0012280375840849251,0.002679968759075535,-1.9687155191633599
212089_at,-0.17961924399822957,5.278054932200032,-3.3284346416834736,9.329681576730503e-4,0.0020770756178618843,-1.969488906047153
208579_x_at,0.36234943310860035,5.236600515542075,3.30720118039223,0.0010051087313222458,0.0022265777168435107,-1.9708083760733945
218422_s_at,-0.2217775714962119,5.446895678294898,-3.3323843602061585,9.200915054864763e-4,0.0020488339842603663,-1.9712986930675616
215051_x_at,-0.25724832482356597,5.195275960802137,-3.326557877928859,9.391451768845205e-4,0.002089958928118793,-1.9721311743137333
200073_s_at,-0.14604716894097264,7.285832175643695,-3.374002076230068,7.940927356775597e-4,0.0017932368206816395,-1.9742464354965987
215452_x_at,-0.1137037407291767,5.6853785145721485,-3.333969475727701,9.149703906008797e-4,0.002038701704348424,-1.9754656091856537
202537_s_at,0.197649723923352,5.661792410472343,3.3279257872567016,9.34639217224253e-4,0.0020803635848999423,-1.9813796252625355
202437_s_at,-0.5607049712227323,1.0268670432941096,-3.0419118710431023,0.0024651848661082433,0.0050583270389997345,-1.9838224003076679
227443_at,0.2835834629979926,4.661072063576483,3.2454935432804253,0.0012452040425774099,0.002713562023623229,-1.9873212364594073
223016_x_at,0.20571141136632953,5.37840860641047,3.3164505644214413,9.73069855506706e-4,0.0021605175879882573,-1.9903346018384163
200018_at,0.0664165510176967,10.190547701443453,3.5366355263228466,4.4015556980625455e-4,0.0010425351800429814,-1.9933729661075912
208745_at,0.1889347563018657,5.657438943809914,3.323323603735867,9.4987942166584e-4,0.002112530256239598,-1.996505686756926
208801_at,-0.14897174795073895,6.628662134913672,-3.344283551369439,8.822897345280808e-4,0.0019712137489049696,-2.001978023978695
201514_s_at,-0.18748427775438448,5.1507371067235805,-3.3134590599513434,9.833268448701956e-4,0.002182386676837457,-2.005591427461466
226142_at,0.3752216280566758,2.800540453675806,3.0745439376535963,0.0022149835593733313,0.00458533698001285,-2.0074597084056283
233337_s_at,-0.29795374829721144,3.5204497312561114,-3.153409421927073,0.0017035764215385463,0.0036125127086188533,-2.0076717914518722
203548_s_at,0.5292157570511342,2.697796569169706,3.065409785448963,0.002282556620203068,0.004712474286420402,-2.0098767405279068
202732_at,0.26120972793246,5.386560937111488,3.306974073696938,0.001005907583644154,0.002227886694972053,-2.0157860077190417
220615_s_at,0.26834609911110924,5.089621405254754,3.2865218618304173,0.001080313814559414,0.002375711459418799,-2.0180926572781663
224691_at,-0.17882941522471174,6.991504479985103,-3.350132171590638,8.64243584904057e-4,0.0019353347669475674,-2.020984945250494
202040_s_at,0.19452190875247147,5.047240150546396,3.285402640407787,0.001084529369832791,0.0023837839842057226,-2.022747959142686
229574_at,0.3480735845826684,4.0540248387515305,3.154465668189067,0.0016975344276922892,0.0036018392402193495,-2.0258017354584874
226505_x_at,-0.18884646194681282,4.455069654093107,-3.2440342862617797,0.0012514769485226086,0.0027250147458379483,-2.045022286025662
201525_at,0.6100732263746177,3.6515724847166777,3.09848212489269,0.002046520408894517,0.004260468935189848,-2.0471478832129515
225468_at,-0.19814068655600406,4.460021768003914,-3.2449626393168627,0.0012474828615452137,0.0027171894506952147,-2.047724018186247
201738_at,0.11970693443255366,6.595327075200381,3.3230078632305045,9.509334172289597e-4,0.002114435387873359,-2.0525519011728086
224781_s_at,-0.10951711846609521,5.380298220106143,-3.3044757214550597,0.0010147345770817786,0.002246043703363036,-2.052657576555224
228970_at,-0.16725889535153032,5.016586445358187,-3.2916119062232467,0.0010613331695657736,0.0023390376970907497,-2.054361631369103
202598_at,-0.28226167966898763,5.664606551207904,-3.309822423568964,9.959309836217363e-4,0.002209021649914844,-2.058913514903179
218533_s_at,0.22713431490074276,5.326029055849775,3.2914812882746034,0.0010618163481536933,0.0023396212541691723,-2.059539299549251
225591_at,-0.19915867924805675,5.1720613777534625,-3.2950590404828497,0.0010486551061515779,0.0023130002372250057,-2.068005707209922
1557522_x_at,0.33717440311252117,3.932727264558899,3.1277731124205057,0.001856445314301421,0.0038990410670792295,-2.0749972550616027
228152_s_at,-0.301690496674167,3.739961832012936,-3.1543152192505906,0.0016983938245480228,0.003602949117303558,-2.0766250699947486
218027_at,0.20681821279193616,6.791769306486457,3.3175939335351425,9.691758899787236e-4,0.0021527641114124124,-2.0809872775346365
218388_at,0.17381918692935863,5.992619529856172,3.301401649887834,0.0010256943094832226,0.0022688959606635894,-2.086521691920617
200752_s_at,-0.17403255403295007,5.27756760125525,-3.291225246503343,0.001062764083482152,0.002341227971693254,-2.0898130599070788
223519_at,0.46734223388469015,4.618457850295187,3.1889768446514135,0.001510665697918094,0.00323610510333864,-2.0910684126423105
224856_at,-0.22485119664001818,4.423815477746703,-3.228631553769035,0.0013194965547853818,0.002863230016490945,-2.092077471080139
211714_x_at,-0.16679053538453245,8.284716054633783,-3.389443501248384,7.515751213933845e-4,0.0017080238174559457,-2.092485740368925
208773_s_at,0.1599130908826189,5.895774833354723,3.2974311827978324,0.00104001248374264,0.0022953551170858885,-2.094858219984533
203868_s_at,-0.3477884640523206,4.131948092927288,-3.2002742635084283,0.001453747645857082,0.0031235456337879905,-2.1004547362599277
204401_at,0.43225851051688924,5.008264971946697,3.2349875828024848,0.001291023540649426,0.0028042853185274333,-2.1112711752830604
224963_at,0.7525215106570992,4.615008716230049,3.157605035482401,0.0016796929404607746,0.00356822337322155,-2.111931918882812
216484_x_at,0.1404851022093494,6.1674186734300696,3.296345075604132,0.0010439613519187053,0.002303595872936167,-2.1126988280801307
213523_at,-0.22794933733349304,4.072636801525573,-3.176566739336225,0.0015755578147445054,0.003361001766100734,-2.116259494894999
202133_at,-0.4339278401502267,4.882165975256479,-3.2726064049183554,0.0011338230416154324,0.002484993094277031,-2.11680006054332
231832_at,0.37964198391635384,5.88020021402871,3.2877004179821805,0.001075891206476945,0.0023672258153599325,-2.116855589684718
206245_s_at,-0.2267953500160766,6.144709875923096,-3.2981828438539718,0.0010372877150501751,0.0022898131653271226,-2.119626693547488
217938_s_at,-0.10526530214411593,7.191693538945517,-3.32483165187796,9.448602524041635e-4,0.002102240474352192,-2.1205899716782763
232252_at,0.9667549320316091,2.204726471500861,2.996439775188858,0.0028571902130287534,0.005786215265061822,-2.1241570716426983
201952_at,-0.3473626722518993,5.656295971494103,-3.289592807098144,0.0010688250121176027,0.0023536119948234075,-2.1261366106842354
204695_at,-0.23753784880284887,4.33276617383862,-3.207295754333807,0.001419377983261851,0.0030607480544855496,-2.1269186232505186
220199_s_at,-0.2129906829173838,5.330813262870474,-3.2814087679522284,0.0010996969936535076,0.0024156354096801363,-2.1281777336665026
202305_s_at,0.19075955967661545,4.816723089678775,3.2281301587764073,0.0013217671944875172,0.0028675763374938785,-2.131136858661243
211628_x_at,-0.12334810513516442,9.562520918300821,-3.459202450254835,5.846209294752408e-4,0.0013550506312133828,-2.1371861818375644
222410_s_at,-0.17999989393816615,6.275260721957079,-3.293918753549763,0.0010528332807246455,0.002321737944916247,-2.139503885372174
201839_s_at,0.22670466427678004,9.517388440517378,3.4386630613589357,6.297800699406385e-4,0.0014512441147072619,-2.140322632971195
218708_at,0.23797559915355615,5.526657492833781,3.2738525024845906,0.0011289330885583307,0.0024763022476915223,-2.1422585408416728
213043_s_at,-0.19575397516042378,4.223123778498328,-3.1822049820510796,0.0015457629944578598,0.0033033630480006093,-2.144934251633421
217853_at,0.22744352737597345,6.520660902939384,3.290331698133619,0.0010660776928463679,0.002348044885580415,-2.1479441045845444
225457_s_at,0.4546890618865304,4.682470633217361,3.1807212153302697,0.0015535529743278655,0.0033180249230411528,-2.1481502409100655
217934_x_at,-0.1473493605654743,6.186304946682861,-3.288845211189762,0.0010716113804924115,0.0023587780396990355,-2.148629051491598
206200_s_at,-0.15202041986663642,7.823378594457569,-3.343707120216943,8.840871721870897e-4,0.0019748177388741227,-2.1487845818098306
222444_at,0.32871965571356976,4.264465485837352,3.139938985185288,0.001782389972655418,0.0037602882585776867,-2.151319784837053
202491_s_at,-0.15486200671230094,4.859408336120996,-3.2482573367951106,0.0012334030476853326,0.0026905817246697145,-2.1578560203837895
1569532_a_at,0.7610372238151784,3.400615813393876,3.0396904601974875,0.0024831259539747036,0.00509221446112768,-2.1582721125899305
201612_at,-0.1438517244445321,6.8149180444789215,-3.300898089162689,0.0010275000499456225,0.002271483292420028,-2.160341019285905
200665_s_at,-0.3816295956484213,7.975836036933275,-3.3580674926031686,8.403072246542118e-4,0.0018876517713819609,-2.163999319603655
227140_at,-0.6049119962494462,5.270289483087133,-3.272711752048423,0.0011334088784064192,0.0024845936800425555,-2.166233123013929
207961_x_at,0.5908044396038462,4.835816184229451,3.1809399553302944,0.0015524022854377616,0.0033162284514246737,-2.1667138397468735
225592_at,-0.1676724203349367,4.789289076666818,-3.2393529070078038,0.0012717988262574802,0.0027670147899464636,-2.168684102234397
212790_x_at,0.0719535210800603,10.395904455009848,3.4998734879256386,5.039798286583096e-4,0.0011829833269974739,-2.172388548101
225690_at,0.1865543405326395,4.415929696831885,3.164005095729921,0.0016438550644662915,0.0034976403784761434,-2.173841209302787
223010_s_at,0.16101948460667212,6.734151487118772,3.286495438073183,0.001080413164406645,0.002375711459418799,-2.1793920597183964
212870_at,0.218189282145821,4.806239685328208,3.20816014606826,0.0014151991813372397,0.003052965934286317,-2.18251624962753
228613_at,0.35964491210801347,3.3362632538449435,3.0435538922021057,0.0024519997227102,0.005033200427168878,-2.1826555442025404
225549_at,-0.17105930138112557,6.003969410880123,-3.2737280212292155,0.0011294206991614981,0.0024768646776084195,-2.1882787062982736
207275_s_at,-0.29419749103178555,4.22488231487941,-3.1776474724912176,0.001569806013955459,0.00335006610109658,-2.1899415629961556
223106_at,0.14726573627038025,6.878859023740981,3.2874075132178513,0.0010769887795630635,0.0023691541674454,-2.190119582355461
209143_s_at,0.15288054487763852,6.957919186626553,3.2886274869806615,0.0010724241274858667,0.0023600821030723275,-2.1932710918817007
201615_x_at,0.32544466416079093,3.8904309725517554,3.086945493546629,0.0021261796481476794,0.004411730112455179,-2.1935046426376754
224187_x_at,-0.11329688804277444,9.617806509748386,-3.4458966955640555,6.135169618658002e-4,0.0014156242402507458,-2.194853661771422
201546_at,-0.1108710675486477,6.18838716353205,-3.273227424736495,0.0011313835781109653,0.002480661537515917,-2.1974434075523313
213301_x_at,0.2360095371858831,4.840150619575296,3.2043434947843785,0.0014337365078530048,0.003089223493288262,-2.204188164902713
1568618_a_at,-0.28722349985341544,5.188188474284602,-3.25218601857015,0.001216806328498793,0.002656540900184954,-2.212859713021775
208933_s_at,-0.20836061454298282,4.475539921944468,-3.1919571215076696,0.0014954540009477638,0.0032067251225287017,-2.2203985204765315
212010_s_at,-0.10245330171922651,7.7939141594815204,-3.3179014804041627,9.681309518834437e-4,0.0021508890268617446,-2.2229354259333567
222649_at,0.20451304399189002,4.44838289674854,3.150705376004559,0.0017191347435862993,0.00364046066575213,-2.2229379239771276
205229_s_at,0.4934572158564405,2.26856580472537,2.9745269159090366,0.0030657867259684763,0.006170162163310217,-2.2312124465666185
220639_at,0.6340345978153741,2.765440707977633,2.9890407922864557,0.002926124687053547,0.005911922893809458,-2.2319024695248313
230214_at,0.39210247430484746,3.2212352185665805,3.0184646966394015,0.0026606954547873894,0.005417987152088444,-2.231919522764506
223296_at,-0.21474605105766273,4.900160701447367,-3.2307270571066056,0.0013100457755495312,0.0028438744464968847,-2.2320839611352206
215657_at,0.6285258900060995,1.7238376999237353,2.950356965569558,0.0033119542285187423,0.0066220540593731406,-2.2325656231468267
216333_x_at,0.267407167139335,3.292832293825528,3.0278228877010758,0.0025810195469261783,0.0052717754825967866,-2.234589055201373
209157_at,-0.17496900430300544,5.7340267580661495,-3.2542132294404715,0.001208323509795677,0.002639096791119488,-2.2374318150853183
208690_s_at,-0.16562405879704192,8.106334801210206,-3.3331292287705643,9.176817118322658e-4,0.0020443177747679485,-2.2387275248931857
221730_at,-0.45951398465749227,5.089866611236358,-3.243505344307678,0.0012537579264416988,0.0027294266746535093,-2.2391719214253802
216511_s_at,-0.20796016368307202,5.327787576069557,-3.246321035190381,0.0012416598531184522,0.0027063890145387543,-2.239622116425128
221646_s_at,-0.3899588065703023,3.220623686264493,-3.0561783622352166,0.002352768724072591,0.004849021035203861,-2.2396649935210187
203663_s_at,-0.15071550385239102,8.38385952540174,-3.35017478566341,8.641133661000547e-4,0.0019353347669475674,-2.2411523438877143
227988_s_at,0.3198278721117418,3.9893956535835793,3.07940763540199,0.0021797574440431287,0.004518400901364756,-2.241267418595278
222127_s_at,0.17489490366292834,5.948567224045521,3.2522653141871176,0.001216473483810661,0.0026563555711503492,-2.241926949455488
231848_x_at,0.3058752773723002,4.447971710068409,3.1330240062450363,0.001824141385763425,0.003836283208811066,-2.245991490604524
224833_at,-0.25465334091822156,5.422225356336494,-3.2463465350382927,0.0012415507844990698,0.0027063890145387543,-2.2480167838577545
208734_x_at,0.16922542951476768,6.69891015471157,3.2634031672732613,0.0011705510774870761,0.0025628681163129053,-2.250078773300638
35147_at,0.2520047534227029,4.468196108315757,3.1369644320979226,0.0018002406478332999,0.003792719382544374,-2.2523697112944046
212193_s_at,0.24188908114556879,4.994486890583078,3.203338663347808,0.0014386541237752883,0.003096705169380081,-2.255600538135857
219948_x_at,0.6413614952923747,1.243676180795379,2.924679260983769,0.003593145874583827,0.007132364601522428,-2.2583554858257564
201488_x_at,0.12101066825054631,6.5738306945714395,3.2577477459125426,0.0011936642976763205,0.002609207431341853,-2.261119547770387
223039_at,-0.15124859029175447,5.788296228443435,-3.245345278950766,0.0012458400548799786,0.002714395873078953,-2.2675329631387555
238571_at,0.4038061321414526,3.6282906728338093,3.0332493285471585,0.00253582677419596,0.005190353884593298,-2.2686325254372015
234873_x_at,0.1048823808983142,9.504272143366544,3.404700277333786,7.116560853587724e-4,0.001624541155433311,-2.2696041480243867
1554390_s_at,0.251098213857575,5.257714655411164,3.2201221230674992,0.0013585262368831983,0.002943152998125319,-2.2728806150633307
209355_s_at,0.3208848496594661,4.060019514412406,3.0760599117001437,0.0022039481493743443,0.004564687367178627,-2.273675628790766
208300_at,-0.29236495117577144,3.3000421812716785,-3.044683785817982,0.002442964493633652,0.00501753807904473,-2.274497878710485
211069_s_at,0.11165139626071581,6.808455226242159,3.2589766827099003,0.0011886060735499632,0.002598680993049134,-2.277089743884929
218494_s_at,0.25222092645118016,4.2417879585458085,3.100016958502515,0.0020361320135207526,0.004241314847530201,-2.27903540611491
218728_s_at,0.17842062309191659,5.2963110873409684,3.2230846017313493,0.001344818837330706,0.0029152254561561823,-2.2800408477472764
205137_x_at,0.24887681712300186,5.194739221818325,3.21164776685174,0.0013984539492296025,0.003021100455353243,-2.2848774630395994
227415_at,0.3194234525958652,4.809928603353527,3.165585488618069,0.001635114769117812,0.003481117750707297,-2.2849832051611028
218420_s_at,0.30977790847827585,4.579379095201301,3.1358445667402486,0.0018070036899900947,0.003805470912298778,-2.288864852632769
211902_x_at,-0.23189433676614887,4.1382879058640984,-3.1284769434863793,0.0018520849110306645,0.003892757632307536,-2.292820281048601
227006_at,0.38573160132140083,2.425948043145763,2.9608991530446964,0.003202444338877374,0.006425882412885055,-2.294507713860825
227342_s_at,-0.3109583690930257,3.8517234683587045,-3.096151792233356,0.002062386328080405,0.004290997229117378,-2.2951400432277165
200729_s_at,0.1762655006777755,7.320145052239331,3.2677999438890275,0.0011528691329865104,0.0025246702824375483,-2.2965155351470115
232165_at,-0.32712360036389354,5.5695520130559375,-3.234156831581875,0.0012947124630043716,0.002811728079498446,-2.2978080518881656
200074_s_at,0.12695515101783994,9.135314705993842,3.3696326626985877,8.065240405930863e-4,0.0018190088519734176,-2.299716021975862
235165_at,0.2846013247183224,4.017377258879209,3.064490125791,0.002289464016544473,0.004725824279237176,-2.3054974427871473
208662_s_at,0.25453835211793535,6.966696651963104,3.2499648417595663,0.0012261641005007742,0.0026764254296383037,-2.3110063174026427
223070_at,-0.14294133905359582,6.851069181886972,-3.2550589987988605,0.0012048006282391708,0.0026319390559392817,-2.3112410478927403
202172_at,0.16831951852400562,5.171838072354866,3.2058159523183396,0.0014265584057054088,0.003074994004088943,-2.311659769679223
200805_at,-0.15145478054422706,6.072057898233385,-3.235875593286344,0.001287091119342551,0.002798580710679267,-2.3117399933177554
202386_s_at,-0.16533912938135162,4.770300951741953,-3.191436560204907,0.0014981007673357631,0.0032111151501536678,-2.3132242489866996
201456_s_at,-0.20112088095521097,5.265911744515179,-3.220357572185343,0.001357432103492871,0.0029413774524108265,-2.316730040256977
220266_s_at,-0.391323274444209,4.314354144543081,-3.154694856813637,0.001696226023623233,0.003599776028343046,-2.3211913443436964
219030_at,0.19041740117878075,5.768994457803928,3.222514699573376,0.0013474457961211725,0.002920329114676537,-2.326232386820333
204589_at,-0.28986599358751064,3.8558031217693753,-3.0837899209599606,0.0021484598222021116,0.004455371675426098,-2.3302144338534445
218185_s_at,0.20638806595471001,5.318029849488373,3.205751371515805,0.0014268725336158436,0.003075052394412901,-2.3345144842629812
213083_at,0.18459635170417413,5.66606040429897,3.2179108626733406,0.0013688418563950464,0.002964302164455252,-2.3347103967878216
204835_at,0.24041572608117895,4.171629873758442,3.075109690078958,0.002210859284873866,0.004577683710640458,-2.336913398132472
200046_at,-0.17147037104707352,6.903069837687958,-3.249042442667203,0.0012300696993100557,0.0026838567594111257,-2.3377829939879327
221808_at,0.19161546542870603,5.672803524190678,3.21599876570235,0.0013778202244511617,0.002981936982736423,-2.340933351636621
201956_s_at,0.16290186419712857,6.1675083191304,3.2244593719089036,0.0013385013346033485,0.002902117951347029,-2.34146071552121
215548_s_at,-0.179123930942818,5.464042660778772,-3.2157399967740035,0.0013790394651778052,0.0029839728924358367,-2.3446408072906637
215672_s_at,-0.3712572424673657,3.3069283343886986,-3.0265459759907927,0.0025917607747235265,0.00528766581215257,-2.3458569583454985
200658_s_at,0.196837859234396,6.823400898819902,3.2356470528784205,0.001288102115394232,0.0028002106254501643,-2.3472968064620723
202219_at,-0.4201503575619469,4.895704254188865,-3.1980620997357163,0.0014647343422286225,0.0031452593722780583,-2.353029567886824
227340_s_at,-0.3872723941075108,3.51639697469072,-3.045341370673729,0.002437720171379642,0.005007726979096856,-2.355243778045378
212561_at,-0.24500817367721522,4.290972131699734,-3.1278878528685072,0.0018557338249251434,0.003898897130108465,-2.3563846059550224
208923_at,-0.13024701876554434,7.116093367773438,-3.24809348861443,0.0012340997572184518,0.0026915534810833214,-2.360946495210352
211970_x_at,-0.08517679646429598,9.924146172177458,-3.4160949898336055,6.831405200957749e-4,0.0015651164225376469,-2.363356801723974
220890_s_at,-0.14044359978615834,6.559314209678576,-3.229064416303779,0.001317539177893195,0.0028595618340295378,-2.3660748710978483
201459_at,-0.191180200538416,6.74802013784279,-3.2353106658066855,0.0012895915308384443,0.002802879705796765,-2.3671913803069176
215076_s_at,-0.3492443479046668,9.209365115603113,-3.377358379096284,7.84665157503873e-4,0.0017730685155745605,-2.3677981046558827
1553570_x_at,0.07986011487138661,11.090055006330786,3.495963528826588,5.112549741185945e-4,0.0011990093121130698,-2.3705126664466167
226989_at,-0.41631230422474536,5.112412495114193,-3.20131418894323,0.0014486092252099887,0.0031138637952001233,-2.37242815431214
228544_s_at,0.21320035005731203,4.530915269104781,3.1107407337780333,0.0019648920643551074,0.004106098078911027,-2.3767941854564683
202506_at,-0.22232390050001477,6.058504682891222,-3.2148650339978913,0.0013831694191178158,0.0029923049246787484,-2.38018094227316
202824_s_at,0.17712791185293222,7.2494907323623945,3.238792811032722,0.0012742505596973995,0.002771786039804719,-2.3811261260563192
235845_at,0.43622522227460014,3.970692522588599,3.0225813225897014,0.0026253726787465056,0.005352163179336121,-2.3812385217607908
200652_at,-0.13778177569068517,7.47784561874432,-3.2553203967115145,0.0012037137542036344,0.002630101050129214,-2.382635599455729
203303_at,0.27999795676225114,6.288944059861553,3.211724059300813,0.001398089699901331,0.0030209227420417424,-2.3835491890872547
225294_s_at,-0.18991495895895338,5.8001015025745675,-3.208613521412471,0.001413011940902311,0.003048861414478642,-2.3856156610279653
1554480_a_at,0.19237675291000617,5.400263975956539,3.1934280198262837,0.001487998628562837,0.003192655579369852,-2.38613415383825
218885_s_at,-0.3303193414804959,5.789351116109622,-3.209462051854611,0.001408926731132661,0.003040659160077397,-2.3872207018866654
209644_x_at,0.32364824147106214,3.9970615891659436,3.031557078858763,0.0025498417742966122,0.00521505439634204,-2.3875197471108427
224954_at,-0.18354909709460607,5.51371869790432,-3.202896839441037,0.0014408213280268974,0.003100124299488281,-2.388080853441018
201875_s_at,0.1350480716773545,5.511018299499188,3.1966693249937275,0.0014716908586892609,0.003158974778782652,-2.392602357033228
201139_s_at,0.19766825371471372,6.1291946508242505,3.206704941308807,0.0014222407605155466,0.0030663041391432986,-2.3944258903740447
221692_s_at,-0.1497818331683429,5.467845754210696,-3.1992655208956258,0.001458748078192017,0.0031330329113213873,-2.3954229676277095
236044_at,-0.4325655877195554,2.406249249797496,-2.9494445586621385,0.0033215911250193894,0.006638844351181478,-2.396104532584782
231982_at,0.4667957798455547,4.134231543567426,3.0319551455783516,0.0025465386606681032,0.005209293235008094,-2.39693281370109
1557938_s_at,-0.2737340638251354,4.0869812135989765,-3.089826532258432,0.0021060235831802366,0.0043758399237024586,-2.3976010531867926
207564_x_at,-0.26396848186167804,4.69232765543122,-3.1623223292091955,0.0016532089087104868,0.003515448002980438,-2.3996330972770314
205178_s_at,0.201139365861822,4.533332502190422,3.1039091159894285,0.002010005412050437,0.004191782748549024,-2.4004342807641565
228653_at,-0.5055900216840205,4.425961282854058,-3.151676754180902,0.001713530686736488,0.0036307464887278475,-2.400559664147699
222692_s_at,-0.1805097838273033,4.975670736715486,-3.1801750825662296,0.001556429362480224,0.0033235056328982738,-2.401015773338081
201848_s_at,-0.46953109822041855,2.8855809624742217,-2.979397964849673,0.003018248785341492,0.006083631088873641,-2.4023550046138107
221927_s_at,-0.2057308900003759,6.045897798258335,-3.2073199005160005,0.0014192610966214181,0.0030607480544855496,-2.4025763371525723
225894_at,0.5214571778001884,2.161177180619989,2.9083210103174246,0.003783463274451157,0.007467251668974806,-2.4043278420024006
211971_s_at,0.17699407273597184,7.36091510009159,3.2351876073387076,0.0012901367928852493,0.002803496036953281,-2.405033967337851
202954_at,0.3479204149066943,6.7496332500339165,3.2119139658603673,0.001397183394293815,0.003019573472477232,-2.4079002936084333
215785_s_at,0.2680038727207727,4.928747243853749,3.1449102968361475,0.0017529203044227173,0.0037032213017709663,-2.4088638981498605
231180_at,0.38774369759956395,2.4805253247929944,2.922279447883726,0.003620508349692537,0.007177369716923787,-2.410400539174627
203105_s_at,-0.15945970891856237,4.623607976380885,-3.145494261958216,0.0017494882332218854,0.0036981585324597586,-2.411036492214886
224866_at,-0.23838454671958706,4.849446191807164,-3.170945214601691,0.0016057913806388567,0.0034241327748375937,-2.4132480242808896
221637_s_at,-0.14773768614008262,5.942859912331338,-3.2013811206859786,0.0014482790815382707,0.0031138637952001233,-2.4139581674975057
224458_at,-0.3226639925495603,4.3081175472517215,-3.1158164044830983,0.0019319798783938122,0.004045602118301976,-2.416460184244129
218558_s_at,-0.19855200141218507,5.338362895454361,-3.1904126149477263,0.0015033195958144405,0.003221656897371494,-2.416617379327172
202770_s_at,-0.24735392638008755,4.565874717721106,-3.143478361493455,0.001761362343487715,0.003719588958364655,-2.4166915625084124
232914_s_at,0.3545963681035352,5.6868936377003925,3.1891330502760584,0.001509864869041739,0.0032350364684088297,-2.417260351418
218350_s_at,-0.23546057150585828,6.049881158752402,-3.2028280474340387,0.0014411590332224064,0.0031002282576127788,-2.418228714009338
220892_s_at,-0.3330660909045189,4.11496166021391,-3.093968863473676,0.002077351224217298,0.004318778122460685,-2.4184309287201335
226296_s_at,-0.1502080346478253,7.502096598533155,-3.244928505614878,0.0012476295069513452,0.0027171894506952147,-2.4201976307506996
209403_at,-0.21640674998103437,4.3426982449488225,-3.1088005002816432,0.00197760890781056,0.00412904389580482,-2.422222322516296
201603_at,-0.19832715717917562,5.571091022012101,-3.1922758161893707,0.0014938357474825349,0.003203896368925004,-2.4252151733829486
201277_s_at,-0.1272300554073263,8.60773815677244,-3.3062608747549325,0.001008420108410383,0.002232528336722553,-2.4299034601181297
200695_at,0.14086090420891734,6.215528059428678,3.1966652420511994,0.0014717112966399902,0.003158974778782652,-2.4319947709526826
212573_at,-0.25302968050096875,4.613468862384119,-3.142599686385263,0.001766561152346715,0.0037298324054178865,-2.433744296014818
224711_at,0.14914142544804249,5.658470972297261,3.1864064197398885,0.0015239001303187787,0.003260390026560308,-2.4347468765926807
239196_at,-0.279966994167741,4.977115477581801,-3.172782560066517,0.001595851395768181,0.0034036145735346452,-2.4356464410832075
224356_x_at,-0.3439987876790664,4.756882889763258,-3.1606213708513975,0.001662713762860786,0.0035335553543994445,-2.436006149947061
213317_at,-0.4395383125838978,4.771643982558914,-3.1642007235068164,0.001642770820279596,0.0034960277706903675,-2.4400025258405247
218277_s_at,0.1883481813638154,5.019790501527889,3.151177574783344,0.0017164084354150395,0.003636124889974554,-2.4410299815804457
201817_at,-0.1514414049455089,5.370280209677335,-3.1812506011063646,0.001550769475726158,0.00331340115545559,-2.4452741718592943
212126_at,0.196287462533584,4.696496641577315,3.1107110789083725,0.0019650858630240677,0.004106098078911027,-2.4493616890328846
225060_at,0.2285701633880137,5.898271968900669,3.184472823500297,0.0015339261922533746,0.003279375633129196,-2.4511028773764414
217456_x_at,-0.16432298622724278,7.263012498522991,-3.2253997901529314,0.0013341956429597248,0.0028933680006128604,-2.4530032563392288
224882_at,0.2403594174612484,4.44134171761579,3.068951555020891,0.0022561334827926635,0.004661515525777782,-2.456575597458637
225032_at,0.201642003234942,6.6195816329892505,3.1953797560561825,0.0014781590994437134,0.0031721791731451326,-2.4575105206701355
210830_s_at,0.2329698792124192,6.092261160333776,3.185448743573785,0.0015288582722237235,0.0032698460112463063,-2.4578286699462906
214882_s_at,-0.1384052584585289,6.983837812384054,-3.2126537657828593,0.0013936579683247578,0.0030131700937766153,-2.4592945866303273
204567_s_at,0.32196762538498486,3.861972304094298,2.993661550914274,0.0028828980037802214,0.005829461365514819,-2.4593778164650875
224751_at,0.18522732664498226,5.289319248874537,3.1634903225310342,0.0016467112907602272,0.0035023263962506083,-2.4638969142381537
213614_x_at,0.061626819449862466,10.60010358692556,3.4303643702257554,6.489327245681792e-4,0.0014931306439645413,-2.4654863465657293
227626_at,0.3765007226636633,5.117631144551237,3.1370280282514424,0.0017998572816268713,0.003792657564529637,-2.471883086799995
200906_s_at,-0.2906872726325537,3.632668814755846,-3.010673858522646,0.0027287396201026693,0.0055417985877080364,-2.4726641279916564
204731_at,-0.3515665768293883,3.422258034262143,-2.9916882492770362,0.002901286005631945,0.00586553632352048,-2.4741741519064693
219549_s_at,-0.18881434585910595,6.416364180796093,-3.1918285425234814,0.0014961073519221164,0.0032074841026899408,-2.4744861212219877
212995_x_at,-0.13796220407022924,6.93024496364136,-3.203429611655092,0.001438208384520146,0.0030963678503545668,-2.4823973536451707
208867_s_at,-0.1843718682170203,5.3245007322176585,-3.1685011083975207,0.001619102503995102,0.003449770311316533,-2.482912546707799
211927_x_at,0.07886495314643689,10.192995334178107,3.3914298821355002,7.462622349511443e-4,0.001697390089815628,-2.484197302081248
221521_s_at,-0.2744631059533334,4.834162654022925,-3.147514510546721,0.001737662594165653,0.003676062277112291,-2.4871254725627425
212391_x_at,0.0661639596469227,10.503305871887266,3.4156405956529112,6.842569606879536e-4,0.0015673390677464288,-2.4875442031405806
201379_s_at,0.18229353556345831,5.769301616716208,3.170805745255731,0.0016065482344983927,0.00342506492262314,-2.488446750562665
208415_x_at,0.1315203121240629,5.260639335186711,3.1560026221551594,0.0016887779643963092,0.003585390077799774,-2.4887584965594174
205313_at,0.19367915759637994,4.778203851853006,3.107554992816682,0.0019858121982116467,0.004144556025607125,-2.4888123943467244
200681_at,0.17042751344215884,7.601532253185777,3.2177050249316808,0.0013698057744560611,0.002965790069067862,-2.4901592080221544
216693_x_at,0.42733801291871226,3.1319746714307644,2.921169971675608,0.003633222630842666,0.007197560808769777,-2.494184632896668
214440_at,-0.3134489568347532,4.755392357461728,-3.1396878741264813,0.0017838905931826968,0.0037627131176936855,-2.495658634053629
229519_at,-0.17539360452292072,4.448076864526493,-3.094973845881411,0.002070449282769349,0.004306100401146968,-2.5008593426522303
213423_x_at,-0.3196083636622608,2.9456807962209663,-2.938495207091007,0.0034392534026569214,0.0068522822582599225,-2.509831445270863
204459_at,-0.1632363775343099,4.912711896885522,-3.1393008807592846,0.0017862055164546953,0.0037661129104072325,-2.512641293389702
223744_s_at,-0.3338851496853422,2.907300642382852,-2.9341604047483845,0.003486877464196031,0.00693298408944545,-2.5150602643076327
219137_s_at,0.1450676641495518,5.164810921724917,3.140668658104696,0.0017780361034164494,0.0037518417915896043,-2.5166440713888987
201215_at,0.3106803033893047,6.791681067220283,3.1785088420383043,0.0015652355853056949,0.0033416438472259687,-2.5175899737450145
200091_s_at,0.095944575364463,9.239244329761897,3.31157671617727,9.89832210443256e-4,0.0021963696086326847,-2.518161465699446
201298_s_at,-0.18005290722450285,5.545021120069429,-3.161370988185154,0.0016585187491229743,0.0035260133157466044,-2.5193573724197327
205763_s_at,0.17654056860233586,5.084846046529398,3.132076629234143,0.0018299311569446957,0.003847704118616001,-2.5204731028812146
212721_at,-0.19927140891653905,5.68922884532742,-3.1635159332784553,0.0016465690809925942,0.0035023263962506083,-2.5211234227075003
65588_at,0.3414866549579091,5.041180210784903,3.1150563047889706,0.0019368760624610961,0.004055062196041768,-2.5218003343773017
225398_at,-0.151085826137437,4.736364321317189,-3.1199618249287524,0.001905477120742467,0.003994008294759157,-2.522876552503262
218889_at,-0.19222227968621655,5.139429872837528,-3.149677883058353,0.0017250809281577925,0.0036516087696807807,-2.5231140804149774
227026_at,0.17460388840092858,4.916209262823524,3.1144753394132296,0.0019406260528528091,0.0040613258261793595,-2.5237706931652903
222993_at,-0.17094978159783955,6.003699925103229,-3.167364164162403,0.0016253291851754806,0.003461660350056645,-2.5239735143210815
209386_at,0.3219820716848583,7.161185571058244,3.18501893158734,0.00153108836268746,0.0032739620018903716,-2.530152028912105
238807_at,0.25353691147373586,3.968705684954651,2.9837869388204736,0.002975994025311719,0.006005240910371905,-2.53277614781992
200674_s_at,0.07961099251724901,10.529149437132185,3.4030566932599684,7.15859551996668e-4,0.0016334405496358474,-2.5337498048820972
209147_s_at,0.2832713296530191,5.286815252432437,3.134249960523978,0.0018166741811019571,0.003822079831528921,-2.5394070739623755
208714_at,-0.15911976949692777,7.007345172300753,-3.187371410425938,0.0015189191454015381,0.0032511849759613745,-2.5425539929143213
200802_at,-0.15462676376781967,6.775668548158098,-3.1783490832987726,0.0015660823363402453,0.0033427854292116055,-2.546324585550704
210296_s_at,0.20891604670647002,5.288745342333643,3.1347399708883095,0.0018136974486191919,0.0038165666405534085,-2.550009406931113
201005_at,0.18679120788228742,9.015070682651317,3.2816134155219028,0.0010989150416316623,0.002414412805783429,-2.5507789597928587
211985_s_at,-0.20414821595333546,6.097960914430825,-3.160531905501918,0.001663215082854996,0.0035339197109531084,-2.5514380278875493
203725_at,-0.23458288404822725,5.67119210819941,-3.153170148288563,0.0017049478795094792,0.003614705448878894,-2.5535211705066985
231715_s_at,0.15992926010756955,4.8400977180438165,3.0956871197774403,0.00206556352017716,0.004296773202263673,-2.557304417744268
203152_at,-0.16278516112983013,5.364376463790261,-3.1450425173164276,0.0017521426769724832,0.0037023085795673005,-2.557574372590503
205935_at,0.36467942544105614,4.279194516499296,2.999383208706475,0.002830182796481349,0.005735858550644095,-2.566388823298749
224695_at,0.11359286568995991,5.765421396823506,3.145094896868549,0.0017518347054200837,0.0037023085795673005,-2.570526503912504
233080_s_at,0.17600914937512596,5.591005956432785,3.1396212156791656,0.0017842891345293051,0.0037628128933489065,-2.5739171752161267
211955_at,0.1953355452642745,6.5501833358508925,3.1563422619059565,0.0016868485697688073,0.0035820037121770537,-2.574637305721505
207003_at,0.7431720836354233,3.9715447212753916,2.9363165321195903,0.0034631145757084785,0.0068934125695958625,-2.5752761759952234
212536_at,0.23600258942596705,4.68613607011652,3.0638961645960934,0.00229393535036444,0.004732318391768583,-2.576173368358379
203931_s_at,-0.19532822049045553,5.7421657888117945,-3.1458097918941292,0.001747636384584408,0.0036949730783605215,-2.578516955358417
209360_s_at,0.23960695179978234,5.246423169761389,3.1210422412331167,0.001898624955245332,0.003981501031268234,-2.578923721278887
200667_at,-0.12806855337496967,6.718072837807114,-3.165340315305868,0.0016364678732495792,0.0034833062440140557,-2.5793233950080277
200892_s_at,-0.13612575395592508,6.278278625079904,-3.154049387184089,0.0016999132958119975,0.0036054585503927793,-2.5795125739917006
224591_at,-0.1476245049996925,6.846690385135315,-3.1671304854829425,0.001626611703610851,0.0034637032758463616,-2.587789531531077
214305_s_at,0.18676183469180618,5.70939055558102,3.136234899761606,0.0018046437539086828,0.003801248237440762,-2.5917432420485733
212506_at,-0.14110734436274597,6.712760546438511,-3.161314286098704,0.0016588357240140841,0.0035260133157466044,-2.592324658924942
216351_x_at,0.30422386468717993,0.2506633460792736,2.7786270615255484,0.005649196905071776,0.010755259719927836,-2.593213753727016
221085_at,0.2994415372207075,2.060961844291199,2.8425177260237895,0.0046454085603122065,0.009000951692281546,-2.593881483254807
225040_s_at,0.1959215821197751,5.1735908317296175,3.112979016155694,0.0019503152575567788,0.004080009247062248,-2.59564344059107
202890_at,0.22379582011703178,6.464245610671847,3.1471288210969774,0.0017399145407914886,0.0036800996002959952,-2.596446652694402
228220_at,-0.22257593731659692,5.475672736521484,-3.135084617518164,0.0018116064702265629,0.003813664789848137,-2.597934892135493
208779_x_at,0.19283837351877148,6.584400705699481,3.147961562369363,0.001735055730722613,0.0036712723766998525,-2.6028774757711064
226789_at,0.5533780522831353,4.009753562079429,2.943204214296486,0.0033881915638137527,0.00675683101696514,-2.603142474364474
216274_s_at,-0.15228542057695885,6.622974146384357,-3.1551563073826325,0.0016935944917746474,0.003594903465500653,-2.603868646080329
209114_at,-0.4629004759757424,7.27857809523766,-3.1863614406361087,0.0015241326662012529,0.003260390026560308,-2.604878710404029
221452_s_at,0.181278819684533,6.063329513180402,3.1381549313262562,0.0017930766248048272,0.0037791127053972283,-2.6049344903139318
218575_at,0.16366000416557142,5.166443985922056,3.110758988026622,0.001964772779067995,0.004106098078911027,-2.6059120174737265
226148_at,-0.20923019867753742,5.1204049860408976,-3.121125857596607,0.0018980955947402011,0.003981501031268234,-2.6093969825207264
217768_at,-0.12366375949881211,7.859106965384456,-3.2001961068592664,0.0014541345088518447,0.003123750349574857,-2.612230686429676
223385_at,0.3552357393941222,4.889766318044077,3.065578876503751,0.002281288693456593,0.004710764412683208,-2.613929582598808
204903_x_at,-0.11923916108935927,5.252812687570266,-3.1220221231663583,0.00189243002592998,0.003971133243568837,-2.6155659457699603
211708_s_at,0.41136469963675065,4.009765789241917,2.9474666409927828,0.0033425700021623476,0.006674548449797806,-2.6196640249262844
225011_at,0.1459871518121609,6.539900476670461,3.141499779203515,0.0017730888493402617,0.003742139645977585,-2.6220830826982864
203136_at,-0.21424259734233514,6.325150495248397,-3.14232713981019,0.001768176585858006,0.0037325075397629196,-2.6227165896274744
226605_at,-0.22359304485121598,5.204248947159598,-3.118548241224104,0.001914476677355534,0.004011302296989994,-2.6275334721477375
236225_at,-0.4004740078399412,4.044230281650704,-3.017227831834782,0.002671393176607212,0.005437703800302691,-2.63048808622864
225435_at,-0.25694440939838703,5.692768325252188,-3.128154065202941,0.0018540840471473726,0.0038961950563142023,-2.6324972947290437
202784_s_at,0.26197672910340003,3.9160968139875147,2.9440741236250014,0.0033788348439338116,0.0067419366144650635,-2.6328047970023114
223559_s_at,0.1421761854733773,5.634905712613443,3.121977713824577,0.001892710383801221,0.003971133243568837,-2.6329240924961903
213699_s_at,0.09864186554478405,8.725130534861432,3.240265902714293,0.001267811688066623,0.0027589003888396774,-2.633170945304987
234985_at,0.35710789597970044,3.6807121496669577,2.9151687423704877,0.003702703511830147,0.007322699413372044,-2.6337340596369767
213203_at,0.1645738613504346,4.821699004759098,3.0683852162897094,0.002260339651791414,0.004669305570698307,-2.633867720557724
210372_s_at,0.3622074243595374,3.7687850887163803,2.922826506324145,0.003614254164279827,0.007166297401800812,-2.6343507116931404
209330_s_at,-0.17401070770851604,6.14195395724047,-3.133576750140244,0.001820771165677475,0.0038299472801694074,-2.6359755065333967
202619_s_at,0.3444894544895086,4.857685121981435,3.053879653748008,0.0023705578714315273,0.004882866078955192,-2.638673934427331
203489_at,-0.1735913928287727,4.916072807573061,-3.0974124626440744,0.002053789140540297,0.004274770363825181,-2.6424811809809636
227850_x_at,-0.34571476134205176,6.773563781530455,-3.1509166774826727,0.001717914270524349,0.0036385954092778474,-2.645322043187604
202213_s_at,0.21344034987526916,4.421764002731787,3.0062551680366387,0.002768036789060602,0.00561415716039497,-2.6457007914790305
205614_x_at,-0.18518920306907927,3.7412048473777624,-2.9537284942887325,0.0032765650557013237,0.006559865715142643,-2.645795498501151
224445_s_at,-0.16594824445156986,5.5321019602593955,-3.1175334960296848,0.0019209611517667542,0.0040241018417828,-2.6528768562017664
218050_at,0.19921842591620692,6.325205024203325,3.126364316854465,0.001865201566711687,0.0039164845911764615,-2.653467011650947
209600_s_at,0.2159877929274283,4.972714047901403,3.0737990268303883,0.0022204246630839622,0.004595712792816555,-2.6547043555440686
204416_x_at,-0.39669031335229193,4.351164033920831,-3.0505153888435927,0.0023968157932293802,0.004932210448111093,-2.655064431289545
1552309_a_at,-0.40884571875636344,2.2759419962695575,-2.8498749842856608,0.004540881047883886,0.008811168024991862,-2.6552689220104946
207912_s_at,0.3540064644388798,-0.4591402805453424,2.7376881466899086,0.006391598014067528,0.012036067766691057,-2.6609751572434637
200965_s_at,-0.2220725810371134,6.2448213727493656,-3.1277594190001134,0.0018565302420583544,0.0038990410670792295,-2.6623120464714365
227804_at,0.27705838433116053,4.1636193891751585,2.9605141663228927,0.00320638456305984,0.006432583862183533,-2.6629676145627172
201807_at,0.12060320437673107,7.168725675717623,3.146133826147838,0.001745736505212214,0.003691684796750582,-2.666697099505912
213687_s_at,0.10399362669882542,9.34884531647695,3.271750867179007,0.00113719171458592,0.002491866401791565,-2.6700956251273658
212085_at,0.1884898391143885,8.939521968101081,3.2382971315586846,0.0012764239685506466,0.0027759500558430933,-2.6714893446331667
201330_at,-0.10079412852290659,6.563201844780277,-3.1304082736602536,0.00184016827813814,0.0038684699300812193,-2.6715410015353456
208668_x_at,-0.11666795774958168,9.046873466469028,-3.260624875882277,0.0011818533913388412,0.0025855003841970606,-2.6729577238389206
225132_at,0.20467237894852786,6.4755603371973285,3.1223260803394624,0.0018905121592467625,0.003968075384406459,-2.674119640437775
201426_s_at,-0.3294964982419765,8.052515385952209,-3.2013509716074844,0.001448427784543658,0.0031138637952001233,-2.675828977550548
215034_s_at,0.3576240520177121,5.901600656647849,3.110062407754374,0.001969329423092249,0.004114162657875831,-2.675872464837668
202820_at,-0.21718521682302733,6.097698507023247,-3.1197505960126586,0.0019068194254959732,0.003996040004956643,-2.6775903035455357
200753_x_at,-0.12418242635459875,6.262230145273922,-3.121019838869351,0.0018987668037663966,0.003981501031268234,-2.679518338572711
1559584_a_at,-0.3890195569332641,1.004409931475985,-2.788705281805366,0.005478831970860287,0.010462518164674911,-2.6798241786680603
219733_s_at,-0.23470640801294834,3.4528795605941056,-2.9156118930202792,0.0036975316868836793,0.007313821447855402,-2.680480486034816
202795_x_at,0.14579749236948963,5.981911181132064,3.1115099860824023,0.001959871037872046,0.004098399068655716,-2.6836444626121914
218194_at,-0.18340538271230536,7.267529870199973,-3.152351413638803,0.001709648373599072,0.0036232369982921583,-2.684028502488104
1566303_s_at,0.18490220588109713,5.586424604801336,3.1032671245866243,0.0020142935039223187,0.004199090544370462,-2.6842999230586235
206074_s_at,-0.25457678504424014,6.851413174562722,-3.1383111491464515,0.0017921385113593249,0.003777878762729722,-2.685494911129112
218468_s_at,-0.6342582452090566,5.01625784018678,-3.0994042648384017,0.0020402731481522396,0.00424828887000096,-2.6866898554552128
1559954_s_at,0.22653453604999538,4.387779840507129,2.9850530486807645,0.0029639055575619152,0.0059853572550727235,-2.6917624729301775
215245_x_at,0.24754530266689423,5.881290001332653,3.1047525984185036,0.00200438425823125,0.004180873940504553,-2.695275500382591
233565_s_at,-0.3784743443137547,5.3606448403409255,-3.102529128861143,0.002019233243293513,0.004207750580704806,-2.69575652579387
1554806_a_at,-0.18323255083089451,4.38989798885868,-3.0221000237941733,0.0026294801642041373,0.005359516932861286,-2.69754021369092
218236_s_at,0.29741924441979356,3.9052148509361047,2.917147236363607,0.003679664234099175,0.0072838586363459835,-2.7014479023152758
222722_at,0.5277919136921317,1.2764660035609672,2.7655017595405327,0.005878251268088994,0.011147761698537331,-2.7031589165686065
209507_at,0.19759098387831564,6.289869812088333,3.1095292042350717,0.0019728239172783425,0.0041198562623397435,-2.7032113468073478
201178_at,-0.10968984450152676,6.141716795298703,-3.1098368056062924,0.001970807272111238,0.004116447320360243,-2.70591958914833
204619_s_at,-0.3980336201299888,3.641859854432138,-2.9368004146138733,0.0034578020080517123,0.006885396452092564,-2.7179085477100333
226834_at,-0.39869566761958436,2.7232989183011806,-2.8508435110584007,0.004527281107217598,0.008787962040518595,-2.722565841397941
209296_at,0.16931703885378668,5.5786538193541055,3.090340162331607,0.0021024486812555297,0.004369259499959357,-2.7239141855735527
203786_s_at,0.3719538965046842,5.588980945010588,3.0855559319149872,0.0021359644499162195,0.004430316970368337,-2.72495893987192
205016_at,-0.31915113359865893,3.9002920798946814,-2.9572880666202073,0.003239577249237136,0.006494309706414192,-2.7274578335340607
223051_at,-0.1662440698558039,6.223094746620607,-3.105067460826035,0.0020022896561644743,0.004177318225217139,-2.727701966210658
200619_at,-0.10476522126240113,6.1745192493191166,-3.1031706271445634,0.002014938772399024,0.0041996184958581215,-2.727889773924188
223969_s_at,0.820688178170073,3.875396488900532,2.8688618037964995,0.0042809255138263015,0.008344533302332818,-2.7318866687082854
202737_s_at,-0.15224926057802152,6.5503964708739915,-3.111154540591024,0.001962189614742996,0.004102446788200959,-2.7326935058472666
213414_s_at,0.09264133783839638,10.434296443573082,3.332458788474538,9.198504515140975e-4,0.002048723053445016,-2.7391070191611675
200826_at,0.14764856859857298,8.698108306276021,3.201252912639588,0.0014489115341761948,0.0031138637952001233,-2.74234631877305
1555837_s_at,-0.14497866300294873,6.755024555021828,-3.1137134110368425,0.00194555424786437,0.004070844269017772,-2.7432297101922583
205991_s_at,-0.3457288469445273,2.4064570707334516,-2.8224354165853285,0.004941940348040636,0.009535844191022935,-2.7434270263010245
202212_at,-0.14256734132096988,4.946705251226444,-3.0641992499882393,0.0022916527253685603,0.004729430870135501,-2.74489631995218
229733_s_at,0.3151645111412953,3.7008821322716607,2.879122033430377,0.004146151650356609,0.008108383101546249,-2.746212550577537
202123_s_at,0.15575431442908366,5.315380958719873,3.0727037533745505,0.002228447254931214,0.004609645769854817,-2.748735890955718
203154_s_at,0.1343452850032455,5.404534469850288,3.076512364532386,0.0022006643602304234,0.004560100056314995,-2.7513155868912493
202504_at,-0.5140592559046891,5.497363902084008,-3.0879697829651382,0.002118993371940085,0.004398522765664431,-2.7533190898001516
222258_s_at,0.2452008938133004,6.170403572943365,3.089218880164765,0.0021102601035891256,0.004383792222173803,-2.7573729461651713
224870_at,-0.2321680236036835,6.516207711142222,-3.1036093265525757,0.002012006767117193,0.004195139839650932,-2.757784145792816
206555_s_at,0.1934539644627154,5.373641849899436,3.071095386202803,0.002240276408437196,0.0046314321041273036,-2.7584582549743706
213762_x_at,0.13506469914740024,7.195209319851566,3.1165882335680855,0.0019270198030737883,0.00403600452596862,-2.7592707237076173
226009_at,-0.1542068724066066,4.893134565508942,-3.055613167493237,0.0023571312290186844,0.0048561436262456095,-2.759901966828415
203060_s_at,-0.355486582634634,7.323649218069691,-3.1349265569809033,0.0018125651508994775,0.0038149332930424566,-2.7600439539892747
209670_at,-0.2613380733975493,3.8438916693733205,-2.9346506023050134,0.003481461917637737,0.00692350130381531,-2.760278068241349
214753_at,0.35704514784370955,4.887612529116632,3.014987362344724,0.0026908715660446847,0.005473760049174885,-2.7604866335611504
220547_s_at,-0.17747626117410645,6.205038571023479,-3.093304606310662,0.0020819247692455477,0.004327446653652998,-2.762861462429962
204079_at,-0.18943453177298653,4.873089782552403,-3.053643488226934,0.002372392476970078,0.004884862897560133,-2.7668838435007928
210524_x_at,-0.2891774048089079,4.495265861373279,-3.02091397694292,0.0026396272461192364,0.005379175706234617,-2.767665891714169
221844_x_at,-0.1300829262633086,6.789420159248835,-3.1059472318806707,0.001996447708763412,0.004165941625240053,-2.769176112353313
223402_at,0.19263846653339078,4.775841579746797,3.012238790173598,0.0027149450810063014,0.005519092075456296,-2.7752739240517563
214027_x_at,0.42417109183295343,4.178876813768377,2.907646098836843,0.0037915092274733945,0.0074776211991757135,-2.777544957277965
212473_s_at,0.18638372973713999,6.997032075773338,3.1022326287850785,0.0020212209895625996,0.004211073601941682,-2.7786738317867252
218191_s_at,0.18030913895281608,6.510290134071602,3.0881436699148708,0.0021177756246475036,0.004396846950939672,-2.7815012385060687
202897_at,-0.28033630672796017,3.605809590109123,-2.897651007341346,0.0039125050979285925,0.007695000388123556,-2.7871940694345865
204988_at,0.34390768399919064,0.9644263429668934,2.7248527201284496,0.006641864327497607,0.012456983988179599,-2.793371878686258
1552834_at,0.3707595911116016,2.5248409284685263,2.7849561984743256,0.005541656663795005,0.010569534031579906,-2.7956570950408364
227620_at,0.262762718490712,4.041585718490223,2.897675478110408,0.003912204620087734,0.007695000388123556,-2.8004544999232417
1558015_s_at,0.32395580970659965,4.4608628999945905,2.948681271657905,0.0033296726742109645,0.006653755523003556,-2.80107506713322
218836_at,0.14768367402633403,5.436228318337733,3.059854325913225,0.0023245759074132176,0.004791837924979373,-2.804221258270136
207181_s_at,-0.24180616260260857,5.640356444106375,-3.0689643959215958,0.002256038197502852,0.004661515525777782,-2.809168916987157
210150_s_at,-0.2517639963696697,3.793734166199747,-2.907393626610041,0.003794523078809657,0.007480810773516352,-2.8138309365024607
214211_at,-0.24542566188882506,6.8779105712617685,-3.0963975453677706,0.0020607078122895865,0.004288337760889343,-2.815657474290062
219303_at,0.22321834509806202,4.235837557713616,2.921597943334924,0.0036283133814703217,0.007191511795687615,-2.816025795698142
225890_at,0.2391004185547919,5.179531750296366,3.036399702656894,0.0025099238089155225,0.005143231401092577,-2.8206018417447547
228363_at,0.19279992743953459,6.124263211353214,3.0678272789416057,0.0022644904679199563,0.0046769782885726805,-2.8215837543057365
206042_x_at,0.35567882371065734,3.877851760587145,2.866095285386605,0.004317940941083234,0.008410563873059034,-2.8224989398267235
221778_at,0.23070849037434452,4.859264182525746,3.0035540444304423,0.0027923135491608212,0.005662323500314192,-2.822548627190449
208761_s_at,0.11358968460731948,6.513864937400153,3.0737384626236395,0.002220867585898202,0.004595741635643701,-2.8285453358063597
208638_at,-0.11850129099539364,7.6765189695803775,-3.120842481087127,0.0018998901521021813,0.003983076947058839,-2.8292294659730306
224777_s_at,-0.11471361457342784,6.468828967665349,-3.0760312359927746,0.002204156422142727,0.004564687367178627,-2.830238401978267
202403_s_at,-0.41229135259673844,8.843063850433428,-3.2100340880348153,0.00140617885525449,0.003035340333737931,-2.83467909070085
45297_at,-0.22124837306337694,4.002061153548703,-2.9242516495097286,0.003598007613220519,0.007139369431456088,-2.8354073742625365
202783_at,0.2220956468289358,4.958722774838261,3.011659478734707,0.0027200441223218822,0.005526234151798658,-2.835677165267943
223020_at,-0.13550267146043815,6.659897049268376,-3.079641195357766,0.002178078877789914,0.00451592007311077,-2.8370269764257205
223132_s_at,-0.17596571639640599,5.020300979403871,-3.037490544473164,0.0025010114268387952,0.005126929853755073,-2.8426339233581013
1552519_at,0.4251377796513487,3.4093719276096244,2.813596284237812,0.005077816598924719,0.009782170333443717,-2.8432952525638617
213330_s_at,-0.1625832844100935,6.002682868518578,-3.0619734812292636,0.0023084643556990827,0.004759541694111677,-2.845660391500677
202620_s_at,0.3325290448293395,5.876818706781425,3.053637469761071,0.002372439247270174,0.004884862897560133,-2.8460853326557443
209588_at,0.25994295768894843,5.464919055441033,3.043568473526193,0.002451882927653306,0.005033200427168878,-2.846494414921244
224593_at,0.15523689626608922,7.240324100815822,3.08825269771462,0.0021170124206039464,0.0043961143752529715,-2.8488232322332996
207169_x_at,0.19977555710538702,6.741636323427942,3.0708314535297556,0.0022422230715277557,0.004634562177363853,-2.8497174586997085
211599_x_at,0.2873677295352194,5.124905343541401,3.018329815723815,0.0026618601380173413,0.0054193287074457966,-2.850882558394985
218984_at,0.2602941255008888,5.462435540829606,3.041700702307169,0.00246688522726337,0.005060846694690249,-2.851500039449605
214007_s_at,0.30991858385137244,4.7160019934401625,2.9683363329996135,0.003127190235540708,0.0062842973163285696,-2.8526362248155275
225070_at,-0.16006471909675135,4.849175203487947,-3.0206360952161,0.0026420098139477567,0.0053830070629179,-2.855722638719497
218228_s_at,0.16396886839935038,5.260276725310424,3.033431976204427,0.002534318341122997,0.005188257670256194,-2.8569990682053232
214737_x_at,-0.11067370791829562,7.597087858047332,-3.107686456319359,0.001984944863564562,0.004143553063789391,-2.8571237033842376
226921_at,-0.17836661846111582,4.719462463081295,-3.0083022003567113,0.002749767715421077,0.005580273069768138,-2.859636758332182
218632_at,-0.1934461699288616,5.091742942621466,-3.03603169341645,0.0025129370794033674,0.005147436889416496,-2.8598694994105403
225173_at,0.2775674841579028,3.8285365558365045,2.8534682817865873,0.004490610194645961,0.008727849603636099,-2.8612027092626136
203625_x_at,-0.22386216548740734,5.497668023569015,-3.0474774983787136,0.00242075549476563,0.004975739373642402,-2.8652224890892484
218241_at,-0.1635851689451282,5.338444267362319,-3.042692305066578,0.0024589100260524314,0.0050464182201340425,-2.8662438265399732
217140_s_at,0.16425408185618293,6.996933827033328,3.0733476172744965,0.002223727899406114,0.0046007719170215716,-2.8678787991149557
223705_s_at,-0.14753918959956777,6.114010359852096,-3.055754613488227,0.00235603876953626,0.004854826570117706,-2.8695564456498044
200975_at,-0.1687513410266151,6.951281600158887,-3.079357356863877,0.002180118945127828,0.004518400901364756,-2.869629523791117
203338_at,-0.15637716968373308,5.92660376071677,-3.05147219215602,0.0023893209519928443,0.004917732057387001,-2.873176851808398
212108_at,-0.09855789774863861,5.7272833622895645,-3.046926989297631,0.002425117126805359,0.004983748279199273,-2.874628785638512
1554747_a_at,0.19779558441998707,5.407433817895433,3.0335575146933893,0.0025332820330822552,0.005187289045258529,-2.875314110651379
242320_at,0.24001274910614395,4.024258407173246,2.8706425322154976,0.004257252629148978,0.008301410159459958,-2.8763517031358274
217788_s_at,0.1582074249675694,5.38012587427221,3.0327163795493126,0.0025402329508234065,0.005198379293633459,-2.8775863428580344
204487_s_at,0.2936232979288175,5.892959826198306,3.0437938388529333,0.0024500784213187187,0.005031184613300256,-2.877977742372967
211043_s_at,-0.21744327558629198,5.707048929535344,-3.046705072672537,0.002426877390358005,0.004986409183526143,-2.878544071668294
218331_s_at,-0.19137435125665694,5.052585354733937,-3.028044971417997,0.0025791555776872093,0.005268972864943378,-2.879508221823146
201323_at,-0.17636373486979512,5.298931087606765,-3.0366350062027285,0.002507998874098942,0.005140270124014151,-2.8819378050348474
208149_x_at,-0.171514981239724,4.904105937414655,-3.0154934932275195,0.002686459976184352,0.005466295484304456,-2.883565913938786
202525_at,0.3166183826322414,5.839167607916678,3.0404082157613255,0.002477315987379807,0.005081272481868633,-2.8841529869576688
208809_s_at,-0.14479756396706597,6.040625425861503,-3.0480474602601197,0.0024162473269132984,0.004967426139555204,-2.88869249002889
204928_s_at,0.16676131377471295,4.662056413271262,2.960392377397509,0.0032076319584720923,0.006433881514905733,-2.8890197580732835
224859_at,-0.16352997323675517,5.0931152931679176,-3.0242050187307035,0.0026115591342737456,0.005326029507990602,-2.8930088921595773
211744_s_at,0.22757467139218523,4.757562858737563,2.963016451994457,0.0031808533922361394,0.006384950794646012,-2.907461249602245
225440_at,0.15257861404832934,5.522704238643458,3.0272031451433445,0.002586227638588158,0.005279393424579828,-2.909670146896894
221214_s_at,-0.2081348059651312,4.194181807700702,-2.9229637740984904,0.003612686412697973,0.0071645149091509415,-2.9127560336562413
227049_at,-0.19477981171671868,4.221103666572737,-2.9252383684277428,0.0035867981287188494,0.007121083831164758,-2.914040376929485
208907_s_at,0.1714483184025318,5.238916394764385,3.012234453414536,0.0027149832201675238,0.005519092075456296,-2.915144771791727
205064_at,-0.3389689648734378,0.5196087461776873,-2.6794423814328074,0.00759975930510065,0.014056668065528879,-2.9152292963773605
226123_at,0.2311282867823377,5.414015424851116,3.018643181639644,0.0026591549725894247,0.005415879699876522,-2.9164898428218864
216308_x_at,-0.1458182786432581,5.556648208784879,-3.03007234704033,0.0025621966043864316,0.005238322943280886,-2.9173808312774447
212915_at,0.3750384792654618,3.2901072260539923,2.7783865032733224,0.005653321291539979,0.010761199537361016,-2.92240510609065
208161_s_at,0.28559945930024017,5.844617751110351,3.0276885717450748,0.0025821474725569644,0.005273073937000145,-2.923651417097255
201346_at,0.15416526555573742,6.042890891329523,3.0325963883082863,0.002541225951027718,0.005199418184369738,-2.9244006784415104
200066_at,0.10839112131416197,6.2413907155973565,3.036264017237557,0.0025110344191682722,0.00514452318465284,-2.9249015718119464
201713_s_at,-0.18777457094976102,6.114389558138535,-3.037506647285824,0.002500880081557112,0.005126929853755073,-2.925862939507761
220189_s_at,0.20168537716890944,5.946135055014734,3.028293176406362,0.002577073830885585,0.00526672872000711,-2.930446306337169
224858_at,0.09399088782959855,6.186291099093426,3.0335479481969223,0.002533360989899433,0.005187289045258529,-2.930704907204092
1555579_s_at,-0.24508521400392058,3.6979165300481407,-2.8534737599925393,0.004490533941162437,0.008727849603636099,-2.932446866992194
201425_at,0.16405670872030886,7.299350908926726,3.0623042930775393,0.002305958528588854,0.004755290417088045,-2.9329137919081436
204213_at,-0.6718225767916934,5.443813426981905,-3.0270361789260143,0.0025876324088959174,0.005280248761238469,-2.9382706826567464
222906_at,0.27585655438022566,4.113597831920121,2.8575184841804475,0.004434553721181803,0.00862515868101319,-2.938456090680554
224749_at,0.17707345667206081,4.484344889104932,2.9157247238027817,0.0036962159385467547,0.007312569039640145,-2.938514751099304
214177_s_at,0.2079996997903669,4.958556663165368,2.975491511571259,0.003056318943030313,0.006155733189825858,-2.9422958693260624
204765_at,0.1553574439156655,5.000467193080152,2.9835942991859,0.002977837244163226,0.006007828699947391,-2.9445350935529397
218563_at,0.15449126276978195,7.129104212272066,3.051985897368926,0.0023853058733746763,0.004910411572148906,-2.9461242659286153
226052_at,-0.15843807644348085,6.117601616933602,-3.0281161219912605,0.0025785586654480407,0.005268758150475846,-2.952714212025942
218397_at,-0.1873644564390652,4.731833478342831,-2.97848226836798,0.00302713353535335,0.006100391565884206,-2.9530833321053462
210580_x_at,-0.2828807333867817,6.165681312382515,-3.0286376463298237,0.002574187242994449,0.005261833225376747,-2.959571574274099
222428_s_at,0.1598387013034697,5.737743372290488,3.014955398565051,0.0026911503947544217,0.005473760049174885,-2.960578787034584
203351_s_at,-0.1478142749119602,5.285362930286645,-3.0084238887128842,0.002748685173888524,0.0055791330556778625,-2.9628466571232277
200696_s_at,-0.30155334661713673,5.95430189059983,-3.023322600267574,0.0026190579938734763,0.005340306107416549,-2.9636536504717332
227743_at,0.26530898016227594,3.978684761786069,2.8316167678677417,0.00480430273120164,0.009283639098009229,-2.964966240901472
209129_at,0.38478978492877897,5.096421814126538,2.968816053099722,0.0031223920741113038,0.006277009999991442,-2.965396180433488
202266_at,0.28774504345973406,7.304475760589735,3.048279861979321,0.0024144113359546165,0.004964604345889022,-2.9662058920829786
225252_at,-0.2000913114609322,5.144950261290972,-3.002693446415397,0.0028000891694039865,0.005677016516242412,-2.9674069679718658
203904_x_at,-0.14537410212225585,4.948216305285935,-2.989007560638417,0.0029264377024056337,0.005911922893809458,-2.9679567152763333
238808_at,0.35969849622266253,4.159471470229915,2.842880588345994,0.004640202443131904,0.008992490733225776,-2.9722223183251764
202090_s_at,0.13688998658524987,7.815774723816497,3.071487503622433,0.0022373871725657898,0.004626351820053523,-2.9724755305801303
206467_x_at,-0.37249798103774967,4.381738438781853,-2.940931158746742,0.003412752259517171,0.006803277810980174,-2.9753415314856966
227265_at,-0.37343345136174744,4.401378542786437,-2.943955992935545,0.0033801040683879994,0.006743213200119299,-2.9801919300566286
221648_s_at,0.3157033458233054,5.5047639029156485,2.998369472714781,0.0028394578089115437,0.00575356752541505,-2.980336159795927
230131_x_at,0.24625192725167713,4.309345175099889,2.868705255227895,0.004283012373636728,0.008346638934554226,-2.9806601547482012
223494_at,0.27141381671105685,5.126728980755352,2.9750040011466274,0.0030611006504244684,0.006163046658146462,-2.9807089040322614
202985_s_at,-0.1310131003111341,5.918174805590021,-3.0133969933116656,0.0027047769418789263,0.0055004319245157435,-2.9852456801286094
208663_s_at,0.25423103490360555,4.586293961343672,2.9074813588250663,0.003793475540544407,0.00748012211777144,-2.9871201091174084
208660_at,-0.15084651283920977,7.523323571251856,-3.0623651903864695,0.0023054975172142867,0.004755255083156845,-2.9879378379054895
201281_at,0.19295731723484516,5.963408550814357,3.00906326202693,0.002743003710612416,0.0055686561970420346,-2.9887182519738724
218819_at,0.2016276554883014,4.75836491305702,2.9351980461951697,0.00347542300540774,0.0069140588035158995,-2.9894217345289693
218398_at,-0.17357665284270615,5.617064826670625,-3.0071929153394086,0.0027596539547974194,0.0055982148869048965,-2.989677978494351
228291_s_at,0.3535512726377615,4.530387878927506,2.8871748013343863,0.00404309073596871,0.007928543118146218,-2.9898878968896643
211031_s_at,-0.18249029469005973,4.308732960988268,-2.907904584958156,0.0037884258462505906,0.0074729158701680315,-2.9926695312919662
225344_at,-0.26504903215620707,7.757759349448331,-3.076446622945426,0.0022011412167840467,0.004560206121718718,-2.9935968185906443
202868_s_at,0.11965583927887295,6.20410114704699,3.0117787544293115,0.002718993552851284,0.005525147559122877,-2.995338535275831
206463_s_at,-0.2039477970793069,2.6781612403690915,-2.73832385727536,0.006379426963051831,0.012017373141405708,-2.9956039982198366
225553_at,-0.1908107482213989,4.845188503926432,-2.972031705858591,0.0030904024881518305,0.006215033199844296,-3.0011784826237298
201597_at,-0.10806697660144164,8.603918581142851,-3.1239154124679827,0.0018805131326247912,0.003947861491242287,-3.0014289555029325
200081_s_at,0.1110849661322681,9.949992651054098,3.2113462844692826,0.0013998942001011677,0.0030229926558524105,-3.0015484395385146
201257_x_at,0.06538553141049129,10.547319320457085,3.2600409576654403,0.001184241640311115,0.002589667420423143,-3.0090467947430533
225924_at,-0.18851618610523466,5.135595697658695,-2.9875748698147233,0.0029399616697450386,0.005938123938155844,-3.0095253613160127
224727_at,0.14897337146324455,5.575450933821843,2.994764356899091,0.002872668152785753,0.005814440263565151,-3.010203224842382
205677_s_at,0.1971026742467354,4.519609389486429,2.8947937897082086,0.003947733870797823,0.00776286214351268,-3.012558158721201
208843_s_at,0.11972652923797933,6.717185576967009,3.016238866250929,0.002679975146247535,0.005454136349116612,-3.0156139885785747
205020_s_at,0.17420320172977685,6.115706255060871,3.001083225959433,0.002814691013066193,0.005705541120714877,-3.0207015859628807
209937_at,-0.38391776740413097,1.9923219688626945,-2.6995822455564387,0.007160563931090291,0.013322528897841314,-3.022784123175786
225895_at,0.7077414875984699,4.289448055107843,2.808678901766885,0.005154864816924416,0.00991633449159836,-3.024876441509578
211776_s_at,-0.3633281129619952,2.531570279885809,-2.7232745336535378,0.006673238229943554,0.01251144577483117,-3.0305722197731053
221488_s_at,0.16141200940163203,7.255184581841163,3.027247922380787,0.0025858510242180157,0.005279393424579828,-3.0331714708086857
226004_at,0.23972478247956647,3.9745548741500065,2.8090808698195042,0.005148527028529601,0.009907700746656659,-3.033892239591004
209900_s_at,-0.2546319598880578,4.299923609927316,-2.9007121582348963,0.003875079790246977,0.007629797793221074,-3.034996932902387
210473_s_at,0.2076384362623648,5.038576639667222,2.952498504214841,0.0032894353985242395,0.006582582452313902,-3.0366039285030135
201798_s_at,-0.2559762208267511,6.402036384582956,-3.0077522232832363,0.002754665193214691,0.005589153071005489,-3.037229174792687
221419_s_at,0.18764704161713466,6.306747709251132,2.9981224609730024,0.0028417220154585416,0.005757066556657972,-3.038416934976868
224586_x_at,0.11627617216939842,7.802602921335315,3.0494279385304273,0.00240536021840955,0.004948842715540909,-3.0395331254440574
200778_s_at,0.15250212969746477,6.8605550173041765,3.011186493832368,0.002724213792868771,0.0055336561173688174,-3.041406885597718
210377_at,0.4070791408648474,3.455841810370294,2.7452371786771392,0.006248411387684147,0.011791303716093052,-3.0418272427345645
229025_s_at,0.19308140763689027,4.530439789896885,2.8865893508518403,0.004050504096683349,0.007939999553062333,-3.0429890335629084
225849_s_at,-0.1355708933017133,6.649493705532249,-3.0091016914037607,0.0027426625706279554,0.0055686561970420346,-3.0471018595841084
218529_at,-0.20295080740689111,5.170313125295297,-2.975840034017651,0.0030529046766990028,0.006150012749431444,-3.0496884203025036
204981_at,-0.2675133574817264,6.054303690387887,-2.9942276293619483,0.002877642787723093,0.00582323142895306,-3.0538111618319235
218696_at,-0.15746473481558804,5.206293395476,-2.9747525202647336,0.0030635699547164994,0.006166859249319402,-3.053994868766094
212864_at,0.21647289400567638,4.230347467979923,2.8352115108585925,0.004751368297029214,0.00918797988557292,-3.055613979817927
209671_x_at,-0.22459637690830536,4.198841889086001,-2.8744978205394873,0.0042064080707234375,0.008215724642052906,-3.061911585751832
AFFX-CreX-3_at,0.17950486495261778,9.444826231373604,3.1502432416610913,0.0017218068095756838,0.0036453984883368182,-3.0623919497804293
205295_at,0.545563966720042,2.311650906305998,2.6694319659055763,0.007826944216432333,0.014446942348490624,-3.0635722853569933
209607_x_at,-0.30189666457313374,5.644693577196348,-2.983913342174782,0.002974785137163305,0.006003932399101448,-3.064200985621869
201481_s_at,0.3633119934603057,6.7294346031964,2.9937988515451557,0.002881622560507252,0.005828784908447315,-3.0693766784309426
202113_s_at,-0.21014194920360696,5.312236209535838,-2.9737862434179285,0.0030730748348386464,0.006183668427052296,-3.070138490763802
213016_at,0.24020340104932877,4.80427211777158,2.9095614872020152,0.0037687155071559684,0.007440886330291539,-3.0714718525960825
232591_s_at,-0.2682511514924494,4.821148428380249,-2.948349442291166,0.0033331916225130672,0.006658303533839734,-3.0774450800513096
221091_at,0.37064101879117706,0.9807199833646393,2.6115207846204744,0.00926506078617471,0.016843135279533288,-3.0839839580451103
208091_s_at,0.15963706288630677,6.444398704676421,2.9848004955939236,0.0029663132716155477,0.005989090478480467,-3.086380013276054
202930_s_at,0.22396223636035223,6.036842721536564,2.9764535521743354,0.0030469028793676496,0.006139076649739634,-3.0873018155861365
206390_x_at,0.34463192292233874,3.5012524412119514,2.734811843107891,0.006446928805723116,0.01212465188016713,-3.088527387270338
212160_at,0.204347106141077,6.335238543225866,2.981360410509484,0.0029992880027416152,0.006047689134833601,-3.0886086191345985
202143_s_at,0.15036823104679284,5.483927652180608,2.965209614185052,0.0031586291865571504,0.006343905975925525,-3.088913364671132
202752_x_at,0.22963314276079735,4.598202372766215,2.8742138652937737,0.004210134018522702,0.00822000469116707,-3.092277579647293
213549_at,-0.2679381000925996,5.365089431992779,-2.9681268439660453,0.00312928765902892,0.0062873328378051044,-3.0930375750919454
212098_at,0.2677722301337538,6.692732092966846,2.9847099837826003,0.0029671766012021304,0.005989704716163261,-3.0983482424202347
203411_s_at,-0.18435836510381673,6.215111001072806,-2.981098355135311,0.003001813613258384,0.006051642687022406,-3.0984043128173164
201769_at,-0.16749581279686496,6.802704551212842,-2.997203078419459,0.0028501639711890816,0.005773077448165746,-3.098997675309911
209340_at,-0.2015987658733244,6.682423894566687,-2.993756127803838,0.0028820193839303116,0.005828784908447315,-3.0998194681413747
202636_at,0.1738970081071115,6.016236862801671,2.9722632469376227,0.003088110703952031,0.006211590306315829,-3.1002763994624765
210470_x_at,0.18307999744052955,6.588759110418632,2.982872473835626,0.0029847531226461785,0.006019514345427054,-3.100583834307484
223331_s_at,-0.1414467767497393,4.692752281770667,-2.9201378338728463,0.0036450871812532273,0.007219415598588616,-3.1008962625911805
202206_at,-0.330300768284634,3.672279078085427,-2.7964292329448113,0.005351427001315765,0.010248451459616696,-3.103338281292609
222731_at,0.4861282115230782,4.0813059329193795,2.775113274687978,0.0057097123223806895,0.010851188240139139,-3.1054091979433527
211999_at,0.10725511075798203,8.7189512514103,3.0861686544382967,0.0021316447823356696,0.004422213507583661,-3.1084409011035623
222413_s_at,0.295093387710888,4.293232693393658,2.8130782352510426,0.00508588419038218,0.00979456133963179,-3.1148654213684557
201895_at,0.16588752731806602,5.1316846455233875,2.9354000107953535,0.003473197527306536,0.006910914767837095,-3.1167517725120195
224778_s_at,0.17541955957375416,5.388801807046526,2.9508593782671455,0.00330665862440771,0.006612699989411947,-3.1176863739941583
1553828_at,0.6276575396809757,3.8800512929312654,2.7392990769865064,0.006360796457589272,0.011990711323271841,-3.118648835494632
200692_s_at,-0.17028812453659806,6.563482454690302,-2.9829391421024942,0.002984113752152174,0.006019358054378882,-3.118652850779834
209001_s_at,0.1198717759559321,7.001244122764872,2.9903000749637823,0.0029142858144654386,0.005890706401956273,-3.11872512515919
220094_s_at,0.1797870242021201,5.543143426700315,2.9561142565092458,0.0032517320330760486,0.006515018752635816,-3.1187394543841345
216594_x_at,0.29953512803197613,4.177110174599913,2.7964972192242117,0.005350317592830642,0.010248158836401693,-3.119328990168796
214800_x_at,-0.11449979422911066,8.11282083067826,-3.049311015050976,0.0024062805842495014,0.0049497856949049365,-3.121843715789331
201739_at,-0.3589231948150234,6.025874382237373,-2.9716541665840457,0.0030941426920368807,0.0062213871358466795,-3.1223180767071135
227133_at,0.2384562303618413,5.02015922447581,2.9187560148813523,0.003661026673595262,0.007249644871391135,-3.122380163700332
203376_at,-0.1383545257078777,5.1721004149460965,-2.947525392611674,0.003341945110628655,0.006674544737167185,-3.1277437032772735
206482_at,0.29388722768121367,4.932861135300802,2.900172134511745,0.00388165828069442,0.007639942157097064,-3.128631842457814
218312_s_at,0.37392504746865424,3.5568370764933497,2.7221381867366943,0.006695911151943682,0.012549561961296828,-3.1292587346524563
209975_at,-0.2061244096398612,1.231180508067418,-2.6200561697055287,0.00903923129346542,0.016460527765917908,-3.1294239536553317
224949_at,-0.16373328453888938,4.860369255215311,-2.927334773033705,0.003563087877241289,0.007079258239778548,-3.1302547910157967
202567_at,-0.1326272381394819,7.031475104285339,-2.9938183950683723,0.0028814410545058176,0.005828784908447315,-3.130494504616518
218507_at,0.32917503155343275,5.5972241099809805,2.9498235022078165,0.003317585595370994,0.006632075850570901,-3.131067894332105
209696_at,0.3033371683898725,4.955382643158384,2.9009751206776597,0.00387188009823147,0.0076248991713885545,-3.1312870674408373
AFFX-HUMGAPDH/M33197_5_at,-0.11157430340999874,10.039948440006189,-3.188291461351943,0.0015141841341124948,0.0032423455184383684,-3.135727085227775
205849_s_at,0.14891462779619608,7.974642354073646,3.0246206019524005,0.002608034298797372,0.005319853663940641,-3.1359217470371226
225425_s_at,-0.1560158375833741,5.240617353795978,-2.947243263571095,0.003344946854049032,0.006678049878387492,-3.137191317778889
218065_s_at,0.14135937133330176,5.963040637920183,2.9581854814530297,0.003230312550247636,0.006476948970766035,-3.1397612052879538
219739_at,0.483103961058361,4.591946059380455,2.8275546337928503,0.0048647633533907475,0.009395386660334428,-3.1433648510722634
208281_x_at,0.29351237011790154,0.25910421504151826,2.563471474410152,0.010633104267939671,0.019055277019477703,-3.143974776583396
212297_at,0.18974033549120903,5.228708930018348,2.9314444417058043,0.003517022098129166,0.006989029444863245,-3.1468420790326332
211340_s_at,-0.2663429142427374,4.798366757531192,-2.921466759862692,0.0036298175395937096,0.007193162282957345,-3.147652738559912
211984_at,-0.16019208958802442,6.647523394444765,-2.9752654587269305,0.0030585353144293886,0.006159039252534218,-3.1478512370442147
211368_s_at,-0.4099447363514402,5.622565242455526,-2.9561536284537064,0.0032513236628522076,0.006515018752635816,-3.1479521547594045
216623_x_at,0.3591332987074037,6.209707938338466,2.9568425796480824,0.0032441853631520827,0.006502330738156831,-3.1482592778927376
219477_s_at,0.28314304681224156,4.089078312651548,2.7753616439980155,0.005705415658368236,0.010844946406688948,-3.150531850103421
200024_at,0.11230917870900708,10.006242157275818,3.1674977109040645,0.0016245966484547637,0.0034607882073763936,-3.152527418124369
201064_s_at,0.1653480205186095,6.35337254043754,2.960010096537558,0.003211550264534025,0.006440535002611945,-3.15327890827327
225987_at,-0.3421931899779483,2.152894080699599,-2.654201417744383,0.008184313548619943,0.015026315517800419,-3.1561369329531233
225772_s_at,0.14610857426110446,5.607578434888014,2.9441091394276335,0.0033784587093723846,0.0067419366144650635,-3.160485135557046
208993_s_at,0.24860346354525717,4.5022164095928305,2.8323255158203504,0.004793823893088574,0.009265061404773208,-3.167227175452546
201289_at,-0.4051463361003618,6.008819633092459,-2.9547484717011607,0.0032659271472710327,0.006541012811500201,-3.1726159447862985
225866_at,0.19674422603845568,5.900167113204123,2.9448975500498245,0.003369999834146931,0.006726813531435825,-3.17300993885478
225177_at,0.23926393425462336,6.525715169562984,2.953280142527996,0.0032812511713853037,0.0065680201418256284,-3.1799235622792246
208956_x_at,-0.1542641055158688,7.342734234008347,-2.990160801772029,0.0029155930016481813,0.005892236903727026,-3.1799345752600683
201785_at,-0.33352995401288055,6.591684435031146,-2.9665660174976334,0.0031449553287557306,0.006317627308636817,-3.180202066692762
204424_s_at,0.3566900263236616,2.113449961982446,2.6201004977813165,0.009038071438288902,0.016460527765917908,-3.182082084550552
226617_at,0.18977013417567437,5.6570005057286155,2.9366574657785596,0.0034593706750963133,0.006887239926093069,-3.183273451442555
224617_at,0.1565017161394852,7.741637464637549,2.9963560046097815,0.0028579622900088684,0.005786684939116425,-3.184738291432037
224685_at,0.15851223432432393,6.456174357782858,2.9513538179983287,0.003301454609953633,0.006604758774310601,-3.1847537678927598
225102_at,0.2509868605727239,5.611951051463908,2.932075849071291,0.003509992932556145,0.006976355155189978,-3.1895751150852174
208687_x_at,-0.11615512832206652,9.328592206539108,-3.114801746083964,0.0019385183550774904,0.004057707529883774,-3.193489984068978
218105_s_at,-0.17285316123175765,5.66666445993336,-2.937654532711741,0.0034484427561875457,0.006869313359434209,-3.1953014043636676
219329_s_at,0.12312721389988726,7.00613529025686,2.963902642649118,0.0031718561108388496,0.006368083679800712,-3.196151440034729
217780_at,0.11441966765296789,6.14169548446796,2.940507396794809,0.0034173490038435428,0.006811173930823419,-3.200856459681013
228702_at,0.31874339277618896,3.501306435771994,2.6910414583783204,0.007343946703292311,0.013628217743351902,-3.207000170836418
205273_s_at,-0.13777791957850188,5.297967237258512,-2.9246155337181845,0.0035938700430602835,0.007132480505984589,-3.2073692683886765
224714_at,0.16963616457011776,6.388087060898909,2.941086591665563,0.0034110676212620056,0.0068011850784626595,-3.2100200957463256
225725_at,-0.21263936573896863,4.117614246818455,-2.806234725715423,0.0051935543143828275,0.009985381796479403,-3.211115161607711
212852_s_at,0.1644783454704438,6.325514793172277,2.9395426016626764,0.003427835678818249,0.006830804246127214,-3.2111307472524775
218434_s_at,-0.15873738983268684,4.801266151245267,-2.8930495668744585,0.003969381444892527,0.007798273137563476,-3.212876777792461
217379_at,0.13414397369737985,7.434855101609649,2.9735456247915515,0.0030754458942635747,0.006187277345586042,-3.2144673689109595
219913_s_at,0.22628109255346926,4.746640271061146,2.851882982046951,0.004512726151330662,0.008766062603663714,-3.2157778562689376
45749_at,-0.15303228898667146,5.0593384512342325,-2.910581101423835,0.0037566327798846284,0.007422502207839178,-3.2175515857200265
209596_at,-0.4380094597362791,5.712138289805089,-2.933417531748745,0.0034950991426027844,0.00694804177300123,-3.2192427909431824
202371_at,0.22102179619761064,5.6711909880380045,2.9236030051370556,0.0036053938449298736,0.007152700789024765,-3.220119592406105
200689_x_at,0.07960366620276686,10.025456200667012,3.148705149833612,0.001730727685152161,0.003662837947656084,-3.221071710171323
226534_at,-0.2795667178834467,5.013620241837995,-2.9110043719450065,0.0037516272790068415,0.007413979531451815,-3.2221150573215267
221699_s_at,0.13700028428953753,5.765274835999503,2.926156632782696,0.00357639493866152,0.00710306247272541,-3.222171702230069
1556821_x_at,0.2969278208952945,3.4391351484612573,2.6809932491738446,0.007565097920959959,0.013999808952711012,-3.224762329064417
203705_s_at,0.339528941437367,3.228051571356167,2.661397255385781,0.008013684625799346,0.014750962782850239,-3.2262513453646458
216922_x_at,0.29035455939715643,0.32872918861155914,2.5319845997458383,0.011624613155888678,0.020635373776145056,-3.226819876460002
208837_at,-0.19849650454165152,5.640997331867579,-2.926345455989547,0.0035742591397127164,0.007100136874419123,-3.227551747904963
221041_s_at,-0.19092576123506394,4.397174276202842,-2.838736807194693,0.004699971165367642,0.00909187271480382,-3.2296138795634137
1568763_s_at,0.2216011396609646,5.552927519272569,2.9166894726954515,0.003684983173519898,0.00729303985551795,-3.2305040077079052
220782_x_at,0.2874545664461105,3.089292148942854,2.651340076457921,0.008253063262009985,0.015136974272541168,-3.23382052890221
222803_at,0.2915078893668332,3.8172003555025475,2.7150643772012693,0.006838619394304959,0.012794643655464379,-3.2340424403635057
227126_at,-0.20461359813816568,4.061329314616113,-2.7885240377991654,0.0054818542474606175,0.010466423908937015,-3.2362917923668277
208909_at,-0.14121480013687138,8.218259142604802,-3.0195284048810396,0.00265152679317208,0.005401370324254135,-3.237113044386412
226926_at,-0.38882695624877456,2.8611747505303757,-2.668174904700447,0.007855900063988699,0.014495393969257826,-3.238025502962892
201876_at,0.19588712220050084,7.042239176401563,2.948589467840314,0.00333064588579846,0.006654459040387709,-3.239099015229831
208904_s_at,0.0714972865017973,10.198741620489029,3.1573804071223837,0.0016809637678782776,0.00357021507638382,-3.2392561131995032
221874_at,-0.4133436608732768,3.1904185796430595,-2.6991055290422126,0.007170690066204351,0.013339052383963747,-3.239277569645796
211285_s_at,-0.13651864950164333,6.370390231372904,-2.934897142506524,0.0034787411220241634,0.006919374979622144,-3.2408661674221486
213065_at,0.2037164968198587,4.7994754801981445,2.8524002628500442,0.00450549889728801,0.008753610752021482,-3.241053280634432
208666_s_at,0.16430459840912898,5.232420304664978,2.898130581460418,0.003906620211371004,0.007686248360774576,-3.245890919517934
201563_at,-0.25240411691728154,6.376759003342855,-2.9354682460978805,0.0034724459262978798,0.006910702806693142,-3.246150970766549
1552703_s_at,-0.2910241810732683,4.173093138227483,-2.810875575561528,0.00512031615067982,0.009855182702521184,-3.246769952468383
224641_at,-0.15929452070078334,6.144007931447791,-2.9258914201609443,0.003579396752160467,0.0071077066554022395,-3.253358325010854
213264_at,0.21356889968919965,4.643303172111944,2.8230977122021415,0.0049318934694346965,0.00951817235418013,-3.254486107923403
201050_at,-0.19454543568361082,5.276055206032369,-2.9081973092684517,0.003784936810129261,0.007468783946751662,-3.255271873900867
212138_at,-0.1510949205611015,5.67085339506985,-2.9160896774530456,0.0036919630442544173,0.007305504265441,-3.25688037578473
208896_at,0.16346492639601973,5.399378033457092,2.9033773183684946,0.003842761699377475,0.007571809301759175,-3.2570226964084528
228232_s_at,0.6072448808057848,4.205985049185329,2.721182995733588,0.006715023259423421,0.012583180720343382,-3.2571835844926693
204957_at,0.16745115098828264,5.065653258508337,2.8804514114928232,0.004128974943066445,0.008076265942134531,-3.258431099233529
209120_at,-0.20876738956874327,5.288929343257174,-2.9070678139780095,0.0037984156472744028,0.007487107052300033,-3.260672439261998
201180_s_at,-0.12549985241654174,6.8797802284804765,-2.9432510122852555,0.0033876876045096736,0.00675683101696514,-3.2614204078842874
203690_at,0.19578749225092407,5.315818299774532,2.8941220915149883,0.003956057565513216,0.007776375174191392,-3.2677927863100127
223165_s_at,0.20444356497906155,5.751619956242435,2.90888438273517,0.0037767589522837183,0.007455393155668965,-3.2681557903093754
222754_at,-0.168956435171237,4.622234708643006,-2.8540545857866118,0.00448245585084495,0.008715163254101987,-3.2702597952394017
228571_at,0.18671861193982398,4.538334214505859,2.8053489048457285,0.0052076410331216285,0.010007077737727714,-3.270848108874359
213880_at,0.8196621246983519,4.948986342998133,2.7967387811750415,0.005346377439615922,0.010243978000824777,-3.2717307528111492
203039_s_at,-0.14104665136205835,5.7247460240003365,-2.911596773581704,0.00374463187955349,0.007401520539789029,-3.2721959485291947
209524_at,0.4029916742880544,3.219560394593466,2.639509427515573,0.008542852472319779,0.015628343329228446,-3.2735882418003754
218253_s_at,0.14589362582130194,5.742750017795123,2.903374064532665,0.003842801005662712,0.007571809301759175,-3.285836508059469
233952_s_at,0.18136146978151343,4.725727796310947,2.8278450114139297,0.004860418585636706,0.00938868811899135,-3.286264287906875
225401_at,-0.18118590335552182,4.815976012037703,-2.868663887720687,0.0042835639748136966,0.008346638934554226,-3.2871970622115194
225264_at,0.14009287154378047,5.597935736289668,2.8996968395996308,0.0038874566694558294,0.007649949173379923,-3.287696002579872
205011_at,0.30439987434513244,4.685163954584586,2.805891787908696,0.005199003763437719,0.009992272572247628,-3.2894212935321745
201149_s_at,0.40929183290835836,3.9766034781337622,2.701197990592075,0.007126338889284298,0.013265763426742431,-3.289855735821454
222810_s_at,0.23090590627651283,4.645076009955844,2.8080033488085854,0.005165532117229198,0.009933287663233962,-3.291502940667669
202118_s_at,0.23825133070510807,5.758631351065541,2.900247296082598,0.0038807420643649335,0.007639542399033725,-3.2918792554747744
205650_s_at,0.2157695657261503,1.50811120334025,2.5536622336865373,0.010933586223070748,0.019547982177529528,-3.292820689242024
202994_s_at,0.4630135034205539,4.5771564673977565,2.772043084650965,0.0057630672623491625,0.010944821765918556,-3.293643438814549
202666_s_at,0.17447725221605537,5.788865299871746,2.9010314420706433,0.0038711951000346473,0.0076248991713885545,-3.2940268393186276
233049_x_at,-0.13304542153620783,6.192591570337329,-2.912030819158869,0.0037395139832379913,0.007392768647800074,-3.2947408988126856
243916_x_at,-0.18875818370602365,4.797122997338534,-2.8646259859620593,0.004337717948781122,0.008446014610194867,-3.296114037623725
225001_at,-0.1547801339556194,4.771826186492911,-2.8592682023999436,0.004410534196664304,0.008581557001246765,-3.2972352148792092
225554_s_at,0.11837995033463405,5.455015791183455,2.891654605608444,0.003986772057648189,0.007828132157915148,-3.29993064225689
223056_s_at,0.15074301495082718,5.170435496496505,2.8755192417485453,0.004193030174588457,0.008195572388317121,-3.300012799950917
224937_at,-0.16546009646564588,5.710781190429959,-2.901044127971212,0.0038710408254233374,0.0076248991713885545,-3.302446094681825
45687_at,0.11872919394602088,5.3211036305723365,2.8848725082151434,0.0040723152909605985,0.00798000982477792,-3.30299339309041
219371_s_at,-0.255512998750136,4.863733821793099,-2.8709356028924433,0.004253367995989807,0.008295345228661715,-3.3036349211654636
208978_at,-0.24278095087685617,3.687635342801304,-2.714689968201817,0.006846248594080099,0.012804445039870826,-3.3055659768853407
209510_at,0.17210585312621457,5.427418138033138,2.8867700492348485,0.0040482146553774264,0.007937138287528985,-3.3067130488181293
202436_s_at,-0.4186502082775025,1.8784348817412608,-2.5841271651339883,0.010024334182716218,0.018082285249947608,-3.3086011120381826
201196_s_at,-0.1667332069458501,5.501822034704172,-2.893443828067669,0.003964478830549177,0.007790070013146245,-3.3128344686547644
216037_x_at,-0.1593315681512192,5.434130930820074,-2.8913572131187504,0.003990488530442091,0.007833993701049317,-3.314048183842516
226275_at,-0.2706556097695224,4.957472162723926,-2.874088732423425,0.004211776915041115,0.008221713937834451,-3.316877522370782
202842_s_at,-0.1929944938703788,5.549011865662746,-2.8924364918529655,0.0039770159633601585,0.007811839386776197,-3.319282926247702
218983_at,-0.18880797127768728,4.102000724618523,-2.759930301415796,0.005977993732517019,0.01132088507273375,-3.3244500438648
201098_at,-0.1063596310574076,6.968159870145865,-2.9232376880569437,0.0036095598622887834,0.007159639845343406,-3.327055114531486
202242_at,0.4310680446562905,3.635043266372041,2.6495471282640985,0.00829640623982257,0.015211036636407627,-3.327363231011988
201445_at,-0.2854780539834558,5.194570244164207,-2.881407653863203,0.0041166595363317906,0.008055118468077164,-3.329146377571451
203635_at,-0.13417325489659604,4.889070518799152,-2.8581160926426956,0.00442633662521919,0.008610739834024548,-3.3295507095712598
212822_at,-0.18502951787684535,4.0908231542765945,-2.754122211674325,0.006083598148533269,0.011500544726528483,-3.3354575957655497
212548_s_at,0.24621465573686055,6.1069364815618306,2.8912951943701195,0.003991263967545982,0.00783408041119826,-3.335601313533231
202110_at,0.14631649369681968,8.551989289402744,2.994754898778955,0.0028727557467609767,0.005814440263565151,-3.3384911979179908
209362_at,0.1729406709812396,4.78030607427113,2.8178659389778264,0.0050117656678894925,0.009660137747409163,-3.339866991075195
226996_at,-0.1470315589699125,5.495038998006768,-2.8834803295627243,0.004090080299804238,0.008008961844599306,-3.3399452409558705
214394_x_at,0.12846144842111482,9.051921056893987,3.0307567827200574,0.002556494437018439,0.005227662703527112,-3.3451267656877057
31845_at,0.18639867611981448,4.78098013860144,2.8142167618786034,0.005068169151844982,0.009765341029445197,-3.3452669524382865
224769_at,0.14839790387544166,6.06353682181679,2.888157920782767,0.004030669607031785,0.007907079930439757,-3.3458595354952765
225330_at,0.2546934743180285,4.54650898711833,2.7710093186843614,0.005781133645154741,0.010975240960578192,-3.3468564424833924
238429_at,0.3521717153524396,1.8775594185705977,2.543981889952121,0.011237514877497521,0.020024533746279265,-3.346894252716265
200595_s_at,-0.13573666233743797,7.0952520282258575,-2.9211561890048223,0.003633380832057029,0.007197560808769777,-3.3492416252468376
218118_s_at,-0.12659975475431035,5.740137206408217,-2.8846307013805554,0.004075395838241576,0.007984585884250548,-3.3493419134636886
201919_at,0.1864738322655228,5.948898084187723,2.884214219762457,0.004080706663187999,0.007993529069799422,-3.3497831959276647
233656_s_at,0.1680037751061924,4.531655717414652,2.779074402546542,0.005641534451283577,0.010744490413617948,-3.3502716705176057
224657_at,-0.2954191018460163,5.583016161282398,-2.882378101341403,0.004104195365870015,0.008033664343973228,-3.3534496719797513
213773_x_at,0.15392020867556439,5.891206383957022,2.882073307126326,0.004108106357853918,0.008039850824203328,-3.3540290861506366
206698_at,0.39393502844713757,4.7786317429072955,2.78775710815068,0.00549465964743379,0.010489003706870668,-3.3573015085082893
208847_s_at,-0.13100324442822098,6.9163566991869505,-2.910248237143755,0.003760573431888991,0.007428918158920664,-3.3605414838063217
232520_s_at,-0.18494879909277764,6.112017959360223,-2.8880458295446396,0.004032084056469181,0.007908406535509765,-3.3607019072282283
201500_s_at,0.13952312261455643,7.228332910203455,2.913989710272024,0.003716495630052132,0.007348618989433092,-3.362530881676527
201710_at,0.25016691065535873,4.355519067165137,2.7381019775553193,0.00638367260219866,0.012023256783993361,-3.3636873679444745
221782_at,-0.19925774045701908,4.411131986787745,-2.7951842853114615,0.005371779077631518,0.010281913392650787,-3.364319167955065
226001_at,-0.292135789801169,4.063297107091667,-2.7503366224476165,0.006153332923239314,0.01162006973500137,-3.3670147761364
209081_s_at,-0.2727636241203512,3.8441330308430692,-2.714837276460695,0.006843246031203797,0.012801064210282221,-3.3697492507387024
226507_at,0.12433332276283784,5.549824494492183,2.8696494330753892,0.0042704400982404925,0.008325609603721636,-3.370179032319986
224960_at,-0.18340136648497474,5.699994980813074,-2.8770760162461,0.004172715013167304,0.008158842112805497,-3.3707392114928547
212440_at,-0.10277093217798731,5.327216918323597,-2.867394754555314,0.004300518229793651,0.008378150899396142,-3.3711014516482916
1559538_at,0.3735679881396812,3.4171010825504853,2.616579339811119,0.009130619627856168,0.01661000646514232,-3.374360623231997
211950_at,-0.17094754373923235,6.332928743129281,-2.8865378906669763,0.00405115631074757,0.007939999553062333,-3.378366489524061
200916_at,-0.14570324197423856,8.13422088303932,-2.9645724371750326,0.0031650712883613753,0.006355652991980397,-3.3810157676935058
212097_at,-0.3297922554396926,5.636499747878711,-2.8739919121221442,0.004213048489852057,0.008222697845105681,-3.3813315698207447
200943_at,-0.12010743063346047,7.9793664454387745,-2.9524680064827664,0.0032897551059169823,0.006582582452313902,-3.3826909726372127
1007_s_at,0.15195615180338914,6.8674258756048046,2.8936664316238168,0.003961713204686087,0.00778606376110843,-3.382899002987597
222477_s_at,-0.1636837245620752,5.828458404041175,-2.874301884450321,0.004208978745227401,0.008219247046595178,-3.384426797394383
201901_s_at,0.1484050032847927,6.781605812189064,2.890165590214819,0.004005411739485429,0.007860409592435866,-3.3854399403291495
210466_s_at,-0.12268517429157617,8.138781761429712,-2.962418382228245,0.0031869386276534603,0.006395967313235579,-3.3860814248090616
202649_x_at,0.0936787102346513,10.090705149463165,3.099417379168935,0.0020401844286176136,0.00424828887000096,-3.3864578998149595
203913_s_at,-0.4573353160802629,3.6981702780920593,-2.7058439587648193,0.007028746046199053,0.01310914978985558,-3.3866120800809374
213015_at,0.21696627366251237,4.146415824225722,2.7018391798546024,0.0071127979530025915,0.013242857919797837,-3.387291954780099
212488_at,-0.4154353676739155,5.792256850965025,-2.8751045261403663,0.004198457170037894,0.008203771244208836,-3.3890707164288356
225458_at,0.3963294675877593,4.020142036858172,2.6676184802693026,0.007868747750186521,0.014515974746425811,-3.3921829551245266
217806_s_at,0.13517273999919524,5.302664127220331,2.851648240485705,0.004516009345556907,0.008770849912790273,-3.3924694768155543
214404_x_at,-0.21743105846057206,4.398356324954603,-2.7809163070575758,0.00561008363219961,0.010696000347349069,-3.3949276320714326
204490_s_at,-0.2254817780137057,5.108975737973934,-2.8530240334951595,0.004496797793342682,0.00873829036097953,-3.395629191483283
219350_s_at,-0.11127142174330046,6.1848757366742575,-2.874663032339146,0.004204241607699072,0.008212990580466841,-3.3997527472394022
201296_s_at,-0.1826957131958383,6.20750759276425,-2.875081671037074,0.004198756439092416,0.008203771244208836,-3.4030805969045623
35156_at,-0.14762025477545876,5.188391209399653,-2.8509875186549545,0.00452526213209968,0.008785634871544738,-3.404776609876852
200956_s_at,-0.1453432193090958,5.678179356743494,-2.8632053980335574,0.004356917556967968,0.008480315731794667,-3.407306139848849
226072_at,0.16608624352247534,4.837572013190004,2.799810146031616,0.00529650854205373,0.010161442695383526,-3.4086907578820305
219939_s_at,0.14122429435604997,7.522504614927905,2.9099203350071345,0.003764459022280279,0.007435222991461768,-3.408786810589252
209515_s_at,-0.2507182776775847,4.863614269665652,-2.8330911549572027,0.004782527227217179,0.009244896099815525,-3.409764096545997
209444_at,-0.15105419738064302,5.4098589075281565,-2.856712943196823,0.0044456518189266185,0.008645174793276613,-3.4101409167476033
208282_x_at,0.2781716854372316,0.0017171911356635035,2.4433371650065348,0.014871727440873514,0.02578006732590258,-3.411699550534355
200851_s_at,0.09860746927923705,7.035390804151595,2.889567918108871,0.004012915762453379,0.007873693509736822,-3.4148478826768507
202688_at,-0.2651432805257474,6.545655048648601,-2.880833246666761,0.004124053288331194,0.008068112285955456,-3.417556984700865
214594_x_at,0.2182133245277394,5.362403516272112,2.8421195953752516,0.0046511267863748335,0.009010401674942783,-3.419089790553042
208715_at,0.1553054471958803,4.844899078754969,2.7980054843241406,0.005325759038573406,0.010206593305945777,-3.423031927471926
212061_at,0.20759834743324074,4.210966278698372,2.696267652346984,0.007231237795525754,0.013442347822916433,-3.4292973334518355
201015_s_at,0.19577515300397383,6.760160653980817,2.8715756134263195,0.004244895901548639,0.00828183751471327,-3.4332896067325294
200034_s_at,0.080280575225787,9.83571620734649,3.0640813633787656,0.0022925403159585636,0.004730351387685688,-3.433702034798589
224869_s_at,-0.13894769213587654,5.3522983241761954,-2.846494810725234,0.0045886363181407465,0.008897386583935171,-3.4337641561991576
236548_at,0.3835263871415418,3.764688292082129,2.6257146087168226,0.008892249546218627,0.016217682905795054,-3.433914318374207
200659_s_at,0.1563866775248841,5.502440666280209,2.8442725057531257,0.004620281201220268,0.00895550434388868,-3.4354968892534563
218423_x_at,0.16156162620226047,4.858851049044582,2.7945079023951105,0.0053828657663869085,0.010301293489693275,-3.4368540556489604
224596_at,0.16565912568791058,7.750431635667387,2.9095736768495963,0.0037685708473178727,0.007440886330291539,-3.4369038780334975
208070_s_at,-0.18399151466329616,4.236439189214207,-2.7387393904910406,0.006371482643432751,0.01200824423727945,-3.4370927899168486
240592_at,-0.18275821527136715,4.422958146960732,-2.765773556358696,0.005873424157797545,0.011140579497607135,-3.4410647836792534
228785_at,-0.1723218541803731,4.915915670562616,-2.821838378240826,0.0049510131930952835,0.009551630530817534,-3.443418114095561
226385_s_at,0.13545127770317444,6.83334849888774,2.871298967231814,0.004248556101089694,0.008287469321007627,-3.4444345115043875
222385_x_at,-0.19202657318709104,5.672087674604434,-2.8501675078520448,0.0045367695594089215,0.008804784835135467,-3.4453483278303683
235371_at,0.4302392837871435,3.2578346824228976,2.571386883871454,0.01039602741849371,0.01868982073071373,-3.4489646240752605
200637_s_at,0.21185636529915022,4.402767172798208,2.714284617249753,0.006854516931861392,0.012817671476877481,-3.4498678976877017
201435_s_at,-0.19591945727376522,5.881977312407108,-2.8511394276385116,0.004523133266665175,0.008783093472137758,-3.453465765950405
219935_at,-0.2748910299220808,3.207137633115845,-2.6080651647687967,0.009357916324874076,0.01698887605293611,-3.4538289775713698
208798_x_at,-0.39479134363369434,4.246746397488693,-2.7536812117751737,0.0060916849605797295,0.011513800455661723,-3.4543696059147977
221934_s_at,-0.13753030879303818,4.97585316109543,-2.820273765779872,0.004974861409967723,0.009595911106406953,-3.454841513112851
228084_at,0.254121593809563,4.1146776298889085,2.666978096561264,0.00788355739084159,0.014535231299469781,-3.456820112884934
225019_at,-0.20096450874548358,5.805780255619838,-2.846540303434006,0.004587990578104569,0.008897386583935171,-3.462667579547472
204223_at,0.30036467515441834,3.0236348887495312,2.555549855044237,0.010875182318718245,0.019450054788051514,-3.462757327226191
216505_x_at,0.11822985736528688,6.0722293196812895,2.8469647150679203,0.004581970300436174,0.008887678404594012,-3.463565542940505
201273_s_at,0.10826555355294142,8.745462769021998,2.9684729352836983,0.0031258232532349506,0.006282728801483307,-3.4651902890239814
212512_s_at,-0.18102195962556844,5.126455792658204,-2.827325729394274,0.0048681908128089275,0.009400311495605992,-3.4654507493022106
212556_at,0.19944577194812202,5.351022652535879,2.8254162200440027,0.004896867984993455,0.00945227868887115,-3.4655945966486166
205776_at,0.3917975605860922,3.3108184281415123,2.57036105061533,0.010426484077415385,0.018735143227331604,-3.4661965602971736
205392_s_at,0.26092609467433125,3.5053746917288136,2.594121116963697,0.00974111956539256,0.01761887791728018,-3.4667528212883343
202241_at,0.23156909124772868,7.444371968422385,2.8828040902741194,0.0040987349309503625,0.008024442126328806,-3.468633786068734
204115_at,-0.27723033900919386,4.244194461579709,-2.7374765753080146,0.006395653316521789,0.012041587694182412,-3.469629713511079
209125_at,-0.34354589330496244,0.5028104702857061,-2.4538061758987944,0.01445048725662573,0.025114871833262727,-3.471225088643108
205082_s_at,0.1779724349562092,2.266439569468858,2.515998780641796,0.012158821340186645,0.021494629210795303,-3.4732964074918207
215230_x_at,0.17430936073315723,8.419041330572535,2.9368332966481856,0.0034574412647649494,0.006885396452092564,-3.4738766463104556
213610_s_at,0.21179050118028067,4.896494124432984,2.775666474112973,0.005700146247921513,0.010836853017565781,-3.4878763907422345
200923_at,-0.17915649434264588,7.978087139312805,-2.917966324288684,0.0036701643884406035,0.00726639643196529,-3.489038769318161
39763_at,0.14952450023487251,3.016670268558491,2.551121589437973,0.011012636193948738,0.0196696184637834,-3.4911841006323296
214760_at,0.17361828311503053,4.420921928109739,2.7048702710051638,0.0070490990008011956,0.013142533518201046,-3.4965205105960617
203257_s_at,0.14721560353670177,4.813964065897667,2.7651185833994165,0.005885062565788392,0.011158703587131159,-3.5024635791216765
209249_s_at,-0.14177404160885657,7.650277873016166,-2.8923659792806387,0.003977894901142123,0.007812133469465731,-3.502902224529132
235346_at,0.19536976383376947,4.71005665544442,2.7461079501516403,0.00623208265035157,0.011762561915647705,-3.503641430715126
224709_s_at,-0.15791571084217337,7.039091183379698,-2.865211730758847,0.004329823879121863,0.008432176552814492,-3.504031548603643
212459_x_at,0.20428803706511398,6.624217525808743,2.8412652312280287,0.004663419330037886,0.009029317058141311,-3.507576661235249
208698_s_at,0.18785428233754983,6.422971150988102,2.836710650125699,0.004729449542431985,0.009147245522309777,-3.5078404555785676
1554485_s_at,0.3879880784829896,3.3900839898426547,2.560570005278985,0.010721207316799396,0.019187486465899083,-3.5080649022610273
202946_s_at,-0.20238847789515976,4.586003674360811,-2.7644508579470366,0.005896949030015009,0.01117926295497271,-3.509058839301263
1555864_s_at,0.17692403957385938,6.5843621600255355,2.8400859439460877,0.0046804353075689574,0.00906062584929278,-3.509357735117343
208619_at,-0.10239161863976305,6.442457438946879,-2.8414815057818155,0.004660304798618294,0.009024917806868725,-3.5096669853715134
224621_at,-0.10657999230199577,6.630196079145412,-2.8464360085396017,0.0045894711000233224,0.008897394841576159,-3.5116250034851824
209691_s_at,0.21791722029085664,4.502689828468236,2.705889848592647,0.0070277881201498815,0.01310914978985558,-3.514289068327939
1554260_a_at,0.26791197614310647,4.427822848183998,2.689427980114963,0.007379061125016319,0.013688637546718584,-3.5179759080967754
205546_s_at,-0.13123981903611173,5.451997627162272,-2.81863337850817,0.00499997642162874,0.009639148354311445,-3.5182235010698553
223649_s_at,-0.16668543074536302,5.811960680002282,-2.8257510259865195,0.004891828789083465,0.009444253346089596,-3.5197996388758765
218113_at,-0.1838001607714149,4.8794933713875945,-2.790423476467201,0.005450255595401834,0.010413516710101631,-3.5218084007598756
226495_at,0.19397359150474697,5.690224428981889,2.817454079296161,0.005018102957811593,0.009670612877682245,-3.5223296537025215
203638_s_at,-0.3656673467670912,3.732155729103475,-2.6492334547743948,0.008304009980944462,0.015217389484409516,-3.5228512584079357
212539_at,-0.125976696206108,5.644912144266782,-2.820091176476324,0.004977651259009702,0.009599563985197289,-3.5252860460438202
205258_at,0.31716755032812893,3.481636555764054,2.5655398855403764,0.01057069179295322,0.018952940782913447,-3.5256013905713437
222773_s_at,-0.27463491594167155,4.8963698082050495,-2.7938658588126253,0.005393408757052553,0.010314099966851838,-3.5285100080394307
202747_s_at,-0.24187046295600778,3.5105913071001575,-2.608649043379918,0.009342168777729901,0.016963161714545837,-3.528613920903487
229353_s_at,0.20852727849394076,6.8512322801662515,2.8395922142183556,0.004687576075856925,0.009071170971939168,-3.530499381483698
244567_at,0.4884375307636267,0.6177647368733202,2.4093168360673647,0.016316461269751396,0.028053001056467134,-3.530517220760287
218117_at,-0.11986259613238913,6.4572789749069806,-2.8346401729498667,0.004759746002949929,0.009202519207652516,-3.5309484478446347
227447_at,0.14858047823112203,4.805015307388643,2.753290361715767,0.006098860267128953,0.011525328989548857,-3.53189783362441
203253_s_at,-0.1897247346279973,4.444304050960735,-2.735599485938292,0.0064317342966049695,0.012107392289497284,-3.5323989544375585
210980_s_at,-0.183802418611489,6.310473286138138,-2.830792706850701,0.0048165126029392985,0.00930555446623782,-3.5342621570703043
204244_s_at,-0.2158700964703977,5.089670979194932,-2.8011863075047794,0.005274301175372751,0.01012609112755704,-3.537472810558054
201874_at,0.11464412142668429,6.120851478752897,2.819796426228708,0.004982157850079725,0.00960652574656301,-3.5417895933610044
202777_at,-0.14933097306740084,5.2178815359802115,-2.801952835594679,0.0052619681783223566,0.010107559349317412,-3.5453332221538005
212611_at,0.15969381618036088,5.883821544202226,2.8130658524012575,0.005086077170948534,0.00979456133963179,-3.546726300405981
200611_s_at,-0.12240989053944783,7.298974058858802,-2.8595451099621396,0.004406743761430866,0.00857573949431587,-3.547418697488638
202142_at,0.11737289846660376,5.2285005170127965,2.790753294794074,0.005444785639765371,0.010404921255584447,-3.5518793099487396
218960_at,0.23609814418173494,6.035356771824982,2.8123864552411555,0.0050966754162346745,0.009813206997505763,-3.5536800358900056
227239_at,-0.2945606909740812,3.3200667104339647,-2.5814177279224224,0.010102372370941352,0.018201600270752558,-3.5541386970705613
211697_x_at,0.13044313400077923,5.440688472725639,2.799597544667893,0.005299946871096437,0.010166218590878446,-3.555445976663192
212919_at,-0.17639704179403912,4.99854905934119,-2.7870352133652982,0.005506737831146125,0.010510187490658907,-3.5564609463627606
213574_s_at,0.16409259073458088,5.500428487436983,2.8001464239169347,0.0052910741599638145,0.010154653793567243,-3.5571767553425886
219399_at,-0.20048809751607086,3.984539144062554,-2.656889595103504,0.008120193180600246,0.014918818306254578,-3.5573285723342045
224159_x_at,0.19854481898342172,4.0116207855442045,2.6186981387569666,0.009074829157205486,0.016522543297270965,-3.558294246412733
225327_at,-0.20170896185246376,4.145619490074936,-2.677979228479541,0.007632591104162121,0.0141149574484531,-3.564352572344205
213850_s_at,0.22319396923630355,4.670472825904374,2.713388421663371,0.0068728294491741115,0.012845188745464456,-3.5646814809933716
204173_at,0.21241533699404017,4.5735851860612025,2.6997052806669606,0.007157952581368998,0.013319983672782016,-3.56749029127436
202483_s_at,-0.1758009466930534,7.057828288881527,-2.8419130996808812,0.004654095135824499,0.009014522001462277,-3.573172648764869
208920_at,0.2953760815066574,3.9036767210539365,2.589613493330256,0.009867961867841996,0.01783324485327114,-3.580414303478056
211026_s_at,0.27120054180746567,6.38706320768353,2.8085362652476245,0.005157115451003961,0.00991888291321462,-3.5808112632759954
218329_at,0.11099129515612383,5.215261399137891,2.779162322458624,0.0056400295870068515,0.010743534311096089,-3.5819774273200764
218112_at,-0.1421763545265759,5.414689462334264,-2.794137815343126,0.005388940681448214,0.010309235985777628,-3.583934440043067
201554_x_at,0.15273730993396387,5.913766251014304,2.799892824030145,0.005295171964805145,0.01016069805820482,-3.585015278006473
211494_s_at,-0.3456672360329101,1.6330469892697628,-2.456487935155533,0.014344293861159325,0.024962706324658846,-3.586896266212903
228949_at,0.270084653134298,4.401805285624744,2.657216529698608,0.008112425732915856,0.014911386214616984,-3.589491358425532
201057_s_at,-0.14291176942758022,5.600312083465936,-2.795932563532493,0.005359538035755342,0.01026031647195264,-3.5902470289270263
220617_s_at,-0.2332614511394032,3.7611747404993796,-2.613948291960812,0.009200325447845064,0.0167339705471586,-3.5925092583080356
202719_s_at,0.17306241364330205,5.358497688814615,2.7798266729148113,0.005628670094001773,0.010726978329502479,-3.5956399774978665
208828_at,-0.16236013963710252,5.475774462758877,-2.791233541173756,0.005436829758081719,0.010391571311031125,-3.596866110699924
218809_at,-0.16372063407175624,5.090968440787227,-2.7761697979949864,0.005691455231330403,0.010826093731044498,-3.6004441904043496
200722_s_at,0.16464448029920967,6.2340545681209285,2.799056114960008,0.005308712360197736,0.01018120936534163,-3.6030287233562377
219529_at,-0.3675952794507327,2.363964024279083,-2.4869705513843714,0.013184880970355398,0.0231405029219229,-3.6043442732098683
212242_at,-0.1713901742979483,6.344368872971342,-2.8061683730228495,0.005194608287054028,0.00998561610967339,-3.6044349927850314
204719_at,0.4302989398693098,1.0653940209175772,2.3970814549433346,0.016865519568885733,0.028890359952266208,-3.604597561736188
226243_at,-0.1614066012478519,6.012219424057094,-2.79847924437979,0.005318066065585184,0.010197322670594965,-3.6051095480363617
231835_at,-0.19672777587811838,6.0999367125504325,-2.8006300788386183,0.0052832669625657615,0.010141487004115213,-3.6051877393260994
218256_s_at,-0.13477222768043393,5.703241008847947,-2.7921250824745214,0.005422088159220682,0.010365244548488788,-3.6060622026274403
201521_s_at,0.15598783103268563,4.908626276247406,2.738694571864798,0.006372339072989236,0.01200824423727945,-3.6072026129803576
223104_at,-0.11741400599275231,5.979941623501726,-2.796365440762352,0.005352468159439771,0.010248613296171273,-3.6077296233413385
219476_at,-0.25462504282393755,4.281838345295813,-2.6885838484945284,0.007397492228653855,0.013718077591408818,-3.6089490431452567
218305_at,-0.19239768810009844,4.394358558513609,-2.6981201416914184,0.007191661959455375,0.013373420338768517,-3.611354437474598
209150_s_at,-0.14174159287989294,5.4887830412668075,-2.7858443123454264,0.005526715589357188,0.010544559948135985,-3.6114968702894767
224663_s_at,-0.29155112749789375,3.2214067568251927,-2.546713052805802,0.0111510131199658,0.01989024368201692,-3.613859829882941
205263_at,-0.17613922567602985,6.1137592481049845,-2.7966896471190457,0.005347178659629623,0.010243978000824777,-3.6160018780467382
218321_x_at,0.17533087920605228,5.0713314339838504,2.7509149623741953,0.0061426327537011305,0.01160190844330046,-3.6165321932196317
217897_at,0.33598061021415115,3.9095550659998577,2.571442722593366,0.010394371865293574,0.01868982073071373,-3.6170628221740544
201434_at,0.10054384738110718,5.398942022077226,2.7759883020090723,0.005694587784274752,0.010830129404036113,-3.6179804231583965
200069_at,-0.15292932492405298,5.025936825517498,-2.76369397633281,0.00591044883569094,0.011200891274855304,-3.6231633299303305
217945_at,-0.1423877283542024,6.146738536761902,-2.7941945872674387,0.005388008377205707,0.010309235985777628,-3.623392753877902
201189_s_at,-0.16914733885156738,6.461287438690803,-2.801974561819924,0.005261618996849359,0.010107559349317412,-3.624655609869444
221810_at,-0.2186552129333927,4.736961737223293,-2.740931684029247,0.006329717161506363,0.01193632458215414,-3.6257312077025374
206094_x_at,0.44107561892002545,3.801832380944422,2.5452118918578797,0.011198484405163498,0.019961624531200758,-3.6319086859409824
226068_at,0.22084029297362304,4.930644352260445,2.7246808109594625,0.006645275367446429,0.0124611998969812,-3.6344750714613876
200926_at,0.0577693274338535,10.433149425520234,3.048582524881579,0.0024120221960745158,0.0049606438446047774,-3.635221681422964
209641_s_at,0.232469911677271,4.825425831591366,2.707449424350803,0.006995302605449623,0.013053592895346073,-3.638090301779039
200739_s_at,-0.13672959592275263,5.182558162394232,-2.76600138234928,0.005869380729895049,0.011134881487403164,-3.638772735049022
221918_at,-0.15559874012627256,5.273282194571189,-2.769398523190319,0.005809386434662691,0.011024970216924963,-3.640863285674407
221781_s_at,-0.20736254759962738,4.715903746383059,-2.7335745096582436,0.006470863752012777,0.01216366077233389,-3.641043525783687
208636_at,-0.1955787160248159,7.534778094407252,-2.838979308581103,0.00469645423337647,0.009086710168351476,-3.6421264089670236
226816_s_at,0.14414309122247315,5.42640140727665,2.764110838921753,0.005903010187226443,0.011188773555512541,-3.649837225188954
201800_s_at,-0.09185126699196763,5.904721921080032,-2.77890655021041,0.005644408472253303,0.010748053317321302,-3.6510381922513875
226303_at,0.46406183089787284,2.263069468036709,2.4315912961998856,0.015357227378574779,0.026552933651819172,-3.651450791460828
208846_s_at,-0.1538231869554192,6.265594656181727,-2.7867171061375102,0.005512067777712392,0.010518486302570868,-3.651683562582708
219505_at,-0.2966467087714299,4.162344788308525,-2.657688994508337,0.008101212501404394,0.014894163296300887,-3.6529192129108727
221776_s_at,0.12581784207520064,5.04640593944079,2.735409025108792,0.0064354055338295595,0.01211198602467312,-3.661516782599843
224989_at,0.3652856139621249,4.2758366554335945,2.5984438485504158,0.009620850852342067,0.017427828065799893,-3.6619877976152293
210283_x_at,0.13836559747785274,5.341563448882324,2.755922657912627,0.0060506830729073965,0.011448422423182081,-3.662209150640172
210749_x_at,0.16953516592910903,6.595184139442267,2.7849489676081203,0.005541778461251221,0.010569534031579906,-3.663072575742842
238021_s_at,0.5462976319682148,3.376028081854315,2.48782332891715,0.01315367594782391,0.023099887744036218,-3.6631923069792545
203065_s_at,-0.29446806530758224,4.611064702718107,-2.7179872023690974,0.006779324845646261,0.012697011725770698,-3.6632012470592
204119_s_at,0.1889301348703602,5.719000249008182,2.7664342620967646,0.005861704964386296,0.0111222892815215,-3.664751500739036
208170_s_at,0.5227886584085291,4.158310890729328,2.566813950065508,0.010532410835974351,0.018900120148374076,-3.666754572141219
207761_s_at,0.38762262048606927,6.070891348706493,2.769551975183063,0.005806689570927886,0.011021804637376053,-3.667470330739133
1555758_a_at,-0.26383013825061497,5.143901149671013,-2.7566209322707014,0.006037960840909141,0.011428387718844458,-3.669647282017493
217821_s_at,-0.14310322930662006,4.9324675293162565,-2.738547747059823,0.006375145444453352,0.012011419828777481,-3.670232643428362
207614_s_at,0.1257509554130804,5.060033680723241,2.7335239152734747,0.00647184415217989,0.01216366077233389,-3.6708454531015398
200032_s_at,0.06829929680540776,10.15765157386248,3.0117914296870825,0.0027188819321890562,0.005525147559122877,-3.6713723341713678
220368_s_at,-0.170008147229113,4.512998489868947,-2.691071783731865,0.007343288168792871,0.013628217743351902,-3.6728512022879243
223295_s_at,-0.14142091254573638,4.728662502842358,-2.7163675546772335,0.006812124704299918,0.012749526896779353,-3.673143147856113
221493_at,-0.13235542573173523,6.354751511827927,-2.779787718543981,0.00562933558932726,0.010726978329502479,-3.675609762281666
224558_s_at,0.3306503728593781,5.822101526633386,2.761936654030575,0.0059419003586680605,0.011258503456386794,-3.6768277575443085
202341_s_at,0.2434838243228304,5.545490100680678,2.754149384223227,0.006083100190656512,0.011500544726528483,-3.681560339386637
205673_s_at,0.30599100563908765,2.9710484312358023,2.462435087980569,0.01411125543902656,0.0246114861368249,-3.6824679884074993
205328_at,0.321938363239544,0.8985708162543069,2.359273625786503,0.01866622580675795,0.031706243391120645,-3.682665096529684
224413_s_at,-0.15843531885802964,5.6092104109192675,-2.7611773731753733,0.005955536251490046,0.011280350046360124,-3.6864585404678465
203087_s_at,-0.17406667472001777,4.740190189413909,-2.7158679911892905,0.006822270296363156,0.012766285010469607,-3.688171953609959
204822_at,-0.24933022607834554,4.277014858919512,-2.6593113001908764,0.008062815381717596,0.014831205560498044,-3.689041688341982
223307_at,-0.2248527641738731,5.202891232851724,-2.7501446899829864,0.006156887684273328,0.011624733479312683,-3.690644640303828
207011_s_at,0.2712192419418419,4.178111861097023,2.582617275760344,0.010067755886557516,0.018151442075511722,-3.6917427707164725
225194_at,-0.1237304615452215,5.450023508192839,-2.7547075965700727,0.006072878662994303,0.011486361072856279,-3.693366189581171
226215_s_at,-0.14306150097985335,4.7701566969879545,-2.7141499591087763,0.006857265675216833,0.012820573678638383,-3.6944312735739815
201605_x_at,-0.14912160024649812,5.322969697392902,-2.7510700115117963,0.006139766966182561,0.011598540558757498,-3.694663192685285
204528_s_at,0.18153866051796103,6.588423205316858,2.772645622086161,0.005752560714503973,0.010926805484837068,-3.69586518028437
202220_at,0.18472257297206426,5.935949240106485,2.7581450965306766,0.0060102751844727485,0.011380006725213249,-3.699145831694073
209191_at,-0.31157676955644326,4.881621511954154,-2.7302298045788365,0.0065359653701978476,0.012269107589088757,-3.703337745696957
200006_at,-0.10328477384234558,8.439612345000446,-2.8726840634195723,0.004230259173616633,0.008254784431139342,-3.7056156783955068
231879_at,-0.36744740792535546,3.8115489821545157,-2.59181069706355,0.009805950448582443,0.017733144354433444,-3.7056172426215364
210046_s_at,-0.20441801959979605,6.752218471909457,-2.782751861162725,0.005578899140377447,0.010638438321620432,-3.7063675055127505
201555_at,-0.17021181352275816,6.072668837589569,-2.7616038031067274,0.005947874537450725,0.011267830224528668,-3.7095630716602037
208596_s_at,0.5382430750050731,4.054590640924262,2.533683419249404,0.011569088590846497,0.0205538384865238,-3.7102746391965855
229545_at,0.3178390491243017,4.670682317559159,2.645339511697519,0.008398924748887182,0.015378171395458618,-3.7121135160424963
224899_s_at,0.1348504924424924,6.909716016352106,2.777217452991542,0.005673403541540553,0.010797507930453712,-3.713296084700909
212411_at,-0.1429645994045072,5.887890050719577,-2.756254041774345,0.006044642398031014,0.011439013250327902,-3.713730087448242
212783_at,0.15845807170632253,4.802902360266855,2.6832139818218126,0.00751571273324245,0.013913224556977083,-3.7139754685290383
200816_s_at,-0.16005945427145588,5.603816981624897,-2.7499469300695893,0.006160552314506428,0.011629602985957244,-3.716633348433234
212416_at,0.1366037058981751,5.981471725570419,2.7527328194964946,0.0061091089543593,0.011542660357680985,-3.718033903898617
216380_x_at,0.12137467215313917,6.1122577109029255,2.7545662398915263,0.006075465602860534,0.011489225596371562,-3.720135046763563
227476_at,0.2078770411220806,4.092334517904716,2.5656940924625156,0.010566051849903004,0.01894779267961347,-3.721380945324637
205542_at,-0.3078138816212013,5.065538758184248,-2.7347136467856785,0.0064488253909448625,0.01212465188016713,-3.7215196971606197
200768_s_at,-0.11562919533729141,6.709333644574874,-2.773062920231241,0.005745294370711897,0.01091493856950462,-3.722468843629897
219727_at,0.8736315692735097,4.636889893489998,2.573428846537794,0.010335638385443303,0.018596858250462565,-3.722570631186546
222798_at,0.19078712319942598,4.52764980900245,2.633600853827319,0.008690970179950798,0.015874912794170998,-3.7237304730384517
225685_at,0.2533518033553493,3.861825649176959,2.5291453948624913,0.011717939706337327,0.02079415074937747,-3.726372116965482
212802_s_at,-0.11350974774304151,5.255779209007842,-2.7353555947336075,0.0064364357732160996,0.01211198602467312,-3.72837878668148
222165_x_at,0.15401662151282372,5.337315057340368,2.730355320586661,0.0065335116876063335,0.012266651018108421,-3.728451627912874
200786_at,-0.11895444201572235,7.4137314005992785,-2.798169663054853,0.005323091944132001,0.010205133141998234,-3.732439226192232
202029_x_at,0.08297170148240203,9.729556218856022,2.954313613557512,0.0032704586589427215,0.006548864226776331,-3.7326547306086653
210399_x_at,0.25395138253121774,4.548638814205419,2.6249516426717823,0.008911942425880434,0.016248066577341232,-3.7335763261326806
200964_at,-0.1620349148021499,7.207424405878172,-2.789109701124436,0.005472093642088929,0.010451513493973738,-3.7354435705973086
214439_x_at,0.18241744477843905,4.834744634948248,2.6769102830751135,0.007656657787677609,0.01415457720093015,-3.7361732451632825
201754_at,0.13935303607148822,9.033492041176657,2.8942855327552386,0.003954030729127778,0.0077738174346019245,-3.738107966881479
209482_at,-0.14239329444066362,5.547076813163567,-2.740025590571355,0.0063469491392900736,0.011966713503909637,-3.7396749026143317
234311_s_at,0.19901066893718014,4.291188156310393,2.588949653667383,0.009886766132504232,0.01786013895303605,-3.7413280913750944
211864_s_at,-0.23954037817277635,5.2567922558253874,-2.7325580741299293,0.006490585594422451,0.012194522074119127,-3.7435600779750593
218469_at,-0.5668957871654428,5.198603427855888,-2.7351108712744594,0.006441156409369809,0.012118740536280077,-3.7451429048890437
214063_s_at,0.20777250149127535,1.3674427833610172,2.3563546160786473,0.01881202110196398,0.031923520048366884,-3.746428391454674
235037_at,-0.1442581477959609,4.82894000445422,-2.700309190986719,0.007145147357105378,0.013298464843062876,-3.7468311273221513
209055_s_at,0.18241256582018844,4.749137599442528,2.6625418855703766,0.007986839386658498,0.014706601985093243,-3.7468924484172645
227117_at,0.22275470625878013,4.9992134743556065,2.6911688075397326,0.007341181591458611,0.013627807726441881,-3.747334450113713
226003_at,-0.2111376175068983,4.2195952396569725,-2.6215969257835043,0.008998995120636837,0.016392830254613574,-3.7483482700085453
218638_s_at,-0.30758878045941856,4.888361986460736,-2.712564449698443,0.006889705056470784,0.012874482865859325,-3.7508574324683415
225114_at,-0.1834590662842357,4.318716975197921,-2.6343395188825856,0.00867232809493343,0.01584356256497644,-3.7510514291042005
211600_at,0.2735422408992289,8.818683193018835,2.864210435827335,0.004343326240340846,0.008455397785348262,-3.7516627104659968
221767_x_at,-0.1050065861261208,7.083134136702203,-2.7758003767606327,0.005697832947047591,0.010834377770983466,-3.7528314053423726
200873_s_at,-0.13719836470893668,7.482381954744168,-2.7940366387096693,0.005390602558580083,0.01031057404214755,-3.7547081791479546
223017_at,0.10703367296424847,6.74650379320025,2.756842124327586,0.00603393586791791,0.0114227875866769,-3.7555494517218775
213507_s_at,-0.11900898936732325,7.84001608293427,-2.8118204946061955,0.005105519388954889,0.009828468861432836,-3.7559469543110224
225439_at,0.2261830495487048,5.534490019473217,2.7260471416444125,0.006618208043840634,0.012416963708172453,-3.7578371631027765
216342_x_at,0.11721612793708781,9.313500494658832,2.9080844220549227,0.0037862819870247994,0.007470062417494784,-3.7639535747818202
227827_at,0.45069287561015364,1.6630217741112787,2.3542727472577014,0.018916613148487554,0.03207052961857053,-3.7642307642486488
207126_x_at,0.44584895890374,3.970431076558337,2.5091843551648285,0.012393099012110855,0.021890728724937112,-3.7658393332162636
1487_at,0.15106452952835264,5.369093327160731,2.718136977132711,0.006776298923274841,0.01269356362389288,-3.7660318585002606
219960_s_at,-0.1623705272374462,4.908061490994474,-2.702113559256379,0.007107010560091324,0.013234382779464341,-3.7668454410427876
202184_s_at,0.12987377348403312,5.217395604390646,2.7100358791214187,0.006941725514029939,0.012958129540303667,-3.7669499514991402
202178_at,-0.16808148822980054,4.724440008626254,-2.681295794048749,0.007558352733536436,0.013989743060534873,-3.769647180575563
1560060_s_at,-0.1105504302050867,5.871505363594236,-2.7347839666633984,0.006447467166306426,0.01212465188016713,-3.7698268938254285
210117_at,0.37961164500068917,4.923938449904465,2.656182455334709,0.008137016539935697,0.014947163613225501,-3.770050267373815
58916_at,-0.2282988076044749,4.5257058210784304,-2.6608649013504144,0.008026197611292866,0.014768920475743812,-3.7713004204190144
212622_at,-0.14305042548348224,5.769546303495791,-2.732501792254454,0.006491679211117463,0.012194522074119127,-3.771966153589633
204933_s_at,0.3779559910738775,2.778673259102234,2.4101610938825937,0.01627916301022865,0.02799786054400057,-3.772357763232086
209031_at,-0.29396275156222307,2.8232641724120873,-2.4450387678149847,0.014802530367144984,0.025672576950497687,-3.7734962976737876
202409_at,0.9641384497730191,4.47026250341988,2.5216322509245033,0.011968124856857916,0.021188980596846613,-3.7785473889366052
219940_s_at,0.15032726152520381,5.19621669534717,2.702297525499247,0.007103132596185958,0.013229460970608514,-3.78064129319361
229551_x_at,-0.20375804282342674,3.950330487968904,-2.5653033094015703,0.010577813681961066,0.01896253647504165,-3.7820726067292156
222423_at,-0.14782325948616012,5.032892693959174,-2.704450265709128,0.007057894725100423,0.013156642803201815,-3.7822644390773155
205009_at,-0.6503413453445744,7.285757475743096,-2.7924160634251805,0.00541728463956235,0.010357910109518375,-3.7828515488229097
208209_s_at,-0.28529524056376887,3.725560577065293,-2.536955856470191,0.011462796326489529,0.02038528171409069,-3.7874971393804095
236251_at,0.2846864391751358,4.069417602335096,2.528351131383348,0.011744166699711569,0.020835622487319006,-3.7886475910998474
227662_at,0.5343247136604029,2.5099357303894627,2.381758134828313,0.01757603949768411,0.030001929754412026,-3.7909420304537607
203325_s_at,-0.3458573817327299,5.092366927280496,-2.710115958629987,0.00694007262285869,0.012957301848847186,-3.7926125669349537
206208_at,0.48214106184140065,3.153411539994943,2.4197075947302293,0.015862609705312777,0.02735170413214482,-3.793546562917201
202228_s_at,-0.13106503396807617,7.88721567328131,-2.801490759821633,0.0052693995811871055,0.010118493943942904,-3.79423968548307
208838_at,-0.15514615266811768,4.703723038599001,-2.6695361803223996,0.007824547992831929,0.01444500821078898,-3.795290814605915
205172_x_at,-0.1942057275764741,5.0566809725187,-2.702531859000352,0.0070981956615264585,0.013222564792546156,-3.795988270257377
213282_at,0.18565147901232473,4.3243375951160274,2.5717318094586563,0.010385804536874774,0.01868084687769299,-3.800110789276292
225171_at,0.19748123807033285,5.776532207896595,2.717244698513008,0.006794343753687225,0.012722203627088301,-3.8004739675182018
219649_at,-0.14018216239663359,4.862338640698458,-2.6837429898684926,0.007503991360606061,0.013898362783821602,-3.800642858020897
215772_x_at,0.1974342717759933,6.570125598144423,2.732955000142425,0.006482877617545882,0.012182260641425895,-3.801334796631968
227277_at,0.2071772358771016,4.506628185172507,2.5969152581690373,0.009663227318066894,0.017498673809744868,-3.802381059403243
205428_s_at,-0.26708801757031375,2.617688684635897,-2.4154038664144157,0.016049221288509285,0.027646777241324968,-3.8026482846242264
224567_x_at,0.3448587690581637,5.131535788727874,2.6747982870908187,0.00770440875422341,0.014235483094859502,-3.8038336103087116
46256_at,0.12065125299635637,5.6535427456318565,2.713891023648265,0.006862554051900846,0.012828222222651155,-3.8053915803277336
213001_at,-0.2883422127924328,4.65111754021054,-2.6674759660164704,0.00787204139948003,0.014517675936069818,-3.808131368280741
211345_x_at,0.07253522056137743,10.063348770534173,2.955698374827928,0.0032560484671915993,0.006522447125845849,-3.8113728127496236
225153_at,0.13549318706896707,6.439505275242273,2.7268388354967397,0.006602569933777127,0.012389793606683196,-3.812011829155178
210024_s_at,-0.12520554254065475,6.753262302885617,-2.74180978668905,0.006313057808146264,0.011911199066338663,-3.8123749329878196
204128_s_at,0.29178777187969296,3.940752116950132,2.502964129287884,0.012610439490094504,0.022230646413918448,-3.8126577580284766
223310_x_at,0.17415896146531987,5.545063069436231,2.7068394735386945,0.007007991568504047,0.013074993673525576,-3.813585069508366
207508_at,-0.12880509717522654,7.832376242811744,-2.7899751360895384,0.005457699187094316,0.010425879349383275,-3.8164327038590784
234316_x_at,0.2335662380099205,3.0557764392471474,2.4152933130668095,0.016054040320135955,0.027650632467784,-3.8172450944300014
203588_s_at,0.14839008389170497,4.571969864047912,2.6107452655203103,0.009285827612392014,0.01687086824866374,-3.818750759447127
209272_at,-0.19615565599147028,5.340490204747938,-2.7053018088612486,0.007040072044032267,0.013127988130151032,-3.8214338597610857
200950_at,0.1344866413806986,7.015608629303834,2.7411780066080182,0.006325039933158425,0.011929604366888415,-3.8216671389277868
208908_s_at,-0.16455319330851403,6.349790773678423,-2.7228256087683187,0.006682187104737924,0.012526031575338124,-3.831314680166273
1557910_at,0.23914640246273888,7.927045330221811,2.775022450321108,0.005711284268789776,0.010852250509319771,-3.8317529169965847
223065_s_at,0.13304985615837722,6.048848669406953,2.711775479461458,0.006905898775781561,0.012901852214989178,-3.8318309487079087
225033_at,-0.2624529065114765,3.0751410111027146,-2.4405541131985826,0.014985518649199288,0.025947932970562786,-3.8325785628422686
202281_at,-0.1343266526043424,5.02755487124553,-2.683682609594211,0.007505328390934919,0.013898362783821602,-3.834094450396
210425_x_at,-0.2715192106903957,4.382038542373973,-2.618034432955019,0.009092272396057454,0.016548677230540862,-3.8342467110705325
201472_at,0.15457175309489526,6.803657570762338,2.7276413985406833,0.006586751143698608,0.012362274877793131,-3.8366411849169433
53991_at,0.23039679454346257,3.4596548682929558,2.441106451476572,0.014962874097046266,0.025912911445466643,-3.8383898775335923
244826_at,0.26156716671265684,3.707248051988004,2.4634174931557884,0.014073084145183969,0.024554552190123105,-3.841140666167812
208991_at,0.1538502880468184,6.818832653928865,2.7255579701506742,0.00662788719793357,0.012432946165551101,-3.8432784872708874
224630_at,-0.1327917902324087,6.01646918147583,-2.710357745108253,0.006935084149519315,0.012950245161896535,-3.8433408529201487
216609_at,-0.17602049175179735,4.330749206093779,-2.59789344569256,0.009636090259271443,0.017452482662311912,-3.843641619722384
215017_s_at,0.18843990610000483,5.0971607391717635,2.6669471301462684,0.007884274160479689,0.014535231299469781,-3.845155843202881
202174_s_at,-0.20970431507344298,5.619791341981223,-2.7030776125357083,0.007086709707926072,0.013203464539306436,-3.845182451658087
204396_s_at,-0.19321552229869723,4.074647607274389,-2.552916058091746,0.010956750226650228,0.019582860390074057,-3.8541956963061357
203432_at,-0.19706514151909746,5.5635546872195665,-2.698316193448369,0.00718748501702956,0.01336797343531904,-3.8544734420834783
211040_x_at,0.1226320474501919,5.331136965682368,2.6836347964637217,0.007506387292746363,0.013898362783821602,-3.855791802394056
59375_at,0.26320938998135784,4.499375504323584,2.566359970579305,0.010546037046936196,0.01891823424042657,-3.856452060534435
224598_at,0.16393554873925043,7.218774992443252,2.734725927502265,0.006448588170965693,0.01212465188016713,-3.8579744638230484
219274_at,0.3473502328913599,5.155994456999056,2.6549877967268736,0.008165509403226244,0.014996931636681424,-3.8593483406613953
227163_at,-0.28738100835865044,5.030719705880098,-2.6803457789032,0.0075795513495366925,0.01402413361098214,-3.859470751485052
200625_s_at,-0.11525675677179881,8.241776743633634,-2.8019034674234287,0.00526276169611617,0.010107559349317412,-3.861780496709205
233898_s_at,-0.168547805043963,4.228414157430756,-2.570801157085557,0.010413407720608897,0.01871792565618844,-3.8661758581595715
224755_at,0.2379321723417546,5.919519295956702,2.69442689303658,0.007270757066829063,0.013508779128848378,-3.867399440387725
218501_at,-0.1577792645908292,4.552189750473402,-2.617077696949601,0.009117469753792741,0.016588901744630034,-3.875162647521276
203274_at,0.17049445551074846,5.692839826587216,2.68757491624488,0.007419575973384682,0.0137542684552466,-3.8756500886027956
207431_s_at,-0.22614532838216703,5.102917645478865,-2.675433966588929,0.007690008343574401,0.014211326442075652,-3.878006643237015
204053_x_at,-0.1553391278151063,5.69620892787606,-2.6913537334202773,0.007337167993153133,0.013622717627495583,-3.878470799785234
226128_at,0.1607934491111474,6.119822136108187,2.695069721140534,0.007256934157160594,0.013485435494477267,-3.8788728969755133
213592_at,-0.1940958751242872,4.0242262120399666,-2.5356639151261744,0.011504655684186887,0.020442756069778422,-3.8789110850988475
203571_s_at,0.446607958004574,5.433453144522887,2.6660184736978048,0.007905796690306726,0.014572401917284233,-3.879058410258422
204949_at,-0.16173589759962742,4.647925522001656,-2.629763888675577,0.008788384725235234,0.01604028995249424,-3.8792071833537354
203517_at,-0.11072535066960781,5.4853059368250845,-2.685902328230606,0.007456316629950444,0.013817595581501316,-3.879461631550161
212074_at,0.1369574867165623,5.868974453534653,2.6873586291367406,0.007424317827489607,0.01376067766191975,-3.8872749989286133
219072_at,0.1367799456237364,5.331476343646863,2.670521579736662,0.007801923057632208,0.014408205777695887,-3.8887571260807046
214774_x_at,0.3249377797951932,6.2195705562784385,2.6900629799617577,0.007365223523806786,0.013665334189563925,-3.8912614597948028
212464_s_at,-0.49326831301530494,7.833778850841155,-2.780705610932871,0.005613673250427065,0.010700939774346111,-3.892698457106162
218162_at,0.3536041881988799,4.223962738400599,2.5004406653680427,0.012699572107486685,0.02237304982527625,-3.8952732291521124
212987_at,-0.13304648265594587,5.881198520303942,-2.687824917537596,0.007414098367495548,0.013746492871405298,-3.8965488583472188
202710_at,0.14490772870691696,5.194472362960625,2.6580682777370064,0.00809222086246216,0.01488274027460208,-3.8978067691186005
200598_s_at,-0.19313281796733628,6.904957438608092,-2.7170755741363606,0.006797768886689131,0.012724881719919739,-3.899681192689984
225058_at,-0.12555752239146675,5.177460373876067,-2.667574503662092,0.00786976396221797,0.014515974746425811,-3.899757288747361
206354_at,-0.5493687231372496,2.1314826862261196,-2.353745606259181,0.018943177220415514,0.03211048379150497,-3.904268928586
203033_x_at,-0.12479972649831317,6.147434330947975,-2.6893407302816126,0.007380964256342107,0.013689797451210697,-3.90585464063947
218074_at,-0.13203786380362573,6.880013492866289,-2.7117335549711887,0.006906760240172028,0.012901852214989178,-3.906298910911705
222699_s_at,0.21321120415089914,4.479786253831181,2.5529605910972744,0.010955366534127013,0.019582860390074057,-3.907747486686878
201363_s_at,-0.1995104143978498,5.036125503037761,-2.6578239881371957,0.008098011190139507,0.014890833141085571,-3.911736465560147
217249_x_at,-0.11132936276867439,6.501318829038836,-2.6957439349138212,0.0072424617657009275,0.01346087663011,-3.9122011141846915
216092_s_at,0.21525130738714215,4.331516143197777,2.5249599372492155,0.011856733999022175,0.0210126040250661,-3.9130564360270137
222667_s_at,0.19691194710532445,4.5253746958174155,2.557461212895723,0.010816327476577216,0.01935448743219838,-3.913502429952019
211972_x_at,0.06459025633268214,10.412037053817725,2.9509923100046933,0.0033052587722184564,0.006611134657725229,-3.916729757854779
223098_s_at,0.14025684752389472,5.206000931640441,2.6518419735763046,0.008240966784787265,0.015119965262104122,-3.9171322150869337
201179_s_at,-0.13240082783146653,4.8245632158892295,-2.635074116349604,0.008653824216956749,0.01581245417640417,-3.9174448082395417
231896_s_at,0.11777970445568098,7.00186811097056,2.7042177963617613,0.0070627673309169685,0.013163435354229903,-3.9207711146687414
1553997_a_at,-0.21129322711384302,3.4723013291669425,-2.441528823418015,0.014945578256427366,0.025895516716983077,-3.921596471621314
210519_s_at,0.3858992160128824,6.5972373898547,2.685247048414469,0.0074707552885101974,0.01384195804320473,-3.9219567571769267
204306_s_at,0.14374635365695523,5.712514733838804,2.6702362526184342,0.007808468162811773,0.01441780755398182,-3.923719820513204
204599_s_at,-0.11979691411174634,5.0754829535528625,-2.6516177317236527,0.008246369384010863,0.01512728685118294,-3.9259815723224603
203080_s_at,0.2093831803040061,5.003743897773227,2.623481721256896,0.008949992651701759,0.016311886913521766,-3.9267042364169087
220948_s_at,0.17875947142591542,7.931811222048531,2.7413539910143316,0.006321700212393133,0.011925404890890586,-3.9294855349702265
213246_at,-0.14790046365830642,4.75228473893569,-2.6229516885315047,0.00896374867095541,0.016334179199174233,-3.929703565655683
208916_at,0.17270018870261777,5.491354385165191,2.6606601965602277,0.008031013866769885,0.014775244986210849,-3.930813638261948
203622_s_at,0.18300889613872376,5.363308695149293,2.6534489949838473,0.008202342094704397,0.015054255758192256,-3.9340850885741343
207628_s_at,0.14561388282349655,6.242150704113327,2.6763264595670235,0.007669831013682287,0.014176483721459342,-3.9350205870340913
214988_s_at,-0.09382631801050346,6.706961234297843,-2.6934796305757773,0.007291169494391787,0.013539660043927756,-3.935187976154075
227647_at,0.2654142642273347,6.48736327786688,2.6795363231188656,0.00759765568430449,0.014055203824202039,-3.9353957173149032
218474_s_at,-0.15138647002861477,5.09349606932214,-2.649642156946526,0.008294103888167776,0.01520964309379346,-3.937423991503441
202502_at,-0.21660527966075058,5.541026454572967,-2.6654383171375895,0.007919269157484006,0.014594723978002091,-3.940741475385757
228186_s_at,-0.35587307298920756,2.1482620539503623,-2.330285629881543,0.020158994521994517,0.033961834929096914,-3.9418567788043326
217888_s_at,0.15823000141795665,4.480761240602031,2.5422173356242723,0.01129371933915364,0.020104622014016773,-3.9437069133960216
203897_at,0.1695277396107433,5.868610005319774,2.6650380468672505,0.007928576300245961,0.01460936324467406,-3.9449576935057875
215125_s_at,0.5423176695637407,3.5063441691447577,2.379266309444259,0.017694035881156527,0.03018410929853979,-3.9453500151016576
226414_s_at,0.12802626119636903,7.230188558866771,2.7034947987881006,0.007077940875124391,0.013189420872361732,-3.9460399145640666
229538_s_at,-0.19684026439934293,4.123393728569239,-2.524657407175843,0.011866822646081524,0.021027004797795464,-3.948129255861614
1553602_at,0.2126790435767926,1.8643957849846422,2.2913385138962217,0.022328499391457642,0.037265183670460465,-3.948797348347513
223639_s_at,0.1478708562358449,5.201267701890502,2.6386632436941,0.008563925034495073,0.01566203404448909,-3.9495194334492725
213594_x_at,0.16096893967021753,5.252331567258999,2.6407868292298873,0.008511129322232504,0.015572968134769737,-3.9518675407655732
217901_at,-0.17382823071069103,8.034992808739256,-2.755633241353127,0.006055963201679121,0.011456389507255593,-3.9541808261797997
200617_at,-0.1709457814139223,7.397476906222972,-2.717204847993925,0.006795150672472628,0.012722203627088301,-3.9551336133685226
201730_s_at,0.27797380199295907,4.9204373655099785,2.5956411894765243,0.009698675196706297,0.017559896464815712,-3.9555536404458294
202677_at,0.17598403019343364,6.4498921003260605,2.671935584764358,0.007769559946625381,0.014350913053137536,-3.9569119536285813
223114_at,-0.14927687501375214,5.259975833206584,-2.6493216032595397,0.008301872547185053,0.015216075380323947,-3.9596158018259566
213746_s_at,-0.3400930361216419,5.069755038835625,-2.644760897608277,0.008413111186362402,0.015398882648129235,-3.961349420779859
209324_s_at,-0.24451107834922894,3.2890966315014376,-2.4075073156362294,0.01639665736245073,0.028177316381766872,-3.9615299655207066
223100_s_at,-0.13344390850275473,6.159940692629544,-2.6684679967785754,0.007849140228750525,0.014485415895022287,-3.9620617520408654
225621_at,-0.12876099791367124,5.898269663632656,-2.6630291334514706,0.007975436389823594,0.014690655097004844,-3.962662483292212
211184_s_at,0.21583398583131805,5.354002843992973,2.6378236431020285,0.00858487970022062,0.015694507888816298,-3.969106513947998
200705_s_at,0.1131719846074738,9.35920472428222,2.8398920199172593,0.004683238834713312,0.009064415110439693,-3.9691954295438094
224763_at,-0.22249283637550465,3.628627349739598,-2.4424162472133766,0.014909296391008653,0.025841011525137632,-3.970686366673186
208025_s_at,0.41278177432034363,3.2894101573199457,2.35760161547296,0.018749615670110756,0.031827702848026704,-3.9732589876482014
225589_at,-0.16794560594836505,4.95224551754162,-2.626351880287994,0.008875830845038624,0.01619049477999298,-3.9740404162506713
203203_s_at,-0.18537597906500258,4.215097433144695,-2.5283198806263947,0.01174519968271441,0.020835622487319006,-3.975453101480087
214167_s_at,0.10309074708822981,9.500667920743252,2.8493165633239323,0.004548739186701888,0.008824817621719907,-3.9763576221680363
234294_x_at,0.14251138878264716,5.94024730638279,2.6539092267617077,0.0081913104095443,0.015036584718548336,-3.978852306697351
200953_s_at,0.34322749612720216,7.229397007564707,2.683727691675924,0.0075043300958038345,0.013898362783821602,-3.981909458799213
201863_at,0.09167376277124904,5.997418045740055,2.654480517831543,0.008177635173920764,0.015016627634249768,-3.9822148431314006
202345_s_at,-0.2546898848093033,7.377799620386475,-2.708936201573918,0.00696445944272657,0.012998302092322256,-3.983201982631732
217823_s_at,-0.1368061763767805,5.452990180032016,-2.64589974275554,0.00838520947383803,0.0153556836056798,-3.983602777076007
209284_s_at,0.14117187536808007,4.896032561296768,2.594464349312114,0.009731521143358107,0.017607462592264044,-3.9853309351210693
220442_at,0.35481641609410963,4.362927765844474,2.4823082541969645,0.013356647910566833,0.023399798702518803,-3.9863360015790454
208680_at,-0.10937520900261512,8.537769934839728,-2.7795406811531356,0.005633557626173763,0.01073311450279202,-3.988078197345378
226626_at,0.18417592901291882,4.770800349961205,2.5689087175655865,0.010469739517099967,0.018806559263362166,-3.9906172815001075
224247_s_at,-0.15634404481704867,4.607567706900881,-2.581736772916267,0.010093155028962188,0.018191112016364724,-3.991310507762959
213080_x_at,0.07451444585301926,9.960300758018287,2.8836875826276276,0.004087431169670098,0.008005237682024819,-3.9932258547165773
201852_x_at,-0.3379935176160723,8.628276652180276,-2.798108780705049,0.0053240808408236895,0.010205202728170368,-3.9934281005451164
205967_at,-0.22141154938736057,6.340262872969067,-2.6625652978353926,0.007986291137912115,0.014706601985093243,-3.9937379862132127
1555847_a_at,0.252217290190483,5.1368784583968266,2.6078726762209934,0.009363113055954827,0.016995430391129118,-3.9961219467905247
225087_at,0.13482714603553775,5.857683690456008,2.6452149127346147,0.00840197784740323,0.015381132720306017,-3.9976008406926615
218151_x_at,0.1732118728769628,5.45503198625047,2.6331153507806677,0.008703242631956733,0.015894619556111912,-3.9988943502128222
221764_at,-0.14475939898749013,5.406057410335182,-2.638652511009039,0.00856419261015748,0.01566203404448909,-3.999430158238719
214657_s_at,-0.3061529648431468,3.1003172172283473,-2.374909549062284,0.017902016668781617,0.03051946285370106,-4.001109321156537
211989_at,0.12163300651712596,6.172731161289877,2.648533482434053,0.008321000518024159,0.015245024278127847,-4.005401689074629
221952_x_at,-0.11443159444059736,8.014741863978431,-2.7315337233887607,0.006510515853702902,0.012227491873518891,-4.006824540775725
202514_at,0.16600702433688239,4.630605076332468,2.5428128261832628,0.011274723896415158,0.02008081747336585,-4.008226041114874
235146_at,-0.31144470627312804,3.418395398762604,-2.408041916968346,0.016372928315313742,0.028141052629866214,-4.0084737626976175
228923_at,0.289332747741022,3.123527758872141,2.3348888593886126,0.01991518361578201,0.033582773819592744,-4.008529501131841
218252_at,0.2458425583347785,4.837925614703775,2.566858477475045,0.010531075190219256,0.018900120148374076,-4.012066361579722
201774_s_at,-0.17359664160862384,4.337763327504972,-2.532213603447311,0.01161711455193154,0.02062712471628174,-4.013319032392943
204847_at,-0.13261063327106132,4.645441100249483,-2.5750893659326106,0.010286761167613581,0.018512022910909507,-4.014540726948815
228150_at,0.3007208019939544,3.4791038571513213,2.3626878432110088,0.018496955082307878,0.031438660922856465,-4.015025613091716
207522_s_at,-0.2922857269779791,3.7118208748332457,-2.4415480527872426,0.01494479124751114,0.025895516716983077,-4.015080862942037
211930_at,0.18821844061415202,5.00243506206272,2.5898272336700825,0.009861914153018455,0.017825322477018173,-4.017168215213814
211518_s_at,0.32746532846073617,4.695839419768341,2.527646645768771,0.011767472861397722,0.020871678272210894,-4.018761484401903
1566472_s_at,-0.22253768267129787,4.083166061472147,-2.48981624880606,0.013081005802049015,0.022984552264613926,-4.022387732662167
208688_x_at,0.159377471140608,7.2050452347334994,2.6725913718826577,0.007754591570311446,0.014325735384160463,-4.022580059880663
1558093_s_at,0.23086108435049274,4.506072442441086,2.5094055581588446,0.012385431610073914,0.021880793014301094,-4.024480742423474
224708_at,-0.11981856076398913,5.151624810051434,-2.6181818187299957,0.009088396274016055,0.01654443318326831,-4.024592427733605
227753_at,0.27151557125062104,4.494955681185622,2.500521368697693,0.012696712908939898,0.02237169167655808,-4.026297825611259
226191_at,-0.11848596844317644,5.301380345087544,-2.6228681710392947,0.008965917938992084,0.01633535355109221,-4.03053122043328
202579_x_at,-0.1119901187303011,6.909973466954346,-2.6646947042458637,0.007936567579078568,0.014621573254457215,-4.032767907250573
228507_at,0.34113610215459095,3.755930919286708,2.382083759937047,0.017560671258164937,0.029980473496210514,-4.033072273510955
227826_s_at,0.45951418249853354,1.9927500403710978,2.2493882079644414,0.024890372921835494,0.04115612982121063,-4.0345921336456385
216295_s_at,0.10498402211813368,8.159551043477318,2.719687193284617,0.006745051092706499,0.012637238957006771,-4.035801660789588
226047_at,0.2943760880749192,4.658799412876189,2.518573935283279,0.01207131823074127,0.021361088900880613,-4.038531872004732
204565_at,0.20764037984779346,5.293266560336622,2.6072658857363145,0.00937951185122292,0.017019429278819637,-4.039741585618383
203462_x_at,0.1637249282137711,7.100104285997531,2.661673056167761,0.008007208816859956,0.01474157553789667,-4.039828324399002
200723_s_at,0.11786977668876139,7.78394110496468,2.693666467507587,0.007287139293682282,0.013534522061931047,-4.042556700097037
204977_at,0.15048593800772778,4.856681091002487,2.564935844018613,0.010588884347714543,0.01897920662825262,-4.043941980148315
209259_s_at,-0.18322338357849652,5.161103306693762,-2.6134621926693247,0.009213255949437983,0.016754644540201855,-4.0442165844625375
217992_s_at,-0.15533541738748152,5.59016473695943,-2.625611331324567,0.008894912951009127,0.016219779139431623,-4.044943140366202
213279_at,-0.18585307908690404,4.848407503074891,-2.589477407821816,0.009871814090207685,0.017837197562556067,-4.045918520832161
204175_at,-0.18058762157499111,5.286356838144112,-2.6171951248166967,0.009114373718710923,0.016586085552666913,-4.047272330701095
212928_at,0.19992405807293567,4.611786028406552,2.5177939228003585,0.01209776358062021,0.021404350328519294,-4.049745634804602
227426_at,0.13648849374201355,4.908855090027732,2.57041228172014,0.01042496115583079,0.018735143227331604,-4.050062187580958
204237_at,-0.33711542958138113,3.693020905081816,-2.42860826873063,0.015482733148546379,0.026744037442821247,-4.051855465878745
217907_at,-0.11005591315089525,6.707271887219476,-2.6484949737243877,0.008321936150330594,0.015245024278127847,-4.054949627528
208895_s_at,0.1317133826609971,6.793588694688525,2.6439284468210937,0.008433558884128452,0.01543367207476394,-4.058678653455598
218447_at,-0.12471325963470316,5.976218280974476,-2.627103097546147,0.008856511317272345,0.016158005065044043,-4.06005334259101
228124_at,0.275767298961957,3.8680432384589882,2.3889679345186554,0.01723851824511996,0.029491575528580345,-4.063875473043238
224436_s_at,0.22722094452205893,4.858515461536033,2.5490446521803674,0.011077636188244503,0.019779119414110563,-4.0641691228404
225479_at,-0.156630004966585,5.307921277942004,-2.6107158793392276,0.0092866153329945,0.01687086824866374,-4.0647326466128595
201102_s_at,-0.13356213033317388,5.16758968466321,-2.603089359165969,0.009493083169336808,0.01721675977536909,-4.06679458196105
221541_at,-0.277697290357252,4.794790852365157,-2.5807782651124227,0.010120869349317232,0.01823186032272331,-4.069667105420182
223122_s_at,-0.6361339100348994,4.416133502992506,-2.5610342530569556,0.01070706684866361,0.019168584082508898,-4.070101767631652
202377_at,0.1507122683137855,6.262366647322929,2.6241298467319214,0.008933197449265646,0.0162840470093556,-4.072237162164715
213883_s_at,0.13702714758562096,5.6202887813546685,2.610252820930028,0.009299035889044528,0.016890568239968467,-4.074499541046016
208833_s_at,-0.11643679825564593,7.127382762000456,-2.6571770160585992,0.008113364159899413,0.014911386214616984,-4.076595806202329
214055_x_at,0.2286287503759698,5.28578294085897,2.5906873630778646,0.009837610529167293,0.017784394464895246,-4.077890081547693
202005_at,0.16210937795119296,6.66260653907051,2.63099039164803,0.008757139877735493,0.015987600461857588,-4.079428599012101
1563692_at,0.3622667983086118,1.2768958638528536,2.194263914601244,0.028642205837453298,0.04664699774044347,-4.081219026802694
201310_s_at,0.2523346286196476,5.570552568823774,2.6014817619823325,0.009537124945035913,0.017293706759676664,-4.086155616742403
226420_at,0.2662625181024636,5.189160337343656,2.576494008358213,0.010245576839052185,0.01844410429789381,-4.08700665432259
225036_at,0.14956435217067857,6.957453357568205,2.638352149078788,0.008571683948622422,0.015673058566579964,-4.087617298878981
213188_s_at,0.13302582048021025,5.168483388717841,2.5829844554272317,0.010057181031144445,0.01813848154657415,-4.088731527625097
209821_at,0.4670274472058429,3.0105712678202945,2.2813547278801956,0.022916396566961338,0.03814533194870367,-4.090671338568038
217828_at,-0.13262932878635186,5.358255060867371,-2.601048967398751,0.009549012970693074,0.017312333043668117,-4.0924447610265275
238320_at,0.32437335459175587,3.4266001654954983,2.322549184988663,0.020574643016931092,0.034607654363382444,-4.092549026137474
226488_at,-0.12728040726691367,5.071351347353726,-2.5856239113450874,0.00998145561102134,0.01801100454116079,-4.096654054760221
205259_at,-0.36327929121415525,4.166195808990979,-2.4883706692989636,0.013133682069617604,0.023073325026535484,-4.097839023424077
227682_at,-0.1869667958069133,4.297538413985843,-2.4920876528285554,0.012998615315652795,0.022858530183287654,-4.0978818223701445
218647_s_at,-0.13015037089695908,5.007177162527999,-2.5804718863447085,0.010129742313116903,0.018244776294623635,-4.09848575093744
212760_at,-0.13571840613289218,5.044039596131143,-2.582845357771119,0.01006118590666039,0.01814265016294441,-4.100053156133669
205364_at,0.28840359473413313,4.167503070995429,2.4093524822626056,0.016314884944064117,0.028053001056467134,-4.10602908777772
218595_s_at,0.13922377942598058,5.525176870938326,2.5951053184442374,0.009713619203286453,0.017580011656811112,-4.1061540094054525
209541_at,0.37468937730873114,1.8649446766855535,2.2129248502724828,0.027320792629738345,0.04471927447553657,-4.106243151913999
204531_s_at,-0.17884699544789112,4.184119499273241,-2.4687865325096103,0.013866080537449425,0.024228889381454198,-4.106404425963159
203983_at,-0.14044916302483063,5.1047892873477965,-2.58253778986276,0.010070046404951107,0.018152516765310652,-4.111547299944542
224097_s_at,0.16863683286943432,5.155066900605111,2.570294634393056,0.010428458694908379,0.01873554888454695,-4.112200213231161
213918_s_at,-0.16002772001161214,4.64909176973519,-2.538092241532724,0.011426089161790616,0.020326750778854676,-4.114211407216022
212944_at,-0.2013213633704756,4.837686132163251,-2.560859344834103,0.010712392404015877,0.01917491392217579,-4.120904881818589
210495_x_at,-0.4509807724847123,8.052289790139966,-2.710557110315153,0.006930973330206537,0.01294482518941817,-4.1216114800563535
204076_at,-0.18388789726252444,5.433758117287674,-2.590914587110296,0.009831199080582073,0.017775803502156243,-4.125972098945573
201446_s_at,0.18373050023286686,5.01625595772897,2.5489512913737915,0.01108056602579277,0.019781053796753535,-4.127994885434374
219539_at,0.14138958485395176,4.689045040747149,2.5070311879309957,0.01246795324017957,0.02200843352480536,-4.128118317287898
1555730_a_at,0.1319941599645724,8.75836334209581,2.731482536281085,0.0065115132211728995,0.012227491873518891,-4.1292652435636885
1553105_s_at,-0.22467368474238167,5.894275324818907,-2.5998280647801515,0.009582620235780992,0.01737032328018981,-4.129789985213211
224747_at,-0.2141441711501152,5.26044796060327,-2.5843196669993427,0.010018810213796175,0.018075364402222703,-4.131368347589248
200099_s_at,0.07322701900955414,10.41643611301679,2.875604412690198,0.004191916412267431,0.008194890606682662,-4.13308239764594
202949_s_at,-0.17643647500199633,7.117663657771585,-2.63671619732761,0.008612589513291927,0.015742479347533936,-4.133798465055957
213305_s_at,-0.14883905085819915,5.005495130608641,-2.5669919723815298,0.010527071777698807,0.01889686996556423,-4.135272677019039
38340_at,-0.12774628817666805,5.035822058573272,-2.5666477745186356,0.010537396777889124,0.018905900465839252,-4.137678945541534
203137_at,-0.13176550982834093,6.280833160859776,-2.6034797545149178,0.009482415374128165,0.017200324399430245,-4.138365758026058
209970_x_at,-0.3272918704055737,5.998260684955953,-2.599669307209974,0.009586998048545615,0.017375318912886004,-4.1395329085237345
219543_at,0.41857426371134204,4.479202980656405,2.4293262984543103,0.015452440843469082,0.026696016570889256,-4.139668811081288
221870_at,-0.17653615726627836,4.353773370279078,-2.48137090150591,0.013391420067323221,0.023453046130657785,-4.141839071229738
218649_x_at,-0.16641110198953246,4.440120993155969,-2.4948019676990127,0.012900763082812461,0.02269390392547946,-4.145494336856667
217890_s_at,0.153071427749854,5.065927304470845,2.5490511760077843,0.011077431484080205,0.019779119414110563,-4.146250235592795
AFFX-r2-P1-cre-5_at,0.13380126864644276,9.793419089261022,2.8087247128906565,0.0051541421609194536,0.00991633449159836,-4.152372720157568
202542_s_at,0.11306403111457959,6.313363816628182,2.5943848962191756,0.009733742280548192,0.017608507438620868,-4.152942139829978
225660_at,0.3492522525901513,2.8624661365067654,2.2472009792614798,0.02503067929390815,0.041349833041732925,-4.154875065510998
223306_at,0.16904346323153968,6.981663071321448,2.6126977850369664,0.009233622501472041,0.016788831951505427,-4.154996731994563
59697_at,-0.2177988757378887,5.4947660360902395,-2.5815325390482027,0.010099054564600501,0.018198683187647634,-4.155084529943537
218740_s_at,-0.1429048082753917,6.240887439583078,-2.5952926504473277,0.009708392677713194,0.0175745202359482,-4.157152659655614
227481_at,-0.22291976922426665,3.9915952685603626,-2.4178279276889922,0.015943876257131687,0.027478562796436897,-4.157499009842
212931_at,0.12881677318350074,5.380584979532133,2.5687393756819357,0.01047479350434641,0.01881248328785634,-4.1589730155372
217894_at,-0.1804073122039237,4.502495963470895,-2.5001543211989046,0.012709721465755306,0.022387248612732093,-4.159801595894635
211719_x_at,-0.4575111703159252,8.066133320768554,-2.6972892122810026,0.007209389427220288,0.013404059169352818,-4.161074979218963
1555878_at,-0.2615767733197511,4.486463844967513,-2.5046104379827394,0.012552589108018755,0.02214688522961214,-4.161176382040669
229152_at,-0.3686732082638205,2.028784992268736,-2.224530159846926,0.026525880762311424,0.04355122767917889,-4.162668922240096
212626_x_at,-0.09409048876064063,7.6512582622029335,-2.6481303768215554,0.008330799308587277,0.015258651563155326,-4.164946658598943
201202_at,-0.1872413688741749,7.611505435368775,-2.6494935928127816,0.008297703547387862,0.015211036636407627,-4.165604295336233
217755_at,-0.17889394432570543,6.7930644703617835,-2.610750542597108,0.009285686162367655,0.01687086824866374,-4.165963230326101
221531_at,-0.13849185167914785,4.88323417453574,-2.5428722021735,0.011272831433330069,0.020080785358374632,-4.169020349641475
202465_at,-0.2913586209702365,5.066168153911676,-2.5621063169449356,0.010674476501351539,0.01911662767619175,-4.1702096981086
236979_at,0.30905065425854467,4.677843432852271,2.4660289051630317,0.013972061833438607,0.024386233043601793,-4.1712987816218785
221891_x_at,-0.0827183637255051,9.335145058686148,-2.776184055324271,0.005691209221187702,0.010826093731044498,-4.1718154960766585
225002_s_at,-0.16166968226557785,5.455258051710424,-2.5728250580262624,0.01035346215463316,0.018625800178435774,-4.172611057360363
200645_at,-0.1262248434438384,7.785971965264499,-2.6533643258606467,0.00820437305204941,0.015055403992224279,-4.174596720710818
209153_s_at,0.17331577530938863,5.533994676098213,2.5661180606285554,0.010553304403035736,0.01892810146822733,-4.178402291848641
212510_at,0.20061242528989845,5.608876141281162,2.567647591492628,0.010507429949365158,0.018864772422917536,-4.1790984550460255
202230_s_at,-0.1470367995150586,5.512983423564375,-2.5714413270206733,0.010394413239535273,0.01868982073071373,-4.179137888384623
218465_at,-0.15274541861477856,5.106251116898752,-2.5565942014665386,0.010842989358276232,0.019398955410022258,-4.179294178214935
231779_at,-0.22473377426793345,3.6349622758485465,-2.3552798579333984,0.018865952905756177,0.032009970459196374,-4.179946392988482
204532_x_at,0.4085205052903358,4.157851197660523,2.3628539008735276,0.018488756706058842,0.03143308328109536,-4.181461798918054
210480_s_at,0.1641677278421614,4.762486081741719,2.494200727969187,0.012922381511692322,0.022728201138525667,-4.181581651490794
203373_at,-0.23675922710336395,4.4930679034745875,-2.4951161962681154,0.012889477320006169,0.022680509668021667,-4.181726841889306
209591_s_at,0.4042678208568469,2.387780448105021,2.2038409985464407,0.027957297754221587,0.04567737240216194,-4.184621465871416
219640_at,0.27550723171413316,4.899908092556876,2.499143999173729,0.012745589476024347,0.02244304734658922,-4.185390695826163
216560_x_at,-0.43489181366506086,4.855353219556796,-2.547327222324466,0.011131642930861236,0.019862306915109332,-4.1856275968740375
203413_at,0.2518826755196467,2.689110346206215,2.2255620239388794,0.026456182437780088,0.043443452246465064,-4.188256800387045
213165_at,0.1351922005320989,4.9485297756396855,2.5204616060776086,0.012007531627845534,0.02125172415812146,-4.188476980270806
225997_at,-0.1790365778332511,4.25087264820889,-2.445776692615031,0.014772610603752826,0.025624834423251946,-4.189380352842749
209006_s_at,0.3014437014570221,4.337301455343939,2.4004597998701427,0.01671231540315727,0.02865541531914594,-4.18964622528695
208284_x_at,0.23161758050305997,3.9490933947789535,2.347822593312068,0.019243910003648994,0.03256872162228937,-4.190811340285002
225949_at,0.19771398666963722,3.826189326055621,2.3346161947574235,0.019929553095037866,0.033601715817932115,-4.191046387542944
223053_x_at,-0.12375716790680552,5.405833479659942,-2.5632266983078025,0.010640511873567939,0.019065362719774766,-4.19193739718666
203794_at,0.15626537630524753,4.7353416872652945,2.484596372176932,0.013272103476298324,0.023270711054269057,-4.192466601399037
224437_s_at,-0.13898446048028823,5.379159940529059,-2.561787979344537,0.01068414460163885,0.019130743960781713,-4.1945588727934915
209702_at,0.1306127772917371,5.25758980543406,2.545696671861919,0.011183134544413253,0.019937580358512095,-4.198868024096427
207714_s_at,-0.22839142276561658,6.227677673735179,-2.5798434936128376,0.010147962783119998,0.018274520977570104,-4.200002364277799
218302_at,0.16389359650906424,4.646638092692772,2.4676110278245855,0.013911170257524483,0.02429182835678236,-4.200233454964302
201587_s_at,0.16985449444703513,6.772694393852291,2.587362876964424,0.00993184376719085,0.017933565190951555,-4.200382832450462
200866_s_at,-0.16825888597798483,6.9918484967276795,-2.6049961162389614,0.009441081472759969,0.017128248233306952,-4.20079298258294
202931_x_at,0.16461623283044538,4.749444183765022,2.4816088829122362,0.013382584287870673,0.0234414037730475,-4.204397036080471
235067_at,0.1958945505343113,4.633746884990547,2.457892469583782,0.01428895243739283,0.024878522259351433,-4.205831879378767
219288_at,0.3977233293220258,2.6376548998682074,2.208180987175933,0.027651613172596366,0.04519861640494734,-4.206885982177324
215471_s_at,0.16666526391883557,4.860059567165838,2.4982134168663968,0.0127787060511492,0.022497662765153883,-4.209437772013965
212022_s_at,-0.2659548341153708,5.224637607182099,-2.552311344554396,0.01097555480382346,0.019613197433421305,-4.212056173407666
209451_at,-0.16275964812783889,4.7991159681660855,-2.517558305665643,0.01210576200521668,0.021414965053151633,-4.214013327687981
216442_x_at,-0.44925996049499967,8.070018255342335,-2.677102788675923,0.007652318606931132,0.014148997106671248,-4.214086431521942
211994_at,0.12417897275691918,5.6399199863555864,2.555794346258299,0.010867638019425283,0.019439807330456346,-4.2150954244705545
201051_at,-0.11009509783888867,6.415420292656616,-2.576418352950927,0.010247791311224098,0.018444991316724422,-4.215739116551852
217983_s_at,0.18162913768594574,7.881965734086995,2.629739976700668,0.008788994868024006,0.01604028995249424,-4.217884237272088
212676_at,0.13513295659329314,4.931845330958925,2.506729009807102,0.01247849043803004,0.022023404952654993,-4.218052523606351
202146_at,0.21629722637431298,5.300875986435525,2.536539181168829,0.011476281920493808,0.02040587688203322,-4.21911276208013
204776_at,0.30995925224158416,2.782641327415395,2.2143512202183904,0.027221994571447406,0.044577992638935506,-4.219175912822049
223203_at,0.15650672253843614,5.584853056462079,2.5513274643310253,0.011006211665024534,0.019661421638720665,-4.220859521910715
203827_at,0.20851155488969816,4.991150639258378,2.506291508242821,0.01249376048801443,0.02204672312767231,-4.221482648121354
224407_s_at,0.2445925037791985,3.529572753575609,2.2836004669705545,0.022782993132395558,0.037940961515211195,-4.22173846832982
200605_s_at,0.15138094122644197,7.010290002518134,2.586805223094152,0.009947729314268785,0.01795619614890674,-4.2255460479523155
205654_at,0.3730338493602733,3.1706152287449547,2.235691517165542,0.025780356929415448,0.04245733494001963,-4.227546974992977
225603_s_at,0.20762559597602986,4.477207135087442,2.4205851990002145,0.015824792129905473,0.027290888294861128,-4.230416146394377
200779_at,-0.11610971000469704,7.740186535158311,-2.628626322871074,0.008817453163098303,0.01608948658427391,-4.230967395570278
207165_at,-0.24086388061220237,5.055694659312416,-2.5359352278687197,0.011495853787544955,0.02043178752425605,-4.23256336449046
203177_x_at,0.20074700314579166,5.206271415342335,2.5231996931073883,0.011915540966905863,0.021102858386255995,-4.236840122033291
213089_at,-0.2152270043441536,4.179402485193179,-2.4137788452705715,0.01612018466556189,0.027746712455360624,-4.239104834955511
225990_at,0.2532144676273107,3.174163143975055,2.2371213891694226,0.02568617411955184,0.0423412807113031,-4.241389210499486
218962_s_at,0.18460204434272007,5.631210115962396,2.543601045422781,0.011249624388974897,0.020042778326806596,-4.242213147513404
222631_at,-0.14406088532462372,5.156441136296833,-2.533103917201959,0.011588002577428872,0.020584027791741916,-4.244459301639539
227012_at,-0.1472938843326063,4.6085108625574724,-2.4780068926169876,0.013516873312662473,0.02366115421544985,-4.245398861080196
1560089_at,0.21890335517006967,4.768126799472159,2.4598768265991606,0.01421108680624396,0.024759045853844776,-4.245978623539832
202468_s_at,-0.15942226586270633,4.894237367016633,-2.5137897069705897,0.012234333794967122,0.021620986134193793,-4.2462633331589785
223249_at,-0.18259831474961002,6.31841720621057,-2.563067210482714,0.010645340894504852,0.019070825585757605,-4.246290132395082
219173_at,0.24551266192391635,4.215492226044606,2.360618957420839,0.01859936512868395,0.031602696054495026,-4.24722673159366
218168_s_at,0.15157945732841613,5.516969292014505,2.5382383631654784,0.011421376785179406,0.020323275243508954,-4.248457733289833
226825_s_at,0.16577459074397038,6.116612403459057,2.5518764080105534,0.01098909765650138,0.019634123281204018,-4.249019881594338
1568609_s_at,0.2726502840395861,3.833150125556579,2.3043927326011304,0.02157966551826964,0.03612798198112559,-4.249485262709472
204378_at,0.3051906201223921,3.326276479277639,2.243397801905085,0.025276280998057007,0.04171053578745914,-4.251393026268088
223064_at,-0.11244424829811296,6.834500322654302,-2.576588186976096,0.010242820779933735,0.01844224185133279,-4.252737356617997
214686_at,-0.180143057570754,5.042475970769998,-2.523757898634011,0.011896864186224017,0.021073264885419628,-4.253041908037506
217772_s_at,0.11533235300796742,7.293014228038583,2.5889115989279428,0.009887845060249867,0.01786013895303605,-4.253494894059793
212527_at,-0.15968112439120524,4.464747651917681,-2.4521735458951435,0.01451547673116721,0.02521964032127705,-4.253662827984025
217984_at,0.17400695043654368,7.5660345614552815,2.5990927202562535,0.009602912742800762,0.01740121857469969,-4.255115572403978
227274_at,-0.15401088174792138,4.842390714251522,-2.5032340610821424,0.012600938043082249,0.022221209753998376,-4.2568187112652796
201099_at,0.18863083680404644,5.619039176066626,2.5370584331965316,0.011459478620116124,0.020382765143168526,-4.257551599713359
202208_s_at,-0.19663084874979256,4.044174806243157,-2.3826403262320546,0.017534430841159025,0.029940445903942722,-4.258125029923333
213325_at,0.322907225928451,3.2871890009299563,2.2358867501086346,0.025767479697224104,0.04244419192968721,-4.258158866761011
207563_s_at,0.19139814665559393,4.692595675848828,2.446862343802504,0.014728689146444872,0.025552784911071078,-4.259127334718083
AFFX-r2-Ec-bioD-3_at,0.17553779787501267,8.196386479181978,2.63305477677737,0.008704774899098225,0.015894708282604277,-4.261576340122545
212186_at,0.14825435859214098,5.297189042408204,2.5210757097982546,0.011986845033809717,0.02121861712610765,-4.264879224335056
211762_s_at,-0.17685533572675866,7.309482593382388,-2.5950662971607064,0.009714708205761391,0.017580011656811112,-4.265040609562815
227367_at,0.21072103910965698,3.3529893848381027,2.246515262286269,0.025074807828565412,0.04140996088599064,-4.265148366774902
208865_at,-0.09316335284646088,7.236770363268106,-2.5879741950830617,0.00991445556017499,0.017905185842237808,-4.266458134034729
215009_s_at,-0.20951610009370703,4.505186004705227,-2.4589519334557357,0.014247332529079315,0.024814123457003203,-4.2684553308400695
225427_s_at,0.12938160431882947,6.536080914589972,2.553891423008796,0.01092648011920582,0.019538538059931887,-4.268962454398018
202416_at,0.12040213711934149,6.034703670145159,2.5425349917084286,0.01128358294369167,0.020093255331743495,-4.270004831472647
207157_s_at,0.09059733786703292,8.236103187091611,2.6358606053828764,0.008634052466958737,0.01577901809596195,-4.274791264612675
202413_s_at,-0.15046029403960307,6.2581407216404665,-2.548575193612621,0.01109237567307914,0.01979883715189884,-4.277330426685788
219065_s_at,0.11058673300607891,5.868593111580588,2.535912969227865,0.011496575674060998,0.02043178752425605,-4.278368300882319
225280_x_at,0.2189505436487583,5.010041270318231,2.4826707430737374,0.013343222448722769,0.023381427834740284,-4.278759520610487
222757_s_at,0.2399416622787774,4.834529759564251,2.4557982204395805,0.014371539323164385,0.025001997526641777,-4.279567854006917
219559_at,0.24353510335572262,4.045344723477955,2.3213875323426234,0.0206376967730996,0.03468648345312457,-4.280958321889742
201267_s_at,-0.13130244362610644,5.79335749724839,-2.5361394681190683,0.011489231803373193,0.020425512829329077,-4.282819034167715
40225_at,-0.12492212942930263,6.282412140747034,-2.545983548562086,0.011174059834933848,0.019927659159026917,-4.284071045695571
224765_at,0.1297361549121189,6.232402114223263,2.5402652720345182,0.011356187816299435,0.02021246719986972,-4.2851026009213395
200955_at,-0.08815430204533939,6.3746092161752195,-2.547047240361365,0.011140469514637992,0.019874746030027778,-4.285876434978373
225679_at,-0.14774064541936133,4.73479261792525,-2.4771226246160554,0.01355002248469262,0.02371143268188697,-4.290808057179925
217492_s_at,-0.14897923490299728,5.441396952885426,-2.5242235582865713,0.011881303780814364,0.0210491826366569,-4.293436027371483
226247_at,0.15129101524996183,5.804770858974334,2.5272806791450044,0.011779596188638558,0.020889722557338994,-4.294942330769938
202399_s_at,-0.15006269892181087,5.51360361145906,-2.5224588105890207,0.011940370126648834,0.021143336391204786,-4.302358206036123
208758_at,0.13372642489352565,6.715529692100502,2.545931381607753,0.011175709533037778,0.019927659159026917,-4.3026793574640125
200978_at,-0.10407913563719512,7.533224113486476,-2.5872376745814023,0.009935408357334285,0.017936978384247085,-4.306939671365538
222024_s_at,-0.17261010795026524,4.446832513416101,-2.4254513125240744,0.015616541727429874,0.02694909979477388,-4.310451549544263
212593_s_at,0.21380485338284136,6.652160117726486,2.538211641398961,0.011422238424453226,0.020323275243508954,-4.312524910972696
217491_x_at,-0.09591425285209179,8.579221684569712,-2.6609546097594863,0.008024087786242546,0.014767574721528329,-4.3128257241900965
202908_at,0.23333424630841954,4.504378754254662,2.3855470357515256,0.017397947624937623,0.029721609457176966,-4.313606619508514
200808_s_at,-0.20886551252587165,5.217880780517669,-2.509043363362202,0.012397988310332534,0.02189575482502348,-4.315398440528909
201468_s_at,0.3465687181041927,6.9158037375412595,2.542453568749125,0.011286180375333724,0.02009454052866049,-4.31558556742039
224767_at,-0.17943542900745468,4.211959783376587,-2.384731484409423,0.017436146867722553,0.02978211756918235,-4.316652702481022
212977_at,0.258629107272319,4.4224939237132554,2.368536586482276,0.01821011390714668,0.031005236854301076,-4.317274147005165
1569110_x_at,0.4456402942000526,4.5610184345771945,2.367969153130066,0.018237770551885916,0.031047391692730623,-4.318752519028711
203323_at,-0.25051816270750277,3.8558280971064383,-2.3304544993334138,0.020150004378200585,0.03395202845291961,-4.320384695346521
214965_at,0.1300706432508737,4.989927302731707,2.4702693959627933,0.01380938582522516,0.024141636805750186,-4.325183533957215
218695_at,-0.17348155175816196,5.211620885399325,-2.503061378605922,0.012607015636227055,0.022228268352682757,-4.327592098311037
202771_at,-0.17187260961554393,5.750471983466777,-2.5160225039964015,0.012158012660882308,0.021494629210795303,-4.332140985087282
219024_at,0.15159626372481538,4.837752267534194,2.444538749025676,0.014822834461704055,0.025699470074160145,-4.332717222882348
222619_at,0.18103889005865223,4.581221608463867,2.3981495664926697,0.016816948806737165,0.028816374370853368,-4.3331503877013215
223250_at,0.17421645749002912,4.658418987566532,2.412963159862081,0.016155909139752993,0.027794805622960307,-4.3354728286118975
200936_at,0.1003224410629372,10.098686080658641,2.77103722379075,0.005780645295996039,0.010975240960578192,-4.336780402735645
230494_at,-0.27621908879992924,4.159564438724626,-2.3761264929270722,0.017843707749497447,0.030429742298689298,-4.339640650202254
218212_s_at,-0.1319881005996478,4.435740734274193,-2.408415819358423,0.016356350105775814,0.02811706975018875,-4.342803422778793
213671_s_at,-0.14242657990190058,5.996053164572172,-2.5163022760726355,0.012148479423588463,0.021486983665990292,-4.342816931681603
201256_at,0.09592988924343657,6.820563448074835,2.5328609106779405,0.011595942092159445,0.020594716119579595,-4.34716693475238
238143_at,0.6243262021510045,4.822103659396368,2.37517756442305,0.0178891605673555,0.030502399675008673,-4.348162666026085
203458_at,-0.12716244004778998,5.4458190219086955,-2.501872747031095,0.01264892040548023,0.022294814791692943,-4.348206963635896
200677_at,-0.1351329257224104,8.112657771981267,-2.6101159816433293,0.009302709155758107,0.01689437585788042,-4.3488845981239805
1554483_at,0.19685309675473295,3.7287068666156107,2.2523263849799218,0.024702969979051304,0.0408778062072253,-4.349056873850028
218014_at,-0.13310600759717323,5.171923950243918,-2.491279524990769,0.013027875581938386,0.02289870895968924,-4.349099468747815
226465_s_at,-0.11248115737461978,6.5066438315714255,-2.525907646266038,0.011825179543918238,0.020963618807545274,-4.350126129377616
205264_at,0.17113641335978097,4.7117419359877815,2.4144018993821743,0.016092943764015287,0.02770427551725788,-4.350712332947449
203802_x_at,0.13017815280658024,5.067078157996561,2.466108797861687,0.01396898133497932,0.024384829239308042,-4.355581877603414
233893_s_at,0.19826518710094004,4.1676554133432315,2.31099520092308,0.021209343321842256,0.03558585669645984,-4.3559474907942635
201060_x_at,-0.23862255464362128,5.394805065934818,-2.4991834992093107,0.012744185477368624,0.02244304734658922,-4.356048938223884
212538_at,0.17817995874711567,4.816047581331569,2.4285293361176237,0.015486066360083536,0.0267454826560656,-4.358081657386537
218640_s_at,0.18395626814037155,5.198686453785866,2.4744622620187786,0.013650188075699081,0.023878913268282863,-4.358168908859657
1555630_a_at,-0.24975082122144282,3.964915614396263,-2.33221173502331,0.020056662000407562,0.033810703384794055,-4.360117303744978
201522_x_at,0.3080151380834698,5.186259412584681,2.4616148663082766,0.014143195254575813,0.02464901410640774,-4.363683212690491
213701_at,0.19113819328772141,4.6235107906590835,2.3911691383753526,0.01713661292302319,0.029335975430544496,-4.366245967684259
227456_s_at,-0.15845930121368101,5.212828715334263,-2.486758647955782,0.013192645161364275,0.023150337037460358,-4.366385924193146
218139_s_at,-0.16937349257136797,5.692994875608739,-2.5008280743668547,0.012685851995866129,0.022356231688059523,-4.366737215006584
200878_at,0.1908273210376899,6.953662057940357,2.5271912640505776,0.01178255991856503,0.02089152009394028,-4.367457847843889
212943_at,0.16025630064819457,6.163087628655263,2.5032935581050895,0.012598844636417406,0.02222117592853798,-4.3726540296898335
220974_x_at,-0.16239986766026593,4.582688124689565,-2.421917539787313,0.01576753111175396,0.027200895458972654,-4.372910833264106
209018_s_at,-0.14575609846870913,4.660158273422876,-2.4307078768742825,0.015394301803300993,0.026608447114998955,-4.372978356641704
201584_s_at,-0.14924371021462773,6.880659954002853,-2.531864508256472,0.011628547208631688,0.020638937416512803,-4.37305362390878
222997_s_at,-0.3032947641769039,5.569632818133234,-2.4958002878231866,0.012864937929125235,0.022642037134009963,-4.377307062374454
202376_at,-0.3183197083863039,3.037593299356457,-2.1997149334923334,0.028250619162015368,0.04609334192547527,-4.378291876757213
212814_at,-0.32418108768850795,5.168304075563282,-2.4835552492293957,0.013310513277680213,0.023334238053311755,-4.379683757691817
226660_at,-0.15242958274761498,4.674443038736617,-2.4321933835410214,0.015332004787032278,0.026517882997009492,-4.379851658028599
213168_at,0.12905878504452375,6.315086855316713,2.503368484097628,0.012596208799678037,0.022220185224921918,-4.381376346717558
227369_at,-0.1414836655481597,4.709640461451753,-2.435417271994847,0.015197571096813297,0.02629385968348851,-4.3825481036272755
32137_at,-0.18719623516290848,4.467359471650455,-2.401128384573064,0.016682141490826363,0.028612837302469236,-4.383584181655398
225240_s_at,0.18460319720587823,5.655668151296461,2.4873415862119743,0.013171295925049306,0.023120447852704114,-4.383711610029781
227493_s_at,0.10759052880200477,5.130803938878155,2.462400345003378,0.014112607051107567,0.0246114861368249,-4.384331864676982
215444_s_at,0.3757241773229011,4.387123523953538,2.31624190535231,0.020919034121245142,0.03513177810642722,-4.384877033521281
213147_at,0.24839075750406553,4.464654299941418,2.34687381470247,0.01929246974922265,0.0326457476580986,-4.385292461424321
202284_s_at,-0.2141010238201254,5.879248335722663,-2.497347041053089,0.012809606329326147,0.022548358955976178,-4.386340883663799
225110_at,-0.09724555575591744,5.218395316282575,-2.4771620427346046,0.013548543257769066,0.02371143268188697,-4.386403708419811
225671_at,-0.19929103468598816,3.8074194103280057,-2.286604421460533,0.022605607640643365,0.03768656623937323,-4.3867885886538
209270_at,-0.20029025136353193,5.3599698778538745,-2.4847758454050095,0.013265492168443629,0.023262926436493143,-4.387368056431708
230252_at,-0.1786845043356206,4.299653483186242,-2.3693117476126804,0.018172392147404248,0.030957404608364835,-4.388425192931226
38037_at,0.2479366488777632,4.591296865380248,2.368866889420465,0.018194031937277616,0.030982779231291543,-4.388511822806468
219133_at,-0.11864511853429781,4.765457906746827,-2.436593131987258,0.0151487982985075,0.026217944454266697,-4.392251904077557
229026_at,0.37602124717855906,5.016934811664945,2.4216643130751647,0.01577840014071354,0.02721526335653907,-4.392259117188452
227314_at,-0.24501739144184076,5.553240114170284,-2.4877797034161233,0.013155270710946044,0.023099887744036218,-4.394094911246271
205593_s_at,0.33186890341942776,3.9745371716266114,2.249634839016394,0.024874594959610002,0.04114274136209695,-4.398558455503311
202562_s_at,-0.13758206244964866,5.138728372608359,-2.4681049286757477,0.013892209541870613,0.0242666298421751,-4.401125985287457
202353_s_at,0.16052088256337294,5.12013468012847,2.450438444659033,0.014584828390596268,0.025323706085649565,-4.403024070414656
203186_s_at,-0.32133164686457016,6.912135025444581,-2.5258050761624267,0.011828591060173761,0.020966197224957232,-4.404980797113222
212730_at,0.4985567487345634,3.5236822516922772,2.176535272446167,0.02994836770805573,0.0485601427662178,-4.406548925106318
200790_at,-0.19616262429857456,8.055809368775606,-2.5861552027368897,0.009966274693536408,0.017986640968978358,-4.408934940727292
203912_s_at,0.12734189807006924,4.926207941714619,2.427902810436675,0.01551254611537518,0.026786896604451046,-4.409547139804191
37950_at,-0.1577473975986436,5.096101660940803,-2.46161142045158,0.014143329572676971,0.02464901410640774,-4.413058809195668
201361_at,-0.11618561425365678,5.070378500661515,-2.4561740673802754,0.014356686756044002,0.024980215237534416,-4.416935231836203
223157_at,-0.12103226823935107,5.841604812176131,-2.4826503005714677,0.01334397925712705,0.023381427834740284,-4.417399821894698
203545_at,0.13287024720395685,5.14865310278161,2.4487499414083556,0.014652598616711391,0.025437253116322986,-4.417888995892319
204068_at,0.1677750292775997,4.804788711985558,2.4016626462240698,0.016658064206250028,0.028580692159121804,-4.4188139363107
203083_at,-0.4933237173984863,5.138736005089764,-2.4690663301334093,0.013855367212901695,0.024214118915467514,-4.419954979001064
215108_x_at,0.2922682026019961,6.116054426989984,2.480895895860987,0.013409071548722644,0.02348012152688226,-4.4206293558153025
205249_at,-0.23783725919852627,2.995520473864921,-2.1679893201475067,0.03059612336914742,0.049498077567755414,-4.426548917547791
219110_at,-0.10967336452073825,5.706507392255578,-2.475750737956536,0.013601593919052496,0.02379779122240885,-4.426812240408275
209387_s_at,0.2874715820021245,5.43094685459586,2.4565672822167928,0.01434116238530066,0.02496131155706352,-4.428257785844323
208647_at,-0.18167121273413725,7.601150057819319,-2.544952703153742,0.011206698937788983,0.019972943889624582,-4.430941064425888
202222_s_at,0.4887972081972023,3.6582417080480285,2.1804923230694273,0.02965246230005566,0.048169974316424495,-4.431981888838853
226707_at,-0.19456829469251977,5.416094676971901,-2.4667793443055843,0.013943150130174593,0.024343703934902285,-4.435096740180846
204561_x_at,0.25088193966468975,4.192682628080118,2.2764969489201747,0.02320729253995336,0.03861754038218707,-4.43689052082696
204661_at,-0.24232189240818425,4.049064215566223,-2.310831740863948,0.021218444099256724,0.03559555146184424,-4.438026848216184
204389_at,-0.28791760988712695,3.996782210283311,-2.3068849745975495,0.021439221527189325,0.03592092277459794,-4.438059573278181
208788_at,0.2965377969788365,6.0359071426262,2.4720352875302,0.013742137868682617,0.02403584048770561,-4.43806595690735
222904_s_at,-0.281728939641837,5.332469878064678,-2.4645717590869882,0.01402835199287013,0.024480491105981054,-4.438231818384557
210891_s_at,0.13093816227702518,7.174565385200096,2.508756844097214,0.012407929472461192,0.02190969975910281,-4.440311596350093
206414_s_at,-0.15935860923482756,5.394132718545806,-2.4630931355576173,0.014085676923219197,0.024572521882176724,-4.4411293485207946
225010_at,-0.10888004517197575,6.465767053822268,-2.4859147075021233,0.013223607573616064,0.023197070236801853,-4.445593385867506
211385_x_at,-0.21164062603451606,4.885689345928297,-2.4328574504480107,0.015304228168886101,0.026474115351732087,-4.447086023670103
231786_at,0.4060548058556089,3.573903223470989,2.170519576482586,0.030403092337387947,0.04922296028569398,-4.447729577215892
202993_at,0.1382989707924964,4.629290360738558,2.362813736263679,0.018490739366887235,0.03143308328109536,-4.449249582818221
209190_s_at,-0.11280590261733503,5.813140396359662,-2.467753103019972,0.013905713684575906,0.024286258673436856,-4.452011038603862
202615_at,-0.1413729007101885,6.5397950818896895,-2.486415523930746,0.01320522590233875,0.023168618586923522,-4.452229365788253
204610_s_at,0.17129168728148833,4.3713531847641285,2.3089296883337442,0.021324593521023626,0.035748136374027906,-4.4548536327251815
220688_s_at,-0.15085485722165654,4.7288735816907534,-2.4065322092615284,0.016440016894473893,0.02823371288722328,-4.460132401194723
213624_at,-0.30612987176780987,5.0000293513336,-2.441369782608654,0.014952088793946633,0.02590260789934513,-4.46023485575608
201054_at,0.11763954570053986,6.953067292311347,2.4917238095628638,0.013011781938597993,0.022874174582901263,-4.460542397994608
218723_s_at,0.2645540483933968,4.8357755768396755,2.3783124333588135,0.017739389076465013,0.030256658999549386,-4.461305384640394
222531_s_at,-0.15764106094130798,5.3105452504292945,-2.451964709877746,0.014523808401798512,0.025230024227090555,-4.461598044879534
213581_at,0.17491551623850177,4.129752144269164,2.262066770189267,0.02409044780112605,0.03997536668114364,-4.466730475363853
202181_at,-0.13897191240867693,5.493351855461483,-2.454528393080311,0.014421820418636365,0.02508539732827592,-4.467560910075971
208642_s_at,0.08342390773878935,7.49642891898382,2.5134310402282045,0.01224663328957307,0.021639152635856227,-4.470818530424973
209044_x_at,-0.12833795038371773,5.541343035810119,-2.4539359718319567,0.014445331578451482,0.025109984942390185,-4.4714221619833605
202766_s_at,-0.3450347468869519,5.4192050105929255,-2.451642920697601,0.014536654701745897,0.025248246079734728,-4.477801235045586
217836_s_at,-0.10219301192437547,5.417978075175292,-2.4475839455266013,0.01469955968176787,0.02550637882584697,-4.477801930102153
218407_x_at,0.128991085840578,5.831487838005169,2.453625823188181,0.014457653822986841,0.025123251485102683,-4.4782965235892735
221532_s_at,-0.11783238170244179,6.331270476602965,-2.468602726783186,0.013873122366651633,0.024237240690466233,-4.478677042637096
217867_x_at,-0.2543183558492102,5.951101688712666,-2.4615348409297266,0.014146314902785655,0.02465020682393343,-4.479061561142459
200026_at,0.07552000060413099,9.827114753750767,2.6938494778598328,0.0072831935783512,0.013529539241351899,-4.482694981610459
202101_s_at,0.14762194583409405,4.589523185378541,2.3420473708412275,0.01954115967563616,0.03300401128883654,-4.482695083873624
200990_at,-0.16660680713493553,6.7708762513612015,-2.4834874101830344,0.013313019456919895,0.023334813063151643,-4.4827255847994
213509_x_at,0.3531235827595144,6.499449086345193,2.4620839957501346,0.014124919312819693,0.0246289486650777,-4.484104974371717
225581_s_at,-0.14206713668822232,5.22561835848011,-2.436064466407246,0.015170709375577785,0.02625162486521803,-4.490732156360979
221509_at,0.120028671926228,6.300705965270306,2.4582764413011993,0.014273856108061344,0.024856277712233612,-4.491400696514273
201065_s_at,0.13514627596804077,6.244896490713533,2.4543388430812483,0.014429339321116664,0.025090328217354782,-4.497403865558001
203224_at,0.1639851858228126,6.389793969853153,2.4569233991862336,0.014327115477021824,0.0249409145442533,-4.497936712432789
205073_at,0.22634298039287978,4.836825728028177,2.3660596820517203,0.018331109019294033,0.031186465130013816,-4.49932589155595
223090_x_at,-0.14758562723004173,5.086489067440449,-2.4245425860921834,0.01565524702248027,0.027011541528721397,-4.499980663928746
217990_at,-0.10711413674383138,5.049152779376501,-2.4193810704163066,0.015876700565683594,0.027367191176213734,-4.500500173223207
208621_s_at,-0.2445457358813533,5.149227338259813,-2.430481085025209,0.015403832302734002,0.026620625174897463,-4.502273847092003
208130_s_at,0.21909154389612104,3.6354911218677435,2.165390854706705,0.030795455633786065,0.049810333554544985,-4.507692583096999
214429_at,0.1476974535217031,4.960821746691162,2.389698247684943,0.01720464927100549,0.02943833375503623,-4.507743781240494
214263_x_at,0.09317524873781581,5.4829561077792,2.4320449537599074,0.015338219396026954,0.026524349376858235,-4.509873826669484
224650_at,0.19899608310611075,7.46435208021783,2.491988159378855,0.013002214572632391,0.0228611069615314,-4.510033466152686
200896_x_at,0.1168545501322152,7.332581504790935,2.487628157394471,0.013160811922471342,0.023105830567917974,-4.511517983429964
201086_x_at,-0.0881115137492294,6.563364326575275,-2.461665992000524,0.014141202528365773,0.02464901410640774,-4.511559902724189
224995_at,-0.20744768199895303,3.757853811491283,-2.223128453501779,0.02662081522641259,0.04369370208680221,-4.515443197647448
218829_s_at,0.18254094208086494,4.556786334942747,2.3150074770350084,0.020987022950651208,0.035234912532569565,-4.516364793766504
202874_s_at,0.1907464392228921,5.239982011779448,2.4113945670372305,0.01622480476892307,0.02790885251918318,-4.5175158840726795
208713_at,0.10654398126054315,6.195140734074554,2.444745256434553,0.014814445903648015,0.025689083678501326,-4.519139956420295
202776_at,0.13366269026838443,5.94644479933488,2.4371882750221943,0.015124165439214727,0.026183772519442046,-4.5239361529214825
214058_at,0.1686869357064964,3.8830273721030197,2.1958985208417037,0.028524290950075002,0.04647615649401574,-4.526808208777357
226726_at,-0.2155187055516246,4.2682497278034415,-2.307950460354676,0.02137942273200864,0.035831939256572055,-4.529346676888093
208614_s_at,-0.1575395084838449,6.330542760428053,-2.4476640557122917,0.014696328953274364,0.025504903948878707,-4.531358011591899
200948_at,-0.12350835484521462,6.577063537862106,-2.4544290674550475,0.014425759947857714,0.025088176350876575,-4.5324093206707925
202231_at,0.09471930956674036,7.8685956366865115,2.5081899702875106,0.012427618765498295,0.02194085033533013,-4.533388745229661
219286_s_at,-0.1094035491757671,5.5144682913280825,-2.4272030104704045,0.015542169998691327,0.02683372557550043,-4.533664164609295
221984_s_at,-0.11033198985673615,5.694961093868192,-2.430833532121904,0.015389023619705516,0.02660361627205183,-4.5349994199433095
201034_at,0.18178152131799932,7.527577316630669,2.4849707915820534,0.01325831418713586,0.02325414536456884,-4.536273548921614
229145_at,0.13705133062538624,4.87873718419399,2.3650754389793343,0.01837938421746199,0.031263630219382395,-4.539870674031368
201067_at,0.16814412263736228,5.235651492149092,2.402339431758591,0.016627607809376617,0.028537578093856406,-4.540541843579038
224446_at,-0.11862017367843006,4.706801884259841,-2.3665676150852017,0.01830623946798033,0.03114910155979563,-4.540554234494807
201110_s_at,-0.29143884874404363,4.8978496115336165,-2.3993612043690145,0.01676200049874214,0.02873140981488393,-4.541523934395192
200919_at,-0.11945158851614103,6.6873800890698005,-2.4540188221195014,0.014442041498389726,0.025108339917599663,-4.54317618582923
200914_x_at,0.19705625253984346,6.016886455134024,2.429599685816998,0.01544092090850252,0.02668041704722379,-4.543464242619402
220468_at,0.39443465925453086,4.151636698026045,2.203889523609117,0.02795386383638177,0.04567737240216194,-4.546872137399013
204023_at,-0.1704635410008921,5.28433257915561,-2.415210119677631,0.016057667569472963,0.027652434121807404,-4.548592706533611
219988_s_at,-0.0974061798472315,5.297773305847852,-2.4133703563443447,0.016138066492292408,0.02776856831543986,-4.54920167423648
226007_at,-0.11517012856918434,5.033147362792978,-2.3980672664177156,0.016820686895532785,0.028818170272164198,-4.549858264358322
212318_at,0.13050307595271118,5.662818178672536,2.419439099490204,0.015874195567453668,0.027367191176213734,-4.551057456783445
203310_at,0.16069530925578981,5.552564247018463,2.4133736712934644,0.016137921308241064,0.02776856831543986,-4.556377127686966
218653_at,0.16352807855482562,4.817289947301668,2.345725161501946,0.019351403013869128,0.03273513034700457,-4.556622441207772
228301_x_at,-0.11190514900994555,5.932221163362298,-2.426665985146523,0.015564937158887104,0.02686870315552007,-4.5572917043285175
214011_s_at,-0.1431166965098991,6.348610908775572,-2.4370447052130584,0.015130104527232248,0.02618982223303265,-4.557559214632615
205102_at,0.16191367306814292,5.342518042237641,2.4024365407974084,0.01662324177732848,0.028534656170568818,-4.558870906181171
225638_at,0.11433296747825689,4.950148077912344,2.369025647179992,0.01818630669114107,0.030974547469347264,-4.559625402937115
1555832_s_at,-0.17837065471236987,7.203444966013343,-2.471716701262265,0.013754248655761943,0.02405309595970906,-4.560265489176899
209095_at,0.13246082460320432,6.996608902978972,2.451246034223692,0.01455251283289522,0.02527169232919541,-4.562719113848181
214697_s_at,0.1875375004927089,4.738940830684063,2.3270776655582073,0.020330445582346462,0.03422376862408511,-4.56527524147914
205236_x_at,0.27671048370121676,4.295872291811249,2.229074762655283,0.02622009898466453,0.04311526023372389,-4.568904107074816
203726_s_at,-0.29178769195234816,4.917807840336113,-2.3886378764630805,0.0172538442359196,0.029513082117101498,-4.570165457163149
205412_at,-0.2005210678947692,6.101529285571398,-2.425689808524827,0.015606397488057488,0.026935933025545332,-4.571774263004992
210201_x_at,0.15041744847542107,4.8434455896819015,2.3433078713484474,0.019475941002138453,0.032919810027754695,-4.573110843042405
203304_at,0.4110204851413181,4.254815853335201,2.2003670323147437,0.02820408536216985,0.04603630819187507,-4.581611455420028
216306_x_at,-0.09710028361568221,7.864537947674183,-2.495072901309505,0.012891031771547086,0.022680509668021667,-4.586969181953721
213256_at,-0.21902012423807302,3.655152485797137,-2.1732825328106657,0.030193507983264836,0.04891721906936332,-4.588644380016117
226039_at,-0.2140035575153596,5.459637614973465,-2.4040590776912305,0.016550441560356653,0.028414243659631543,-4.589592921107534
233268_s_at,-0.13599582265791454,5.626498153067676,-2.406844061738941,0.016426138944665724,0.02821892663794161,-4.589662734931456
224372_at,0.0767441391646307,11.097322920702625,2.776238210471431,0.0056902748620501235,0.010826093731044498,-4.591277969212799
207842_s_at,0.12528736139140878,4.9535127071110825,2.352665424641681,0.01899771272455063,0.03219783205475572,-4.594978878250693
225046_at,0.32197718811959375,5.149056198470064,2.3576118214705217,0.01874910566640891,0.031827702848026704,-4.596820313821474
225230_at,0.13970622510731537,5.420069516385523,2.391086137639766,0.017140445828097494,0.02933784888263436,-4.597968293658278
212132_at,0.09688631928757832,5.649846626418439,2.3991837876000632,0.01677003653635115,0.028740585732511578,-4.6000507953785625
235341_at,-0.19013209294387878,3.919672807783391,-2.209401941732336,0.027566138651065872,0.04509330330872938,-4.600705786052341
202252_at,-0.1176720209978036,7.133083293362554,-2.448093266016047,0.014679030206502554,0.025479010142945863,-4.604227147569356
243618_s_at,0.18004784738587068,4.2436452565137195,2.215769960053503,0.027124031868095637,0.044424362238634545,-4.604700637722162
204962_s_at,-0.19631002868268796,4.372196849050478,-2.2945864844381094,0.02214009804905613,0.036979555721786454,-4.604956529093428
221842_s_at,0.1389657613272056,4.601947811970765,2.288703022700494,0.022482399140253767,0.03749866759918085,-4.608178696986327
209066_x_at,0.12196317782177017,7.942774104728431,2.4805718291679684,0.013421125881848264,0.02349738871911104,-4.609982289949626
211963_s_at,0.09958250380132451,7.774997301438437,2.470865455958979,0.01378665440499008,0.024105831343342377,-4.610983377162703
212163_at,0.13903238713341734,5.3493764892338795,2.3816226203757926,0.01758243873623316,0.030008071719175695,-4.611261741148736
204518_s_at,-0.18087685115041963,4.513458223404007,-2.310152193857406,0.021256315031663017,0.03564871169780904,-4.611328625171649
214743_at,0.14956563736477574,5.211125182439946,2.370656042472466,0.018107137217838454,0.030854423574789784,-4.612406077702789
212623_at,-0.1365016222134357,5.619425882131438,-2.3970083274567218,0.01686884944275091,0.028891444297392568,-4.612663609582578
202559_x_at,-0.069435853974586,5.841849609634428,-2.40051849409252,0.016709664550083596,0.02865541531914594,-4.61358800867679
218124_at,-0.1656926845157396,5.39432999635119,-2.3898883224184946,0.017195843978040325,0.029427967497882748,-4.616800258322048
202858_at,-0.09151310943379574,7.678901043734411,-2.4691620333704445,0.013851704461691781,0.024211667465835217,-4.620869405944265
201077_s_at,-0.1131527317562356,7.508210718546484,-2.459473049979649,0.014226900399641728,0.024782566501034445,-4.6228711070291695
208988_at,-0.11039832945708263,5.4243187935558685,-2.386923615616649,0.01733363753525274,0.029630646069118017,-4.6235243946746705
202233_s_at,-0.11558585197998367,8.658844723731288,-2.548223138291228,0.01110344053517743,0.019815285432842878,-4.624329014216157
201373_at,-0.14567640260977785,4.6550968486414295,-2.321984591719802,0.020605267703869584,0.03464284885617622,-4.625601338421496
228299_at,0.10536056721594515,5.583650916328366,2.3859382837056735,0.0173796482712384,0.029695083242388676,-4.626709380683805
225731_at,0.1719635294712864,4.668154323802744,2.2848103327971327,0.022711404420391254,0.03784527540140792,-4.632269959848369
227725_at,-0.517743332074762,5.944664516331983,-2.40172521604956,0.016655246407935986,0.028580434849946854,-4.633542108175211
208649_s_at,0.10251644800945016,6.411039910115777,2.401577110472835,0.016661916941788167,0.02858272477139738,-4.634642841678213
1554966_a_at,0.2708790347785547,4.615822165828897,2.2618142515533526,0.024106159096001806,0.03998904961218138,-4.635801921880708
217982_s_at,-0.1065364191646037,8.345000699006095,-2.5150417850931555,0.012191483188588644,0.021548813628006952,-4.635825600478033
211366_x_at,-0.29639141735644275,5.949343225775281,-2.396377097381164,0.01689761668696449,0.028936088166152583,-4.636960943854018
209575_at,0.16853509428343474,4.801738242121192,2.305958669108615,0.021491327661458885,0.035996965796937,-4.639704768938143
211676_s_at,-0.1922165218097645,5.408336202443461,-2.3810064982774075,0.01761155897074141,0.030052983633888614,-4.63999681930214
213485_s_at,0.1358376922554281,4.596955079069909,2.2712129186741237,0.023527359084356363,0.039125830156893776,-4.64563198304507
224391_s_at,-0.24870977126376964,5.448814429416987,-2.3801139808028924,0.01765381786707619,0.030120297947123308,-4.646831033593617
212007_at,0.15099815491316088,5.244438632159177,2.3582353787912225,0.018717968970770417,0.03178909346605318,-4.6486329683820555
212068_s_at,0.13612245128308365,5.369966263651559,2.3666304171182646,0.018303166596712488,0.031148820293976313,-4.649195757069009
201242_s_at,0.20273136238947553,9.187053224687945,2.5628923869386298,0.01065063650019475,0.01907712235856652,-4.654044049337276
222559_s_at,-0.16136545408168534,4.504636418924518,-2.2896198209034226,0.02242875806534839,0.03742085113752956,-4.654129583336017
200684_s_at,-0.1063678504529407,4.950449285785165,-2.3448154166269854,0.019398190638153144,0.03280391733331249,-4.655595264948397
211727_s_at,-0.1620825610047192,6.206206880507225,-2.392398261240402,0.01707994124617262,0.029243632822478386,-4.655596304913427
224786_at,0.17839281420386205,6.067600570366174,2.3831065021378426,0.017512478591093047,0.029907728861211513,-4.657293957441089
218614_at,-0.16436930740842506,4.968694546739301,-2.3489871686662016,0.019184451960513212,0.03249376029296096,-4.658490299820246
201024_x_at,0.14534770212950468,6.305341042464956,2.3873952498582027,0.017311652190511007,0.029597786453390427,-4.660325924916305
233093_s_at,0.11735568720736264,5.711718778272607,2.3740191986568475,0.01794478308670408,0.030582637799532426,-4.662106239525584
223272_s_at,-0.13870054937984033,5.2408968084722805,-2.363396616312392,0.018461984725217092,0.031394165454166775,-4.6640691211657455
218226_s_at,0.07141011604870576,8.324333425708808,2.4903338244584825,0.013062191179924677,0.022955258220231804,-4.664929123471735
202554_s_at,0.3853886267758868,4.459075563453543,2.200074098867025,0.028224980905118362,0.046058525580583855,-4.665638322473557
242722_at,0.21550421081335797,5.015273179660873,2.319656603601113,0.020731963897836554,0.0348339914111548,-4.670267209507331
205740_s_at,0.1222597354109351,5.245767116096478,2.349726131251691,0.019146807372698107,0.032438186817329996,-4.671538233122587
224592_x_at,-0.10864425363641936,6.3683941001212245,-2.3883263287729566,0.017268321706055384,0.029533130657243188,-4.673254058327825
218003_s_at,-0.12676227611409546,6.316195051630065,-2.3862812959031947,0.01736361891466176,0.029672427728947428,-4.675510141058726
211161_s_at,-0.2865723160397252,8.103153395777884,-2.488188093042915,0.01314034842736428,0.02308125146783957,-4.678691228110841
201619_at,-0.11961795688775889,7.1748178225086,-2.417401081280439,0.015962381834400064,0.027506031299972315,-4.6833520102157244
226901_at,-0.12975729583304552,4.461554498834783,-2.2641221451358855,0.02396289657975871,0.03979452969445901,-4.685750629742467
213140_s_at,0.185110044962099,4.552520061403175,2.2362557167524035,0.02574315851860623,0.042428685724589,-4.688041681411764
218605_at,0.13746181405573063,5.368586824638873,2.3500324061768616,0.0191312239578183,0.03241898169251937,-4.6880769877464505
211941_s_at,0.1277409811994862,7.195165066054782,2.4066714568305962,0.016433818872106275,0.028227593647085863,-4.6907888471296495
202973_x_at,0.2918114433247047,6.1591872563700285,2.367255162566611,0.018272622771681787,0.031101780704325864,-4.695052958430751
209421_at,0.20154768432196102,4.3811769306280395,2.2003251976098106,0.02820706869891421,0.04603630819187507,-4.6993967990710654
211929_at,0.1784359693013651,6.265319707798488,2.3692920102623343,0.018173351776533786,0.030957404608364835,-4.699584879902286
225136_at,0.1617001948947684,5.922504463127993,2.3616485134235266,0.018548339986964393,0.03152099718914174,-4.700718717155047
218135_at,0.13066252767288894,5.184001591517133,2.332035631392726,0.020065999333688824,0.033821121910290804,-4.700748220171308
227696_at,0.12357905876488072,4.669871248883216,2.260692188151327,0.024176079830992063,0.04009262279093157,-4.702425233314337
218092_s_at,-0.10741478694512083,4.862954273363798,-2.3157549658039387,0.020945830354906932,0.03517126655048871,-4.702844054189894
202080_s_at,-0.11641299783740819,5.158564215681776,-2.340935386594768,0.01959885281885493,0.03309623427622838,-4.703573010623671
210293_s_at,-0.13683821911706584,5.918028636190611,-2.3643610463693645,0.018414493637225516,0.031318379161072704,-4.705021292553026
213227_at,-0.12474953975334226,4.694899333023042,-2.2927634756221766,0.022245671828022826,0.0371385199148525,-4.705152996716095
208796_s_at,-0.15033492031777448,7.296571111528287,-2.4147431947305895,0.016078039004970686,0.02768306522986997,-4.7068608012627315
225140_at,-0.1638015872004237,4.017784661399571,-2.1741680828306555,0.030126598478685977,0.04882696664177956,-4.707773891166047
221597_s_at,-0.11276596412546355,5.848755138967617,-2.3603597121962436,0.018612232803563517,0.031619544881791306,-4.709985679820464
211098_x_at,0.13474148181994947,5.593603106133176,2.348175227936276,0.019225889021654816,0.032548506493202914,-4.714236294881811
202043_s_at,-0.13617536983670073,5.6549437275096155,-2.3544259492955613,0.01890889900913779,0.03206252533790648,-4.714525356232523
212794_s_at,0.18733263902532135,4.300146796755106,2.177661316183806,0.02986390496593353,0.048459862753717955,-4.714981872240648
212811_x_at,-0.16498431749571035,4.806630549156469,-2.307301775581992,0.021415811826146734,0.03588731301321914,-4.716427396368662
200013_at,0.06685472951835007,9.760280678261712,2.5989889967070905,0.00960577817905801,0.017403467213300942,-4.716528422990031
222976_s_at,-0.08275128425190344,8.749838170787628,-2.516064342343398,0.01215658659602936,0.021494629210795303,-4.719585298406008
212014_x_at,-0.20968008524890486,5.7182428692558185,-2.3548524384071396,0.018887438649779476,0.032036277747797264,-4.719603784710966
201637_s_at,-0.1361008458386688,5.902328426892223,-2.357049326465241,0.018777232246273888,0.031869532486427786,-4.721272719542728
210734_x_at,-0.1433925737770451,4.3069185698689765,-2.2200381992185174,0.02683115140680492,0.04400522428369582,-4.7212916626745836
44654_at,0.1311161181684768,6.0915135278323245,2.355179248363822,0.01887100846932133,0.032013478025627776,-4.7255671835466995
238439_at,0.26266909902307545,5.6258032574565,2.3404249038243394,0.019625388154839555,0.033135820851504516,-4.727470663206606
213979_s_at,0.262056393372841,5.056714942637598,2.2957585922277244,0.022072450177449507,0.036889572348052506,-4.72824321740742
222552_at,-0.12330634027864346,5.675203935578969,-2.3480741856914236,0.01923105115548574,0.03255210160036637,-4.729899125915403
41469_at,-0.48762020409974804,5.583309243800284,-2.348496314246644,0.019209493146394325,0.032531030679311165,-4.736999272961764
202734_at,-0.12150757970169176,4.787928692647521,-2.2884512277175313,0.02249715100858204,0.0375174313130354,-4.7424853322729845
206174_s_at,-0.09745643966900132,5.858123064478052,-2.346110933009881,0.01933159289574702,0.032706783747968704,-4.743085817618837
218016_s_at,0.12298428359093616,5.3216197487192245,2.3227443197553117,0.020564067769407234,0.034598957451558277,-4.7460070067241436
203925_at,-0.14129787022057344,4.460127672594002,-2.2351927376492804,0.025813280921550146,0.04249196043524381,-4.753106503048102
201033_x_at,0.05276362977263596,10.504649468408758,2.656922281636209,0.00811941630016121,0.014918818306254578,-4.757472588412133
218462_at,-0.10144766665736157,6.297262483951234,-2.349690653420377,0.019148613220647332,0.032438186817329996,-4.758685208803236
226752_at,-0.14622137993843248,4.615889154601178,-2.258750823789175,0.02429747130452007,0.04026277031482189,-4.75946140989673
1556151_at,0.0980399155291216,5.575401003866285,2.3279736622471177,0.020282430728338234,0.03415904423717772,-4.761478182099073
204146_at,-0.1931206047916756,4.226572654752149,-2.1949220079718827,0.02859468271205202,0.04658376458245336,-4.762579349796653
204681_s_at,0.1561737061818174,5.092970737988953,2.2929976089908757,0.022232088211837954,0.03712162733999688,-4.764763545727154
202757_at,-0.11693616768056621,5.096814162963154,-2.3100639392552593,0.021261237760797462,0.03565059322764489,-4.765402199700315
200844_s_at,-0.14165480395078298,7.577008424749436,-2.404926925617398,0.016511618211575665,0.028352134300466438,-4.766018655538463
225780_at,-0.13039477994890863,4.830121118483264,-2.284698299589222,0.022718025268431155,0.03785042063774541,-4.767260723889171
219402_s_at,-0.1354123459134556,6.356580017591108,-2.348383648495534,0.01921524488740614,0.032535628019406036,-4.7674425683680965
217809_at,0.12744149017061368,7.95438734177789,2.415806963562843,0.016031661042740737,0.027620968921016648,-4.767827391210391
225773_at,-0.10115358449495104,5.039205510324389,-2.3014906866051024,0.021744214498583613,0.03637130693055361,-4.7728116899201485
201197_at,-0.12044965146792021,5.61583791793594,-2.3271191707167658,0.020328219200998584,0.03422376862408511,-4.775015950227273
203511_s_at,-0.10297640669155302,5.444626082168244,-2.3220616689415268,0.020601084530774846,0.0346412523274511,-4.775597498386945
201234_at,-0.13026183312014825,6.303365365221385,-2.342730175897018,0.01950580742941367,0.0329553401054053,-4.776527672894575
225383_at,0.14991048983221872,4.888234089838468,2.2597179571692343,0.02423693140622612,0.04017487949170671,-4.77814482320008
218230_at,0.13018649505716712,5.416181141154107,2.3133036032839067,0.021081184672273528,0.035387453994682905,-4.778892817917459
212887_at,-0.16229499831883842,5.649525694825244,-2.325977340124686,0.02038954605744111,0.03431786440115736,-4.781014366170934
203691_at,-0.4768157509967758,5.348757338996866,-2.3227041755290285,0.020566242980633167,0.034598957451558277,-4.7819308507616
209473_at,-0.16031932826905348,4.381567643337303,-2.208627671310069,0.027620315913673383,0.04516759166194472,-4.783631571841412
202889_x_at,0.14728457548194548,4.918115782699363,2.2633532576359747,0.02401054281412964,0.03986573895948883,-4.785020119331861
202177_at,-0.19979045751492708,4.713853797318431,-2.2654847985478326,0.023878657969872208,0.03966078493507612,-4.785329904455715
202682_s_at,0.11858890741326242,4.995490213012299,2.2746107208362436,0.023321108171981433,0.03879488072149644,-4.786101090692203
204116_at,0.2887118385151124,5.859299897931747,2.3203710392889016,0.02069300989914405,0.03477399451757337,-4.787879303637116
203860_at,0.45429815905597093,5.325858739187049,2.2837383238113915,0.022774826122180188,0.037933257501075304,-4.790756893029343
200998_s_at,-0.18844631890284874,5.248575022123173,-2.308903037117207,0.02132608415629724,0.035748136374027906,-4.793665988390437
218679_s_at,0.13528938234019883,6.62916576781299,2.3386816180371723,0.019716243013329943,0.033270795992842224,-4.795565159922097
205176_s_at,0.17116446279475872,5.096418681939187,2.27903829700726,0.023054711689207988,0.038369601728520296,-4.7958628914519945
219007_at,-0.11794509378277507,5.888549903691899,-2.3235456450852014,0.020520690097703215,0.034533168868472276,-4.797487207015745
222138_s_at,0.1355245586875628,5.4365321409144185,2.304430144166838,0.021577551360743567,0.03612798198112559,-4.800633662043838
1558214_s_at,0.2277312052825992,4.649992200297009,2.1983900509497127,0.028345367187296334,0.04623200043569332,-4.802340682949505
226188_at,0.16639416659449885,4.894272898454102,2.248323060047826,0.02495861449941056,0.04124986688247228,-4.803075346520615
208250_s_at,-0.5630919055007217,5.646844597925834,-2.322364555942074,0.02058465328938366,0.03461905662310316,-4.803186324142004
200757_s_at,-0.1375142405823465,6.287125366899899,-2.3300383071416175,0.020172167636935558,0.03397868426014004,-4.805173393679094
224651_at,0.13072017905030628,5.326830738822652,2.2954994237305226,0.022087392469385042,0.036908787322496014,-4.8080666327970345
233982_x_at,0.14774471970151543,4.817035265614119,2.235906684346321,0.025766165182796168,0.04244419192968721,-4.808116223923923
217738_at,0.21968052642438038,5.616861097966869,2.3059715146447908,0.02149060432458374,0.035996965796937,-4.808352311986492
222182_s_at,-0.09871495725123301,5.926903460104088,-2.3189732394482134,0.020769283715748117,0.03489122415662687,-4.8091711711733955
200052_s_at,-0.12258044546729925,6.815701325254653,-2.344290589466902,0.0194252272380056,0.03284445381956345,-4.8164296235138355
211038_s_at,-0.16894336604043192,4.445469504691181,-2.203380507631593,0.027989902943959453,0.04571669922833323,-4.816795466017319
219933_at,-0.10775842911151706,4.820588926087577,-2.2587541930725847,0.02429726016866802,0.04026277031482189,-4.819345416048954
209620_s_at,0.10817080279554314,4.82134164623975,2.2353107423050598,0.02580548824813028,0.04248566091935142,-4.822018922192947
209089_at,0.09085822038703999,7.045301847095394,2.345109476722713,0.019383056477142876,0.03278349921686638,-4.822325491214075
208897_s_at,0.11002547991336957,5.616474101507215,2.301470257363182,0.021745376728292343,0.03637130693055361,-4.82444218007948
202902_s_at,0.2188874113877916,7.0284879448951605,2.3386527118959544,0.01971775261444556,0.033270795992842224,-4.826157625670084
211672_s_at,-0.18216824248579866,5.1850656848772285,-2.290718198649963,0.022364639862177665,0.037319686424222634,-4.827881908250378
204608_at,0.1780022367697218,6.21915237503025,2.3123988479657944,0.021131334331682444,0.03546052391843891,-4.828907224440526
204404_at,-0.259721821685564,6.818801609793701,-2.342722784359996,0.019506189826227482,0.0329553401054053,-4.830585719861407
225893_at,0.1365469090370222,5.1433970175931965,2.270041492859815,0.02359883317462039,0.03923251083173623,-4.830929218459502
202193_at,-0.1316198585873749,4.878303439148901,-2.2618944255171,0.02410116983865093,0.03998696491892015,-4.831458156529041
201304_at,0.1459480871867463,6.289497156384867,2.312742604957456,0.021112267970653756,0.03543407908030921,-4.832953510636376
203301_s_at,0.16897833881481628,4.824454904523411,2.222207330450715,0.026683360962734198,0.04378965165345764,-4.834886715867449
201071_x_at,0.09442236777141955,7.733188602681969,2.3744385248941353,0.017924630319586923,0.030553152683171794,-4.836635519998605
201792_at,-0.3194785854523107,5.127010866483101,-2.2842513562107074,0.022744455108100026,0.037888562832075194,-4.844248903595511
224585_x_at,-0.05995423821472299,10.316806955278292,-2.6110276224414575,0.009278261850912347,0.016864272006926362,-4.847503949524539
203621_at,0.10089243138606602,7.195935317412772,2.3399931301453876,0.019647856681713934,0.033168529566845475,-4.849634282807214
208694_at,0.1888547099075292,6.12205572522096,2.2998386217450606,0.021838376542466984,0.03651545620406568,-4.852449457546362
212441_at,0.14102439916781653,5.246696847364874,2.2693130142719773,0.023643376229794837,0.03928999808896067,-4.852954171233911
208289_s_at,-0.09709362965474937,5.771528298082041,-2.2958362037753908,0.022067977219916574,0.03688785145217136,-4.853979373576978
200828_s_at,0.08125321249198318,7.2123276503701925,2.3391685783469796,0.019690827093494668,0.03323583277967676,-4.854959020871258
208645_s_at,0.04940398167365534,10.394079779850953,2.6077976010521193,0.009365140605958278,0.01699623095233458,-4.85605209628514
205990_s_at,-0.24526531389276474,4.36104245942673,-2.183114975107389,0.029457734508912838,0.04787328728670862,-4.856817212718678
214512_s_at,0.12932599575068676,7.211105471135216,2.336706146792601,0.019819643679281917,0.0334321906370882,-4.8570117390012815
202687_s_at,-0.21927963644571713,4.991889427052211,-2.265688946710375,0.023866059833860184,0.039646006977848376,-4.859032782772681
208945_s_at,0.0982073368889416,5.607180670153184,2.285299718201696,0.022682502826708337,0.037802995143516864,-4.860964822073897
217988_at,0.14593529822430545,6.272103446921501,2.299274519465502,0.02187060983172023,0.036563645931213924,-4.862730660323718
AFFX-CreX-5_at,0.14309635380403554,8.734743747397564,2.4412405808520847,0.01495737967629789,0.02590758423155688,-4.863686030627156
225664_at,-0.343779229993432,6.728837934782906,-2.32707928689533,0.020330358608075947,0.03422376862408511,-4.863708935407016
226017_at,-0.16841019242602942,4.52848385980553,-2.1983456183328003,0.028348549506400582,0.04623200043569332,-4.864342313591432
212884_x_at,-0.17904879800448875,5.016200401487015,-2.261585662239112,0.024120389229614486,0.040006460724084224,-4.867782772750852
225912_at,-0.20506474938142438,4.900542485844634,-2.2514655978260607,0.02475774539048072,0.04096211990242779,-4.869771210296282
217858_s_at,0.201656391030551,5.367584761089881,2.2667146694509728,0.023802849172471153,0.03954713448893974,-4.871384648091794
210594_x_at,-0.12048602528766705,4.890775753125659,-2.2442069864394925,0.02522385100324803,0.04163042917852351,-4.871623178601364
1554462_a_at,-0.12444493970835199,4.636517042877801,-2.2085722046919734,0.027624200557179297,0.04516759166194472,-4.873195905664903
208794_s_at,-0.13584670076604002,5.978061161421585,-2.29253250955883,0.022259078778584164,0.037155112333277056,-4.873281671616548
211090_s_at,0.18590480986946573,4.747672189572061,2.19055707255762,0.02891116539216865,0.04704926550908442,-4.875305925713109
202505_at,0.15589154716276746,7.087309527095362,2.3216007851246885,0.020626108904298383,0.034672446993840984,-4.876146490339963
217794_at,0.11840819427633348,7.577313492980251,2.3421674778131036,0.019534937069605886,0.03299870400925384,-4.8887292266856015
225583_at,-0.10440226095936138,4.76036571006153,-2.2180907205927882,0.026964443196864377,0.04420353174720858,-4.889139090790278
210983_s_at,-0.18307844680729163,6.125838200408815,-2.288896849654708,0.022471049178932962,0.03748557300746011,-4.891247585822104
223217_s_at,-0.25539909140360123,4.9296247100222415,-2.2453425108909135,0.025150435451189695,0.04152845483794624,-4.896327282419088
218248_at,-0.12720756428359023,5.292790155319583,-2.26301206204487,0.024031712315865875,0.03989018221601287,-4.898310784399148
200818_at,-0.10541740564228182,8.131711166234718,-2.3875276803362837,0.017305483323104703,0.029591962145318545,-4.898760169157677
211962_s_at,0.18534546537460436,6.730493063919331,2.2950593068114857,0.022112787509780144,0.03694546047914452,-4.900822650221741
234312_s_at,0.18070799009388622,5.480717534928635,2.259857915797049,0.024228181249579695,0.04016659017746011,-4.902477697155278
218357_s_at,-0.10521567991995825,7.415617557693777,-2.335868606398818,0.0198636255767173,0.033501105290203476,-4.903252748110509
212137_at,-0.10857504151854917,7.334293663795965,-2.3307141113400682,0.020136190193784598,0.03393408927890741,-4.904901157884547
201327_s_at,0.12972299306436022,6.936342933483305,2.3030881318348166,0.021653502740152517,0.03624027102878517,-4.905241699115747
224921_at,-0.12230029307565897,5.2257666787400705,-2.2557188913306634,0.024488114668794532,0.04055694205511693,-4.90667848524658
217811_at,-0.1402776872090426,6.373867363257126,-2.2879719506659124,0.022525253644643847,0.037558450162656735,-4.90754341224709
217122_s_at,0.1339785047793356,5.850905786855703,2.2692960403056857,0.023644414979887,0.03928999808896067,-4.90936695306786
212515_s_at,-0.13725212848850737,5.817979358910744,-2.272276835359459,0.023462607941589386,0.0390242072470497,-4.911058930916818
210216_x_at,0.10712928839908396,4.740435426727086,2.180077217122943,0.029683384795777572,0.048203441157672444,-4.913563115939063
219918_s_at,-0.21791984600076972,4.7415966965597045,-2.2168376630341355,0.027050509297130175,0.044324274411158694,-4.914076288893916
225044_at,0.1775127746008326,5.468223043348504,2.253399623701094,0.024634822878346604,0.04077763558339419,-4.9159711039984755
206095_s_at,-0.1047094033206081,6.158920908609159,-2.275350781700605,0.023276394857709846,0.038726513140339425,-4.920461374431081
222516_at,0.09692521128334368,5.186906097546548,2.23550448397709,0.025792698553671316,0.04247113120280984,-4.923907765844486
214170_x_at,-0.10797923052543766,6.560210601567073,-2.2859292147052575,0.02264537383389641,0.037746987689829196,-4.924961407698618
225199_at,-0.10076425000650226,5.420005981368791,-2.253435035262646,0.024632577147599245,0.04077763558339419,-4.928940928375909
225712_at,-0.11996361255849594,4.725921450843507,-2.196422109219347,0.028486609849592826,0.04642888351113464,-4.929268712151944
225568_at,0.17669425535675348,6.033411517205183,2.263310112726496,0.02401321884678255,0.03986573895948883,-4.930797512026978
224700_at,0.12229288587973389,7.224045830852416,2.3042829756206245,0.021585869016598605,0.036132721058565756,-4.933214107868135
1555797_a_at,0.13393845184118502,6.035738184032929,2.2629528246118573,0.024035389359130317,0.03989018221601287,-4.933340153706828
213044_at,-0.15381130820137626,6.142557591240692,-2.2697288978979087,0.023617937941221655,0.039258179854818866,-4.934185180986869
228019_s_at,-0.10282828377701256,5.69977755554426,-2.258073035794652,0.024339977271545517,0.04032696821992996,-4.9354476471017925
203712_at,0.13622758049744493,5.225940350870799,2.2302826080782454,0.026139345255671947,0.04299567107692516,-4.937414949782209
204135_at,0.24520003576034033,5.314996178600715,2.2305612744801255,0.026120744904130657,0.042978273714936524,-4.937892859736889
203236_s_at,-0.1715270957515456,5.101937540782761,-2.2333788456238217,0.025933321925389687,0.042683004729866296,-4.943344022540371
217852_s_at,0.0935589542097119,6.861956546955491,2.283185345249411,0.02280760147281209,0.03797603894594901,-4.945470201765952
224756_s_at,-0.10510317588711111,4.995588273752116,-2.2203247047581685,0.026811590252204722,0.04397987542058937,-4.94657261690322
204170_s_at,-0.18796404852712442,7.095615410933554,-2.302845171327914,0.02166727804432452,0.036257661619626465,-4.947393379835953
208911_s_at,-0.102410618812504,5.580388061769777,-2.2493898425838266,0.02489026832017561,0.04115612982121063,-4.948230279218384
222125_s_at,-0.10335516499784174,5.339381118647235,-2.2413021593397118,0.025412505152082664,0.04192887227695388,-4.949370873616807
200977_s_at,0.1361871775590824,7.195984717135788,2.294772560849254,0.02212934664137881,0.03696736169797149,-4.950519228350922
235828_at,0.1308523145685219,5.637017149367983,2.244832425633943,0.02518339123525283,0.04157005705751365,-4.951998647159542
211948_x_at,0.1930998066495549,5.72407739221702,2.2451888341287964,0.02516036031578526,0.04153844044737363,-4.953880363692794
222808_at,-0.14444218030076378,4.67388152363106,-2.1783915718848372,0.029809239493382277,0.048385815559485505,-4.957228202801369
221763_at,0.15451716929479098,5.066113450281369,2.2034814899713395,0.027982750048421906,0.045711985554855734,-4.957654201945315
211501_s_at,0.1394428752043199,5.919331412818275,2.247796894909275,0.0249923845964425,0.041299308372927425,-4.96087296258049
201216_at,-0.10458999470928836,7.282795581191474,-2.301194833065785,0.021761051046599648,0.036391842001595696,-4.966009921400632
212188_at,-0.26330047567963544,4.6864041720010174,-2.186291491172313,0.029223361142622063,0.04753566169464169,-4.966936493989475
201467_s_at,0.3094242250487317,5.526831447603048,2.227906123722749,0.026298437168098,0.043230805183647976,-4.9676153415518005
217972_at,0.10145172929473191,5.539055260114812,2.231724367627702,0.02604323488715276,0.042857323401853685,-4.9757709451676835
228283_at,0.1272768452667574,5.530329829292256,2.230140845642764,0.026148811982252145,0.043004639663166595,-4.97714120148523
224748_at,0.10158476307138255,6.269705415905754,2.2489958323873402,0.024915492649117958,0.04119130752314826,-4.977339348655805
208856_x_at,0.051169732609331046,10.471935758617605,2.568118795889748,0.010493333238286924,0.01884262135128525,-4.9782444265170085
200693_at,0.07901475797460211,8.280583696239116,2.3544422692566718,0.018908077417311875,0.03206252533790648,-4.980413977639855
218361_at,0.14395912690846718,5.974588255207068,2.2389849936980135,0.025563870273447087,0.04215913519695792,-4.983140787251743
201441_at,0.09052573383163365,8.131296927874047,2.337785941148806,0.019763066100648086,0.033342004273424083,-4.986630251393516
212175_s_at,-0.1376095437169057,6.262727596729308,-2.2472176803998893,0.025029605352815423,0.041349833041732925,-4.991068083150014
238538_at,-0.10767943639636467,5.134524101101142,-2.2107893289619813,0.02746929025975222,0.04494173893596908,-4.992566909444593
203420_at,-0.1484990464310817,5.844640512003673,-2.2359614657093854,0.02576255305963663,0.04244419192968721,-4.99378145394151
201004_at,0.11803519965473704,8.258981347979542,2.3430906300214134,0.019487167514592816,0.032933589775017015,-4.995797412260904
203118_at,-0.14223016572146827,4.982909302189585,-2.1969772168320016,0.028446707368644183,0.04637090323193626,-4.998621523125706
223019_at,-0.12909413155386948,5.558790562383532,-2.225851604406545,0.026436650959990118,0.04341803491252095,-4.999999666460564
213036_x_at,-0.2247052478280729,4.714578726685312,-2.169950143413615,0.030446442161435598,0.04927824971679401,-5.000062158237977
224871_at,-0.12789210367362266,5.36020289597703,-2.219033923663655,0.02689981588617882,0.04410433541301403,-5.001609451850037
201140_s_at,0.1150321666951779,5.354584369340813,2.210821196212927,0.027467069186831086,0.04494173893596908,-5.001989781123589
202769_at,-0.15457752305776928,5.706977361482897,-2.228113734065333,0.026284505482929616,0.043214534567008134,-5.0042455768420435
206284_x_at,-0.17420307097601478,5.340538915382476,-2.217183642816129,0.027026721988407137,0.044292071693713575,-5.006380817308443
201595_s_at,0.12580628692355536,6.496606363358311,2.240916468221663,0.025437645725889465,0.04196388953825898,-5.008071979768831
207132_x_at,0.0980138255789688,7.821888737886561,2.305379498705331,0.021523963053149336,0.03604599283857884,-5.008322743629844
201828_x_at,0.2505318427409471,5.711339553029668,2.217716065210552,0.02699015147671855,0.04423890648257127,-5.01102564400014
1558688_at,0.114431874338767,5.5728228972102825,2.2157827186213184,0.027123152286617824,0.044424362238634545,-5.012509945424032
201334_s_at,0.10848946886528683,7.03790189067846,2.2603200370345986,0.024199309117309855,0.04012493399995983,-5.0132094073123685
206430_at,0.19479667194786524,6.481765231543947,2.235872574949282,0.02576841447873477,0.04244419192968721,-5.014979464112432
205812_s_at,-0.09586096089728696,7.539157377566412,-2.29347422766434,0.022204458776062228,0.03708127308931483,-5.015467717525418
203633_at,0.156352726604343,6.161084166768948,2.227536433687472,0.02632326104834619,0.043258336495004254,-5.017422482673
207738_s_at,0.10150158803937283,6.291809552158995,2.230309389384989,0.026137557165558815,0.04299567107692516,-5.020006758263117
201955_at,-0.12330895867413676,6.665779208181734,-2.2467024893064864,0.02506275234902073,0.04139643322773036,-5.023576525014602
226917_s_at,-0.1043681629524582,4.94499469590447,-2.1793644805986228,0.029736543555346835,0.048282447879422645,-5.024724526980727
210052_s_at,0.2378441506186061,6.223761426414284,2.224203550589282,0.02654797503770266,0.04358082387050392,-5.025101356348948
201188_s_at,-0.12719297172985258,5.195891064853208,-2.2003892993423046,0.028202497556304898,0.04603630819187507,-5.025673367086175
206809_s_at,-0.10174312422930845,5.439473480370468,-2.2091906979833302,0.027580910676670026,0.04511057955407114,-5.028193431758906
212140_at,-0.11316052407700326,5.209643780980824,-2.1976028155564684,0.02840179569327623,0.04630473858804873,-5.0324969350399185
222077_s_at,-0.16498931641851958,6.206403838949392,-2.2270338080407988,0.026357043832664837,0.04330056901998748,-5.033541331365097
221607_x_at,-0.05779227614655578,10.281390793864206,-2.5321853107406733,0.011618040748440589,0.02062712471628174,-5.0383359526480636
204304_s_at,0.5176197028634888,6.269172677843037,2.2125845336458396,0.027344410581589998,0.044751095411025614,-5.042640152658657
209835_x_at,-0.18903788380890596,5.824193854560307,-2.2135502339988258,0.027277437057753262,0.04466195677819206,-5.043534918596405
212344_at,-0.349267397927318,5.283677833377664,-2.19631729468919,0.02849414959599716,0.04643410779159075,-5.055394680306785
204856_at,0.14214831212271672,5.136493718221857,2.16524885453881,0.030806380830812684,0.04981566156082963,-5.058100236007759
202411_at,-0.2551256326952431,7.930757749105201,-2.3101437129081273,0.021256788044955115,0.03564871169780904,-5.05906897058701
212595_s_at,0.1298494458696417,7.11320371485911,2.2387020925779058,0.025582403801736327,0.04218320639187337,-5.067741538452531
214656_x_at,0.1289685087478106,5.73498495405944,2.194490711206158,0.028625820398331538,0.04662740062753927,-5.068453304865093
209545_s_at,-0.14958812455125495,5.057307296225874,-2.1715422346286455,0.030325372859028404,0.04911197572770541,-5.070573617015642
212117_at,-0.1238778930680484,5.172546566505159,-2.177560206735375,0.02987148062306584,0.048464814768272656,-5.07199830447132
201591_s_at,-0.12202877803107834,5.454879396430163,-2.1893625758352098,0.02899829842547248,0.04718389596477623,-5.073024302244298
213720_s_at,-0.12578027697556773,5.5590918691712385,-2.192379181203553,0.028778686323458067,0.04684790557410823,-5.07317322006301
225569_at,0.15008470324507317,5.327523978113232,2.174583032144126,0.03009529014308964,0.0487836046758843,-5.073454935450224
212018_s_at,0.13103059583003868,6.561644324599676,2.2129326627507675,0.027320250651563963,0.04471927447553657,-5.07398973407342
200686_s_at,-0.10835652548103628,7.283666434422937,-2.252351457166072,0.024701376112194945,0.0408778062072253,-5.076476946844499
220525_s_at,-0.0984885965962763,6.113603549240055,-2.202732881863162,0.028035813887782174,0.04578470642984915,-5.07856448231723
203097_s_at,0.1228591718499441,6.083395969719606,2.1980514045644233,0.028369629251104495,0.046259336098490485,-5.07932856918755
201035_s_at,0.1320976848749721,5.673411384110487,2.1868069946046065,0.029185477823653667,0.04748124888759328,-5.081508196794457
1554365_a_at,-0.12332459879662296,5.5194022659705935,-2.1853096253415143,0.02929563388758194,0.04763875619879559,-5.086146608775033
202282_at,0.13810061730273915,6.934181469905006,2.2216264755612913,0.026722867342010508,0.04384776808622432,-5.086558759037333
217973_at,-0.15553275876834116,5.550449383121175,-2.186168811410527,0.02923238288145417,0.047543117930623734,-5.087182534028004
218387_s_at,0.11817541890705552,5.652245910801014,2.1791642750780715,0.02975149044855006,0.04829939645026774,-5.0972837342129065
201134_x_at,-0.09043109014949649,9.257521948380086,-2.407150385683506,0.01641251707198018,0.02820004737644325,-5.099809743987636
200812_at,-0.09837575451330527,7.26888669947245,-2.239585908991825,0.025524541521331386,0.04210075647698586,-5.102216855234537
201113_at,-0.11117586982994787,7.574372495634277,-2.25742671500428,0.024380570026036184,0.040387976911848714,-5.102938930430868
227416_s_at,0.08543085414300423,6.106859887536913,2.183972846323295,0.029394278796478206,0.04778465990086055,-5.112344714748831
202209_at,0.0983808695510255,6.877232444335545,2.2054746650691883,0.027841890251934034,0.045502695693206606,-5.11940362391771
215867_x_at,-0.34529903050346306,5.8141663220325475,-2.1802312709828295,0.029671905615021827,0.04819210504149922,-5.120860177265373
224944_at,-0.12151738693016294,6.420898329769441,-2.1925720630295413,0.02876469329578739,0.04683224305133287,-5.12149302033038
222543_at,0.115191923844071,6.101106266073956,2.177143900560326,0.029902689949982235,0.048500759641810706,-5.1257777767074515
209668_x_at,0.3232108028577474,6.278022231341888,2.1772912147359955,0.02989164300014001,0.04849018344344336,-5.126862322500024
1558678_s_at,0.25189915606804775,7.702355659545119,2.2383124768711444,0.02560794753766806,0.04221882763481654,-5.127801359503132
200036_s_at,0.08789496127973741,9.466199305176348,2.400047956852146,0.016730926207499688,0.028682735231388087,-5.136116484785988
218773_s_at,0.14487369659890578,6.555086808636238,2.181637846478589,0.029567272866937642,0.048044015504854085,-5.140796289402222
204620_s_at,-0.3117279870871184,6.4849186740692835,-2.191154870176497,0.028867643733313384,0.04698557692418509,-5.141748825083252
227517_s_at,-0.20884624611433733,5.8356655191435935,-2.1680542426867624,0.030591157323104724,0.0494975182604472,-5.143491708843878
208646_at,0.07720790267200096,9.065944943870758,2.3580178329698094,0.01872882674241536,0.03180249181985984,-5.145621880156077
225414_at,-0.09165108630048811,6.731681940251087,-2.1926089714622896,0.028762016363736827,0.04683224305133287,-5.146361814681221
201008_s_at,0.25264498093517324,6.803755033893903,2.1845691103986855,0.029350243347334246,0.04772031521930366,-5.147885083209384
211074_at,0.1778672923762746,7.271860019345218,2.208481672662533,0.027630542046402418,0.045171066220526336,-5.148105825225238
222427_s_at,0.10537795745911899,6.096320821015372,2.1653521075391136,0.030798436429133387,0.049810333554544985,-5.1512160123884545
227099_s_at,-0.28236194565931366,6.0152672931612985,-2.1684711890289794,0.030559280862024085,0.0494534102530006,-5.154632156026809
225693_s_at,0.09936873606026049,6.47482847406457,2.1700801333286774,0.030436541596789945,0.04926966910341654,-5.162477470274182
208818_s_at,0.13659573521281135,6.722849064468641,2.1777378675857255,0.029858170429917615,0.04845789726037076,-5.162789295218631
224428_s_at,0.24050947462070607,6.944632636426622,2.1837959017766435,0.02940735751257832,0.047798668037058345,-5.163341173472536
201565_s_at,0.16870095747110989,6.781456542684241,2.1769091843371213,0.02992029836714256,0.04852197341919441,-5.167847857487909
211747_s_at,0.1203495682868655,6.6621527719816225,2.1718460290760464,0.03030231823711478,0.04908205855370587,-5.1716020634363575
201238_s_at,0.13324156403250678,6.660588017916736,2.170588342554432,0.03039786091096884,0.04922192925320574,-5.173343247292703
202596_at,-0.08974498676045199,6.809617164466235,-2.180474582078638,0.029653783311567213,0.048169974316424495,-5.180070140397524
209181_s_at,-0.14399089799275736,6.814432744371853,-2.1732498035860353,0.030195983357201497,0.04891721906936332,-5.200113380853923
204272_at,0.2567421089418397,9.066442988843816,2.302263485956424,0.021700289355350576,0.03630723096421533,-5.2460905771394515
211746_x_at,-0.07736799416989894,8.148534801593797,-2.2276429311390955,0.026316107895306366,0.04325321630598605,-5.263996183256836
201676_x_at,-0.07750809336205725,8.151211823628925,-2.227236548361642,0.026343412607581704,0.043284812770709016,-5.265496210090461
200833_s_at,-0.08278094717770355,7.897028319252285,-2.2005392250559916,0.028191808740674836,0.046032441249634126,-5.275233874913886
201317_s_at,0.10089040477590618,7.734138210524157,2.1746706577444495,0.03008868229207693,0.04878027442418586,-5.286185287978151
200871_s_at,-0.10870432759285752,8.559924454504248,-2.2556868086272392,0.024490138911094132,0.04055694205511693,-5.295669155416101
213214_x_at,-0.057626615897153545,9.961338314461909,-2.386736471021734,0.017342368128308538,0.029640840740039785,-5.310223375233717
202077_at,-0.08657411447347363,8.383558841116859,-2.226832562768984,0.02637058058206229,0.04331616525232034,-5.317650798293497
201922_at,0.11973504724147394,7.845744235562058,2.1651441133566633,0.030814441537471555,0.049821176002253664,-5.320421570187847
200909_s_at,0.06111051956894084,9.809376053156095,2.3435526950169825,0.01946329589140621,0.03290362772362865,-5.353753208023683
200627_at,-0.06709919750907595,8.814101443200139,-2.2500412269228414,0.024848615667526604,0.041106117919427504,-5.3593820560142404
200858_s_at,0.07274416334477543,9.01786844049429,2.2536690092545735,0.02461774345200862,0.04076196068027331,-5.37463427545237
204351_at,-0.2997803714962248,8.373271005081516,-2.1734715320126576,0.030179217031758004,0.04890484829242527,-5.464286005292417
203824_at,0.2344118743287102,9.792688387472415,2.2709232505895605,0.023545015515103403,0.039149115507264125,-5.487435631370684
211983_x_at,-0.05207625510702387,10.10359302723543,-2.317642112632415,0.02084214772262628,0.035008141823846865,-5.506191527274627
212933_x_at,0.06670071563531667,9.448145024183754,2.215933152767098,0.027112783149500382,0.04441952070356287,-5.555573684513878
211720_x_at,0.04268332481565167,10.506545397190065,2.2827771311488703,0.022831822910128977,0.03801046135760866,-5.674592279580676
213890_x_at,0.047625269180439134,10.34413564550288,2.248557837032193,0.02494355893586808,0.0412313449899637,-5.706800815467336
214143_x_at,0.04990575117392445,10.054860963993772,2.1995388660699704,0.028263194709298813,0.04610683796569486,-5.740553621906951
226131_s_at,0.03689822076547604,10.587232881241192,2.219802964599447,0.026847221278170855,0.04402484028058233,-5.838422552874214
1553538_s_at,0.06743923480166815,11.05012715417923,2.2208028985540884,0.026778969094200807,0.04393309278808166,-5.957494249962696
